{
"type": "FeatureCollection",
"name": "area",
"crs": { "type": "name", "properties": { "name": "urn:ogc:def:crs:OGC:1.3:CRS84" } },
"features": [
{ "type": "Feature", "properties": { "ward": "世田谷区", "source": "国土数値情報 N03 行政区域", "synthetic": false }, "geometry": { "type": "Polygon", "coordinates": [ [ [ 139.588842555539713, 35.682502333216291 ], [ 139.589239780691514, 35.682450667164744 ], [ 139.589390895573501, 35.682431225620746 ], [ 139.589863113392198, 35.682353999937334 ], [ 139.59112394311569, 35.682190946555124 ], [ 139.591580337362871, 35.682108171155335 ], [ 139.591666667782647, 35.682105892273285 ], [ 139.591669780336247, 35.682105802341084 ], [ 139.591698664761793, 35.682104838267833 ], [ 139.591901440299353, 35.682099559247433 ], [ 139.59207089505594, 35.682094838706007 ], [ 139.592247562375292, 35.682058999823141 ], [ 139.59234033733685, 35.682030667581387 ], [ 139.592384773738445, 35.68201733333342 ], [ 139.592753917559435, 35.681904838038008 ], [ 139.593016693166078, 35.681807333541769 ], [ 139.593303917741764, 35.681737892390004 ], [ 139.593343917787706, 35.681761504989652 ], [ 139.593668366202337, 35.681954000377004 ], [ 139.593784474973745, 35.68200066709727 ], [ 139.594048638234199, 35.682107054197331 ], [ 139.594178638833341, 35.682140667258182 ], [ 139.594408911142523, 35.682152892642023 ], [ 139.594594475454869, 35.682147333033186 ], [ 139.595318080764969, 35.682102640324729 ], [ 139.595452802804743, 35.682089306076762 ], [ 139.595490311728668, 35.682085694399461 ], [ 139.59560224404845, 35.68207458597351 ], [ 139.595724746999622, 35.682062360589612 ], [ 139.59584669327046, 35.682050413995569 ], [ 139.596043917293173, 35.682030973350891 ], [ 139.596263645051408, 35.682009027195022 ], [ 139.596545863101255, 35.681981252532921 ], [ 139.596610311217091, 35.681974865547772 ], [ 139.597157808586189, 35.681900693962007 ], [ 139.59794364518325, 35.68181680250359 ], [ 139.598161699303205, 35.681777360037302 ], [ 139.598298911565735, 35.681752360683049 ], [ 139.598541141260853, 35.681708468371312 ], [ 139.59856613521913, 35.681704027519004 ], [ 139.599121699507009, 35.681603748614293 ], [ 139.599393359516057, 35.681554586275297 ], [ 139.599651141187451, 35.681485135230957 ], [ 139.599839196621815, 35.68144902745081 ], [ 139.600000000799582, 35.681407108251619 ], [ 139.600003087272853, 35.681406306056317 ], [ 139.600627250047751, 35.681243468511411 ], [ 139.600757523141397, 35.681209586553337 ], [ 139.601311141296264, 35.681054306011561 ], [ 139.601823087565663, 35.680882360132955 ], [ 139.601897250158117, 35.68085735987944 ], [ 139.602496420773377, 35.680655972895011 ], [ 139.602885837111899, 35.680652640007509 ], [ 139.603263606330529, 35.680649306220687 ], [ 139.603370558204915, 35.680521252653875 ], [ 139.603577782688717, 35.680332359950626 ], [ 139.60373972810612, 35.68018461302961 ], [ 139.603897497072012, 35.680040440913785 ], [ 139.604462218256913, 35.679626278829858 ], [ 139.604878053979178, 35.679321279153896 ], [ 139.605121388041766, 35.679149892653584 ], [ 139.605633333411788, 35.678789892239877 ], [ 139.606101115774095, 35.678289892564635 ], [ 139.606428054411367, 35.678079333394692 ], [ 139.606580830341272, 35.677981000622822 ], [ 139.606845525101107, 35.677733225707982 ], [ 139.606891089252599, 35.677580170988278 ], [ 139.607022477505552, 35.677139333213802 ], [ 139.607146083025441, 35.676816559336885 ], [ 139.607229144409644, 35.676537108500895 ], [ 139.607346355749883, 35.676027387154363 ], [ 139.607363021986089, 35.675955171594069 ], [ 139.607469974759738, 35.676109054589347 ], [ 139.607620246077659, 35.676325721055321 ], [ 139.607623022284884, 35.676329613321172 ], [ 139.607698301835285, 35.676358775637141 ], [ 139.607786641340567, 35.67636989215697 ], [ 139.607834137235841, 35.676375721562465 ], [ 139.607893865709457, 35.676380720893746 ], [ 139.607907756637815, 35.676382667026644 ], [ 139.608055253547263, 35.676404891972368 ], [ 139.608229974733717, 35.676438774829762 ], [ 139.608331920082264, 35.67640238736044 ], [ 139.608333333816518, 35.676400892687241 ], [ 139.60833635553854, 35.676397694698039 ], [ 139.608366913602367, 35.676365441412145 ], [ 139.608373307782131, 35.676358775637141 ], [ 139.608379415977424, 35.67629433291728 ], [ 139.60839024651284, 35.676183504964968 ], [ 139.608394423863729, 35.676141279096896 ], [ 139.608399689394332, 35.676086838636877 ], [ 139.608374695436055, 35.676040441713155 ], [ 139.608359144359156, 35.67598655883279 ], [ 139.608339144336242, 35.675893505081376 ], [ 139.608398859320118, 35.675895171525099 ], [ 139.608783580298223, 35.675920170879351 ], [ 139.608818029728468, 35.675780171617816 ], [ 139.608823865429258, 35.675756279328994 ], [ 139.608982191974746, 35.675337135000973 ], [ 139.609062529312496, 35.675000198600458 ], [ 139.609062555392825, 35.674999999850286 ], [ 139.609092477635954, 35.67487464065232 ], [ 139.60918552509213, 35.674886865136898 ], [ 139.609197717201027, 35.674677694520142 ], [ 139.609209947980844, 35.674526306244218 ], [ 139.609195226978272, 35.673995748505149 ], [ 139.608892724719681, 35.673968532322078 ], [ 139.608761894046324, 35.673956586627355 ], [ 139.608765499428387, 35.673811306546725 ], [ 139.608770778448843, 35.67358963985015 ], [ 139.608851894599411, 35.673051306572688 ], [ 139.608838560351501, 35.672822694411991 ], [ 139.608831608592027, 35.672707413916157 ], [ 139.608828275704582, 35.672649640568636 ], [ 139.608841608153853, 35.672528251877509 ], [ 139.608809663335478, 35.671885197943709 ], [ 139.608803554240808, 35.671807694369761 ], [ 139.60878966331245, 35.671630748260611 ], [ 139.608779390356744, 35.671501865518849 ], [ 139.608832166171737, 35.670991306004112 ], [ 139.608863839394871, 35.670752414592414 ], [ 139.608879105386563, 35.670638532542398 ], [ 139.608911025023986, 35.670398532266631 ], [ 139.608917134118656, 35.670351865546309 ], [ 139.609102970026242, 35.670366027170587 ], [ 139.609145188699699, 35.670369081268234 ], [ 139.609549079626504, 35.670399640231381 ], [ 139.609430752227581, 35.670683802615542 ], [ 139.609384942561178, 35.670793532495679 ], [ 139.609478275102447, 35.670810468528487 ], [ 139.609590778491793, 35.670830748240633 ], [ 139.609699105429513, 35.670850197878508 ], [ 139.61030269801131, 35.670850197878508 ], [ 139.610521582205479, 35.670854919319254 ], [ 139.610677419427589, 35.670840198316682 ], [ 139.610949637016347, 35.670766027630236 ], [ 139.610929922078412, 35.670639919297003 ], [ 139.610927134180088, 35.670618251930932 ], [ 139.610909922055384, 35.670477414501249 ], [ 139.610881310124569, 35.670246305822502 ], [ 139.610906589167939, 35.670174919437159 ], [ 139.61094241276237, 35.67011936022044 ], [ 139.610988806988075, 35.67008713571289 ], [ 139.61118241213876, 35.67009241383397 ], [ 139.611320195470853, 35.670130197950414 ], [ 139.611456589350269, 35.670167694283805 ], [ 139.611771582292818, 35.670204080853807 ], [ 139.612210752724195, 35.670235198295927 ], [ 139.612405188848584, 35.670215468069557 ], [ 139.612472970751128, 35.670205748196906 ], [ 139.61253630460692, 35.670196585903909 ], [ 139.613355473676393, 35.670136027355966 ], [ 139.613646589618611, 35.670114359989896 ], [ 139.614240752808655, 35.669927171501911 ], [ 139.614322140554577, 35.669901613668685 ], [ 139.614844357980928, 35.669518279445185 ], [ 139.614887419319075, 35.669504387617565 ], [ 139.614922698823648, 35.669501333519918 ], [ 139.614959637577385, 35.669510505705432 ], [ 139.615028807133967, 35.669567440884862 ], [ 139.615070467328337, 35.669607440930804 ], [ 139.61512269815421, 35.669641053991597 ], [ 139.615182698223066, 35.669674945842246 ], [ 139.615264085968988, 35.669687441022745 ], [ 139.615301310707082, 35.669693279421494 ], [ 139.615652698313511, 35.669643000124495 ], [ 139.615741025228317, 35.669619946003877 ], [ 139.615731582346825, 35.66954550552083 ], [ 139.615699079049477, 35.669457171411523 ], [ 139.615717691418467, 35.669424667214798 ], [ 139.61584325656122, 35.669452440977523 ], [ 139.616003528340343, 35.669662170972572 ], [ 139.616029078978954, 35.66969550524351 ], [ 139.616131310311857, 35.669829108526699 ], [ 139.616186589839458, 35.669901613668685 ], [ 139.616186304754365, 35.670008838037631 ], [ 139.616186031360485, 35.670149107995087 ], [ 139.616187419014409, 35.670521332893372 ], [ 139.616187691508912, 35.670614107854988 ], [ 139.616198807129422, 35.670690225573594 ], [ 139.61623046776208, 35.670903837941921 ], [ 139.616296861111437, 35.671351891876498 ], [ 139.61639352833879, 35.671547441361497 ], [ 139.616463774383874, 35.671734306093526 ], [ 139.616544332055469, 35.672127468108329 ], [ 139.616558521558659, 35.672519639969551 ], [ 139.616558833623458, 35.672640468383065 ], [ 139.616117445463942, 35.672699081697431 ], [ 139.615259948188282, 35.672804919311716 ], [ 139.613289364512752, 35.672903559651729 ], [ 139.613256641780822, 35.672957054025005 ], [ 139.613374968280368, 35.673978081323583 ], [ 139.613317056437154, 35.674074838483193 ], [ 139.613092970564367, 35.674212748619595 ], [ 139.612828612150906, 35.674358919029032 ], [ 139.612420700355187, 35.674540054180341 ], [ 139.61224466975591, 35.674587135488082 ], [ 139.612100220648813, 35.674628801977804 ], [ 139.612055227566884, 35.674673532457746 ], [ 139.612015499116183, 35.674713251915193 ], [ 139.611913554667012, 35.674814359994912 ], [ 139.611726667451876, 35.674999999850286 ], [ 139.611726472298983, 35.675000198600458 ], [ 139.611423281159659, 35.675301306010624 ], [ 139.611118029673548, 35.675667134930507 ], [ 139.611048301637993, 35.675766305870468 ], [ 139.610715525501291, 35.676241027401659 ], [ 139.61060608340415, 35.676350468599423 ], [ 139.610568859565433, 35.676387414547719 ], [ 139.610312750633057, 35.67664350549353 ], [ 139.610534695220167, 35.67660602714659 ], [ 139.610608029537161, 35.676593802662012 ], [ 139.610731362562547, 35.676572973464147 ], [ 139.610898560020701, 35.676547721400368 ], [ 139.611804942644198, 35.676368640300666 ], [ 139.611842724062626, 35.675543198459991 ], [ 139.612139805208017, 35.675497919393649 ], [ 139.612480973818037, 35.676166892688116 ], [ 139.612979494108572, 35.675864305893185 ], [ 139.613359663617757, 35.675642414366109 ], [ 139.613702995996618, 35.675515748453222 ], [ 139.61391050646489, 35.675439081248783 ], [ 139.614120220272071, 35.675361865457887 ], [ 139.614334942403843, 35.675282413952402 ], [ 139.614338833770375, 35.675281027197798 ], [ 139.61469355426425, 35.675150198323138 ], [ 139.61483160829232, 35.675099360547222 ], [ 139.615100272659674, 35.675000198600458 ], [ 139.615100804158942, 35.674999999850286 ], [ 139.615315499311009, 35.674920747994292 ], [ 139.615519663401869, 35.674862694058277 ], [ 139.615787173039735, 35.674779360179514 ], [ 139.615891894595393, 35.674746586186188 ], [ 139.616006887308231, 35.674710748202642 ], [ 139.616155499376987, 35.674664360272175 ], [ 139.61628688762994, 35.674623252261426 ], [ 139.61653856020655, 35.674538532527436 ], [ 139.616666667732716, 35.674508612982265 ], [ 139.61666966337441, 35.674507919604991 ], [ 139.616865772237816, 35.674462135119597 ], [ 139.617112724272943, 35.67440491935173 ], [ 139.617186329285801, 35.6743815864412 ], [ 139.617310220790273, 35.674341865185113 ], [ 139.617930220603398, 35.674144080884787 ], [ 139.618277173652814, 35.674055198189023 ], [ 139.618441608393709, 35.674012973220329 ], [ 139.619022996714079, 35.673815748298296 ], [ 139.619299390754463, 35.673702694523911 ], [ 139.619392166615398, 35.673664640610866 ], [ 139.619619390222852, 35.673571865649251 ], [ 139.619974942589693, 35.673446892260415 ], [ 139.620611608639024, 35.673174108098749 ], [ 139.621017977198107, 35.67299438758107 ], [ 139.621113528366777, 35.672939946221732 ], [ 139.621204358094815, 35.672888558959983 ], [ 139.621632244732496, 35.67264697317944 ], [ 139.621760532123062, 35.672513505693871 ], [ 139.621959637527425, 35.67235827911145 ], [ 139.62214297062178, 35.672167441174622 ], [ 139.622253528777492, 35.67205244126734 ], [ 139.623280856726296, 35.671222108014035 ], [ 139.62326325609456, 35.670979225411088 ], [ 139.623259637222645, 35.67083161338843 ], [ 139.623535746177936, 35.670792170922141 ], [ 139.623521115107565, 35.670372252277787 ], [ 139.624099053628584, 35.670262999937677 ], [ 139.624377665397105, 35.670215775637701 ], [ 139.624432387344996, 35.670206333655528 ], [ 139.624608781270467, 35.670176333171412 ], [ 139.624843217440684, 35.670152440882589 ], [ 139.624896835021104, 35.670146892065588 ], [ 139.624949053256387, 35.670141613045189 ], [ 139.625000000749651, 35.670136306145764 ], [ 139.625002944230687, 35.67013600037626 ], [ 139.625031829555496, 35.670133000237911 ], [ 139.62502044144037, 35.66990189245854 ], [ 139.6250143323457, 35.669756333588111 ], [ 139.625012387112179, 35.669708838592214 ], [ 139.625012672197272, 35.669642170949601 ], [ 139.625013502271486, 35.669383586183699 ], [ 139.625026005545919, 35.669291081018741 ], [ 139.625031556161616, 35.669251640351092 ], [ 139.625047393222758, 35.669134694310856 ], [ 139.626029883672345, 35.669066360224519 ], [ 139.626921829478988, 35.668999667400897 ], [ 139.627091556730193, 35.668971613049678 ], [ 139.62713544724329, 35.668964108207206 ], [ 139.627920726260641, 35.668833838710839 ], [ 139.627974890628934, 35.668824946214443 ], [ 139.628354332586582, 35.668761892047826 ], [ 139.629231855066223, 35.668615225212648 ], [ 139.629317419263657, 35.668600774905997 ], [ 139.629505473798758, 35.668569387667276 ], [ 139.629631025451658, 35.668548279679555 ], [ 139.629791025635541, 35.668521612982204 ], [ 139.629925188296966, 35.668499108347362 ], [ 139.630325473841708, 35.668432170908147 ], [ 139.631399922668493, 35.668277721339962 ], [ 139.632009364440819, 35.668189946608891 ], [ 139.632595188217579, 35.668084946263434 ], [ 139.632674086640009, 35.668052720856565 ], [ 139.632723528668066, 35.668032720833537 ], [ 139.632854916021756, 35.667979108649092 ], [ 139.632912698362475, 35.667955774839299 ], [ 139.632961310316432, 35.667936333295302 ], [ 139.632996031341918, 35.667922171671023 ], [ 139.633136303997389, 35.667865775185533 ], [ 139.633307977381378, 35.66782577513959 ], [ 139.633333333766473, 35.667820360321514 ], [ 139.633336304227214, 35.667819720903537 ], [ 139.634336304477074, 35.667605774886795 ], [ 139.63480214070637, 35.667426892537208 ], [ 139.634815473155754, 35.667421892306663 ], [ 139.634903800070447, 35.66739189182249 ], [ 139.63553907936523, 35.667177441286071 ], [ 139.635782140033939, 35.667087170936384 ], [ 139.635987977763193, 35.666984667108864 ], [ 139.636059364148537, 35.666949667293466 ], [ 139.636396589231367, 35.66678189247051 ], [ 139.636936057453227, 35.666682721530549 ], [ 139.63693011743112, 35.666666892563228 ], [ 139.636930026599657, 35.666666666833351 ], [ 139.636771025562552, 35.666242721024901 ], [ 139.636756589645074, 35.666204667111856 ], [ 139.636685187971239, 35.666014387654059 ], [ 139.636790195511253, 35.665994387631031 ], [ 139.636839637539424, 35.665985225338034 ], [ 139.636885473286156, 35.665976613430132 ], [ 139.63740355473044, 35.665878559448117 ], [ 139.637691335986574, 35.665851891851503 ], [ 139.63774383930695, 35.665846892520221 ], [ 139.637816329160387, 35.665840224946578 ], [ 139.638190778082162, 35.665805505719675 ], [ 139.638751608799907, 35.665814387424234 ], [ 139.638847445053671, 35.665815775078102 ], [ 139.638961336096941, 35.665827721672201 ], [ 139.639112166793211, 35.665843838422575 ], [ 139.639753281788671, 35.666080225222402 ], [ 139.639798833349687, 35.666100504934548 ], [ 139.640210506110179, 35.6662827210709 ], [ 139.640274112460474, 35.666324387560621 ], [ 139.640518833277724, 35.666484108055329 ], [ 139.640764384169188, 35.666644667617504 ], [ 139.640808340332796, 35.666666666833351 ], [ 139.640808755819648, 35.666666892563228 ], [ 139.641311920209091, 35.666918838533718 ], [ 139.641279144417126, 35.667195225379487 ], [ 139.641403865096436, 35.667210225171914 ], [ 139.64145386560358, 35.667216054577409 ], [ 139.641666667682784, 35.667241468519137 ], [ 139.641669689404807, 35.667241838140455 ], [ 139.642466083143404, 35.667337135700393 ], [ 139.642505811594106, 35.667341865235073 ], [ 139.642651088976777, 35.667359360646117 ], [ 139.64293885944096, 35.667399640381291 ], [ 139.643612750228385, 35.667493802097454 ], [ 139.643871634468496, 35.667524360161281 ], [ 139.645004163311683, 35.667657694547131 ], [ 139.645069170805755, 35.667665198490283 ], [ 139.645076667554349, 35.667666306455033 ], [ 139.645214721582306, 35.667682414212209 ], [ 139.645795837408173, 35.667800468217195 ], [ 139.645878885302523, 35.667817414142519 ], [ 139.64591138859987, 35.667825748159942 ], [ 139.646017497809453, 35.667852413957917 ], [ 139.646495837313182, 35.667973802649044 ], [ 139.646965006430037, 35.668114918868582 ], [ 139.647450558496644, 35.668315197888262 ], [ 139.647490558542586, 35.668331865023731 ], [ 139.647559442114698, 35.668360198164805 ], [ 139.6477311154988, 35.668431026970495 ], [ 139.64801805409013, 35.668600747926348 ], [ 139.648108054643217, 35.668653802531139 ], [ 139.648460026808948, 35.668861586393291 ], [ 139.648761141413729, 35.669029640006045 ], [ 139.648813087154394, 35.669058532525412 ], [ 139.649244189767728, 35.669299081387635 ], [ 139.649325577513537, 35.669344360454033 ], [ 139.649718080325329, 35.669563532431255 ], [ 139.649844475542295, 35.669629360107024 ], [ 139.649946693385345, 35.669682414711815 ], [ 139.650000000699606, 35.669710198367113 ], [ 139.650003087172877, 35.669711801858341 ], [ 139.650085304993013, 35.669754640164683 ], [ 139.650329754214908, 35.669902694653786 ], [ 139.650444189348036, 35.669923225276818 ], [ 139.651107808079018, 35.670042946624847 ], [ 139.65112863817626, 35.670045999823174 ], [ 139.651168911616196, 35.670052108018524 ], [ 139.651554773833936, 35.67010905398979 ], [ 139.652068392842239, 35.67018461322948 ], [ 139.652120337683641, 35.670192386969234 ], [ 139.652184773208887, 35.670201837944603 ], [ 139.652658392171247, 35.670271838474719 ], [ 139.652707834199418, 35.670279054634818 ], [ 139.65276477297607, 35.670287108063746 ], [ 139.652821997737192, 35.67029544118185 ], [ 139.653078949334258, 35.670332387130145 ], [ 139.653178392768837, 35.67034655954626 ], [ 139.653427276547745, 35.670382387637233 ], [ 139.653535616076056, 35.670393225367206 ], [ 139.65384338566389, 35.670423775337156 ], [ 139.653889780788973, 35.670428225182604 ], [ 139.654647834630055, 35.670503505632439 ], [ 139.65496894925775, 35.670536559314939 ], [ 139.655083943769114, 35.670548505009663 ], [ 139.655117276241526, 35.670551837897165 ], [ 139.655718418170636, 35.670770171706238 ], [ 139.656057588487101, 35.670893505630943 ], [ 139.656459248195915, 35.671029332937508 ], [ 139.656512309096001, 35.671047386827581 ], [ 139.656581751147087, 35.671070721536751 ], [ 139.65661119315223, 35.671080721098576 ], [ 139.656877302545695, 35.671170721651663 ], [ 139.657046744711693, 35.671227946412785 ], [ 139.657163969541784, 35.671267667668872 ], [ 139.657420921138737, 35.671346279207569 ], [ 139.658333333716541, 35.671625279483237 ], [ 139.65833647235047, 35.671626252549686 ], [ 139.658395642345226, 35.671644333419408 ], [ 139.658490636833562, 35.671668505397349 ], [ 139.658589533480381, 35.671693505650921 ], [ 139.659345668168271, 35.671886000138954 ], [ 139.659870661801733, 35.67201961331466 ], [ 139.660669001673227, 35.67221486512409 ], [ 139.660819274789901, 35.672251802079188 ], [ 139.660911777256842, 35.67227430671403 ], [ 139.660960117615559, 35.67228625240881 ], [ 139.661124553255718, 35.672326532143927 ], [ 139.661340389647421, 35.672379306160224 ], [ 139.661439468856543, 35.672413505578959 ], [ 139.661585940538885, 35.672464027692911 ], [ 139.661756226268949, 35.672522918897755 ], [ 139.661735110187351, 35.672388748142396 ], [ 139.661729831167008, 35.67228986498543 ], [ 139.661729831167008, 35.672185694714187 ], [ 139.661731505704552, 35.672170973711616 ], [ 139.661743450500012, 35.672071532075734 ], [ 139.661762607858236, 35.671910973412878 ], [ 139.661770389691924, 35.671889027256952 ], [ 139.661776667859158, 35.67187094638723 ], [ 139.661856226383975, 35.671642081517007 ], [ 139.661917328122399, 35.671564864826792 ], [ 139.661941219511846, 35.671534865241995 ], [ 139.661982335616472, 35.671482919501273 ], [ 139.662059274416151, 35.671443468041787 ], [ 139.662498444847529, 35.671470694117431 ], [ 139.662753165226604, 35.671476775333076 ], [ 139.662975863445467, 35.671482081333124 ], [ 139.663103995253323, 35.671485135430828 ], [ 139.663164837987097, 35.67148653207795 ], [ 139.663699274502051, 35.671521802589268 ], [ 139.663834838307366, 35.671530865057548 ], [ 139.66423594043647, 35.671557640572814 ], [ 139.664310389013394, 35.671562360214921 ], [ 139.664862633004304, 35.671599027373361 ], [ 139.66604097331242, 35.671680414219907 ], [ 139.666075136758309, 35.671682918831777 ], [ 139.666113476655823, 35.671685414450508 ], [ 139.666279027455289, 35.671696802565577 ], [ 139.66666666763274, 35.671703999839906 ], [ 139.666669857528063, 35.671704054698523 ], [ 139.666863476168714, 35.671707640295551 ], [ 139.667006809217014, 35.671706532330745 ], [ 139.667051245618723, 35.671706252641627 ], [ 139.667329027312917, 35.671704027718874 ], [ 139.668262361718803, 35.671847919246261 ], [ 139.668462918628961, 35.671879027695127 ], [ 139.668616252138463, 35.671869586612274 ], [ 139.668671803261304, 35.671865973136335 ], [ 139.668729196195613, 35.671862414518955 ], [ 139.669146524792495, 35.671836532030511 ], [ 139.669919883296188, 35.67177819840532 ], [ 139.670062387169651, 35.671799306393041 ], [ 139.670102114720976, 35.671805414588391 ], [ 139.670138780980096, 35.67181069450811 ], [ 139.670153839228419, 35.671812946410512 ], [ 139.67025933959701, 35.671828748398184 ], [ 139.670602944470488, 35.671937640110173 ], [ 139.670783774751612, 35.671963748328494 ], [ 139.670829053818011, 35.671970414103498 ], [ 139.670857808741061, 35.671974468247299 ], [ 139.670870441517877, 35.671976252502191 ], [ 139.67144600582867, 35.672059586380954 ], [ 139.671600726092834, 35.672090973619675 ], [ 139.671632672709848, 35.67209736060488 ], [ 139.671800999716538, 35.672131532144647 ], [ 139.672119857045914, 35.672196054004871 ], [ 139.672122412019917, 35.672196559423867 ], [ 139.672259339197353, 35.672224279227294 ], [ 139.672396550560507, 35.672246225383162 ], [ 139.672694501350293, 35.67229408100718 ], [ 139.672704332738931, 35.672295667411277 ], [ 139.672700584364634, 35.672278919336804 ], [ 139.672560999690518, 35.671654279021936 ], [ 139.672507665396665, 35.67139597304589 ], [ 139.672459883517035, 35.67116513506312 ], [ 139.672419339381236, 35.670669864922502 ], [ 139.672399339358208, 35.670459865130852 ], [ 139.672395720486293, 35.670423197972355 ], [ 139.672375161984291, 35.670207919160305 ], [ 139.672347951197139, 35.669982919576228 ], [ 139.67238572002509, 35.669903198274142 ], [ 139.672400999506749, 35.669837360705799 ], [ 139.67242211468897, 35.669745694608309 ], [ 139.672473502850039, 35.669524027012415 ], [ 139.672510415523448, 35.669365414482456 ], [ 139.672516524618118, 35.669338748684481 ], [ 139.672525422510375, 35.669299585907311 ], [ 139.672579585079916, 35.669066252305868 ], [ 139.672645966738173, 35.668683748156639 ], [ 139.672644864169342, 35.668575414024303 ], [ 139.672643191430325, 35.66840569396777 ], [ 139.672642633850614, 35.66833597312683 ], [ 139.672687082842799, 35.668124586580575 ], [ 139.67276625286047, 35.667746802073395 ], [ 139.672769585747915, 35.66773125189593 ], [ 139.672771530082173, 35.667717640656747 ], [ 139.672805966022679, 35.667480694478627 ], [ 139.672825966045707, 35.667400135008393 ], [ 139.67286236160885, 35.667307081256979 ], [ 139.67292208828394, 35.667157640013215 ], [ 139.672936809286512, 35.667120135585947 ], [ 139.673117691728294, 35.666666802631028 ], [ 139.673117756479428, 35.666666666833351 ], [ 139.673157912108081, 35.666565973341164 ], [ 139.673291245594669, 35.666307640385469 ], [ 139.673315694563826, 35.666261801940777 ], [ 139.673351803243349, 35.666193748442879 ], [ 139.673497912498874, 35.665919865309718 ], [ 139.673554306286405, 35.665813748006258 ], [ 139.67362347674225, 35.665683748306492 ], [ 139.673700143047313, 35.665539306394066 ], [ 139.673849027610686, 35.665258198107495 ], [ 139.673983191171487, 35.665005413968856 ], [ 139.674108197835267, 35.664754865544751 ], [ 139.67418625269363, 35.664598748633523 ], [ 139.674233476094173, 35.664523747872806 ], [ 139.674296809050702, 35.664415134950673 ], [ 139.674356252439225, 35.664344027355128 ], [ 139.674440700578089, 35.66425569414514 ], [ 139.67453403401862, 35.664157918952981 ], [ 139.674699857312703, 35.664016532037465 ], [ 139.674833191698667, 35.6639318024109 ], [ 139.67499430614248, 35.663882360382786 ], [ 139.675000000649675, 35.663880532061057 ], [ 139.675002918050382, 35.663879585974257 ], [ 139.675003191444262, 35.663879252325785 ], [ 139.675022361393076, 35.663857081339415 ], [ 139.675219857010916, 35.663627360314592 ], [ 139.67541985724074, 35.663408468026546 ], [ 139.675605447633529, 35.663266359854788 ], [ 139.675705694162616, 35.663189586530336 ], [ 139.675873191095093, 35.663018468028042 ], [ 139.675916809113573, 35.662933468604876 ], [ 139.675962633169206, 35.662782919396363 ], [ 139.675991530185115, 35.662449865369183 ], [ 139.675992023013578, 35.662445667333827 ], [ 139.675993476318013, 35.662433468030315 ], [ 139.676020143015421, 35.662216802463604 ], [ 139.676134553866746, 35.6618268024651 ], [ 139.676235383156609, 35.66148653227782 ], [ 139.676369248142464, 35.661346667015209 ], [ 139.676531777219907, 35.661176802167859 ], [ 139.676653995085985, 35.661048748601047 ], [ 139.676856783214134, 35.66082902713805 ], [ 139.677050947743169, 35.660618467968106 ], [ 139.677066304566438, 35.660598640614921 ], [ 139.677326135792669, 35.660262946178193 ], [ 139.677496226369954, 35.660043198634867 ], [ 139.677512438448503, 35.660022225545447 ], [ 139.677684280005678, 35.659800135268199 ], [ 139.677773165399458, 35.659679305955365 ], [ 139.677916783532964, 35.659484305956141 ], [ 139.678056783693819, 35.659293468019314 ], [ 139.678088444326477, 35.659250694464163 ], [ 139.678169637818655, 35.65914041419893 ], [ 139.678189274515603, 35.659113748400955 ], [ 139.678246498377348, 35.659035694441911 ], [ 139.678504838527601, 35.658684305936163 ], [ 139.678820389049861, 35.658333468714773 ], [ 139.678820532042096, 35.658333332917152 ], [ 139.678982049382284, 35.658153748197094 ], [ 139.679242049681079, 35.657715973513518 ], [ 139.679401219790634, 35.657483198391049 ], [ 139.679497328539014, 35.657329306402517 ], [ 139.679578444689696, 35.657262640558599 ], [ 139.679745110648469, 35.657124865320441 ], [ 139.6801306617009, 35.656872640560096 ], [ 139.680469001043775, 35.656677640560815 ], [ 139.680673722714346, 35.65662986497648 ], [ 139.680681777042537, 35.656531802001211 ], [ 139.680689001296514, 35.6564420811373 ], [ 139.680689559775487, 35.656434306498227 ], [ 139.680702335544538, 35.656277918891021 ], [ 139.680736498091051, 35.656133198188684 ], [ 139.68078427997068, 35.656004586142899 ], [ 139.680802892339784, 35.655969865117356 ], [ 139.680850947613294, 35.655880973428339 ], [ 139.680943164995256, 35.65575041435028 ], [ 139.680964838656564, 35.655719865279707 ], [ 139.680974449711243, 35.655706135330036 ], [ 139.680989559220961, 35.655684586674511 ], [ 139.681201777640126, 35.655517918916985 ], [ 139.681223748077741, 35.655500667222157 ], [ 139.681467717061651, 35.655309305879939 ], [ 139.681589559011172, 35.655213748415918 ], [ 139.681770117696942, 35.655045693903844 ], [ 139.682049559539678, 35.654785135126076 ], [ 139.682355382994729, 35.654500414262884 ], [ 139.682519274545029, 35.6543473604425 ], [ 139.682776783721806, 35.654107639855852 ], [ 139.682848444400406, 35.654035972882014 ], [ 139.683021505438319, 35.653862360559685 ], [ 139.683059857026933, 35.653823892059165 ], [ 139.683134553816785, 35.653749027096069 ], [ 139.683158444306969, 35.653725135706622 ], [ 139.683200337425774, 35.653671802311976 ], [ 139.68333333366661, 35.653502504936796 ], [ 139.683336498380868, 35.653498467880127 ], [ 139.683487056582521, 35.653306802567045 ], [ 139.68362817100342, 35.653099864966975 ], [ 139.683803476749176, 35.652843054563505 ], [ 139.683821777053595, 35.652816252068533 ], [ 139.683842607150723, 35.652785414315588 ], [ 139.683912633761224, 35.652682802569473 ], [ 139.683926226114636, 35.652662919458351 ], [ 139.684078366223844, 35.652498225712691 ], [ 139.684097613514268, 35.652477360541923 ], [ 139.684207056510672, 35.652272640669992 ], [ 139.684269559392874, 35.65186319822817 ], [ 139.68426316521311, 35.651692919692664 ], [ 139.684260195651632, 35.651615532131245 ], [ 139.684254838390302, 35.651476532016488 ], [ 139.684355940174669, 35.651449027151045 ], [ 139.684516783023241, 35.651405134839251 ], [ 139.684556226388963, 35.651384026851531 ], [ 139.684587056048031, 35.651350414690057 ], [ 139.684601219470892, 35.651308468511161 ], [ 139.684598444163043, 35.651185414275631 ], [ 139.684612892670998, 35.650654865529759 ], [ 139.684612892670998, 35.650649305920922 ], [ 139.684615032158149, 35.650572838365974 ], [ 139.684617886606361, 35.650470134888963 ], [ 139.684619274260285, 35.650416532597092 ], [ 139.684620946999303, 35.650356802324723 ], [ 139.68461953326505, 35.650273198649359 ], [ 139.684612581505576, 35.650219586464914 ], [ 139.684605914831309, 35.650196252655121 ], [ 139.684593411556875, 35.650153468308076 ], [ 139.684569248572188, 35.650098198673106 ], [ 139.684536472780223, 35.650051531952784 ], [ 139.684498418867065, 35.650018748066941 ], [ 139.684473528330841, 35.650000135697894 ], [ 139.684473359258277, 35.649999999900217 ], [ 139.684383696850318, 35.649932919468824 ], [ 139.684345188779616, 35.64990419871998 ], [ 139.684333411258081, 35.649895414142236 ], [ 139.684298690232595, 35.649869027134059 ], [ 139.68421897522569, 35.649809586443439 ], [ 139.684163696597466, 35.649754306016575 ], [ 139.684113969484315, 35.649690973060103 ], [ 139.684075357092183, 35.649627360414513 ], [ 139.684006472620808, 35.6495170810486 ], [ 139.683950921497967, 35.649416532347232 ], [ 139.683928690257062, 35.649358468518699 ], [ 139.683917860620909, 35.649306252082056 ], [ 139.683909533798101, 35.649204027044391 ], [ 139.683964812426325, 35.648921532003271 ], [ 139.68398036350311, 35.64876653204999 ], [ 139.684023969830491, 35.648331802470864 ], [ 139.684023411351518, 35.648226252639631 ], [ 139.684023139756277, 35.648195135197511 ], [ 139.684022023697594, 35.648006252386779 ], [ 139.684020921128763, 35.647845973413098 ], [ 139.684020078464073, 35.647717360467993 ], [ 139.684020921128763, 35.647716252503244 ], [ 139.684074254523352, 35.647653747822346 ], [ 139.684157302417702, 35.647555973529506 ], [ 139.684221388106721, 35.647480837870546 ], [ 139.684236200840132, 35.647463468364549 ], [ 139.68432703056817, 35.647356802474633 ], [ 139.684407860734382, 35.647244027490046 ], [ 139.684528975132253, 35.646900973001664 ], [ 139.684575642751838, 35.646734306143458 ], [ 139.684587886122245, 35.646690468690338 ], [ 139.684646744052202, 35.646479865453614 ], [ 139.684673139154256, 35.646253748012214 ], [ 139.684699248271841, 35.646028198043098 ], [ 139.684712866705581, 35.645912640556105 ], [ 139.684715357827713, 35.645890973190035 ], [ 139.684715357827713, 35.645778198205448 ], [ 139.684670921426004, 35.645518748291749 ], [ 139.684607029990616, 35.645212919440837 ], [ 139.684490363639497, 35.644825693850862 ], [ 139.684474086809814, 35.644688531950351 ], [ 139.684468948982953, 35.644645135165035 ], [ 139.684447834699995, 35.644465134958182 ], [ 139.68443810673341, 35.64438319862586 ], [ 139.684410895046994, 35.644152080953916 ], [ 139.684393385246722, 35.644090198603976 ], [ 139.68430172544447, 35.643765973221264 ], [ 139.684552283761036, 35.643244865558245 ], [ 139.684580895691965, 35.64316180237546 ], [ 139.684699222191512, 35.64281930636605 ], [ 139.684709299994324, 35.642790054117881 ], [ 139.684730532088565, 35.642728586355361 ], [ 139.68479491635253, 35.642541919474183 ], [ 139.684811997176098, 35.642492360534163 ], [ 139.684829494385781, 35.64244208123722 ], [ 139.684863113741926, 35.642344027255206 ], [ 139.684872192397961, 35.642317775145386 ], [ 139.684911440610676, 35.64220430588415 ], [ 139.685095616369722, 35.641887360513465 ], [ 139.685235966366918, 35.641666802680959 ], [ 139.685236057198495, 35.641666666883339 ], [ 139.68530033714103, 35.641565694601297 ], [ 139.685324228530476, 35.641536252596154 ], [ 139.685344228553504, 35.641511252342582 ], [ 139.685681997726192, 35.641094305957608 ], [ 139.685700052515585, 35.641071802222086 ], [ 139.685720337623707, 35.641047081657632 ], [ 139.685874228712919, 35.640856802199835 ], [ 139.686000895525126, 35.64066208099041 ], [ 139.686025888584027, 35.640623197902414 ], [ 139.686053671340005, 35.640580694143864 ], [ 139.686081167212251, 35.640538198479248 ], [ 139.685959222740166, 35.640342640000995 ], [ 139.685973671248121, 35.640291251839983 ], [ 139.685980337023125, 35.640267081660681 ], [ 139.68606199726355, 35.639978197835717 ], [ 139.686070610070828, 35.639948468047521 ], [ 139.686100052075972, 35.639843748290502 ], [ 139.686137004319448, 35.639703468440473 ], [ 139.686329222715585, 35.639681252488003 ], [ 139.686352283131555, 35.639520135346118 ], [ 139.68637367170777, 35.639371252581384 ], [ 139.686382555210912, 35.639309027589718 ], [ 139.686396161054176, 35.639214864974178 ], [ 139.686370610415565, 35.638974585908556 ], [ 139.686218106080901, 35.638444027270225 ], [ 139.686207562429217, 35.638407919490078 ], [ 139.686175888306821, 35.63829736043499 ], [ 139.686093671385947, 35.638044864978724 ], [ 139.685914501253365, 35.637712918916236 ], [ 139.685815305132451, 35.637572081486553 ], [ 139.685792244716481, 35.637539586283026 ], [ 139.685387523715463, 35.636965414122756 ], [ 139.685345305042006, 35.636892640083431 ], [ 139.68532946798075, 35.636865694596281 ], [ 139.685028079982089, 35.636346532166897 ], [ 139.684996693642688, 35.636292640293277 ], [ 139.684965305504647, 35.636238467831163 ], [ 139.684870026830481, 35.636074586173379 ], [ 139.684661141298761, 35.63578710798879 ], [ 139.684625863592942, 35.635738774824745 ], [ 139.684517250670751, 35.635589053891863 ], [ 139.684316978845686, 35.635228775587677 ], [ 139.684300584204721, 35.635196559174005 ], [ 139.684286420781859, 35.635169054308562 ], [ 139.684269754545767, 35.635136000626119 ], [ 139.684163359351714, 35.634927387589016 ], [ 139.684106978154659, 35.634767387405191 ], [ 139.68407114107049, 35.634603775543951 ], [ 139.684201141669519, 35.634331838543687 ], [ 139.684239754061537, 35.634251559661891 ], [ 139.684121414072138, 35.634049053920876 ], [ 139.683893086996591, 35.633750441230063 ], [ 139.683843358984063, 35.633685721518987 ], [ 139.683749442782755, 35.633562667283456 ], [ 139.683630830298739, 35.633417387202826 ], [ 139.683612503014729, 35.633395171250299 ], [ 139.683588340030042, 35.633365441462104 ], [ 139.683562218321867, 35.633333505636926 ], [ 139.683562114000551, 35.633333332967084 ], [ 139.683408885711628, 35.633146000587601 ], [ 139.683358885204598, 35.633084612864764 ], [ 139.683336394059552, 35.633057197931521 ], [ 139.68333333366661, 35.633053441463346 ], [ 139.683295279753565, 35.633007108391496 ], [ 139.683292218461247, 35.633003225118898 ], [ 139.683170558174879, 35.632822387643216 ], [ 139.68311778236, 35.632744333684229 ], [ 139.683084448988325, 35.63269461286626 ], [ 139.683027224227203, 35.632610171022748 ], [ 139.68299778222206, 35.632566279610273 ], [ 139.682769170061306, 35.632227108394488 ], [ 139.682747497299374, 35.632194891980873 ], [ 139.682738054417882, 35.632181000153196 ], [ 139.682534721300499, 35.631879054574881 ], [ 139.682397224852252, 35.631672107981558 ], [ 139.682358885854114, 35.631614613423835 ], [ 139.682107224069341, 35.631236000641081 ], [ 139.682089170179211, 35.631208775464756 ], [ 139.682068340081969, 35.631177667015891 ], [ 139.682037224438545, 35.63113072150577 ], [ 139.681670000670124, 35.630395720885986 ], [ 139.681622776370205, 35.630313504864546 ], [ 139.681605006665905, 35.630282387422426 ], [ 139.681347782574335, 35.62983489196688 ], [ 139.681344721282017, 35.629829333257305 ], [ 139.681335837778875, 35.629807108311581 ], [ 139.681317782090105, 35.629762386824837 ], [ 139.681209728546264, 35.629493504821539 ], [ 139.681171115254983, 35.629398225248053 ], [ 139.681015811330781, 35.629015441409649 ], [ 139.680969974684785, 35.628902946114238 ], [ 139.680873022372225, 35.628664333492338 ], [ 139.680848585993658, 35.628603774944452 ], [ 139.680635811793422, 35.628079613183786 ], [ 139.680563865130466, 35.62790877526993 ], [ 139.680552192829623, 35.627881559086859 ], [ 139.680208029477171, 35.627065999896161 ], [ 139.68004442301185, 35.626694613166023 ], [ 139.679834137235844, 35.62621655964665 ], [ 139.679783580048365, 35.626073225698974 ], [ 139.67977330709266, 35.626044333179607 ], [ 139.679758586090088, 35.62600238700071 ], [ 139.679671089249496, 35.625669613561968 ], [ 139.679637198298224, 35.625439054369053 ], [ 139.679615525536292, 35.625237667384624 ], [ 139.679609689835502, 35.625184333090658 ], [ 139.679597198252281, 35.625067667638916 ], [ 139.67942747100119, 35.625092666993169 ], [ 139.679388301029462, 35.625098505391861 ], [ 139.679200804074071, 35.625126000364787 ], [ 139.678542192768191, 35.625254053931599 ], [ 139.678262750026079, 35.625299613586492 ], [ 139.678208586557162, 35.625308505183511 ], [ 139.678099144460134, 35.625326559073585 ], [ 139.677969689749602, 35.625347667061362 ], [ 139.677934968724003, 35.62540544130826 ], [ 139.67768968942778, 35.625813225400179 ], [ 139.677615811021042, 35.625909333249297 ], [ 139.677593865764493, 35.625937946079489 ], [ 139.677206083494184, 35.626441838020583 ], [ 139.677131920002239, 35.626522946077273 ], [ 139.677104137246261, 35.626553225351245 ], [ 139.67707914418736, 35.62658072122349 ], [ 139.676773022157477, 35.626915748363274 ], [ 139.676400245974719, 35.627247694425705 ], [ 139.676362750540648, 35.627272135300984 ], [ 139.676334423694925, 35.627291027359206 ], [ 139.676243021998062, 35.627351027428119 ], [ 139.676152192270024, 35.627410468118796 ], [ 139.675974968270339, 35.627527135369178 ], [ 139.675003022371811, 35.62808053229088 ], [ 139.675000000649675, 35.628082225714309 ], [ 139.674687445769223, 35.628260197949942 ], [ 139.674212996732535, 35.628530468506483 ], [ 139.673331051387095, 35.628934640021782 ], [ 139.673276615423674, 35.628959640275355 ], [ 139.673247717508389, 35.628972973624002 ], [ 139.672824669223246, 35.629166865658476 ], [ 139.672695499597808, 35.629227135524047 ], [ 139.672667717741206, 35.629239919386919 ], [ 139.672629105349074, 35.629257973276992 ], [ 139.672417445408996, 35.629356027259007 ], [ 139.672196057502219, 35.629539918832336 ], [ 139.672172166112773, 35.629559918855364 ], [ 139.672124384233143, 35.629599640111451 ], [ 139.671993839544257, 35.629707973344466 ], [ 139.671860778552286, 35.629748531869438 ], [ 139.671387173079779, 35.629892694092746 ], [ 139.671342996582212, 35.629906306231192 ], [ 139.67096243856588, 35.630022135313482 ], [ 139.670389390558057, 35.630201306345384 ], [ 139.670356057186495, 35.630211865285503 ], [ 139.670321608655513, 35.630222694022279 ], [ 139.670127717520359, 35.630283252570223 ], [ 139.66965800341427, 35.630434360257709 ], [ 139.669622996404314, 35.630445748372779 ], [ 139.669588003783474, 35.630456864892551 ], [ 139.669222166769714, 35.630574640107739 ], [ 139.669113839831994, 35.630609360233962 ], [ 139.669076057514189, 35.630621586517179 ], [ 139.668203839235957, 35.630901865628744 ], [ 139.668146886969453, 35.630920198308672 ], [ 139.667521051455537, 35.631061027644478 ], [ 139.667108833705925, 35.631148532578891 ], [ 139.667056887065883, 35.631159640105466 ], [ 139.666775772484129, 35.631219360485261 ], [ 139.66674661556408, 35.631225748369729 ], [ 139.666669663274547, 35.631242107937112 ], [ 139.66666666763274, 35.631242748254408 ], [ 139.666005499554331, 35.631383252035619 ], [ 139.66553688711781, 35.631526306294177 ], [ 139.665471336433257, 35.631546306317148 ], [ 139.665438003061581, 35.631556305878973 ], [ 139.665280778185547, 35.631604360253164 ], [ 139.664525499652314, 35.631800468217193 ], [ 139.664492996354852, 35.631808802234616 ], [ 139.664152140708893, 35.631897414234459 ], [ 139.663982698542895, 35.631924360620928 ], [ 139.663845188604796, 35.631942414511002 ], [ 139.663361025091376, 35.631908532552927 ], [ 139.662517419643336, 35.631829359837241 ], [ 139.662269637533882, 35.631807134891517 ], [ 139.661854916071661, 35.631769640356765 ], [ 139.661631855425981, 35.631731586443721 ], [ 139.661532697975758, 35.631714919308251 ], [ 139.661482970862608, 35.63170630650103 ], [ 139.661644358700414, 35.631358532370541 ], [ 139.661681310044628, 35.631278802075201 ], [ 139.6617676917258, 35.631093252152027 ], [ 139.6619663043017, 35.630741586655063 ], [ 139.662199922088917, 35.630327414678618 ], [ 139.662223256798029, 35.630285748188896 ], [ 139.662255473211644, 35.630228532420972 ], [ 139.662271310272899, 35.630161027509587 ], [ 139.662271310272899, 35.62986046868582 ], [ 139.662251025164892, 35.629673252318923 ], [ 139.662173256290885, 35.629444081679196 ], [ 139.662167977270542, 35.629428252711875 ], [ 139.662009637235201, 35.628979919088181 ], [ 139.661997691540364, 35.628884919203813 ], [ 139.662041310458335, 35.628599919550823 ], [ 139.662132140186259, 35.628120748174126 ], [ 139.662132412680876, 35.628119080831084 ], [ 139.662124643437778, 35.627992694607315 ], [ 139.66209297021453, 35.627909640417727 ], [ 139.661981855378485, 35.627779081339725 ], [ 139.66190686181244, 35.627676027127109 ], [ 139.661868249420309, 35.627600198090818 ], [ 139.661809079425666, 35.627484640603825 ], [ 139.662186861234886, 35.62738408111062 ], [ 139.662618521427817, 35.627272694679277 ], [ 139.662908249716111, 35.627183532294339 ], [ 139.663010195064658, 35.627124360501 ], [ 139.66305574662556, 35.627097973492823 ], [ 139.663151855374053, 35.627042414276161 ], [ 139.663381582694115, 35.626869360432806 ], [ 139.663455188606235, 35.626776026992218 ], [ 139.663491855764732, 35.626702413885482 ], [ 139.663506304272687, 35.626596864953513 ], [ 139.663534358623906, 35.626390467845965 ], [ 139.663542698037304, 35.626296027339947 ], [ 139.663596861506107, 35.625693252241945 ], [ 139.663650467395314, 35.625311306571689 ], [ 139.663706719089987, 35.625000198700377 ], [ 139.663706744271053, 35.624999999950205 ], [ 139.663761025551025, 35.624699919565785 ], [ 139.663772412766775, 35.62463658660937 ], [ 139.663792140295186, 35.624510198586961 ], [ 139.663822114698974, 35.62431880217116 ], [ 139.663842944796215, 35.624231585919119 ], [ 139.66386350239884, 35.624144919152855 ], [ 139.663933774524253, 35.623950748328525 ], [ 139.664099339712948, 35.62363241440454 ], [ 139.664477951596382, 35.623067972908814 ], [ 139.66512072674027, 35.622470748426451 ], [ 139.665311556583219, 35.622284640024304 ], [ 139.665379883474998, 35.622172134836319 ], [ 139.665433774449298, 35.622083802525651 ], [ 139.665512671972465, 35.621957694192417 ], [ 139.665594332212891, 35.621809081224285 ], [ 139.665621283995279, 35.621759918885289 ], [ 139.665646550448173, 35.621609640372753 ], [ 139.66566072646151, 35.62144880202078 ], [ 139.665671556097664, 35.621305748661541 ], [ 139.665696550055941, 35.621230468211706 ], [ 139.66576099907104, 35.621134081572791 ], [ 139.665897108764739, 35.621066027175573 ], [ 139.66606182948999, 35.621029360017133 ], [ 139.666147951267135, 35.621004080973705 ], [ 139.666190726620925, 35.62097908161951 ], [ 139.666201556256965, 35.620939918842339 ], [ 139.666180169479389, 35.62090769433479 ], [ 139.666126278505089, 35.620886026968719 ], [ 139.666022672108852, 35.620871865344498 ], [ 139.665882944442501, 35.620793252007161 ], [ 139.665768223325017, 35.620728802092685 ], [ 139.665675447464082, 35.620700748640786 ], [ 139.665888223462957, 35.620382135027683 ], [ 139.665994617757633, 35.620128802302531 ], [ 139.666017665583013, 35.620073532667561 ], [ 139.666095720441376, 35.619887694062015 ], [ 139.666152672707881, 35.619751864956754 ], [ 139.666159883472005, 35.619731864933783 ], [ 139.666196278135885, 35.619633801958571 ], [ 139.666234890527903, 35.619528802512377 ], [ 139.666265447692467, 35.619445468633614 ], [ 139.666295720671201, 35.619363802097951 ], [ 139.666373502135571, 35.619152414652376 ], [ 139.666464332762871, 35.618765467852199 ], [ 139.666481829073291, 35.618631306090094 ], [ 139.666495720001649, 35.618525468475752 ], [ 139.6663851627452, 35.618509919197606 ], [ 139.666339053604588, 35.618503252523226 ], [ 139.665968223554842, 35.618450775283236 ], [ 139.665607665561538, 35.61839744098927 ], [ 139.665550726784772, 35.618388838074566 ], [ 139.66549933952308, 35.618381333232094 ], [ 139.664770169208168, 35.618273279688253 ], [ 139.664777951041742, 35.61814189233462 ], [ 139.664767393000943, 35.617913279274603 ], [ 139.664742387351453, 35.617813279159691 ], [ 139.664740441218555, 35.617809386893839 ], [ 139.664711829287626, 35.617752440922573 ], [ 139.664689883131814, 35.617708000024322 ], [ 139.664656005670281, 35.617640225316336 ], [ 139.664530726511998, 35.61742577567918 ], [ 139.664630441541817, 35.61725410859043 ], [ 139.664817665103328, 35.616931613503311 ], [ 139.664833774659201, 35.616864387381725 ], [ 139.664841283998271, 35.616833559521297 ], [ 139.664866005461931, 35.616730505308738 ], [ 139.664792944538931, 35.616682441041974 ], [ 139.664769105310143, 35.616666892663147 ], [ 139.664768781554244, 35.61666666693327 ], [ 139.664752218740091, 35.616655865176199 ], [ 139.664325447261717, 35.616375225436457 ], [ 139.663887951367997, 35.616087721171539 ], [ 139.663876809667158, 35.616025774969728 ], [ 139.66386708259995, 35.615972170879161 ], [ 139.663861803579493, 35.615943838637406 ], [ 139.663840415003278, 35.615825225254127 ], [ 139.663724864710957, 35.615818000100774 ], [ 139.663646524767501, 35.615812999870229 ], [ 139.663513191280913, 35.615804667651446 ], [ 139.663366809530771, 35.61577883822298 ], [ 139.663282632987261, 35.615733279467463 ], [ 139.663220973669127, 35.615661892182743 ], [ 139.663212088367345, 35.615629387086699 ], [ 139.663192918418645, 35.615559667145078 ], [ 139.663183476436416, 35.615525775294486 ], [ 139.663119857495644, 35.615293838340108 ], [ 139.662925422270632, 35.614548279679525 ], [ 139.662854034086536, 35.614274107863935 ], [ 139.662850610367514, 35.614258000106759 ], [ 139.662848197486483, 35.614246612891066 ], [ 139.662824034501796, 35.614130505018977 ], [ 139.662768470788478, 35.613865775185559 ], [ 139.662749027445784, 35.613772721434088 ], [ 139.662697639284829, 35.613528279406751 ], [ 139.662696252530168, 35.613521333043252 ], [ 139.662669857428114, 35.613395505298513 ], [ 139.662622633128194, 35.613017171305557 ], [ 139.662628197233744, 35.612941333276069 ], [ 139.662630415861145, 35.61291327892485 ], [ 139.662633476254086, 35.612872170914102 ], [ 139.662638755274543, 35.612800504839583 ], [ 139.662790700230858, 35.612663000297403 ], [ 139.663014034270418, 35.612675505370419 ], [ 139.663127912723212, 35.612661332954303 ], [ 139.66314875541093, 35.612649666948755 ], [ 139.663168755433844, 35.612633279502404 ], [ 139.663177639836363, 35.612609666902756 ], [ 139.663168755433844, 35.61257855935321 ], [ 139.663137639790421, 35.612544108124268 ], [ 139.662765966176607, 35.612246053912429 ], [ 139.662728755827629, 35.612131333694265 ], [ 139.662714863999895, 35.61208910782625 ], [ 139.662705966107637, 35.612061333164149 ], [ 139.662676809187587, 35.611971891989413 ], [ 139.662817367827415, 35.611888559009969 ], [ 139.663011530557924, 35.611912171609617 ], [ 139.663139027444345, 35.611905504935294 ], [ 139.663195694625756, 35.611881892335646 ], [ 139.663222918003385, 35.611853837984427 ], [ 139.663233191858467, 35.611803559586747 ], [ 139.663233191858467, 35.611689946434069 ], [ 139.663219300030846, 35.611576054491479 ], [ 139.663215136169811, 35.611542441430686 ], [ 139.663172633310523, 35.611193559335447 ], [ 139.663569299983351, 35.610933279347535 ], [ 139.663580700688954, 35.610925505607781 ], [ 139.663594864111815, 35.61091633342221 ], [ 139.663582633331998, 35.610899108707088 ], [ 139.663550143524503, 35.610854387220343 ], [ 139.663440973022716, 35.610702171568107 ], [ 139.663240143617941, 35.610514946207957 ], [ 139.663230415651356, 35.610488559199837 ], [ 139.663230415651356, 35.61045800023669 ], [ 139.663260973715182, 35.610384108340099 ], [ 139.663337082440535, 35.610256053873968 ], [ 139.663667639050459, 35.609931332964834 ], [ 139.663765694831113, 35.609842441275816 ], [ 139.663647639027545, 35.609741333196155 ], [ 139.663619300490495, 35.609716892320876 ], [ 139.663517639327779, 35.609629667075637 ], [ 139.662983748701208, 35.609457171711256 ], [ 139.662928197578481, 35.609442171019566 ], [ 139.662889027606752, 35.60941605470731 ], [ 139.662858755527282, 35.609377171619315 ], [ 139.662843476045737, 35.609344667422647 ], [ 139.662847912401389, 35.609307721474352 ], [ 139.662878197071336, 35.609275225371505 ], [ 139.662919585670465, 35.609244946097533 ], [ 139.663036524516201, 35.609216612956516 ], [ 139.663259857656499, 35.609142999849723 ], [ 139.663340143732853, 35.609114946397824 ], [ 139.663309300583933, 35.609039666847309 ], [ 139.663299857702441, 35.609016333037516 ], [ 139.663288197092811, 35.608987721106587 ], [ 139.663185966659171, 35.608738559437143 ], [ 139.663215136169811, 35.608671613004674 ], [ 139.663408755709725, 35.608527721477344 ], [ 139.663513748860623, 35.608463559345978 ], [ 139.663550973598717, 35.608440505225303 ], [ 139.663592633793201, 35.608415225282613 ], [ 139.663726057211989, 35.608333559646212 ], [ 139.663726420538069, 35.608333333017072 ], [ 139.664458470482259, 35.607885225123198 ], [ 139.664494864246763, 35.607863000177474 ], [ 139.664978470180472, 35.607567170888387 ], [ 139.665107367311293, 35.607488279660515 ], [ 139.665360415850728, 35.607369667176556 ], [ 139.665392633163719, 35.607354667384186 ], [ 139.665732633554398, 35.607195225679277 ], [ 139.666477082451593, 35.606932171282835 ], [ 139.666527367144454, 35.606914946567713 ], [ 139.666558755282495, 35.606904387627537 ], [ 139.666605966092675, 35.606888278971041 ], [ 139.66666666763274, 35.606867640429414 ], [ 139.666669585033446, 35.606866667362965 ], [ 139.667313476236131, 35.606647721115621 ], [ 139.667453476396986, 35.606600225220404 ], [ 139.667494034022639, 35.606586333392727 ], [ 139.667915966248984, 35.606537440850389 ], [ 139.66795596629504, 35.606532999998137 ], [ 139.668309027539749, 35.606491891987389 ], [ 139.668387912472326, 35.606492171676564 ], [ 139.668507912610266, 35.606514946108064 ], [ 139.668656524679022, 35.60656050486358 ], [ 139.669674578818899, 35.606909386958819 ], [ 139.670876809617198, 35.607348837978634 ], [ 139.671230415851142, 35.607478000409571 ], [ 139.671904617804103, 35.607713531954118 ], [ 139.672573502065688, 35.607947414142018 ], [ 139.672895162581881, 35.608042973404679 ], [ 139.672995447781886, 35.608072972989476 ], [ 139.673249338986011, 35.608148532229166 ], [ 139.673403774164967, 35.608174919237285 ], [ 139.673611284633239, 35.608181865600784 ], [ 139.673790726361062, 35.608189080861564 ], [ 139.673848223616801, 35.608191586372755 ], [ 139.673872672585958, 35.608195748435207 ], [ 139.673908495281012, 35.608201585934637 ], [ 139.674377665297243, 35.608280468169255 ], [ 139.674909442516991, 35.608333333017072 ], [ 139.674911505561681, 35.608333532666563 ], [ 139.675000000649675, 35.608342306452471 ], [ 139.675002944130711, 35.608342586141589 ], [ 139.675207108221684, 35.608362972873067 ], [ 139.675563774848456, 35.608373252124068 ], [ 139.675746835448308, 35.608364640216166 ], [ 139.675916835194016, 35.608356585887918 ], [ 139.676099053128951, 35.60833658586489 ], [ 139.676114358690825, 35.608333532666563 ], [ 139.676115357837716, 35.608333333017072 ], [ 139.676441284737734, 35.608268252677874 ], [ 139.676724060367292, 35.608196865393211 ], [ 139.677000441817086, 35.608091586257842 ], [ 139.677146278578107, 35.60801325260968 ], [ 139.677257665009392, 35.60793936071309 ], [ 139.677394617367895, 35.607740198651413 ], [ 139.677610726254215, 35.607468252657895 ], [ 139.677717108857678, 35.607386027643201 ], [ 139.677856550539559, 35.607294919125366 ], [ 139.678414890135286, 35.606845468543725 ], [ 139.67854654998348, 35.60675713533368 ], [ 139.678599611782829, 35.606713532603635 ], [ 139.6786312841067, 35.606619360095578 ], [ 139.678635161983266, 35.606607972879829 ], [ 139.678717108208161, 35.606405198241475 ], [ 139.678757108254104, 35.606303802378761 ], [ 139.678818781062091, 35.60614686528578 ], [ 139.678878223551351, 35.60605630625372 ], [ 139.679050169429956, 35.605887694161936 ], [ 139.679191284750118, 35.605758532630318 ], [ 139.679208495076182, 35.605733802173404 ], [ 139.67924766504791, 35.605677134991936 ], [ 139.679297665555055, 35.605580468663845 ], [ 139.679300999341876, 35.605558532400494 ], [ 139.679306278362219, 35.605523251996658 ], [ 139.679369053739038, 35.60511019787748 ], [ 139.679373502685166, 35.605080198292683 ], [ 139.679391556575297, 35.604961027329693 ], [ 139.679410999018614, 35.604768802638318 ], [ 139.679414060310819, 35.604740197902004 ], [ 139.679416835618667, 35.604711306281899 ], [ 139.679449053830922, 35.604393532635584 ], [ 139.679452387617744, 35.604364360427041 ], [ 139.679455447111422, 35.60433464053142 ], [ 139.679486278569129, 35.604030747920831 ], [ 139.679496550625458, 35.60398380241071 ], [ 139.679504060863906, 35.603949081385167 ], [ 139.679535447203307, 35.603806865294757 ], [ 139.679704332688971, 35.603810748567355 ], [ 139.679717951122711, 35.603555748499161 ], [ 139.679719339676012, 35.603528532316091 ], [ 139.679721828999391, 35.603482414182224 ], [ 139.679737108480936, 35.603190198369134 ], [ 139.679739611294167, 35.603144640512937 ], [ 139.679739611294167, 35.603143532548131 ], [ 139.679755720850039, 35.603109360109045 ], [ 139.679832387155102, 35.602947414691585 ], [ 139.679940441598319, 35.602984080950762 ], [ 139.67997933907543, 35.602997414299409 ], [ 139.680087665113888, 35.603034081457849 ], [ 139.68022350231297, 35.60302686529775 ], [ 139.680225447546491, 35.603019360455278 ], [ 139.68025961099238, 35.60288658634704 ], [ 139.680347108732235, 35.601960748689748 ], [ 139.680404890173691, 35.601319639989583 ], [ 139.680404890173691, 35.601253802421184 ], [ 139.680392387798634, 35.601154640474419 ], [ 139.680375720663164, 35.601072973039436 ], [ 139.680369339073877, 35.601043252244438 ], [ 139.680363502473824, 35.60101436062439 ], [ 139.680357951858127, 35.60099158619289 ], [ 139.680280726174715, 35.600666586493958 ], [ 139.680271556687217, 35.600627973202563 ], [ 139.680259883486997, 35.600577973594795 ], [ 139.680237108156234, 35.600482135542279 ], [ 139.680219611845814, 35.600407972949768 ], [ 139.680208781310398, 35.600362414194251 ], [ 139.680206005103287, 35.600324639970324 ], [ 139.680199053343813, 35.600234080938264 ], [ 139.680190726521005, 35.600121865331971 ], [ 139.680191284100715, 35.600102413895456 ], [ 139.680194060307826, 35.600026027279512 ], [ 139.68019489038204, 35.600000197850989 ], [ 139.68019489038204, 35.600000000000193 ], [ 139.680199883418027, 35.599849640548655 ], [ 139.680205447523576, 35.599783532284334 ], [ 139.680213502751144, 35.599684640134228 ], [ 139.680216005564375, 35.599674919362201 ], [ 139.680249857844842, 35.599539640642092 ], [ 139.680331530675744, 35.599367135385137 ], [ 139.680339027424338, 35.599274360423578 ], [ 139.680350700624558, 35.599131865543313 ], [ 139.680356809719115, 35.59905630630368 ], [ 139.680395422111246, 35.59858602742338 ], [ 139.680395422111246, 35.598584919458631 ], [ 139.680405966662192, 35.59848936019597 ], [ 139.680445422618391, 35.598126306583936 ], [ 139.680546524402757, 35.598059639840699 ], [ 139.68056958571799, 35.598044360359097 ], [ 139.680631530121218, 35.598003801834125 ], [ 139.680687639722919, 35.597973251864232 ], [ 139.68079041514568, 35.59791769444621 ], [ 139.680822361762807, 35.597863252187494 ], [ 139.680813191375819, 35.597826865617492 ], [ 139.680695136471513, 35.597695468371342 ], [ 139.680527082858816, 35.597600198690373 ], [ 139.680451245728591, 35.597542414550958 ], [ 139.680404034019148, 35.597506586459986 ], [ 139.680337912265031, 35.597456585952841 ], [ 139.680329585442223, 35.597378531993797 ], [ 139.680345966593222, 35.597316865481105 ], [ 139.680349300380044, 35.597309919117663 ], [ 139.680360700186384, 35.597285748038985 ], [ 139.680382361257102, 35.597240468073323 ], [ 139.680428197003835, 35.597144360224206 ], [ 139.680465422641305, 35.597059359901721 ], [ 139.680490700785413, 35.59700102717585 ], [ 139.680548755620748, 35.59686853185741 ], [ 139.680577912540798, 35.596801586324318 ], [ 139.680596809095618, 35.596758532180672 ], [ 139.680603476669262, 35.596736306335629 ], [ 139.680660700531121, 35.596547973010729 ], [ 139.680679300309635, 35.596486306498036 ], [ 139.68068347676126, 35.596141305876756 ], [ 139.680678197740804, 35.595934081392897 ], [ 139.680677082581497, 35.595896865648001 ], [ 139.680671245082067, 35.595671586374749 ], [ 139.680676809187617, 35.595470468287658 ], [ 139.680678197740804, 35.59541269404076 ], [ 139.680687639722919, 35.595064080842803 ], [ 139.680688755781603, 35.595016027367933 ], [ 139.680689300770837, 35.59499686551311 ], [ 139.680689300770837, 35.594957135263769 ], [ 139.680669585832902, 35.594904360348096 ], [ 139.680623191607197, 35.594855748394252 ], [ 139.680452633382515, 35.594743531888639 ], [ 139.680393748472852, 35.594704640706766 ], [ 139.679717639058026, 35.594259666950222 ], [ 139.679523191242424, 35.594130775215262 ], [ 139.679460973445316, 35.594089667204571 ], [ 139.678646809103157, 35.59355077544808 ], [ 139.678591530474932, 35.593517441177141 ], [ 139.678519857205856, 35.593473838447039 ], [ 139.677927328083911, 35.593115505376431 ], [ 139.677908716614184, 35.593104108268165 ], [ 139.677542049526096, 35.592881892085813 ], [ 139.677465383221033, 35.592835774851267 ], [ 139.677115668353622, 35.592624108615894 ], [ 139.677088716571234, 35.592607999959398 ], [ 139.677052606992447, 35.592586054702849 ], [ 139.676824280816049, 35.592448000674835 ], [ 139.676671505785521, 35.592361333009251 ], [ 139.676025383364959, 35.59199522529957 ], [ 139.675926783494447, 35.591940225461201 ], [ 139.675838443989164, 35.591890505542551 ], [ 139.675653450746381, 35.591786891951642 ], [ 139.675388716416364, 35.5921530005607 ], [ 139.675270389017442, 35.592316892111057 ], [ 139.67522649850423, 35.592377441665747 ], [ 139.675144838263805, 35.592500775590509 ], [ 139.675109274573515, 35.592554108085778 ], [ 139.675092607438046, 35.59257883854275 ], [ 139.675002891970053, 35.592714198201861 ], [ 139.675000000649675, 35.592718559014429 ], [ 139.674535668086833, 35.593419108405271 ], [ 139.674512607670863, 35.593453838424068 ], [ 139.674302335384596, 35.59377105449073 ], [ 139.673936783455929, 35.594218558939531 ], [ 139.673782049702027, 35.59440800022918 ], [ 139.673347886695751, 35.59490522549595 ], [ 139.673303450294156, 35.594956054278668 ], [ 139.673251505452754, 35.595015775557783 ], [ 139.673207056460683, 35.595066613333699 ], [ 139.673148716540254, 35.595133558866792 ], [ 139.673043994984596, 35.595253279315557 ], [ 139.672875940472409, 35.595445775602229 ], [ 139.672789559690614, 35.595545505021221 ], [ 139.672586783253678, 35.595780225377268 ], [ 139.672524553765356, 35.595851892351106 ], [ 139.672241777236422, 35.596178838182993 ], [ 139.67214788621618, 35.596286892626154 ], [ 139.67212428081109, 35.59631438759908 ], [ 139.671842607750364, 35.596639946676362 ], [ 139.67157900117013, 35.596947171275076 ], [ 139.671230661366053, 35.597353000240957 ], [ 139.67118260699192, 35.597408838247475 ], [ 139.671159274081447, 35.597436054430545 ], [ 139.67071066166784, 35.597958559640006 ], [ 139.670650661598984, 35.598025225483923 ], [ 139.670620389519513, 35.598058558855598 ], [ 139.669997328414183, 35.598750775128337 ], [ 139.669762335563519, 35.59901161359528 ], [ 139.669670117282294, 35.599100505284241 ], [ 139.669585668244167, 35.599046892200477 ], [ 139.669510661188269, 35.598978838702635 ], [ 139.669217056821935, 35.598678559568043 ], [ 139.668789831185904, 35.598217441182157 ], [ 139.668733722483466, 35.598186333632555 ], [ 139.668688444316444, 35.598193279096733 ], [ 139.668674553388087, 35.598195504918806 ], [ 139.668580661468582, 35.598229946255174 ], [ 139.66846538367065, 35.598320225598115 ], [ 139.668240661077789, 35.598438838082075 ], [ 139.668113450175724, 35.598503838381589 ], [ 139.668087613552757, 35.598529387221618 ], [ 139.668103165528805, 35.598668559106898 ], [ 139.668133450198752, 35.598807999889459 ], [ 139.668151777482763, 35.598891892247195 ], [ 139.668065940790711, 35.598906053871474 ], [ 139.667843995304338, 35.598943000719089 ], [ 139.667573450454597, 35.598955504892785 ], [ 139.667409001324586, 35.59896299984274 ], [ 139.667298716562641, 35.59895161352631 ], [ 139.667294553600982, 35.598951054148017 ], [ 139.667139001463966, 35.598934946390841 ], [ 139.666919831285327, 35.598932440879594 ], [ 139.666839001119229, 35.598931613503339 ], [ 139.666879274559051, 35.599427441223611 ], [ 139.666882049866899, 35.599461613662697 ], [ 139.666885110259841, 35.599499946365597 ], [ 139.666889274120877, 35.599549945973422 ], [ 139.666669559852494, 35.599535919247444 ], [ 139.66666666763274, 35.599535721396592 ], [ 139.666580117778381, 35.599530225639569 ], [ 139.666281777582185, 35.599499386987304 ], [ 139.666191505433858, 35.599477440831379 ], [ 139.666129831726494, 35.599462721627447 ], [ 139.666127886492973, 35.599461892452553 ], [ 139.666078171070922, 35.599442441015981 ], [ 139.665921505573237, 35.599381332982318 ], [ 139.665470389447137, 35.599243000164506 ], [ 139.665180661158729, 35.599077171474448 ], [ 139.665067886174143, 35.598970224996037 ], [ 139.664768444308493, 35.59914772149034 ], [ 139.664678171260789, 35.599237441454932 ], [ 139.664629001727235, 35.599288000441049 ], [ 139.664573722199748, 35.599345225202171 ], [ 139.664560661345604, 35.599363279092245 ], [ 139.664506226281446, 35.59943800016373 ], [ 139.664396498200063, 35.599665775055655 ], [ 139.664317886661365, 35.599629387586333 ], [ 139.66426622600568, 35.599605225500909 ], [ 139.664227613613662, 35.599587441407436 ], [ 139.664123450536977, 35.599539108243391 ], [ 139.664041777706075, 35.599480225132424 ], [ 139.663926498109618, 35.599378838262965 ], [ 139.663492866602724, 35.598863837895976 ], [ 139.663413696585053, 35.598764108476985 ], [ 139.663268145808502, 35.598661613642719 ], [ 139.663261751628738, 35.598657170991828 ], [ 139.663192581172893, 35.598616892156031 ], [ 139.663121192988797, 35.598575775152085 ], [ 139.663092866143074, 35.598559387705734 ], [ 139.663000078590926, 35.598505504825368 ], [ 139.662962866443308, 35.598493000651615 ], [ 139.662738418143704, 35.59841827958013 ], [ 139.662682023456796, 35.598412720870556 ], [ 139.662628418466966, 35.5984296676952 ], [ 139.662613696565018, 35.598438838082075 ], [ 139.662563139377539, 35.598470225320796 ], [ 139.662517302731544, 35.598499107947646 ], [ 139.662425914524533, 35.598556053918912 ], [ 139.661898418077726, 35.598894108176694 ], [ 139.661847588395631, 35.598933559636237 ], [ 139.661831479739135, 35.598946053917416 ], [ 139.661793696522068, 35.598989667439355 ], [ 139.661749533514353, 35.599040775011929 ], [ 139.661667860683451, 35.599118000695341 ], [ 139.661538690158636, 35.599190775633929 ], [ 139.661410078112795, 35.599234945836258 ], [ 139.661388145446722, 35.599242441685476 ], [ 139.661315084523721, 35.599268279207877 ], [ 139.661241751106104, 35.599311054561667 ], [ 139.661172866634615, 35.59938410829011 ], [ 139.661061193319597, 35.599504666907023 ], [ 139.660922023232956, 35.599703559172099 ], [ 139.660857302622617, 35.599729387701245 ], [ 139.660728418082158, 35.599763838030867 ], [ 139.660168975018337, 35.599905505534821 ], [ 139.659904527572053, 35.599966332980046 ], [ 139.659755357024324, 35.599980505396161 ], [ 139.659689805440394, 35.599977171609339 ], [ 139.65961147898679, 35.599955774939247 ], [ 139.659505084692114, 35.5998849461335 ], [ 139.659384526974463, 35.599781891920941 ], [ 139.659253139620887, 35.599732171102971 ], [ 139.658993696002426, 35.599686053868481 ], [ 139.658947588660453, 35.599671892244203 ], [ 139.6589298054663, 35.599625775009656 ], [ 139.658883696325688, 35.599354387495168 ], [ 139.658840920971898, 35.59929772121302 ], [ 139.658802023494786, 35.599265775495326 ], [ 139.658748690100197, 35.599244386919111 ], [ 139.658624254505867, 35.59922689240733 ], [ 139.658538975393526, 35.599219667254033 ], [ 139.6583614797986, 35.599209108313858 ], [ 139.65833620075523, 35.599206413945012 ], [ 139.658333333716541, 35.599206108175508 ], [ 139.658293969491297, 35.599201892153758 ], [ 139.658237030714531, 35.599173559012684 ], [ 139.658102023589663, 35.599100775080899 ], [ 139.657898417977776, 35.598990775404104 ], [ 139.657774253978801, 35.598969386827889 ], [ 139.657632023499218, 35.598983559244004 ], [ 139.657532581863393, 35.598980225457183 ], [ 139.657452023292421, 35.598946053917416 ], [ 139.657440363582054, 35.598941054586192 ], [ 139.657362581218308, 35.598863000627148 ], [ 139.657316200482455, 35.598742441110915 ], [ 139.657261751029182, 35.598621081198132 ], [ 139.657237030464785, 35.598592468367883 ], [ 139.657130363675492, 35.598550252392386 ], [ 139.656977588644963, 35.598489973533617 ], [ 139.656881751491824, 35.598429694674849 ], [ 139.657094812575679, 35.598252198180546 ], [ 139.65693508398715, 35.598174135228305 ], [ 139.656902581589065, 35.598154973373482 ], [ 139.656771751815086, 35.598078306169043 ], [ 139.65657620053139, 35.597950532291406 ], [ 139.656441440720073, 35.597853865063996 ], [ 139.656427004802595, 35.597821919346245 ], [ 139.656427004802595, 35.597793306516053 ], [ 139.656476719325269, 35.597740251911262 ], [ 139.656739780017006, 35.597487468671886 ], [ 139.656606161445325, 35.59738608090305 ], [ 139.656547834115486, 35.597341919694031 ], [ 139.656367834807952, 35.597229694195221 ], [ 139.656337834323722, 35.597211080926797 ], [ 139.656263671731267, 35.59716469389565 ], [ 139.656161167004484, 35.597093586300161 ], [ 139.656097003973741, 35.597008585977619 ], [ 139.656015331142839, 35.596873864837164 ], [ 139.65577644602638, 35.596474973241584 ], [ 139.655130052010463, 35.596769413977427 ], [ 139.654970337811051, 35.59684746793647 ], [ 139.654846719700572, 35.59688997349366 ], [ 139.654144501167934, 35.597132748177955 ], [ 139.654011725261057, 35.597210252651223 ], [ 139.653938664338057, 35.597253027105694 ], [ 139.653928949861324, 35.597258586714588 ], [ 139.653807004489863, 35.597329694310133 ], [ 139.653741440315343, 35.597212197884801 ], [ 139.653480337447832, 35.596743865137455 ], [ 139.652974773667097, 35.595936919653298 ], [ 139.653364228676423, 35.59573469450072 ], [ 139.653239494507261, 35.595636081140412 ], [ 139.653921725607347, 35.595373864912119 ], [ 139.654270895485638, 35.595239972946558 ], [ 139.654332283208532, 35.59521636034691 ], [ 139.654281440036584, 35.59511858605407 ], [ 139.65426783419332, 35.59509274853167 ], [ 139.654187834101435, 35.594938865536392 ], [ 139.654145331242262, 35.594857467898009 ], [ 139.654127562437225, 35.59482330625076 ], [ 139.654619222699125, 35.594624413985684 ], [ 139.654643113189309, 35.594655252637949 ], [ 139.654810337627168, 35.594870252660201 ], [ 139.654890337719053, 35.59497330597344 ], [ 139.655007834144385, 35.594922747886699 ], [ 139.655578392828716, 35.594677748279651 ], [ 139.65552089557309, 35.594568027392711 ], [ 139.655333113532492, 35.594209973111958 ], [ 139.655691996988253, 35.594006639994632 ], [ 139.655919779974056, 35.594403586356577 ], [ 139.655926446648323, 35.594414973572327 ], [ 139.65598116769695, 35.594510802631589 ], [ 139.656819494124534, 35.594161081468883 ], [ 139.657312283035594, 35.593930801965087 ], [ 139.657385888048452, 35.593896360628719 ], [ 139.657851997671742, 35.593681640295642 ], [ 139.658194773370269, 35.593523865034513 ], [ 139.658107004035173, 35.593355802428505 ], [ 139.658087834086473, 35.593309972977011 ], [ 139.657820052853367, 35.59332136019276 ], [ 139.65763866409327, 35.593343586037804 ], [ 139.657165616200359, 35.593401919663052 ], [ 139.657050337503279, 35.593416081287273 ], [ 139.656919222644206, 35.593164414106582 ], [ 139.656568392617373, 35.592596919412472 ], [ 139.656515616802494, 35.592505801901382 ], [ 139.656085888353232, 35.59176274785267 ], [ 139.656036200810149, 35.591666919692727 ], [ 139.656036057818028, 35.591666666983258 ], [ 139.655769494266906, 35.59115274850069 ], [ 139.655563943421384, 35.590756919096691 ], [ 139.655426160988668, 35.590552748710536 ], [ 139.65540561597652, 35.590523586394568 ], [ 139.655138638737412, 35.590146360366418 ], [ 139.654502529368415, 35.590461081713727 ], [ 139.654291699502551, 35.590568586671111 ], [ 139.653238638352605, 35.591165532363618 ], [ 139.652527808811556, 35.591503865411198 ], [ 139.652185746275336, 35.591666666983258 ], [ 139.652185227366544, 35.591666919692727 ], [ 139.651701971269176, 35.591896919507406 ], [ 139.651051141796984, 35.592234414386894 ], [ 139.650720311793179, 35.592416640415763 ], [ 139.650552529775609, 35.592512197879785 ], [ 139.650432529637669, 35.5925841355496 ], [ 139.650351140992484, 35.592660801854663 ], [ 139.650213359459144, 35.592807468689898 ], [ 139.650113645328702, 35.592913585993358 ], [ 139.650002802087783, 35.593077252713215 ], [ 139.650000000699606, 35.593081386896642 ], [ 139.649798366401683, 35.593379135338978 ], [ 139.649756978701816, 35.593451359892526 ], [ 139.649412529364895, 35.594054414679647 ], [ 139.649196420478575, 35.59441719849508 ], [ 139.649115032732766, 35.594553586079314 ], [ 139.648923087730509, 35.59487553257992 ], [ 139.648850310993225, 35.594969414606965 ], [ 139.648765032780261, 35.595040532095027 ], [ 139.648349754637593, 35.595278586237953 ], [ 139.647786693601233, 35.59555525187352 ], [ 139.646919468358988, 35.595966640448239 ], [ 139.646699222591224, 35.596112946655353 ], [ 139.646348366484062, 35.596345802716769 ], [ 139.646261699717797, 35.596403585956864 ], [ 139.645746135475974, 35.596692748571627 ], [ 139.645743359268749, 35.596694135326231 ], [ 139.644269196866162, 35.597556640027108 ], [ 139.643752529156018, 35.59785886529454 ], [ 139.643243917572931, 35.598156360128087 ], [ 139.642285032528434, 35.59873635989527 ], [ 139.641973917462451, 35.598917198270271 ], [ 139.641669468171585, 35.599094333237076 ], [ 139.641666667682784, 35.59909597360047 ], [ 139.640854475553738, 35.599568586221437 ], [ 139.640489196119688, 35.599781081631761 ], [ 139.640112477309117, 35.600000000000193 ], [ 139.640112049231902, 35.600000252709663 ], [ 139.640088638080329, 35.600013864848165 ], [ 139.640088366485088, 35.600014135544086 ], [ 139.639988366370176, 35.600071919683501 ], [ 139.639888080270907, 35.600130252409372 ], [ 139.639762802011887, 35.600215251832594 ], [ 139.639597523706925, 35.600362468153548 ], [ 139.639536135084768, 35.600440532005109 ], [ 139.639125032494462, 35.600961081189098 ], [ 139.638928638545963, 35.601170532394292 ], [ 139.638687808195982, 35.601424414605219 ], [ 139.638294747804593, 35.60179525184958 ], [ 139.637937523597998, 35.602132198142613 ], [ 139.637676978310083, 35.60241136029623 ], [ 139.637291141273295, 35.602824414415352 ], [ 139.637146135485978, 35.602943306588486 ], [ 139.637002802437564, 35.603049973377722 ], [ 139.636903917481959, 35.603088865458915 ], [ 139.636876135625357, 35.603099694195691 ], [ 139.636729196295505, 35.60313302756731 ], [ 139.636636420434684, 35.603149135324486 ], [ 139.636530026140008, 35.603167748592909 ], [ 139.636519196503855, 35.603169693826487 ], [ 139.63610197132914, 35.603273026828901 ], [ 139.63600141453378, 35.603288585999621 ], [ 139.63567252976361, 35.603339694471515 ], [ 139.635487250536357, 35.60336997284611 ], [ 139.635308911377365, 35.603413865157904 ], [ 139.635176978135178, 35.603463306286699 ], [ 139.63487503255692, 35.603627748222152 ], [ 139.634274189202642, 35.604025531852983 ], [ 139.634226693307482, 35.604057197881559 ], [ 139.633822528986684, 35.604353586548939 ], [ 139.633391141288371, 35.604669694650852 ], [ 139.63333613515465, 35.604710027446004 ], [ 139.633333333766473, 35.604712081497553 ], [ 139.633210026821416, 35.60480246785977 ], [ 139.631947808544737, 35.605681640595378 ], [ 139.631799196475868, 35.605791080893823 ], [ 139.631743917847757, 35.605867198612486 ], [ 139.631716135091779, 35.605932748397777 ], [ 139.631716135091779, 35.606015802587365 ], [ 139.631754189004823, 35.606119414379634 ], [ 139.632124475864089, 35.606556640476754 ], [ 139.631847808429825, 35.606833027322523 ], [ 139.631359468464893, 35.607146081326732 ], [ 139.631166419994429, 35.607238027113453 ], [ 139.630738638577441, 35.607416919355501 ], [ 139.630061971582904, 35.607698306431871 ], [ 139.629611414835153, 35.607885532691341 ], [ 139.629400311575296, 35.607973306523036 ], [ 139.629301971608925, 35.608004135282783 ], [ 139.628605577085864, 35.608222198395879 ], [ 139.628531414493409, 35.607999694430532 ], [ 139.628120389244714, 35.608333333017072 ], [ 139.628120078079291, 35.608333586625861 ], [ 139.627982529470387, 35.608445251847058 ], [ 139.627972529009185, 35.608453306175306 ], [ 139.627688638220206, 35.608689135395423 ], [ 139.627559754579238, 35.608781359971942 ], [ 139.627368911246435, 35.608885801838426 ], [ 139.627231698983906, 35.608947198554517 ], [ 139.626863917635887, 35.609040802691084 ], [ 139.62641891150372, 35.609118306264975 ], [ 139.625970000515281, 35.609196360224018 ], [ 139.625845006442091, 35.609236919648311 ], [ 139.625747224055317, 35.60927636031596 ], [ 139.625635837624031, 35.609321080903328 ], [ 139.625436108989447, 35.609408585837741 ], [ 139.625195837118326, 35.609542748499223 ], [ 139.625002776057499, 35.609674613392883 ], [ 139.625000000749651, 35.609676532546132 ], [ 139.624958340555168, 35.609704973605801 ], [ 139.624874721591254, 35.609761919577068 ], [ 139.624872218778023, 35.609764135506623 ], [ 139.624795837558054, 35.609837198228263 ], [ 139.624764449420013, 35.609876081316258 ], [ 139.624758340325343, 35.609883864948586 ], [ 139.624691115103019, 35.609966919138174 ], [ 139.624641673074962, 35.610028586550186 ], [ 139.624544721661778, 35.610161360658424 ], [ 139.624292218111577, 35.610507748034308 ], [ 139.624071699849196, 35.610812198224551 ], [ 139.624053087480206, 35.610838027653017 ], [ 139.623972802303115, 35.610948586708048 ], [ 139.623856693531707, 35.611061359893995 ], [ 139.623723359145856, 35.611160532632653 ], [ 139.623403917257178, 35.611359135316036 ], [ 139.622935577315275, 35.611553865518658 ], [ 139.622546667295069, 35.611678864987766 ], [ 139.622061388622342, 35.611809693862426 ], [ 139.621810272726066, 35.611920532606632 ], [ 139.621784721188078, 35.611931640133264 ], [ 139.621475279760489, 35.612073586427016 ], [ 139.620489728018697, 35.612603305997936 ], [ 139.619363061856006, 35.613293027551322 ], [ 139.618708054133549, 35.613687748091252 ], [ 139.618635279194905, 35.613729134891855 ], [ 139.618601388243633, 35.613752468701648 ], [ 139.618520830572038, 35.61378636055224 ], [ 139.618456939136649, 35.613809414672914 ], [ 139.618372503588375, 35.613833306062418 ], [ 139.61829722403786, 35.613854414050138 ], [ 139.618218340004546, 35.613860801934607 ], [ 139.618131388153188, 35.613868865256109 ], [ 139.618026394103026, 35.613877468170813 ], [ 139.617940558310352, 35.613877468170813 ], [ 139.61782333348026, 35.613853586673827 ], [ 139.617571115015153, 35.61381386541774 ], [ 139.617431673333272, 35.613791919261814 ], [ 139.616851115087115, 35.61363886544143 ], [ 139.616669442141188, 35.613577919285717 ], [ 139.616666667732716, 35.613576973198917 ], [ 139.616464449774753, 35.613509135538322 ], [ 139.615791673247259, 35.613327748576921 ], [ 139.615581388370515, 35.613327748576921 ], [ 139.615377977012258, 35.613440278945859 ], [ 139.615210272336412, 35.613533026927826 ], [ 139.614815551796482, 35.613836919538358 ], [ 139.614574721446388, 35.613978027664018 ], [ 139.61421221821945, 35.614206360135597 ], [ 139.613957224446494, 35.614338586556698 ], [ 139.613873061392837, 35.614361640677316 ], [ 139.613472503353478, 35.61445635997319 ], [ 139.613388885289055, 35.614503027592832 ], [ 139.613229170190266, 35.614617468121821 ], [ 139.613116667700183, 35.61469413532626 ], [ 139.613070830154811, 35.61473774794888 ], [ 139.613037782767606, 35.614783306704396 ], [ 139.612996109083383, 35.61485608164304 ], [ 139.612971115124992, 35.614920532456779 ], [ 139.612874163711808, 35.615141081296031 ], [ 139.612755006238672, 35.615315802482485 ], [ 139.612703606386503, 35.615391359923478 ], [ 139.612431115403865, 35.615712747945111 ], [ 139.612191673607072, 35.61585302689582 ], [ 139.611964721594859, 35.615898305962219 ], [ 139.610946667454868, 35.616142468300438 ], [ 139.609671115829542, 35.616411360196309 ], [ 139.608994163749799, 35.616477171684267 ], [ 139.608758885814154, 35.616436054680321 ], [ 139.608420272178023, 35.616295774830292 ], [ 139.608336109124366, 35.616251000283626 ], [ 139.608333333816518, 35.616249532590018 ], [ 139.608165551798947, 35.616160225414262 ], [ 139.608144721701706, 35.616149387684288 ], [ 139.607832218082535, 35.615983279305055 ], [ 139.607823061185513, 35.615978279074511 ], [ 139.607460000378865, 35.615783000285376 ], [ 139.607196394698008, 35.615641053991624 ], [ 139.606839728071122, 35.615525775294486 ], [ 139.606580000266945, 35.615479387364019 ], [ 139.606480000152033, 35.615461613163063 ], [ 139.606068884971251, 35.615442999894697 ], [ 139.605875837400163, 35.6154513330128 ], [ 139.605348054069623, 35.615573279283581 ], [ 139.605160830508112, 35.615650225277818 ], [ 139.604737224643372, 35.615824667674417 ], [ 139.604563061036629, 35.615912999985142 ], [ 139.603497224117746, 35.6164532793955 ], [ 139.603122361507985, 35.61666666693327 ], [ 139.603121946021133, 35.616666892663147 ], [ 139.603021388326624, 35.61672438722087 ], [ 139.602376939544342, 35.617045505445901 ], [ 139.602171388698821, 35.617148000280167 ], [ 139.6018105582109, 35.61736383847051 ], [ 139.601604449785668, 35.617486892706097 ], [ 139.601371946258496, 35.617626054698803 ], [ 139.600684449627806, 35.618036891989163 ], [ 139.600500272070121, 35.61813050511887 ], [ 139.600214163553005, 35.618283838628429 ], [ 139.600068054297481, 35.618398558846593 ], [ 139.600002776107431, 35.618415440920046 ], [ 139.600000000799582, 35.618416171169542 ], [ 139.599835006680337, 35.618458838604681 ], [ 139.599551946865063, 35.61849217107698 ], [ 139.598899728839569, 35.618496333139433 ], [ 139.598422218510791, 35.618471054096062 ], [ 139.597166109328668, 35.618472171054009 ], [ 139.596623061805076, 35.618498838650623 ], [ 139.596124721378942, 35.618433000182961 ], [ 139.595812218659148, 35.618391892172269 ], [ 139.595595837278211, 35.618362441173872 ], [ 139.595408054338463, 35.618254107940913 ], [ 139.594303606826202, 35.617887721441377 ], [ 139.594218885293458, 35.617859667090102 ], [ 139.594129728304551, 35.617834108357556 ], [ 139.593916667220583, 35.617773279113692 ], [ 139.593583061009667, 35.617677721649727 ], [ 139.593100558544165, 35.617570505374715 ], [ 139.592781388250614, 35.617589667229538 ], [ 139.592334721070642, 35.617639108358333 ], [ 139.591889728428441, 35.617709107989128 ], [ 139.591669442191233, 35.617786946110812 ], [ 139.591666667782647, 35.617787919177317 ], [ 139.591584721557865, 35.617816892635631 ], [ 139.590916667370493, 35.618122171101504 ], [ 139.590235551429714, 35.618430775260208 ], [ 139.590159442704248, 35.618849387189641 ], [ 139.590156667396514, 35.618864667570506 ], [ 139.590106939383872, 35.619018278970543 ], [ 139.590037224838284, 35.619233838371088 ], [ 139.589980000077162, 35.619410225101944 ], [ 139.589933606750719, 35.619553837839533 ], [ 139.589889170349124, 35.619691054598661 ], [ 139.589828340205941, 35.619968279612578 ], [ 139.589808054198556, 35.620061054574194 ], [ 139.589605305640475, 35.620579386929307 ], [ 139.589498366356679, 35.620762441233865 ], [ 139.589434747415794, 35.620870775366143 ], [ 139.589411699590414, 35.621004107953411 ], [ 139.589395032454945, 35.62105133315265 ], [ 139.589347808155026, 35.621166333059989 ], [ 139.589332529572744, 35.621224667584499 ], [ 139.589340856395552, 35.621266054385046 ], [ 139.589364475290495, 35.621307720874768 ], [ 139.589399196315981, 35.621359108136517 ], [ 139.589426978172696, 35.621389667099606 ], [ 139.589548366863824, 35.621486613116872 ], [ 139.589609468602248, 35.621647441576329 ], [ 139.589721414411883, 35.62194161341489 ], [ 139.589736692994165, 35.622181613690657 ], [ 139.589728080186887, 35.622214387683982 ], [ 139.589710311381964, 35.622281333217131 ], [ 139.589677522999409, 35.622405505309985 ], [ 139.589654747668646, 35.622491613597276 ], [ 139.589616135276628, 35.622698559291223 ], [ 139.589596420338694, 35.622804667601486 ], [ 139.58957669370966, 35.622909945837478 ], [ 139.589567523322671, 35.62296022513442 ], [ 139.589551141272295, 35.623047441386461 ], [ 139.589506135599891, 35.623289386895863 ], [ 139.589495032569857, 35.623364387656522 ], [ 139.589501971738741, 35.623459667230009 ], [ 139.589533645861252, 35.623579107989599 ], [ 139.589575032661855, 35.623813559448365 ], [ 139.589676693824572, 35.623989946179222 ], [ 139.589771141525148, 35.624179945947901 ], [ 139.589939754516195, 35.624461613612766 ], [ 139.58995586317269, 35.624470225520668 ], [ 139.590036135759192, 35.624512441496165 ], [ 139.590077523459172, 35.624534387652034 ], [ 139.590215304992512, 35.624534387652034 ], [ 139.590240584035882, 35.624512441496165 ], [ 139.590302529338487, 35.624459108101519 ], [ 139.590389468599255, 35.624383838443578 ], [ 139.590468638616926, 35.624307721624234 ], [ 139.590705032611368, 35.624147721440352 ], [ 139.590873087123441, 35.624044946017591 ], [ 139.590993645740355, 35.623991892312119 ], [ 139.591286420032475, 35.623798559655995 ], [ 139.591395863028879, 35.623726333303807 ], [ 139.591666667782647, 35.623683667667308 ], [ 139.591669468271562, 35.623683225200864 ], [ 139.592023359590598, 35.623627441153644 ], [ 139.592063917216137, 35.623684108335112 ], [ 139.592093917700367, 35.623745774847805 ], [ 139.592153917769224, 35.623866891943692 ], [ 139.592233645366605, 35.623846054651892 ], [ 139.592320856222727, 35.623831053960146 ], [ 139.592361141353763, 35.623822720842043 ], [ 139.592402802447509, 35.623815775377921 ], [ 139.592441699025358, 35.623807441360498 ], [ 139.592487523080877, 35.623801892543497 ], [ 139.592497250148199, 35.623819946433571 ], [ 139.592497250148199, 35.623838000323644 ], [ 139.592470856844784, 35.623872441660012 ], [ 139.592434747265997, 35.623915505696175 ], [ 139.592395863278625, 35.623955775538775 ], [ 139.592363917560874, 35.623997441129177 ], [ 139.592320584627487, 35.624136054535427 ], [ 139.592291971797295, 35.624226613567544 ], [ 139.59229058414337, 35.62423133320965 ], [ 139.592301141284793, 35.624269387122695 ], [ 139.592323645020429, 35.624349946592929 ], [ 139.59236085626867, 35.624413279549401 ], [ 139.592447808120028, 35.624561892517477 ], [ 139.592568080752471, 35.624846333691494 ], [ 139.592687497230372, 35.624999999950205 ], [ 139.59268766540356, 35.625000225680026 ], [ 139.592803359587606, 35.625149108444759 ], [ 139.593024474999652, 35.625557171326534 ], [ 139.593143359078908, 35.625777441375988 ], [ 139.593211140981566, 35.625912441306298 ], [ 139.593348080749479, 35.626119387000301 ], [ 139.593362244172454, 35.626239108348329 ], [ 139.59348725083612, 35.626450775483079 ], [ 139.593548638559014, 35.626554946653641 ], [ 139.593631971538457, 35.626620505432129 ], [ 139.593792244216843, 35.626610225281809 ], [ 139.593825577588518, 35.626608279148911 ], [ 139.593937808483247, 35.626601053995614 ], [ 139.594108080723572, 35.62673883822697 ], [ 139.594116420136857, 35.626827720922734 ], [ 139.594066693023592, 35.626934667401144 ], [ 139.594010895486576, 35.62705438695059 ], [ 139.593913385594419, 35.62716661334872 ], [ 139.593695888154912, 35.627322721266751 ], [ 139.593653385295625, 35.627342441600547 ], [ 139.593562283073084, 35.627384667468618 ], [ 139.593356161158113, 35.627403838316638 ], [ 139.593238392238163, 35.627414945843213 ], [ 139.593021997367487, 35.627434945866241 ], [ 139.592924501864445, 35.627362170927597 ], [ 139.592829780769989, 35.627350504922049 ], [ 139.59274727606612, 35.627334387272299 ], [ 139.592686446822199, 35.627338559227269 ], [ 139.592632827443254, 35.627362170927597 ], [ 139.592430052804843, 35.627459387640783 ], [ 139.592399494741016, 35.627486613716428 ], [ 139.592382555111044, 35.627520775363678 ], [ 139.592397562097972, 35.627621333058244 ], [ 139.592420895008445, 35.627709667167551 ], [ 139.59244671904105, 35.627808279628596 ], [ 139.592453671699786, 35.627834108157742 ], [ 139.592479222338397, 35.627931054174951 ], [ 139.592513943363997, 35.628062441528641 ], [ 139.59251922238434, 35.628083000030585 ], [ 139.592522283676658, 35.628092171316837 ], [ 139.592555888643574, 35.628188279165897 ], [ 139.59257422851806, 35.628241332871369 ], [ 139.592553943409939, 35.62843355936144 ], [ 139.592478664758801, 35.628536332985561 ], [ 139.592348949244752, 35.628698252322636 ], [ 139.592381440851, 35.628811586685515 ], [ 139.592403943687259, 35.628856586062739 ], [ 139.592486446592375, 35.628957414453282 ], [ 139.592656719731963, 35.629103252113566 ], [ 139.592761725473451, 35.629226586038271 ], [ 139.592794501265416, 35.629265198430346 ], [ 139.592931440134066, 35.629398252227702 ], [ 139.592947562280301, 35.629427134854552 ], [ 139.592858664296045, 35.62948797309167 ], [ 139.592784228309711, 35.629538801874389 ], [ 139.592646446776257, 35.629636027580773 ], [ 139.592589780494109, 35.629773801919612 ], [ 139.592499689109559, 35.630120135336142 ], [ 139.592484501358854, 35.630178531913884 ], [ 139.592415615988102, 35.630304360557943 ], [ 139.592338392103329, 35.630445748372779 ], [ 139.592225058639769, 35.630510468083799 ], [ 139.591965616819948, 35.630640197986907 ], [ 139.591669494351891, 35.630806613034906 ], [ 139.591666667782647, 35.630808225519331 ], [ 139.5914664463196, 35.630920748693768 ], [ 139.591270895035905, 35.631054640659329 ], [ 139.591260336995106, 35.631263802282831 ], [ 139.591381725686233, 35.631547135492099 ], [ 139.591449494099038, 35.631702973613528 ], [ 139.591511440300906, 35.631806306615943 ], [ 139.591543943598253, 35.631968252033346 ], [ 139.591557562031994, 35.632015468239445 ], [ 139.591450610157722, 35.632085198073582 ], [ 139.591406719644624, 35.632093801887606 ], [ 139.591384500994081, 35.632118532344577 ], [ 139.591374773027496, 35.632196306614446 ], [ 139.591398664417056, 35.632636585909893 ], [ 139.591303113248273, 35.632787973286497 ], [ 139.59140644625063, 35.633062694587863 ], [ 139.591265331829732, 35.633065468097016 ], [ 139.591202827148891, 35.633048532064265 ], [ 139.591106161720177, 35.63302186536697 ], [ 139.591005058137057, 35.632994360501527 ], [ 139.590928521334376, 35.633333332967084 ], [ 139.590928495254047, 35.633333532616575 ], [ 139.590927302753016, 35.633338802643777 ], [ 139.590925914199715, 35.633344640143207 ], [ 139.590797302153987, 35.633471586644589 ], [ 139.590615914293153, 35.633650198298199 ], [ 139.590518690385466, 35.633747414112065 ], [ 139.59043674416057, 35.633855197859248 ], [ 139.590364527701013, 35.633949918953761 ], [ 139.590267301994572, 35.634031027010451 ], [ 139.590144812533254, 35.634124640140215 ], [ 139.589991751518255, 35.634241586180451 ], [ 139.589756744278475, 35.63441964025435 ], [ 139.589633139657849, 35.634460748265099 ], [ 139.589530921814799, 35.634494918905546 ], [ 139.58947953365373, 35.63451186483087 ], [ 139.589343139774314, 35.634557134904014 ], [ 139.589304812467276, 35.634562694512908 ], [ 139.588969805112583, 35.634610468298661 ], [ 139.588834812376831, 35.634629918835856 ], [ 139.588775642382188, 35.634638251953902 ], [ 139.588698690092656, 35.634674080944251 ], [ 139.588582023741537, 35.634728532196164 ], [ 139.588289248550154, 35.634864918881078 ], [ 139.588253138971368, 35.634870197901478 ], [ 139.588098418707204, 35.634892135064149 ], [ 139.588005642846269, 35.634905468412796 ], [ 139.587989805785128, 35.634909919157622 ], [ 139.587841193716258, 35.634952694511412 ], [ 139.587790921613873, 35.634971865359489 ], [ 139.587751193163172, 35.634998252367609 ], [ 139.587715084483762, 35.635022135663178 ], [ 139.587667860183728, 35.635067135040401 ], [ 139.587643969693659, 35.635181586361284 ], [ 139.5876406368061, 35.635197135639487 ], [ 139.587624527250341, 35.635294081656696 ], [ 139.587590921384049, 35.635376026982215 ], [ 139.587338690328465, 35.635680747868378 ], [ 139.587202309039526, 35.635814639833939 ], [ 139.586883969719565, 35.636204081353412 ], [ 139.586853411655852, 35.636241586680057 ], [ 139.586675642666933, 35.63646630657496 ], [ 139.586406471981263, 35.636806306066319 ], [ 139.5862325817684, 35.637029640105993 ], [ 139.586179533458903, 35.63709797329301 ], [ 139.586087588571559, 35.637254640589333 ], [ 139.585903696098853, 35.637567414005105 ], [ 139.585709248283365, 35.637923801842135 ], [ 139.585632023499215, 35.638083802026017 ], [ 139.58561591484272, 35.638117414187491 ], [ 139.58559730247373, 35.638156027478828 ], [ 139.585475383182597, 35.638552694151656 ], [ 139.585472606975372, 35.638634080998202 ], [ 139.585362607298634, 35.638876027406923 ], [ 139.585310661557969, 35.638990467935912 ], [ 139.585149001225659, 35.639594081202063 ], [ 139.585034280108175, 35.639950720849242 ], [ 139.584889001826127, 35.640269892042056 ], [ 139.584505383416854, 35.640936000096474 ], [ 139.584465668456005, 35.641016000188415 ], [ 139.58444511085338, 35.64107738701199 ], [ 139.584435940466506, 35.641143774965428 ], [ 139.584447613666612, 35.641173505652944 ], [ 139.584470388997488, 35.641200720936695 ], [ 139.584529831486748, 35.641239613017888 ], [ 139.584595110576061, 35.641280441339461 ], [ 139.584646498737129, 35.641319891899684 ], [ 139.584710661767758, 35.641338774964652 ], [ 139.58474316506522, 35.641363224833128 ], [ 139.584702607439567, 35.641460441546315 ], [ 139.584663450058315, 35.641666666883339 ], [ 139.58466341138751, 35.641666838653862 ], [ 139.584649559130071, 35.641739892382304 ], [ 139.585157056453227, 35.64189989256613 ], [ 139.585176783082261, 35.641905999862161 ], [ 139.585291505099008, 35.641951559516997 ], [ 139.585526498849049, 35.642044333579292 ], [ 139.58557538329751, 35.64206377512329 ], [ 139.585637328600001, 35.642088224991767 ], [ 139.585840117627527, 35.642161279619529 ], [ 139.585896783010298, 35.642226000229869 ], [ 139.585896783010298, 35.642266559654161 ], [ 139.585873450099825, 35.642616838396521 ], [ 139.585869274547576, 35.642646279502344 ], [ 139.586009274708431, 35.642649613289166 ], [ 139.586372892195413, 35.642647945946123 ], [ 139.586585940688792, 35.642647108677295 ], [ 139.586642606970941, 35.642679612874019 ], [ 139.586771219016669, 35.643084332975775 ], [ 139.586778716664639, 35.643110441194096 ], [ 139.58679177751867, 35.643156279638788 ], [ 139.586885668538912, 35.643141278947041 ], [ 139.586890661574898, 35.643141278947041 ], [ 139.587043722589897, 35.643143505668434 ], [ 139.587065668745822, 35.643185171258835 ], [ 139.587101777425232, 35.64333072113601 ], [ 139.58712150585302, 35.643420441100659 ], [ 139.587072049435733, 35.643619054575879 ], [ 139.587040389702452, 35.643903225053975 ], [ 139.587064553586401, 35.644166559139535 ], [ 139.58707871611, 35.644215721478531 ], [ 139.587167886588873, 35.644345171692464 ], [ 139.587183995245368, 35.64436238741439 ], [ 139.587344838093941, 35.644535441257801 ], [ 139.587347056721455, 35.644537945869672 ], [ 139.587378716454737, 35.644572108416241 ], [ 139.587386809453847, 35.64462877559771 ], [ 139.58721902743639, 35.644878775435302 ], [ 139.587038197155266, 35.645163505291691 ], [ 139.587095136831294, 35.645374054569118 ], [ 139.587185966559332, 35.645395171550092 ], [ 139.587299857602488, 35.645413774925942 ], [ 139.587427367079499, 35.645471279376181 ], [ 139.587654578096476, 35.645568505082622 ], [ 139.587873476679761, 35.645697946303358 ], [ 139.587874578349329, 35.645722666867755 ], [ 139.587859300666423, 35.645742387201551 ], [ 139.587729027572777, 35.645849333679962 ], [ 139.587662088334923, 35.645961000699799 ], [ 139.58763263373919, 35.646055441205817 ], [ 139.58763819784474, 35.646167387015453 ], [ 139.58780736751612, 35.646099053828436 ], [ 139.587864864771859, 35.646075720917963 ], [ 139.588152918522496, 35.645959613045875 ], [ 139.588353476332031, 35.645878504989184 ], [ 139.588467082290208, 35.645832946233668 ], [ 139.588537639500601, 35.645804333403419 ], [ 139.588594306682126, 35.645781558971919 ], [ 139.588876524731972, 35.645616838246667 ], [ 139.589141803151847, 35.64543353213196 ], [ 139.589194864051933, 35.645397135669441 ], [ 139.589458171157844, 35.645214919533089 ], [ 139.589565668021351, 35.645140747947323 ], [ 139.58978705682739, 35.645157693872648 ], [ 139.590212335431147, 35.645259918910313 ], [ 139.590636783061314, 35.645391306263946 ], [ 139.590677886575349, 35.645408531878388 ], [ 139.590780389503607, 35.645451306332859 ], [ 139.590858171867353, 35.645484081225561 ], [ 139.591390389754906, 35.645688801996755 ], [ 139.591666667782647, 35.645765505174097 ], [ 139.591669559103025, 35.645766306470023 ], [ 139.591679559564227, 35.645769080878551 ], [ 139.591829274201814, 35.64579158641277 ], [ 139.591994280012159, 35.645816306077847 ], [ 139.592062335308697, 35.645909919207554 ], [ 139.592062361389026, 35.646343531828677 ], [ 139.592039300073793, 35.646768802338499 ], [ 139.592053748581861, 35.646921306673107 ], [ 139.592059857676418, 35.647377973414905 ], [ 139.592062632984266, 35.647573531893158 ], [ 139.592065136696874, 35.647737135660464 ], [ 139.592071245791544, 35.648109080869574 ], [ 139.592024034082101, 35.648361306529239 ], [ 139.592003191394383, 35.648602413870492 ], [ 139.592003191394383, 35.649180198607439 ], [ 139.592037082345655, 35.649715748483175 ], [ 139.592043061038567, 35.649999999900217 ], [ 139.592043061038567, 35.65000017167074 ], [ 139.592054034566218, 35.650523505155832 ], [ 139.592079585204829, 35.650810441049202 ], [ 139.592045694253557, 35.650980441694173 ], [ 139.59199153078464, 35.651089613095337 ], [ 139.59196124521543, 35.651358775687129 ], [ 139.592632633189623, 35.651473225209315 ], [ 139.592749300440005, 35.651481279537563 ], [ 139.593007082111285, 35.651498801928312 ], [ 139.593037639275849, 35.651509081179313 ], [ 139.593083476821221, 35.651524360660858 ], [ 139.593092088729122, 35.651600748176179 ], [ 139.593092088729122, 35.651779332850083 ], [ 139.5930823616618, 35.651849891859172 ], [ 139.593065966121571, 35.651967945864158 ], [ 139.593055694065242, 35.652040441113627 ], [ 139.593048755795621, 35.652090721309889 ], [ 139.592983748301549, 35.652557667302688 ], [ 139.592939053794453, 35.652899333237826 ], [ 139.592922672643454, 35.653026000050033 ], [ 139.592844890279594, 35.653621279298761 ], [ 139.592853502187609, 35.65403794599456 ], [ 139.592861829010417, 35.654182387007722 ], [ 139.592776834983169, 35.65445433300124 ], [ 139.592470441357932, 35.655134613471773 ], [ 139.592375162683766, 35.655342945920381 ], [ 139.59233433256361, 35.65543210830532 ], [ 139.592249053451269, 35.655474892652364 ], [ 139.591669611263683, 35.655389865350173 ], [ 139.591666667782647, 35.655389440870181 ], [ 139.591610999748013, 35.655381279522601 ], [ 139.591434890008372, 35.655362108674524 ], [ 139.591069883068826, 35.655322108628582 ], [ 139.591066278586027, 35.655321837932661 ], [ 139.591034617054106, 35.655321559142806 ], [ 139.590978781745548, 35.655320720974657 ], [ 139.590918223197605, 35.655358505091101 ], [ 139.590834617723658, 35.655461838093515 ], [ 139.590489883301643, 35.656049333709973 ], [ 139.590213502751112, 35.656617946261349 ], [ 139.590129611292696, 35.656765441372215 ], [ 139.589932672355076, 35.657111279262267 ], [ 139.589887977848093, 35.65725044125503 ], [ 139.589839079010517, 35.657587107858888 ], [ 139.589752140648898, 35.658149333425172 ], [ 139.589719001530852, 35.658333332917152 ], [ 139.589718975450523, 35.658333505586995 ], [ 139.589660467356907, 35.658658505285928 ], [ 139.589661582516214, 35.658683775336101 ], [ 139.589674916764125, 35.658958505630721 ], [ 139.58967741957747, 35.65900683789539 ], [ 139.589684086251737, 35.659139892592123 ], [ 139.589691582101068, 35.659270721466783 ], [ 139.589739363980698, 35.659461838193465 ], [ 139.589784643046983, 35.659905171586558 ], [ 139.589807419277122, 35.660021000668792 ], [ 139.589799922528528, 35.660124053982088 ], [ 139.589792140694954, 35.660229613705894 ], [ 139.589782140233751, 35.660305171146888 ], [ 139.589747691702769, 35.660813225150378 ], [ 139.589745746469248, 35.660843225634494 ], [ 139.589751855563918, 35.66093072157571 ], [ 139.589796861236323, 35.66097933352961 ], [ 139.590017977547859, 35.661149333275262 ], [ 139.590017977547859, 35.661174892007807 ], [ 139.589958521568747, 35.661225721689846 ], [ 139.589703256200437, 35.661404333343455 ], [ 139.589141582818002, 35.661727386909547 ], [ 139.589036861262343, 35.661777387416635 ], [ 139.588945746449212, 35.661820973059605 ], [ 139.58903046708258, 35.661875694108176 ], [ 139.58909046715155, 35.661914613169017 ], [ 139.589209663295492, 35.662033505342151 ], [ 139.589209663295492, 35.66205905418218 ], [ 139.58912160797604, 35.662088198511697 ], [ 139.589031336726975, 35.662099586626766 ], [ 139.589039948634877, 35.66226819871855 ], [ 139.58904494257024, 35.662368468630063 ], [ 139.588995227148189, 35.662418198441287 ], [ 139.588968560450894, 35.662445134935183 ], [ 139.588614384046764, 35.662541532365992 ], [ 139.588594112428495, 35.662547081182993 ], [ 139.588321608855381, 35.662589585840863 ], [ 139.587981335970085, 35.662649027430859 ], [ 139.587819663047185, 35.66262041460061 ], [ 139.587598560225501, 35.662580973033641 ], [ 139.587428560479907, 35.662555414301096 ], [ 139.587343281367566, 35.662589585840863 ], [ 139.587300778508279, 35.66270846812148 ], [ 139.587207173472507, 35.662946532156923 ], [ 139.58714577225976, 35.663057081319437 ], [ 139.586909390855908, 35.663482359923137 ], [ 139.586774942210013, 35.663687918862536 ], [ 139.586704112505004, 35.663731532384475 ], [ 139.58656050606271, 35.663958198412274 ], [ 139.586965772052963, 35.664227640693241 ], [ 139.58708077825554, 35.664244586618565 ], [ 139.587215499395938, 35.664264306053042 ], [ 139.587234112664305, 35.664268198318837 ], [ 139.587519948686804, 35.664327360219659 ], [ 139.587708833296233, 35.664366252300852 ], [ 139.587796057642095, 35.66446125218522 ], [ 139.58785299641886, 35.664523468183688 ], [ 139.587881051669342, 35.664554305936633 ], [ 139.587896057757007, 35.664570414593129 ], [ 139.588023839728635, 35.664834027468544 ], [ 139.588151608210296, 35.665004027214252 ], [ 139.588247717858053, 35.6650504142454 ], [ 139.588361051321613, 35.665105135293913 ], [ 139.588481336544646, 35.665162919433328 ], [ 139.588485227011802, 35.665164865566283 ], [ 139.588537717741701, 35.665190135616456 ], [ 139.58883494277859, 35.665365972861537 ], [ 139.589005227609391, 35.665466532354742 ], [ 139.589289389993496, 35.665654306301349 ], [ 139.589466887387175, 35.66577153203076 ], [ 139.5896202199973, 35.665776252572186 ], [ 139.589708275316866, 35.665779306669833 ], [ 139.590123839443777, 35.665792360329306 ], [ 139.590029105758845, 35.666280135520026 ], [ 139.590008003166986, 35.666389306021813 ], [ 139.589988003143958, 35.666492081444574 ], [ 139.589960506372449, 35.666633468360033 ], [ 139.589945694538301, 35.666666666833351 ], [ 139.589945616297314, 35.666666802631028 ], [ 139.589606083554145, 35.667426531909086 ], [ 139.589589689812556, 35.667463467964865 ], [ 139.589576913144242, 35.667491532208601 ], [ 139.589521920500374, 35.667614865233986 ], [ 139.589512192533789, 35.667631252680337 ], [ 139.589368586091609, 35.667875694707732 ], [ 139.589129416789319, 35.668310694083459 ], [ 139.589132750576141, 35.668352919052154 ], [ 139.589138586276931, 35.668432360665065 ], [ 139.589146083025526, 35.668528198717581 ], [ 139.589158301214752, 35.668689865345186 ], [ 139.589165525468843, 35.668782640306745 ], [ 139.589173022217324, 35.668881802253509 ], [ 139.589068301561042, 35.669142360131957 ], [ 139.588917471764034, 35.669345972938459 ], [ 139.588889416513553, 35.669409586483368 ], [ 139.588886083625994, 35.669540972937739 ], [ 139.588884695072807, 35.669549027265987 ], [ 139.588866913677293, 35.669656252534196 ], [ 139.588822192190605, 35.669736252626137 ], [ 139.588758029159862, 35.669809864833553 ], [ 139.588732192536781, 35.669838197974627 ], [ 139.588674968675036, 35.669900694561591 ], [ 139.588664968213834, 35.669949306515434 ], [ 139.588599144135401, 35.670269305983823 ], [ 139.588501362647889, 35.670513748011217 ], [ 139.58765108962632, 35.670848198685576 ], [ 139.587534721850147, 35.670897081335397 ], [ 139.58729333302108, 35.670997919618458 ], [ 139.586979442647362, 35.671129306072771 ], [ 139.58686250380174, 35.671178198615166 ], [ 139.58642527950326, 35.671359305887449 ], [ 139.585912218074554, 35.671572054007243 ], [ 139.585767223978337, 35.671632054076213 ], [ 139.585541673109901, 35.671725107827626 ], [ 139.585365006689926, 35.671798171448643 ], [ 139.585080558321238, 35.671915666974598 ], [ 139.584875279071071, 35.672000387607966 ], [ 139.584781673135922, 35.672045946363482 ], [ 139.584691673482098, 35.672089558986102 ], [ 139.584539442541427, 35.672163440990175 ], [ 139.584258612145391, 35.672713171375904 ], [ 139.583336394259391, 35.673114135009484 ], [ 139.583333333866449, 35.673115468704111 ], [ 139.583134163710838, 35.673202054531373 ], [ 139.583037497382747, 35.673244000710213 ], [ 139.582884721452956, 35.673310386865012 ], [ 139.582488638440054, 35.67339400043295 ], [ 139.582674475247018, 35.673775387624232 ], [ 139.582688366175375, 35.673788171487104 ], [ 139.582711699085849, 35.673806225377177 ], [ 139.582754189354546, 35.673839279059621 ], [ 139.582813645333658, 35.67388538730097 ], [ 139.582972802852737, 35.673947333502781 ], [ 139.583078080189466, 35.673974838368281 ], [ 139.583150856027373, 35.673994000223104 ], [ 139.583333333866449, 35.674020027502422 ], [ 139.58333642033972, 35.674020468170227 ], [ 139.583449754702542, 35.674036775576894 ], [ 139.583814747252973, 35.674059838690766 ], [ 139.583926978147701, 35.674047053928575 ], [ 139.584281673460623, 35.673903171394386 ], [ 139.584438885746181, 35.67386789188987 ], [ 139.584710000766108, 35.673910946033516 ], [ 139.584906394714494, 35.673942333272237 ], [ 139.585337224833211, 35.673972332857034 ], [ 139.586182218834551, 35.673969279658706 ], [ 139.586395006524526, 35.673972332857034 ], [ 139.586637224528431, 35.673978721640879 ], [ 139.587304449540852, 35.673758441698908 ], [ 139.587403606091698, 35.674023721018102 ], [ 139.587246667200134, 35.674384838389756 ], [ 139.587234449010793, 35.67441317153083 ], [ 139.58716834074653, 35.674565387183065 ], [ 139.586750830486608, 35.674562613673857 ], [ 139.586724449773669, 35.674586225374185 ], [ 139.586721946061175, 35.674599279033657 ], [ 139.5867077826382, 35.674669279563773 ], [ 139.58670167354353, 35.67470010832352 ], [ 139.586685279802055, 35.674914838549114 ], [ 139.586680389288745, 35.674999999850286 ], [ 139.586680363208416, 35.675000108668257 ], [ 139.586675551835469, 35.675083721336819 ], [ 139.58667975436731, 35.675258721313128 ], [ 139.586681971196185, 35.675357054084941 ], [ 139.586682802169776, 35.67536344107009 ], [ 139.586687523610522, 35.675395946166134 ], [ 139.586708080313883, 35.675540946557589 ], [ 139.586750856566937, 35.675669559502751 ], [ 139.586773359403196, 35.675814279305712 ], [ 139.586772244243889, 35.675925386947199 ], [ 139.586718080774972, 35.676054838060509 ], [ 139.586630026354783, 35.676197613529212 ], [ 139.586597523057435, 35.67626927960373 ], [ 139.586544475647202, 35.676409838243615 ], [ 139.586530856314198, 35.676577333377395 ], [ 139.586501699394034, 35.676940946367722 ], [ 139.586575305306269, 35.677293441039637 ], [ 139.586636420534546, 35.677598441614975 ], [ 139.586782529790071, 35.677808171610025 ], [ 139.586926135333101, 35.677887892012791 ], [ 139.587141414145094, 35.677946225637982 ], [ 139.587556420692408, 35.678167613544701 ], [ 139.587675863250638, 35.678292333324691 ], [ 139.587790310974242, 35.678410108539822 ], [ 139.587928080816482, 35.678552333623486 ], [ 139.58833780834334, 35.678930108238092 ], [ 139.588336135604322, 35.67901566703955 ], [ 139.588330311594746, 35.679289837955821 ], [ 139.588328638855728, 35.679364838716481 ], [ 139.588280026002622, 35.679644279659954 ], [ 139.588133359167387, 35.680047054528131 ], [ 139.588064475595274, 35.680080667588925 ], [ 139.58784725065027, 35.680186225514035 ], [ 139.587734501746013, 35.680240946562606 ], [ 139.587669494251941, 35.680272613490501 ], [ 139.587582283395818, 35.680315108255797 ], [ 139.587516161641702, 35.680347053973549 ], [ 139.587346446081824, 35.68042955957668 ], [ 139.587306161850051, 35.680449279011157 ], [ 139.587222282982111, 35.68049010823205 ], [ 139.587088949495637, 35.680554837835643 ], [ 139.587130337195504, 35.680784000381493 ], [ 139.587140895236303, 35.680842054317509 ], [ 139.587153943499857, 35.681034838387234 ], [ 139.586958392216161, 35.681115108275776 ], [ 139.586776719270347, 35.681157054454673 ], [ 139.586620610452997, 35.681193171228017 ], [ 139.586148106649944, 35.681321225694148 ], [ 139.585693671126251, 35.681524279122357 ], [ 139.585433671726719, 35.681786505243167 ], [ 139.585320052278803, 35.682045107995521 ], [ 139.585486446642335, 35.68205038701592 ], [ 139.585712555090481, 35.682012892481168 ], [ 139.586005888760951, 35.68197900063052 ], [ 139.586264773001062, 35.681949278936258 ], [ 139.586420337728555, 35.681931225046185 ], [ 139.586694228056331, 35.681899559017609 ], [ 139.586775331616423, 35.681887892112684 ], [ 139.586930895444652, 35.681865387477842 ], [ 139.587160610174237, 35.681832054106167 ], [ 139.587305616860931, 35.681810946118446 ], [ 139.587316718991588, 35.681809559363842 ], [ 139.587551997826608, 35.681775386924755 ], [ 139.587732283118498, 35.681749279605754 ], [ 139.588025616788968, 35.681731775201456 ], [ 139.588030052245244, 35.681731505404798 ], [ 139.589313671688728, 35.681670945957535 ], [ 139.589538949163398, 35.681665108458162 ], [ 139.589744501807445, 35.681660108227561 ], [ 139.590204228042921, 35.681648441322693 ], [ 139.590637276789039, 35.681637332896742 ], [ 139.590727004847622, 35.681635107974046 ], [ 139.591175331276645, 35.681623441069121 ], [ 139.591243671658276, 35.681621775524661 ], [ 139.591355616568649, 35.681631225600768 ], [ 139.591622827631568, 35.681643721680587 ], [ 139.591666667782647, 35.681652026919664 ], [ 139.591669780336247, 35.681652613277663 ], [ 139.591803113822834, 35.681677892321034 ], [ 139.591781440161526, 35.681935667697076 ], [ 139.591669780336247, 35.681997505080972 ], [ 139.591666667782647, 35.681999225484049 ], [ 139.591637004544282, 35.682015666889697 ], [ 139.591578664623853, 35.682047892296566 ], [ 139.59112561675397, 35.682089279097113 ], [ 139.590682555855437, 35.682133441205508 ], [ 139.59050700459477, 35.682151225298981 ], [ 139.590060894994508, 35.682195667096551 ], [ 139.589598664147161, 35.682242054127641 ], [ 139.589533671042318, 35.682248441112847 ], [ 139.589418949025458, 35.68227594597829 ], [ 139.589299494776014, 35.68226038770689 ], [ 139.589138949603011, 35.68223927971917 ], [ 139.588546446561395, 35.682274279534511 ], [ 139.588360337259928, 35.682308720870935 ], [ 139.587521440662158, 35.682349000606052 ], [ 139.587323385665854, 35.682390945885629 ], [ 139.587260052709439, 35.682404279234277 ], [ 139.586994228401068, 35.68246066762589 ], [ 139.586907562534179, 35.682457332939748 ], [ 139.58675810600198, 35.682452053919292 ], [ 139.586581725566361, 35.682445387244968 ], [ 139.586246161531335, 35.682470108708742 ], [ 139.585963670986757, 35.682526505194232 ], [ 139.585500895150403, 35.682624000697217 ], [ 139.585593385026868, 35.682680666979365 ], [ 139.585858106766409, 35.682734558852985 ], [ 139.586049222593715, 35.682758171452633 ], [ 139.586214501798054, 35.68277872096138 ], [ 139.586375888736484, 35.682815666909676 ], [ 139.58667505810763, 35.682801225596222 ], [ 139.586677276735145, 35.682800945907104 ], [ 139.587236719798966, 35.68272038733619 ], [ 139.587267834543127, 35.682715946483881 ], [ 139.587545331152342, 35.682675946437939 ], [ 139.587650610287596, 35.682660666956394 ], [ 139.587928105997435, 35.682620666910395 ], [ 139.588393943126107, 35.682560387152307 ], [ 139.588553385730393, 35.68253983854288 ], [ 139.588648664404559, 35.682527333469807 ], [ 139.588842555539713, 35.682502333216291 ] ] ] } },
{ "type": "Feature", "properties": { "ward": "渋谷区", "source": "国土数値情報 N03 行政区域", "synthetic": false }, "geometry": { "type": "Polygon", "coordinates": [ [ [ 139.68448313938552, 35.690495613681776 ], [ 139.684421193183653, 35.690368667180394 ], [ 139.684294812355915, 35.690376721508642 ], [ 139.68405814586697, 35.690391441611894 ], [ 139.683883411190664, 35.690029775653784 ], [ 139.683797302004109, 35.689897279436082 ], [ 139.683761751803559, 35.689842838076686 ], [ 139.683683696045932, 35.689722559148947 ], [ 139.683354812175025, 35.689382279069093 ], [ 139.68334508420844, 35.689343946366193 ], [ 139.683336744795156, 35.689311837871173 ], [ 139.68333333366661, 35.689298721259149 ], [ 139.683328145477731, 35.689278667276824 ], [ 139.683283411400453, 35.689103946090427 ], [ 139.6832598050961, 35.689012559682055 ], [ 139.683218949794878, 35.688716441710596 ], [ 139.68333333366661, 35.688446775498448 ], [ 139.68333671961409, 35.688438748149849 ], [ 139.683343943868067, 35.688421721285579 ], [ 139.683616161456825, 35.688092838313992 ], [ 139.68365450135434, 35.688029775154178 ], [ 139.683674227983374, 35.687997279051331 ], [ 139.683809222517766, 35.687775333564957 ], [ 139.683848106505138, 35.687752837923313 ], [ 139.683951997087206, 35.687693108550263 ], [ 139.684188391980911, 35.687557000655204 ], [ 139.685814527218781, 35.687862279121077 ], [ 139.68586564198597, 35.687871999893048 ], [ 139.685979805523743, 35.687893387569943 ], [ 139.686117030376863, 35.687345333520511 ], [ 139.686131479784194, 35.687287279584439 ], [ 139.685918145306346, 35.68721144155495 ], [ 139.685924811980613, 35.687104504969113 ], [ 139.68594228311008, 35.686825613511417 ], [ 139.685942555604584, 35.686822838203568 ], [ 139.685939222717138, 35.686769505708298 ], [ 139.685937276584241, 35.686742279632654 ], [ 139.685924501714567, 35.686544775021503 ], [ 139.685920337853531, 35.686482000544061 ], [ 139.685919780273821, 35.686471441603885 ], [ 139.685910610786209, 35.686450892095138 ], [ 139.685897834117895, 35.686421441096797 ], [ 139.685795058695135, 35.686187838598016 ], [ 139.685627562662035, 35.686124225053106 ], [ 139.685605058027136, 35.686115613145205 ], [ 139.685565331375074, 35.686100613352778 ], [ 139.685257834281856, 35.685983667312541 ], [ 139.68515143998718, 35.685943387577424 ], [ 139.685002827019048, 35.685886721295333 ], [ 139.684989494569663, 35.685881721064732 ], [ 139.684932827388252, 35.685745613169672 ], [ 139.685182555630604, 35.685473667176154 ], [ 139.685221725602332, 35.685330892606771 ], [ 139.685238949418135, 35.685267279061861 ], [ 139.685427004852613, 35.684580333715587 ], [ 139.685436161749635, 35.684548108308718 ], [ 139.685610610441472, 35.683930333418346 ], [ 139.685629494405816, 35.683862559609622 ], [ 139.685650895572508, 35.683787279159787 ], [ 139.685935863749251, 35.683411748353649 ], [ 139.686003722094256, 35.683333414705487 ], [ 139.686003800335243, 35.683333332867164 ], [ 139.686631141314251, 35.682608973025822 ], [ 139.687013917058835, 35.682181748289224 ], [ 139.687188638245289, 35.681987027079799 ], [ 139.687231699583435, 35.681952027264401 ], [ 139.68738224429535, 35.681829802203765 ], [ 139.68756308716695, 35.681683135368587 ], [ 139.687580026796923, 35.681669252534164 ], [ 139.687630856479018, 35.68162786483424 ], [ 139.687673087742951, 35.681593694193793 ], [ 139.688197523796816, 35.681904775085457 ], [ 139.688333645181729, 35.681985613345546 ], [ 139.688396161553783, 35.682031721586839 ], [ 139.688520895722945, 35.682123387684385 ], [ 139.688614773253335, 35.682192279350375 ], [ 139.688639222222491, 35.682210333240448 ], [ 139.688805888181378, 35.682332837990259 ], [ 139.688860610129268, 35.682377278888453 ], [ 139.688893671006326, 35.682404225274922 ], [ 139.689092827672084, 35.682566171591702 ], [ 139.690141971375056, 35.683333332867164 ], [ 139.690142049616043, 35.683333386826519 ], [ 139.690263385247249, 35.683422000625001 ], [ 139.690311167126879, 35.683452278999653 ], [ 139.69042116770288, 35.683521721050738 ], [ 139.690469494571744, 35.683552279114565 ], [ 139.690706446145782, 35.683702278837245 ], [ 139.690879494593219, 35.68381172093433 ], [ 139.691028106661975, 35.683890054582491 ], [ 139.691249248154463, 35.684006441244435 ], [ 139.691273969618237, 35.684019505695801 ], [ 139.691327860592423, 35.684048108633476 ], [ 139.691393969756064, 35.684082838652273 ], [ 139.691666667582808, 35.684281468315248 ], [ 139.691670078711354, 35.684283945947527 ], [ 139.691863411367535, 35.684424775283333 ], [ 139.692027860497546, 35.684544775421216 ], [ 139.692112309535673, 35.684606171237988 ], [ 139.692448975240154, 35.684851441540957 ], [ 139.692614254444493, 35.684971721368015 ], [ 139.692840363791902, 35.685148667477165 ], [ 139.693059805565781, 35.685303667430446 ], [ 139.693462581333279, 35.685587837908542 ], [ 139.693816200157698, 35.685831721456964 ], [ 139.694462049184381, 35.686288387299385 ], [ 139.694908171375232, 35.68657005406493 ], [ 139.695029559166983, 35.686648946192065 ], [ 139.695218716270915, 35.686746441695107 ], [ 139.695463165492924, 35.686860053948521 ], [ 139.695810661732821, 35.687003108207023 ], [ 139.695974553283236, 35.68707089190832 ], [ 139.696475383032634, 35.687277531832819 ], [ 139.696612606986378, 35.687321135462184 ], [ 139.696667056439651, 35.687338639866482 ], [ 139.696895940195645, 35.687411413905807 ], [ 139.698062088394863, 35.687870027679821 ], [ 139.698141803401654, 35.687901135229367 ], [ 139.698910973762622, 35.688203640186032 ], [ 139.699044306349833, 35.688249748427324 ], [ 139.699137082210768, 35.688281694145019 ], [ 139.699197912353952, 35.688302802132796 ], [ 139.699214306095541, 35.688308359943051 ], [ 139.699596524260414, 35.688440586364152 ], [ 139.699881530208586, 35.68853919792582 ], [ 139.69999097320499, 35.68857697304901 ], [ 139.700000000599744, 35.688579973187359 ], [ 139.700003476479424, 35.688581135111463 ], [ 139.700161530530409, 35.688633919020333 ], [ 139.700202088156061, 35.688788081704786 ], [ 139.700367912349407, 35.688823639999157 ], [ 139.700641530182679, 35.688882801899979 ], [ 139.70083739353106, 35.688925026868674 ], [ 139.700917951202655, 35.688942252483116 ], [ 139.701275720398371, 35.689019198477411 ], [ 139.701427665354686, 35.689051973370056 ], [ 139.701491829284691, 35.689063080896631 ], [ 139.702102944695298, 35.689169467996692 ], [ 139.702263774054131, 35.688552801970388 ], [ 139.702208781410263, 35.688504198110422 ], [ 139.702184890020817, 35.688454198502598 ], [ 139.702234617134081, 35.688309748496238 ], [ 139.7023445781399, 35.687991134883134 ], [ 139.702462387529295, 35.68800002737953 ], [ 139.702563774398868, 35.688007532222002 ], [ 139.70271014355842, 35.687771973697807 ], [ 139.702919883446043, 35.687803360037208 ], [ 139.704038781264899, 35.687971414549281 ], [ 139.704050169380025, 35.687973360682236 ], [ 139.704451556594222, 35.688033640440324 ], [ 139.704528495393902, 35.688045027656074 ], [ 139.704602387290493, 35.688056135182649 ], [ 139.704624890126752, 35.688061414203048 ], [ 139.704724617747047, 35.688085027702016 ], [ 139.704764890287606, 35.688094748474043 ], [ 139.705487665523492, 35.688129197904345 ], [ 139.705594060717544, 35.688099748704587 ], [ 139.705780169119635, 35.688048080854401 ], [ 139.705841829337146, 35.687973919161209 ], [ 139.705942672116748, 35.687853080855177 ], [ 139.706088781372387, 35.687545027081512 ], [ 139.706104890028882, 35.68721225184413 ], [ 139.706194332102882, 35.687033640190521 ], [ 139.706496278580516, 35.68675336017958 ], [ 139.706702944585459, 35.686544198556078 ], [ 139.70689267275884, 35.686351972965326 ], [ 139.707112114532606, 35.68614919832703 ], [ 139.707201284112102, 35.685986694430596 ], [ 139.707216005114674, 35.685933919514923 ], [ 139.707234617483778, 35.685867802257462 ], [ 139.707248495821659, 35.685818919607641 ], [ 139.707274332444626, 35.685726972921657 ], [ 139.707293748807615, 35.685363640519768 ], [ 139.707318470271389, 35.684974198100917 ], [ 139.70732652459958, 35.684608919566131 ], [ 139.707407639850885, 35.684462802216729 ], [ 139.707716252103523, 35.684365306713687 ], [ 139.708049027340962, 35.684235586703153 ], [ 139.708317082867211, 35.68417863983251 ], [ 139.708333333616679, 35.684180973573234 ], [ 139.708336809496359, 35.684181468200336 ], [ 139.708658470012551, 35.684227532374905 ], [ 139.709007638991579, 35.684203081607109 ], [ 139.709209857848805, 35.684139748650637 ], [ 139.709291803174324, 35.68411391922217 ], [ 139.709470700812403, 35.683983919522461 ], [ 139.709649300774799, 35.683902802472517 ], [ 139.709819857200841, 35.683837802173002 ], [ 139.709990415425523, 35.683748919477239 ], [ 139.710169027079132, 35.683643360652752 ], [ 139.71028457827083, 35.68351474860691 ], [ 139.710391803539096, 35.683470586498515 ], [ 139.710491803654008, 35.68342946859525 ], [ 139.710565966246577, 35.683398919524677 ], [ 139.710583476046736, 35.68339169437138 ], [ 139.710778470650098, 35.683375586614204 ], [ 139.710973191859466, 35.683367252596781 ], [ 139.711168781813967, 35.683367252596781 ], [ 139.711407393536547, 35.683367252596781 ], [ 139.711461971592939, 35.68333335984687 ], [ 139.711461997673268, 35.683333332867164 ], [ 139.711553217706978, 35.683276694464041 ], [ 139.711852114583621, 35.683050027536922 ], [ 139.712300973411402, 35.682709748356388 ], [ 139.712632918574513, 35.682477532612211 ], [ 139.712860973155557, 35.682334198664478 ], [ 139.713218755841126, 35.682109198181138 ], [ 139.713499027758075, 35.681840585974442 ], [ 139.713572088681076, 35.681770306654471 ], [ 139.71393208819552, 35.681513918932353 ], [ 139.714089027087084, 35.681392252350747 ], [ 139.714175966347966, 35.68132502712848 ], [ 139.714448470820457, 35.681113919372024 ], [ 139.714521530844195, 35.681057252190612 ], [ 139.714789585471181, 35.680862252191332 ], [ 139.714767367720015, 35.680767252307021 ], [ 139.714724577977108, 35.68058530596727 ], [ 139.714716252053563, 35.680550306151872 ], [ 139.714677639661545, 35.680471135234882 ], [ 139.71456180338464, 35.680233919260104 ], [ 139.714481530798139, 35.680090306522573 ], [ 139.714403748434393, 35.679951694015642 ], [ 139.714299274192285, 35.679765135053117 ], [ 139.714212633506463, 35.679610586559477 ], [ 139.713969857023471, 35.679183081234385 ], [ 139.713623165676722, 35.67857280219323 ], [ 139.713498716592653, 35.678353640108583 ], [ 139.712905110082943, 35.677287802290437 ], [ 139.712897056654015, 35.677044468227791 ], [ 139.712903722429019, 35.676902531826556 ], [ 139.712919831085514, 35.676567251977247 ], [ 139.712962335743327, 35.676218359989491 ], [ 139.712957886797199, 35.676093640209501 ], [ 139.712942607315654, 35.67564780220448 ], [ 139.712928418711726, 35.675242532616949 ], [ 139.712915136624474, 35.675000026829935 ], [ 139.712915136624474, 35.674999999850286 ], [ 139.712894254366574, 35.674618359949534 ], [ 139.713078418434407, 35.674597532550251 ], [ 139.713688418685706, 35.67461586523018 ], [ 139.713865084206418, 35.674701135349267 ], [ 139.714652555770954, 35.674999999850286 ], [ 139.714652633112678, 35.675000026829935 ], [ 139.714722892647501, 35.675026694426549 ], [ 139.714859559021647, 35.675078081688298 ], [ 139.714899222721101, 35.675000026829935 ], [ 139.714899222721101, 35.674999999850286 ], [ 139.715082892161945, 35.674638640561 ], [ 139.715462309837903, 35.673890306592568 ], [ 139.716004553367611, 35.674010027041277 ], [ 139.71615732839814, 35.67404364010207 ], [ 139.716558418836144, 35.673433081371797 ], [ 139.716621479298055, 35.673308919171461 ], [ 139.716666667532877, 35.673220135401095 ], [ 139.716670078661423, 35.673213413868098 ], [ 139.716818418235562, 35.672921973270604 ], [ 139.716848145325798, 35.672866135264087 ], [ 139.716897302268876, 35.672775027645571 ], [ 139.716940921186733, 35.672693360210587 ], [ 139.717005642696449, 35.672572802492994 ], [ 139.716804527307318, 35.672480865699583 ], [ 139.716670078661423, 35.672419306206166 ], [ 139.716666667532877, 35.672417748580415 ], [ 139.716560078085308, 35.672368918990571 ], [ 139.716537588738902, 35.67237586535407 ], [ 139.716202581384209, 35.672481135496184 ], [ 139.716128690386881, 35.672516135311582 ], [ 139.716073696843864, 35.672542252523101 ], [ 139.715707302250394, 35.672715586055631 ], [ 139.715476200766261, 35.672798919035074 ], [ 139.714933411348056, 35.672994468520073 ], [ 139.714657859972476, 35.672621135657039 ], [ 139.714557302277854, 35.67254919798728 ], [ 139.71450258122934, 35.672461414263012 ], [ 139.714334527616529, 35.672192802056315 ], [ 139.714608418843682, 35.672081135036535 ], [ 139.714541193621358, 35.671920865056052 ], [ 139.714526472618786, 35.671886135037255 ], [ 139.714510363063027, 35.671847532537754 ], [ 139.714301751824564, 35.671547252503842 ], [ 139.714236200240634, 35.671433360561309 ], [ 139.714236200240634, 35.671131973461968 ], [ 139.714008664568382, 35.670862801876979 ], [ 139.71383783474846, 35.670518360633992 ], [ 139.713735058426437, 35.670310865454269 ], [ 139.714086161847035, 35.670048640232721 ], [ 139.714089222239977, 35.670046694099824 ], [ 139.714173113698394, 35.669992251841109 ], [ 139.714204228442554, 35.669972252717457 ], [ 139.714309780072426, 35.669903919530441 ], [ 139.714615616117953, 35.669705865433514 ], [ 139.714708105994418, 35.669591694701126 ], [ 139.714668392832209, 35.669540865019087 ], [ 139.714535058446359, 35.669370027105231 ], [ 139.714393385546487, 35.669188081664799 ], [ 139.71381255570509, 35.66934891911751 ], [ 139.713477276755043, 35.668986414091876 ], [ 139.712893385621442, 35.668347532113103 ], [ 139.712672827788992, 35.668105892373205 ], [ 139.711788911129474, 35.667118387303901 ], [ 139.711560584053927, 35.666863387235708 ], [ 139.711513359753894, 35.666810613219411 ], [ 139.711381971500941, 35.66677866750166 ], [ 139.71128221869958, 35.666666721692025 ], [ 139.711282192619251, 35.666666666833351 ], [ 139.71102114101302, 35.666373667710786 ], [ 139.711013917658306, 35.666365613382538 ], [ 139.710950584701891, 35.666294504887674 ], [ 139.710841141705487, 35.666219774822935 ], [ 139.710719196334026, 35.666170333694083 ], [ 139.710706420565089, 35.666165054673684 ], [ 139.710608911572194, 35.666139775630313 ], [ 139.710551699401549, 35.666125054627742 ], [ 139.710440311171624, 35.666084774892624 ], [ 139.710435863124758, 35.666083108448845 ], [ 139.710262529592228, 35.666020333072083 ], [ 139.710247523504563, 35.666011441475007 ], [ 139.710162801971933, 35.665960613591608 ], [ 139.709887523090856, 35.665655054537297 ], [ 139.709590830452612, 35.665335054169589 ], [ 139.709564163755317, 35.665306171542738 ], [ 139.709539170696303, 35.665279225156269 ], [ 139.709342503354037, 35.665067279231721 ], [ 139.70931778278964, 35.665040892223544 ], [ 139.709292503746269, 35.665013387358101 ], [ 139.708705279725109, 35.664380613574622 ], [ 139.708637497822451, 35.664230054473592 ], [ 139.708625837212821, 35.664204775430221 ], [ 139.708604163551513, 35.664156441366856 ], [ 139.708563891010954, 35.664067000192063 ], [ 139.709320558097488, 35.663545333150751 ], [ 139.709956108987399, 35.66314089183885 ], [ 139.710023333310346, 35.663080612980082 ], [ 139.710032776191838, 35.66307200017286 ], [ 139.71022834006601, 35.662896721406753 ], [ 139.71027027275511, 35.662847559067757 ], [ 139.71054472156186, 35.662524775298323 ], [ 139.711080000741617, 35.661895613192144 ], [ 139.711549170757849, 35.661372279707109 ], [ 139.711643606767211, 35.661257559488945 ], [ 139.711834721695254, 35.661025613541369 ], [ 139.71201277666853, 35.660865333668369 ], [ 139.71216250299733, 35.660730332838739 ], [ 139.71231778263973, 35.660635332954428 ], [ 139.712359442834213, 35.660609775121202 ], [ 139.712397224252641, 35.660586441311409 ], [ 139.712797497206907, 35.660341441704361 ], [ 139.712834449450497, 35.660318667272861 ], [ 139.712878612458212, 35.660291720886391 ], [ 139.713266939717641, 35.660053667642785 ], [ 139.713792503521404, 35.659758386940155 ], [ 139.713772775992993, 35.659673945995962 ], [ 139.713450558796467, 35.659110053985955 ], [ 139.713369974145166, 35.659017279024397 ], [ 139.713279689406363, 35.658913387542952 ], [ 139.713027756026349, 35.658622838173585 ], [ 139.712877756303556, 35.658450054126888 ], [ 139.712971089744201, 35.658401171477067 ], [ 139.713100195517768, 35.65833338687645 ], [ 139.713100311530297, 35.658333332917152 ], [ 139.713199144325245, 35.658281441135784 ], [ 139.713673307377462, 35.658017279673857 ], [ 139.713692192241069, 35.658003386946916 ], [ 139.713937471537292, 35.657823107950264 ], [ 139.714278586188016, 35.657512000078896 ], [ 139.714463865415269, 35.657348108528538 ], [ 139.714594695189248, 35.657278387687597 ], [ 139.714746641044826, 35.657217559343053 ], [ 139.714979974646326, 35.657142838271511 ], [ 139.715164968788486, 35.657106440909672 ], [ 139.715209415981917, 35.65709755920517 ], [ 139.715780532245958, 35.656985333706359 ], [ 139.716183865593052, 35.656946170929189 ], [ 139.716248859597385, 35.656939774950843 ], [ 139.71631552544136, 35.656933387066317 ], [ 139.716493307020642, 35.656916171344392 ], [ 139.716666667532877, 35.656901837949647 ], [ 139.716669974339993, 35.656901559159792 ], [ 139.716728586755039, 35.656896721706516 ], [ 139.717505253864601, 35.656678108208268 ], [ 139.717851362450574, 35.656558946238533 ], [ 139.718045279666057, 35.656982279608656 ], [ 139.718188612714471, 35.656932559690063 ], [ 139.71847360607228, 35.656833946329698 ], [ 139.720158340235344, 35.656228667519144 ], [ 139.721538340022562, 35.655744468032935 ], [ 139.721716109011368, 35.655681973244612 ], [ 139.721973891582024, 35.655603359907275 ], [ 139.722041388399589, 35.655600306708948 ], [ 139.722100000814521, 35.655603359907275 ], [ 139.722161388537415, 35.655623919308596 ], [ 139.722279728526814, 35.655700865302833 ], [ 139.722381388790268, 35.655768640010876 ], [ 139.722518885238514, 35.655860586696861 ], [ 139.722599170415606, 35.655914468677963 ], [ 139.722655837597017, 35.655961693877259 ], [ 139.722792776465667, 35.656075306130617 ], [ 139.722763333561147, 35.655931973082261 ], [ 139.722731946322483, 35.655866414303716 ], [ 139.722698054471834, 35.655808918846674 ], [ 139.722611388604832, 35.655660586467036 ], [ 139.722530558438734, 35.655522251850584 ], [ 139.722061946002214, 35.654863919334559 ], [ 139.721637756477435, 35.653992000530593 ], [ 139.721569689489797, 35.653832279136566 ], [ 139.72155192068476, 35.653737558941373 ], [ 139.72155802977943, 35.653616171149565 ], [ 139.721667470977195, 35.653035054424379 ], [ 139.72173608385333, 35.652647837827601 ], [ 139.72180747113805, 35.652486721585092 ], [ 139.721875525535211, 35.652397837990009 ], [ 139.72194664122469, 35.652365332893964 ], [ 139.722011634329647, 35.652356441296888 ], [ 139.722160803978113, 35.65234894634699 ], [ 139.722164968738525, 35.652348667557135 ], [ 139.722189416808305, 35.652347559592386 ], [ 139.722405525694626, 35.652329775498913 ], [ 139.722419416622984, 35.652208946186079 ], [ 139.722490246327993, 35.651047000518815 ], [ 139.72250885959636, 35.650843387712314 ], [ 139.722512750063515, 35.650802559390797 ], [ 139.722524968252856, 35.650670613558134 ], [ 139.722538859181213, 35.650519775667306 ], [ 139.722544695781266, 35.650457279080342 ], [ 139.72257581142469, 35.650284504926105 ], [ 139.722626835360302, 35.650000053859571 ], [ 139.722626835360302, 35.649999999900217 ], [ 139.722628029659973, 35.649993387185248 ], [ 139.722634423839736, 35.649969225099824 ], [ 139.722649416437548, 35.649913108303451 ], [ 139.722709144012015, 35.649688667198404 ], [ 139.722777755988773, 35.649431441308138 ], [ 139.722952438504421, 35.648775613403984 ], [ 139.72303328126111, 35.6484725589616 ], [ 139.723120506506348, 35.648230892242054 ], [ 139.72328022070576, 35.647788946502828 ], [ 139.723256329316314, 35.647735891898037 ], [ 139.723243839531733, 35.647707838446138 ], [ 139.723125499542334, 35.647444225570723 ], [ 139.723115772475126, 35.647422279414855 ], [ 139.723083281768254, 35.647349775172131 ], [ 139.723047717178588, 35.647270613248395 ], [ 139.723018003578204, 35.647204775679995 ], [ 139.723014669791382, 35.647197000141603 ], [ 139.722979105201716, 35.64711783821781 ], [ 139.723190506137144, 35.646959505377026 ], [ 139.723369390285256, 35.646821171659894 ], [ 139.723560220128206, 35.646701171522011 ], [ 139.723489948002907, 35.646594775428696 ], [ 139.723452166584366, 35.646537279072334 ], [ 139.723322165985337, 35.646340054150357 ], [ 139.723124163149805, 35.646018559109393 ], [ 139.722931336811939, 35.645705333334604 ], [ 139.722751894184739, 35.645486171249956 ], [ 139.722788275358766, 35.645314774857127 ], [ 139.722815499635772, 35.645187278869969 ], [ 139.722855499681714, 35.644998946444389 ], [ 139.722868003855524, 35.644940333130023 ], [ 139.722758833353623, 35.644782838457388 ], [ 139.722686615095427, 35.644678107908533 ], [ 139.722628003579644, 35.644593387275165 ], [ 139.722492140300233, 35.644397279311136 ], [ 139.722402140646409, 35.644398108486087 ], [ 139.722361310526253, 35.64439866696506 ], [ 139.722316861534068, 35.644398946654235 ], [ 139.722239364255415, 35.644399774929809 ], [ 139.722222140439612, 35.644400054618984 ], [ 139.721922140094875, 35.644403108716688 ], [ 139.721908807645491, 35.644403108716688 ], [ 139.721459364258408, 35.644407838251311 ], [ 139.721440467703587, 35.644407838251311 ], [ 139.721316861284322, 35.644409225005916 ], [ 139.720957134264495, 35.64395172099529 ], [ 139.72065435861191, 35.643547559372507 ], [ 139.720609364630604, 35.643487559303594 ], [ 139.720526861725489, 35.643377279038361 ], [ 139.720176304193274, 35.64290977546591 ], [ 139.720047419652929, 35.642737558891383 ], [ 139.720023800757986, 35.642706441449263 ], [ 139.7199543587069, 35.642613667387025 ], [ 139.71969158220088, 35.642248946431891 ], [ 139.719566589027067, 35.642115054466331 ], [ 139.719560752427014, 35.642108946271037 ], [ 139.719529079203767, 35.642080613129963 ], [ 139.719439637129767, 35.642000054559048 ], [ 139.719202412161735, 35.641847559217638 ], [ 139.718884060251412, 35.641686441176489 ], [ 139.718843502625759, 35.641676170918743 ], [ 139.718806589052974, 35.641666720842636 ], [ 139.718806329148947, 35.641666666883339 ], [ 139.71877294451599, 35.641658108035415 ], [ 139.718683217356784, 35.641648387263444 ], [ 139.718394332632556, 35.641661171126316 ], [ 139.717640999332843, 35.641661171126316 ], [ 139.71729294461386, 35.641653972952668 ], [ 139.717265914590484, 35.641666666883339 ], [ 139.717265746417297, 35.641666747822342 ], [ 139.716809883669384, 35.641880919568962 ], [ 139.71666988350853, 35.641938387147036 ], [ 139.716666667532877, 35.641939693861957 ], [ 139.716531829480573, 35.641995081308096 ], [ 139.71646683547624, 35.642055081377066 ], [ 139.716434332178892, 35.642085360651038 ], [ 139.716402944040851, 35.642114252271085 ], [ 139.716329883117737, 35.642181748189273 ], [ 139.716134332733418, 35.6423850813066 ], [ 139.716032672470078, 35.64231425250091 ], [ 139.715930726222268, 35.642243414701966 ], [ 139.715816835178998, 35.642349252316308 ], [ 139.715756278429694, 35.642413972926647 ], [ 139.715712114522603, 35.642433972949675 ], [ 139.715651555974659, 35.642450081606171 ], [ 139.715574890568973, 35.642478413847869 ], [ 139.715522387248598, 35.642554532465851 ], [ 139.715474060379734, 35.642598973364102 ], [ 139.715409611364635, 35.642615081121278 ], [ 139.715393774303379, 35.642615919289426 ], [ 139.715236005337601, 35.642623135449526 ], [ 139.71493961127419, 35.642585919704572 ], [ 139.7145201692706, 35.642533694274732 ], [ 139.714298781363823, 35.642505919612688 ], [ 139.71303544702846, 35.642316198633807 ], [ 139.71261544744516, 35.64223508158392 ], [ 139.712259339297248, 35.642166198011807 ], [ 139.712140441728138, 35.642143134897935 ], [ 139.71194627809848, 35.642105640363184 ], [ 139.711888495757648, 35.642094531937289 ], [ 139.711758223563379, 35.642077027532935 ], [ 139.711624617582174, 35.642058973642861 ], [ 139.711547108612308, 35.642048694391917 ], [ 139.711030725987371, 35.641979252340775 ], [ 139.71098878160717, 35.64197369453052 ], [ 139.710948495576758, 35.641968134921683 ], [ 139.710867108730213, 35.641957306184906 ], [ 139.710713774321448, 35.641937306161935 ], [ 139.710625162321548, 35.641929251833687 ], [ 139.710548495117109, 35.641848694162093 ], [ 139.710448807066996, 35.641666747822342 ], [ 139.710448780986667, 35.641666666883339 ], [ 139.710394034757087, 35.641566748606749 ], [ 139.710377639216858, 35.641537026912431 ], [ 139.710334578777974, 35.641458135684559 ], [ 139.710244864209244, 35.641503973229931 ], [ 139.710107082675904, 35.641574252549901 ], [ 139.709987082537964, 35.641603135176695 ], [ 139.709721025305271, 35.641666666883339 ], [ 139.709720636798124, 35.641666747822342 ], [ 139.709389027082125, 35.641745919638652 ], [ 139.708623748087689, 35.642007586381169 ], [ 139.708336524411266, 35.64219227925048 ], [ 139.708333333616679, 35.642194333302029 ], [ 139.707953748666796, 35.642438414701246 ], [ 139.707531245370888, 35.642693973248413 ], [ 139.707420415619822, 35.642809251945607 ], [ 139.707295422446009, 35.642947586562059 ], [ 139.70673902718454, 35.643363693879508 ], [ 139.706444578354763, 35.64358369413236 ], [ 139.706143476340571, 35.643751748644434 ], [ 139.706058755707204, 35.64379897294441 ], [ 139.705467367824895, 35.644129252563118 ], [ 139.705187912492306, 35.644308134912649 ], [ 139.704751245773537, 35.644587586647958 ], [ 139.704150143414608, 35.644972027037568 ], [ 139.703416252558213, 35.645503135161732 ], [ 139.703090973170106, 35.645738413996753 ], [ 139.702577912640777, 35.646109838498433 ], [ 139.702539027754142, 35.64613817163945 ], [ 139.702437367490688, 35.646211774853668 ], [ 139.702413191016149, 35.646227613713563 ], [ 139.702409027155113, 35.646230387222772 ], [ 139.702156252009559, 35.646396224906027 ], [ 139.702155966025202, 35.646396224906027 ], [ 139.702023476102681, 35.646483441158068 ], [ 139.70201486419478, 35.646488999867643 ], [ 139.701799585382787, 35.646630387682421 ], [ 139.701779027780049, 35.646643721031069 ], [ 139.701534578558153, 35.64691622550356 ], [ 139.701316809523291, 35.647070387288693 ], [ 139.701207912415384, 35.647147612972105 ], [ 139.701090415090789, 35.64723066716175 ], [ 139.701080415528963, 35.647237613525192 ], [ 139.700267639739991, 35.647750946549138 ], [ 139.70000319139433, 35.647908198404821 ], [ 139.700000000599744, 35.647910081585167 ], [ 139.699875694507909, 35.647984000461406 ], [ 139.699739585713473, 35.648065108518097 ], [ 139.699699300582438, 35.6480889999076 ], [ 139.698925966360434, 35.648679838304076 ], [ 139.698696252530226, 35.648855386866785 ], [ 139.698539857728406, 35.648992892308286 ], [ 139.698210700463619, 35.649282613402079 ], [ 139.697556809699222, 35.649857892627836 ], [ 139.697393774303464, 35.649999999900217 ], [ 139.697393645700345, 35.650000108718189 ], [ 139.697177912730695, 35.650188171347168 ], [ 139.696869585563149, 35.650456775459986 ], [ 139.696713476745686, 35.650475667518208 ], [ 139.69658847008202, 35.650490667310635 ], [ 139.695890972990242, 35.650681775044063 ], [ 139.695939857438702, 35.650752892532125 ], [ 139.695890972990242, 35.650955108691505 ], [ 139.695979857484645, 35.65112205433951 ], [ 139.696003476379474, 35.651166225441102 ], [ 139.695868755239076, 35.651259838570866 ], [ 139.695647082247206, 35.651414279145854 ], [ 139.695282633786746, 35.651579279560281 ], [ 139.695177639736471, 35.651726504874489 ], [ 139.695118470641091, 35.651809559064077 ], [ 139.694955694250098, 35.652143999845862 ], [ 139.694415694528857, 35.652639838358027 ], [ 139.69427791209614, 35.652766225481059 ], [ 139.693784617766028, 35.653195945836387 ], [ 139.69375822356335, 35.653218999957062 ], [ 139.693438495690202, 35.653497054145873 ], [ 139.693217951347606, 35.653658171287759 ], [ 139.693202672765324, 35.653669559402829 ], [ 139.693194890032373, 35.653675108219829 ], [ 139.69313016942192, 35.653722333419125 ], [ 139.693085447035969, 35.653755108311771 ], [ 139.693037951140695, 35.653798171448614 ], [ 139.693036005007798, 35.653800108588314 ], [ 139.693034617353874, 35.65380122554626 ], [ 139.69294321745565, 35.65388400004673 ], [ 139.692899611128382, 35.653946225038396 ], [ 139.69289128430546, 35.653958441429097 ], [ 139.692392944778703, 35.654727892378503 ], [ 139.692313502266529, 35.65485038723574 ], [ 139.69225016931, 35.654947892631299 ], [ 139.691967951260153, 35.655383721181977 ], [ 139.691833217529165, 35.655593171487851 ], [ 139.691669883558461, 35.65584708157769 ], [ 139.691666667582808, 35.655852080908971 ], [ 139.691652387248041, 35.655874278875046 ], [ 139.691631556251536, 35.655906774977836 ], [ 139.691472114546627, 35.65615455888593 ], [ 139.691142114617037, 35.656652892117449 ], [ 139.691071284012764, 35.65672789197879 ], [ 139.691056005430482, 35.656744279425141 ], [ 139.690897108714807, 35.656912613626389 ], [ 139.690794889972381, 35.657021225649203 ], [ 139.690772944715832, 35.657044278870558 ], [ 139.690772387136121, 35.657045108045452 ], [ 139.690407108601335, 35.657549279675663 ], [ 139.690389611391652, 35.657573721450262 ], [ 139.690336005502445, 35.657667613369824 ], [ 139.69028016929451, 35.657765107973546 ], [ 139.690212113998086, 35.657884559524973 ], [ 139.690047951751694, 35.658077333702181 ], [ 139.689829728559289, 35.658333332917152 ], [ 139.689829637727826, 35.658333440835804 ], [ 139.689821829813809, 35.658342613021318 ], [ 139.689639610979498, 35.658484559315127 ], [ 139.689545720858519, 35.65857150487119 ], [ 139.689505447418696, 35.65861177561311 ], [ 139.689430999741035, 35.65869261297388 ], [ 139.689349883590467, 35.658840667462982 ], [ 139.689304890508424, 35.658914279670455 ], [ 139.689277393736916, 35.658937332891753 ], [ 139.689234617483748, 35.658949559174971 ], [ 139.689194890831686, 35.658954000027222 ], [ 139.689152944652847, 35.658949000695998 ], [ 139.689130726002418, 35.658946505077324 ], [ 139.689066550381199, 35.658934279693426 ], [ 139.689005447743398, 35.658917332868782 ], [ 139.688922944838168, 35.658912892016531 ], [ 139.688840726118769, 35.658910387404603 ], [ 139.688820441010762, 35.658909837918827 ], [ 139.688791284090712, 35.658909837918827 ], [ 139.688765447467631, 35.658926505054353 ], [ 139.688734890303067, 35.6589678918549 ], [ 139.688708781185483, 35.65900455901334 ], [ 139.688682944562402, 35.659038171174814 ], [ 139.688652387397951, 35.659088441478559 ], [ 139.68840489037359, 35.659528441084831 ], [ 139.688141284692733, 35.660072333071867 ], [ 139.688300726397529, 35.660191775630096 ], [ 139.688101556242032, 35.660550387490559 ], [ 139.688041556173062, 35.660741505116562 ], [ 139.688011284093704, 35.660833441010652 ], [ 139.687827108334545, 35.661037891985302 ], [ 139.687611284533318, 35.661269559143022 ], [ 139.687439053569619, 35.661462054530375 ], [ 139.687330999126516, 35.661571225032162 ], [ 139.687183217131974, 35.661693721688096 ], [ 139.687023502033185, 35.661809000385233 ], [ 139.686863774343919, 35.66189289184365 ], [ 139.686594890541983, 35.662004838552605 ], [ 139.686529339857316, 35.662024000407484 ], [ 139.686408781240402, 35.662059559601175 ], [ 139.686267393425624, 35.662100946401722 ], [ 139.685933774624232, 35.662194000153136 ], [ 139.685657951653297, 35.662349559484767 ], [ 139.68560822364077, 35.662377612936666 ], [ 139.685409883559487, 35.662515666964623 ], [ 139.685271556137536, 35.662593720923667 ], [ 139.685021284704703, 35.662669000474182 ], [ 139.684753774167575, 35.662713999851405 ], [ 139.684438223645316, 35.662779838319068 ], [ 139.684312114412705, 35.662830945891585 ], [ 139.684230999161514, 35.662875946168128 ], [ 139.684143774815539, 35.662908999850629 ], [ 139.683982386977732, 35.662925946675273 ], [ 139.683806278137354, 35.66293510806895 ], [ 139.683478495036638, 35.662919279101629 ], [ 139.683336550541526, 35.662895667401301 ], [ 139.68333333366661, 35.662895135002657 ], [ 139.683247951132216, 35.66288094639873 ], [ 139.682988781807012, 35.662869837972835 ], [ 139.682717664988445, 35.662885666940156 ], [ 139.682448495202038, 35.662924000542375 ], [ 139.68222961100787, 35.662978171205793 ], [ 139.682041829866762, 35.663038721659859 ], [ 139.681867393765401, 35.663105387503776 ], [ 139.681221284834578, 35.663353441208528 ], [ 139.681073502840036, 35.663403721404791 ], [ 139.680447108847147, 35.663617613462236 ], [ 139.679937951375564, 35.663766775016825 ], [ 139.679659027542243, 35.663815386970725 ], [ 139.679463476258547, 35.663833171064141 ], [ 139.679347912476373, 35.663843721011062 ], [ 139.678906252721617, 35.663872081131785 ], [ 139.678782361217145, 35.663884586204858 ], [ 139.678340415477919, 35.663928748313253 ], [ 139.677879857369703, 35.663948748336225 ], [ 139.677174578444237, 35.663908197905187 ], [ 139.676455422080267, 35.663843468301593 ], [ 139.675852633492468, 35.663826802065444 ], [ 139.675435422706755, 35.663815135160519 ], [ 139.675213191235912, 35.663827080855242 ], [ 139.675054643457202, 35.663866532314785 ], [ 139.675032361854164, 35.663872081131785 ], [ 139.675003191444262, 35.663879505035311 ], [ 139.675002918050382, 35.663879585974257 ], [ 139.675000000649675, 35.663880532061057 ], [ 139.67499430614248, 35.663882360382786 ], [ 139.674833191698667, 35.6639318024109 ], [ 139.674699857312703, 35.664016532037465 ], [ 139.67453403401862, 35.664157918952981 ], [ 139.674440700578089, 35.66425569414514 ], [ 139.674356252439225, 35.664344027355128 ], [ 139.674296809050702, 35.664415134950673 ], [ 139.674233476094173, 35.664523747872806 ], [ 139.67418625269363, 35.664598748633523 ], [ 139.674108197835267, 35.664754865544751 ], [ 139.673983191171487, 35.665005413968856 ], [ 139.673849027610686, 35.665258198107495 ], [ 139.673700143047313, 35.665539306394066 ], [ 139.67362347674225, 35.665683748306492 ], [ 139.673554306286405, 35.665813748006258 ], [ 139.673497912498874, 35.665919865309718 ], [ 139.673351803243349, 35.666193748442879 ], [ 139.673315694563826, 35.666261801940777 ], [ 139.673291245594669, 35.666307640385469 ], [ 139.673157912108081, 35.666565973341164 ], [ 139.673117756479428, 35.666666666833351 ], [ 139.673117691728294, 35.666666802631028 ], [ 139.672936809286512, 35.667120135585947 ], [ 139.67292208828394, 35.667157640013215 ], [ 139.67286236160885, 35.667307081256979 ], [ 139.672825966045707, 35.667400135008393 ], [ 139.672805966022679, 35.667480694478627 ], [ 139.672771530082173, 35.667717640656747 ], [ 139.672769585747915, 35.66773125189593 ], [ 139.67276625286047, 35.667746802073395 ], [ 139.672687082842799, 35.668124586580575 ], [ 139.672642633850614, 35.66833597312683 ], [ 139.672643191430325, 35.66840569396777 ], [ 139.672644864169342, 35.668575414024303 ], [ 139.672645966738173, 35.668683748156639 ], [ 139.672579585079916, 35.669066252305868 ], [ 139.672525422510375, 35.669299585907311 ], [ 139.672516524618118, 35.669338748684481 ], [ 139.672510415523448, 35.669365414482456 ], [ 139.672473502850039, 35.669524027012415 ], [ 139.67242211468897, 35.669745694608309 ], [ 139.672400999506749, 35.669837360705799 ], [ 139.67238572002509, 35.669903198274142 ], [ 139.672347951197139, 35.669982919576228 ], [ 139.672375161984291, 35.670207919160305 ], [ 139.672395720486293, 35.670423197972355 ], [ 139.672399339358208, 35.670459865130852 ], [ 139.672419339381236, 35.670669864922502 ], [ 139.672459883517035, 35.67116513506312 ], [ 139.672507665396665, 35.67139597304589 ], [ 139.672560999690518, 35.671654279021936 ], [ 139.672700584364634, 35.672278919336804 ], [ 139.672704332738931, 35.672295667411277 ], [ 139.672694501350293, 35.67229408100718 ], [ 139.672396550560507, 35.672246225383162 ], [ 139.672259339197353, 35.672224279227294 ], [ 139.672122412019917, 35.672196559423867 ], [ 139.672119857045914, 35.672196054004871 ], [ 139.671800999716538, 35.672131532144647 ], [ 139.671632672709848, 35.67209736060488 ], [ 139.671600726092834, 35.672090973619675 ], [ 139.67144600582867, 35.672059586380954 ], [ 139.670870441517877, 35.671976252502191 ], [ 139.670857808741061, 35.671974468247299 ], [ 139.670829053818011, 35.671970414103498 ], [ 139.670783774751612, 35.671963748328494 ], [ 139.670602944470488, 35.671937640110173 ], [ 139.67025933959701, 35.671828748398184 ], [ 139.670153839228419, 35.671812946410512 ], [ 139.670138780980096, 35.67181069450811 ], [ 139.670102114720976, 35.671805414588391 ], [ 139.670062387169651, 35.671799306393041 ], [ 139.669919883296188, 35.67177819840532 ], [ 139.669146524792495, 35.671836532030511 ], [ 139.668729196195613, 35.671862414518955 ], [ 139.668671803261304, 35.671865973136335 ], [ 139.668616252138463, 35.671869586612274 ], [ 139.668462918628961, 35.671879027695127 ], [ 139.668262361718803, 35.671847919246261 ], [ 139.667329027312917, 35.671704027718874 ], [ 139.667051245618723, 35.671706252641627 ], [ 139.667006809217014, 35.671706532330745 ], [ 139.666863476168714, 35.671707640295551 ], [ 139.666669857528063, 35.671704054698523 ], [ 139.66666666763274, 35.671703999839906 ], [ 139.666279027455289, 35.671696802565577 ], [ 139.666113476655823, 35.671685414450508 ], [ 139.666075136758309, 35.671682918831777 ], [ 139.66604097331242, 35.671680414219907 ], [ 139.664862633004304, 35.671599027373361 ], [ 139.664310389013394, 35.671562360214921 ], [ 139.66423594043647, 35.671557640572814 ], [ 139.663834838307366, 35.671530865057548 ], [ 139.663699274502051, 35.671521802589268 ], [ 139.663164837987097, 35.67148653207795 ], [ 139.663103995253323, 35.671485135430828 ], [ 139.662975863445467, 35.671482081333124 ], [ 139.662753165226604, 35.671476775333076 ], [ 139.662498444847529, 35.671470694117431 ], [ 139.662059274416151, 35.671443468041787 ], [ 139.661982335616472, 35.671482919501273 ], [ 139.661941219511846, 35.671534865241995 ], [ 139.661917328122399, 35.671564864826792 ], [ 139.661856226383975, 35.671642081517007 ], [ 139.661776667859158, 35.67187094638723 ], [ 139.661770389691924, 35.671889027256952 ], [ 139.661762607858236, 35.671910973412878 ], [ 139.661743450500012, 35.672071532075734 ], [ 139.661731505704552, 35.672170973711616 ], [ 139.661729831167008, 35.672185694714187 ], [ 139.661729831167008, 35.67228986498543 ], [ 139.661735110187351, 35.672388748142396 ], [ 139.661756226268949, 35.672522918897755 ], [ 139.661800117681423, 35.672810973547769 ], [ 139.661802607004915, 35.672826252129994 ], [ 139.661826783479455, 35.672985135355873 ], [ 139.661849559709594, 35.673133748324005 ], [ 139.661903165598801, 35.673274865442863 ], [ 139.661910947432489, 35.673294865465834 ], [ 139.661987613737551, 35.673346251828207 ], [ 139.66209844438788, 35.673420972899748 ], [ 139.662141245821999, 35.673669865671911 ], [ 139.662100700786937, 35.673741532645806 ], [ 139.662084306145971, 35.673770694062455 ], [ 139.662082633406953, 35.673773748160102 ], [ 139.661974306469233, 35.674215135420354 ], [ 139.661879585374777, 35.674389027431857 ], [ 139.661853191171986, 35.674437640285021 ], [ 139.661807082031373, 35.674522360019068 ], [ 139.661655966250009, 35.674457640307992 ], [ 139.66159124563967, 35.674646532111922 ], [ 139.661595136106826, 35.674750694289287 ], [ 139.661653476027254, 35.674835135233479 ], [ 139.661807588349689, 35.674999999850286 ], [ 139.661807717852071, 35.675000135647906 ], [ 139.661844864349177, 35.675039864997927 ], [ 139.661877912635759, 35.675128198207972 ], [ 139.661889027356892, 35.675157640213115 ], [ 139.661909585858893, 35.675212360362309 ], [ 139.661974306469233, 35.675325693825869 ], [ 139.661974306469233, 35.675476532616074 ], [ 139.662055136635445, 35.675622081593929 ], [ 139.662179300634421, 35.675702918954698 ], [ 139.662284577971036, 35.675735414158225 ], [ 139.662323476347524, 35.675747359852949 ], [ 139.662475966292959, 35.675794585951564 ], [ 139.663121530234662, 35.675993468324066 ], [ 139.663153191766582, 35.67600319808929 ], [ 139.663193475998241, 35.676015694169109 ], [ 139.663465966081617, 35.676126532013996 ], [ 139.663834578403225, 35.676261531944306 ], [ 139.663867639280284, 35.676273468645832 ], [ 139.663901556311998, 35.676285973718905 ], [ 139.664077665152263, 35.676350414640069 ], [ 139.664120726490523, 35.676347919021396 ], [ 139.664393217473162, 35.676444865038661 ], [ 139.664682944862193, 35.676588198087018 ], [ 139.664717108308082, 35.676605135019145 ], [ 139.664749339110926, 35.676620972979663 ], [ 139.665002672735341, 35.676746531827121 ], [ 139.665391556675218, 35.676984585970047 ], [ 139.665471556767102, 35.677058467974064 ], [ 139.665515720674193, 35.677121252344079 ], [ 139.665536005782201, 35.677149586384473 ], [ 139.665558781113077, 35.677181801898826 ], [ 139.665639339683935, 35.677296252320332 ], [ 139.665979053190881, 35.677867640179613 ], [ 139.666166278551145, 35.678132892519159 ], [ 139.666208223830608, 35.678192612898954 ], [ 139.666304086164814, 35.678328441104838 ], [ 139.666655473771243, 35.678732892309313 ], [ 139.66666666763274, 35.678745865029839 ], [ 139.666669922279311, 35.678749613404079 ], [ 139.666678249102119, 35.678759279317433 ], [ 139.66669741905082, 35.678781225473358 ], [ 139.667166589067051, 35.679320946404744 ], [ 139.667221310115565, 35.679375108074964 ], [ 139.667627134584791, 35.679775667013587 ], [ 139.667635746492692, 35.679780107865838 ], [ 139.667678249351866, 35.67980317097971 ], [ 139.667777419392564, 35.679856775070277 ], [ 139.667838807115459, 35.679949000546117 ], [ 139.667965473028289, 35.680019278966711 ], [ 139.668128521014637, 35.680084838644575 ], [ 139.668317419113805, 35.680162612914444 ], [ 139.668376304023354, 35.680187054688986 ], [ 139.668468521405316, 35.680225108602031 ], [ 139.668902166402063, 35.6805290003133 ], [ 139.669015227371005, 35.68060817123029 ], [ 139.669228275864384, 35.680697613304403 ], [ 139.669513281812669, 35.680817054063937 ], [ 139.670083839597737, 35.68107789253088 ], [ 139.671078833321644, 35.681416505267691 ], [ 139.671126887695891, 35.681432892713985 ], [ 139.671159948572949, 35.681444279030416 ], [ 139.671302724041652, 35.681492891883636 ], [ 139.671375227385056, 35.681554559295648 ], [ 139.67140133650264, 35.681577054037973 ], [ 139.671890804217469, 35.681994279212802 ], [ 139.671918300988978, 35.682018441298169 ], [ 139.671943307537845, 35.682040667143212 ], [ 139.672121634106361, 35.682197892019246 ], [ 139.672413580122793, 35.68245538770617 ], [ 139.672437198118359, 35.682476505586408 ], [ 139.672459144274285, 35.682495667441287 ], [ 139.672810804375331, 35.682805946137648 ], [ 139.672895525008698, 35.682870667647364 ], [ 139.672920804052069, 35.682889838495441 ], [ 139.673361089642754, 35.68322591964062 ], [ 139.673396355657474, 35.683280081310897 ], [ 139.673414423037343, 35.683308414451915 ], [ 139.673430636015269, 35.683333332867164 ], [ 139.673430700766403, 35.683333414705487 ], [ 139.673481089780694, 35.683411468664531 ], [ 139.673546083784913, 35.683512027258416 ], [ 139.673626082977535, 35.683555081402062 ], [ 139.673992477571005, 35.683655081516974 ], [ 139.674303606126728, 35.683936468593345 ], [ 139.674485837551515, 35.684125640086393 ], [ 139.67460805451833, 35.684196467992763 ], [ 139.674647224489945, 35.68421925231678 ], [ 139.674741673089898, 35.68427397336535 ], [ 139.675000000649675, 35.684466171077077 ], [ 139.675003333537234, 35.684468640615421 ], [ 139.675060558298355, 35.684511198333325 ], [ 139.675159170759343, 35.684670640038178 ], [ 139.675191388072335, 35.684722865468018 ], [ 139.675246109120849, 35.684811198678062 ], [ 139.675563061686148, 35.685385081256641 ], [ 139.675832776461675, 35.685860918846515 ], [ 139.675919170733323, 35.685885360621057 ], [ 139.676140856315669, 35.686118973012356 ], [ 139.676159468684659, 35.686133135535954 ], [ 139.676211699510532, 35.686173135581896 ], [ 139.676243359243813, 35.686197586349692 ], [ 139.676325577063949, 35.686260359927815 ], [ 139.676501414308973, 35.686415081091297 ], [ 139.676532244867417, 35.686442306267566 ], [ 139.67657280249307, 35.686477865461313 ], [ 139.6767880804058, 35.686667586440137 ], [ 139.677089754388817, 35.686840080905199 ], [ 139.677540026051588, 35.687185360316278 ], [ 139.677921699227227, 35.687431467888075 ], [ 139.67796946851638, 35.687457865688089 ], [ 139.678068080077992, 35.687512027358366 ], [ 139.678159196689762, 35.687582865157253 ], [ 139.678159754269473, 35.687583414643029 ], [ 139.679013671344023, 35.688247865246922 ], [ 139.679161167354209, 35.688446467930305 ], [ 139.679179780622576, 35.688471747873052 ], [ 139.679230895389651, 35.688540640438362 ], [ 139.679441440170535, 35.688742585901764 ], [ 139.679463943006795, 35.688764252368514 ], [ 139.679522827017081, 35.688802027491761 ], [ 139.679553385080794, 35.688821468136439 ], [ 139.679580052677466, 35.688838694650201 ], [ 139.679635058811073, 35.688873694465599 ], [ 139.679773113738406, 35.689025613341528 ], [ 139.679825616159405, 35.689097559105221 ], [ 139.679846161171554, 35.68912617103615 ], [ 139.679870610140711, 35.689159505307089 ], [ 139.679926446348645, 35.689235891923033 ], [ 139.680050052767911, 35.68936422517902 ], [ 139.680073943258094, 35.689411999864092 ], [ 139.680103943742211, 35.689472559311355 ], [ 139.680145331442077, 35.689555332912448 ], [ 139.680335616295793, 35.689797559010287 ], [ 139.680435888006059, 35.689856441221934 ], [ 139.680463943256541, 35.689873108357403 ], [ 139.680532283638172, 35.689913387193258 ], [ 139.680721167348224, 35.690024505626582 ], [ 139.680837834598606, 35.690101721417477 ], [ 139.681040636216608, 35.690236170962692 ], [ 139.68155953334599, 35.690526441542204 ], [ 139.681774527072889, 35.69067033306959 ], [ 139.681807588849324, 35.690692279225459 ], [ 139.681912309505606, 35.69076255944475 ], [ 139.682135914241258, 35.690912000688456 ], [ 139.68255980519109, 35.69114533339058 ], [ 139.682727030528213, 35.691250332836773 ], [ 139.682936744335507, 35.691381721089726 ], [ 139.682987860001958, 35.69142144144655 ], [ 139.683012581465618, 35.691440333504772 ], [ 139.683036744450419, 35.691459225562994 ], [ 139.683222309662028, 35.691603108097127 ], [ 139.683252866826479, 35.691626721596094 ], [ 139.683304280168613, 35.691666667682739 ], [ 139.683304332329271, 35.691666721642036 ], [ 139.68333333366661, 35.691689171418318 ], [ 139.683336744795156, 35.691691837908138 ], [ 139.683374254618343, 35.691720892305511 ], [ 139.683473696254282, 35.691840333065102 ], [ 139.68362817100342, 35.691970333664131 ], [ 139.683990117550024, 35.691990613376277 ], [ 139.684455383609247, 35.692024505226925 ], [ 139.684194280741622, 35.691684225147014 ], [ 139.684236135189622, 35.691666721642036 ], [ 139.684236252101527, 35.691666667682739 ], [ 139.684453450066826, 35.691575891914056 ], [ 139.684489559645613, 35.691560892121629 ], [ 139.684521777857981, 35.691547279083807 ], [ 139.684818444415896, 35.691423387579448 ], [ 139.684810117592974, 35.691242559096963 ], [ 139.684738975823279, 35.691018386889198 ], [ 139.684497860388092, 35.69052561326663 ], [ 139.68448313938552, 35.690495613681776 ] ] ] } }
]
}
