{
"type": "FeatureCollection",
"name": "clinics",
"crs": { "type": "name", "properties": { "name": "urn:ogc:def:crs:OGC:1.3:CRS84" } },
"features": [
{ "type": "Feature", "properties": { "name": "１ｓｔ　ＳＴＥＰ　こころのクリニック", "kind": "精神科・心療内科", "capacity": 1.0, "weight": 1.0, "demand_value": 1.0, "source": "国土数値情報 P04 医療機関", "synthetic": false, "lon": 139.70503591779101, "lat": 35.6816591827344 }, "geometry": { "type": "Point", "coordinates": [ 139.705035917791008, 35.6816591827344 ] } },
{ "type": "Feature", "properties": { "name": "ＨＤＣアトラスクリニック", "kind": "精神科・心療内科", "capacity": 1.0, "weight": 1.0, "demand_value": 1.0, "source": "国土数値情報 P04 医療機関", "synthetic": false, "lon": 139.74286082077802, "lat": 35.687546843387892 }, "geometry": { "type": "Point", "coordinates": [ 139.74286082077802, 35.687546843387892 ] } },
{ "type": "Feature", "properties": { "name": "ＪＲ東京総合病院", "kind": "精神科・心療内科", "capacity": 1.0, "weight": 1.0, "demand_value": 1.0, "source": "国土数値情報 P04 医療機関", "synthetic": false, "lon": 139.69976855664035, "lat": 35.685689327409797 }, "geometry": { "type": "Point", "coordinates": [ 139.69976855664035, 35.685689327409797 ] } },
{ "type": "Feature", "properties": { "name": "ＪＲ東日本健康推進センター", "kind": "精神科・心療内科", "capacity": 1.0, "weight": 1.0, "demand_value": 1.0, "source": "国土数値情報 P04 医療機関", "synthetic": false, "lon": 139.7334070623599, "lat": 35.609339728020444 }, "geometry": { "type": "Point", "coordinates": [ 139.733407062359902, 35.609339728020444 ] } },
{ "type": "Feature", "properties": { "name": "Ｊメンタル五反田駅前クリニック", "kind": "精神科・心療内科", "capacity": 1.0, "weight": 1.0, "demand_value": 1.0, "source": "国土数値情報 P04 医療機関", "synthetic": false, "lon": 139.72242798615994, "lat": 35.626984048217793 }, "geometry": { "type": "Point", "coordinates": [ 139.722427986159943, 35.626984048217793 ] } },
{ "type": "Feature", "properties": { "name": "ＭＢ　クリニック　麻布十番", "kind": "精神科・心療内科", "capacity": 1.0, "weight": 1.0, "demand_value": 1.0, "source": "国土数値情報 P04 医療機関", "synthetic": false, "lon": 139.73519697602205, "lat": 35.652716346034779 }, "geometry": { "type": "Point", "coordinates": [ 139.735196976022053, 35.652716346034779 ] } },
{ "type": "Feature", "properties": { "name": "Ｍｅｄｉｃａｌ　Ｓｗｉｔｃｈ　ｉｎ　ｃｌｉｎｉｃ", "kind": "精神科・心療内科", "capacity": 1.0, "weight": 1.0, "demand_value": 1.0, "source": "国土数値情報 P04 医療機関", "synthetic": false, "lon": 139.70465465808078, "lat": 35.660323271713608 }, "geometry": { "type": "Point", "coordinates": [ 139.704654658080784, 35.660323271713608 ] } },
{ "type": "Feature", "properties": { "name": "ＭｅｄｉＬｏｔｕｓ　ｃｌｉｎｉｃ", "kind": "精神科・心療内科", "capacity": 1.0, "weight": 1.0, "demand_value": 1.0, "source": "国土数値情報 P04 医療機関", "synthetic": false, "lon": 139.73463302080023, "lat": 35.656615345622001 }, "geometry": { "type": "Point", "coordinates": [ 139.734633020800231, 35.656615345622001 ] } },
{ "type": "Feature", "properties": { "name": "ＭＩＺＥＮクリニック市ヶ谷", "kind": "精神科・心療内科", "capacity": 1.0, "weight": 1.0, "demand_value": 1.0, "source": "国土数値情報 P04 医療機関", "synthetic": false, "lon": 139.73895712391837, "lat": 35.691701019375166 }, "geometry": { "type": "Point", "coordinates": [ 139.738957123918368, 35.691701019375166 ] } },
{ "type": "Feature", "properties": { "name": "ＮＴＴ東日本関東病院", "kind": "精神科・心療内科", "capacity": 1.0, "weight": 1.0, "demand_value": 1.0, "source": "国土数値情報 P04 医療機関", "synthetic": false, "lon": 139.72553620528899, "lat": 35.631287585403122 }, "geometry": { "type": "Point", "coordinates": [ 139.725536205288989, 35.631287585403122 ] } },
{ "type": "Feature", "properties": { "name": "ＰＬ病院東京診療所", "kind": "精神科・心療内科", "capacity": 1.0, "weight": 1.0, "demand_value": 1.0, "source": "国土数値情報 P04 医療機関", "synthetic": false, "lon": 139.69349207002435, "lat": 35.663642981731179 }, "geometry": { "type": "Point", "coordinates": [ 139.693492070024348, 35.663642981731179 ] } },
{ "type": "Feature", "properties": { "name": "ＳＡＨＡＮＡ　Ｒｅｔｒｅａｔ　Ｃｌｉｎｉｃ", "kind": "精神科・心療内科", "capacity": 1.0, "weight": 1.0, "demand_value": 1.0, "source": "国土数値情報 P04 医療機関", "synthetic": false, "lon": 139.71338820443822, "lat": 35.664990690129017 }, "geometry": { "type": "Point", "coordinates": [ 139.713388204438218, 35.664990690129017 ] } },
{ "type": "Feature", "properties": { "name": "ＳＡＮＣＨＡこころのクリニック", "kind": "精神科・心療内科", "capacity": 1.0, "weight": 1.0, "demand_value": 1.0, "source": "国土数値情報 P04 医療機関", "synthetic": false, "lon": 139.6724882797775, "lat": 35.644384968459164 }, "geometry": { "type": "Point", "coordinates": [ 139.672488279777497, 35.644384968459164 ] } },
{ "type": "Feature", "properties": { "name": "ＶＩＳＩＯＮ　ＰＡＲＴＮＥＲ　メンタルクリニック四谷", "kind": "精神科・心療内科", "capacity": 1.0, "weight": 1.0, "demand_value": 1.0, "source": "国土数値情報 P04 医療機関", "synthetic": false, "lon": 139.72916308398169, "lat": 35.687358500198776 }, "geometry": { "type": "Point", "coordinates": [ 139.729163083981689, 35.687358500198776 ] } },
{ "type": "Feature", "properties": { "name": "アーク荻窪大森クリニック", "kind": "精神科・心療内科", "capacity": 1.0, "weight": 1.0, "demand_value": 1.0, "source": "国土数値情報 P04 医療機関", "synthetic": false, "lon": 139.62173201489045, "lat": 35.703183363642623 }, "geometry": { "type": "Point", "coordinates": [ 139.621732014890455, 35.703183363642623 ] } },
{ "type": "Feature", "properties": { "name": "アイデス・クリニック", "kind": "精神科・心療内科", "capacity": 1.0, "weight": 1.0, "demand_value": 1.0, "source": "国土数値情報 P04 医療機関", "synthetic": false, "lon": 139.73219779146825, "lat": 35.633978699085006 }, "geometry": { "type": "Point", "coordinates": [ 139.732197791468252, 35.633978699085006 ] } },
{ "type": "Feature", "properties": { "name": "アイメディカルクリニック", "kind": "精神科・心療内科", "capacity": 1.0, "weight": 1.0, "demand_value": 1.0, "source": "国土数値情報 P04 医療機関", "synthetic": false, "lon": 139.67499933873785, "lat": 35.617517305961712 }, "geometry": { "type": "Point", "coordinates": [ 139.674999338737848, 35.617517305961712 ] } },
{ "type": "Feature", "properties": { "name": "あいわクリニック", "kind": "精神科・心療内科", "capacity": 1.0, "weight": 1.0, "demand_value": 1.0, "source": "国土数値情報 P04 医療機関", "synthetic": false, "lon": 139.65896636373921, "lat": 35.632189160536676 }, "geometry": { "type": "Point", "coordinates": [ 139.658966363739211, 35.632189160536676 ] } },
{ "type": "Feature", "properties": { "name": "あおきクリニック", "kind": "精神科・心療内科", "capacity": 1.0, "weight": 1.0, "demand_value": 1.0, "source": "国土数値情報 P04 医療機関", "synthetic": false, "lon": 139.68296412573312, "lat": 35.707272309421747 }, "geometry": { "type": "Point", "coordinates": [ 139.682964125733122, 35.707272309421747 ] } },
{ "type": "Feature", "properties": { "name": "あおば心療クリニック", "kind": "精神科・心療内科", "capacity": 1.0, "weight": 1.0, "demand_value": 1.0, "source": "国土数値情報 P04 医療機関", "synthetic": false, "lon": 139.6993898098255, "lat": 35.642869620557867 }, "geometry": { "type": "Point", "coordinates": [ 139.699389809825504, 35.642869620557867 ] } },
{ "type": "Feature", "properties": { "name": "あしかりクリニック", "kind": "精神科・心療内科", "capacity": 1.0, "weight": 1.0, "demand_value": 1.0, "source": "国土数値情報 P04 医療機関", "synthetic": false, "lon": 139.66501249019356, "lat": 35.700447335053518 }, "geometry": { "type": "Point", "coordinates": [ 139.665012490193561, 35.700447335053518 ] } },
{ "type": "Feature", "properties": { "name": "あだちクリニック", "kind": "精神科・心療内科", "capacity": 1.0, "weight": 1.0, "demand_value": 1.0, "source": "国土数値情報 P04 医療機関", "synthetic": false, "lon": 139.69759822172614, "lat": 35.602553145595387 }, "geometry": { "type": "Point", "coordinates": [ 139.697598221726139, 35.602553145595387 ] } },
{ "type": "Feature", "properties": { "name": "アパリクリニック", "kind": "精神科・心療内科", "capacity": 1.0, "weight": 1.0, "demand_value": 1.0, "source": "国土数値情報 P04 医療機関", "synthetic": false, "lon": 139.71704164752663, "lat": 35.695396490854328 }, "geometry": { "type": "Point", "coordinates": [ 139.717041647526628, 35.695396490854328 ] } },
{ "type": "Feature", "properties": { "name": "アマラクリニック表参道", "kind": "精神科・心療内科", "capacity": 1.0, "weight": 1.0, "demand_value": 1.0, "source": "国土数値情報 P04 医療機関", "synthetic": false, "lon": 139.71459972225699, "lat": 35.666294733829183 }, "geometry": { "type": "Point", "coordinates": [ 139.714599722256992, 35.666294733829183 ] } },
{ "type": "Feature", "properties": { "name": "あやクリニック", "kind": "精神科・心療内科", "capacity": 1.0, "weight": 1.0, "demand_value": 1.0, "source": "国土数値情報 P04 医療機関", "synthetic": false, "lon": 139.68520932478339, "lat": 35.629296175014851 }, "geometry": { "type": "Point", "coordinates": [ 139.685209324783386, 35.629296175014851 ] } },
{ "type": "Feature", "properties": { "name": "あらいかずえクリニック", "kind": "精神科・心療内科", "capacity": 1.0, "weight": 1.0, "demand_value": 1.0, "source": "国土数値情報 P04 医療機関", "synthetic": false, "lon": 139.70517571862868, "lat": 35.660546867450336 }, "geometry": { "type": "Point", "coordinates": [ 139.705175718628681, 35.660546867450336 ] } },
{ "type": "Feature", "properties": { "name": "アルバ・メンタルクリニック", "kind": "精神科・心療内科", "capacity": 1.0, "weight": 1.0, "demand_value": 1.0, "source": "国土数値情報 P04 医療機関", "synthetic": false, "lon": 139.70401068810702, "lat": 35.690227886500573 }, "geometry": { "type": "Point", "coordinates": [ 139.704010688107019, 35.690227886500573 ] } },
{ "type": "Feature", "properties": { "name": "あんず心のクリニック", "kind": "精神科・心療内科", "capacity": 1.0, "weight": 1.0, "demand_value": 1.0, "source": "国土数値情報 P04 医療機関", "synthetic": false, "lon": 139.73292768327053, "lat": 35.708862869131295 }, "geometry": { "type": "Point", "coordinates": [ 139.732927683270532, 35.708862869131295 ] } },
{ "type": "Feature", "properties": { "name": "イワタクリニック", "kind": "精神科・心療内科", "capacity": 1.0, "weight": 1.0, "demand_value": 1.0, "source": "国土数値情報 P04 医療機関", "synthetic": false, "lon": 139.70671918898597, "lat": 35.660940741205721 }, "geometry": { "type": "Point", "coordinates": [ 139.706719188985971, 35.660940741205721 ] } },
{ "type": "Feature", "properties": { "name": "いわたにクリニック", "kind": "精神科・心療内科", "capacity": 1.0, "weight": 1.0, "demand_value": 1.0, "source": "国土数値情報 P04 医療機関", "synthetic": false, "lon": 139.74498042066412, "lat": 35.649114478103641 }, "geometry": { "type": "Point", "coordinates": [ 139.74498042066412, 35.649114478103641 ] } },
{ "type": "Feature", "properties": { "name": "インターナショナル　メディカル　クロッシング　オフィス", "kind": "精神科・心療内科", "capacity": 1.0, "weight": 1.0, "demand_value": 1.0, "source": "国土数値情報 P04 医療機関", "synthetic": false, "lon": 139.70916099388592, "lat": 35.643308087904849 }, "geometry": { "type": "Point", "coordinates": [ 139.709160993885916, 35.643308087904849 ] } },
{ "type": "Feature", "properties": { "name": "ウェルビーイングクリニック駒沢公園", "kind": "精神科・心療内科", "capacity": 1.0, "weight": 1.0, "demand_value": 1.0, "source": "国土数値情報 P04 医療機関", "synthetic": false, "lon": 139.66364384067097, "lat": 35.628146085925181 }, "geometry": { "type": "Point", "coordinates": [ 139.663643840670971, 35.628146085925181 ] } },
{ "type": "Feature", "properties": { "name": "うみのメンタルクリニック", "kind": "精神科・心療内科", "capacity": 1.0, "weight": 1.0, "demand_value": 1.0, "source": "国土数値情報 P04 医療機関", "synthetic": false, "lon": 139.60320457090501, "lat": 35.702853179066203 }, "geometry": { "type": "Point", "coordinates": [ 139.603204570905007, 35.702853179066203 ] } },
{ "type": "Feature", "properties": { "name": "えとうメンタルクリニック目黒", "kind": "精神科・心療内科", "capacity": 1.0, "weight": 1.0, "demand_value": 1.0, "source": "国土数値情報 P04 医療機関", "synthetic": false, "lon": 139.71692965754121, "lat": 35.634864168183405 }, "geometry": { "type": "Point", "coordinates": [ 139.716929657541215, 35.634864168183405 ] } },
{ "type": "Feature", "properties": { "name": "えびす英クリニック", "kind": "精神科・心療内科", "capacity": 1.0, "weight": 1.0, "demand_value": 1.0, "source": "国土数値情報 P04 医療機関", "synthetic": false, "lon": 139.70912184211889, "lat": 35.642688158523313 }, "geometry": { "type": "Point", "coordinates": [ 139.70912184211889, 35.642688158523313 ] } },
{ "type": "Feature", "properties": { "name": "エレナクリニック新宿本院", "kind": "精神科・心療内科", "capacity": 1.0, "weight": 1.0, "demand_value": 1.0, "source": "国土数値情報 P04 医療機関", "synthetic": false, "lon": 139.70285896057183, "lat": 35.695291996392648 }, "geometry": { "type": "Point", "coordinates": [ 139.702858960571831, 35.695291996392648 ] } },
{ "type": "Feature", "properties": { "name": "おうちの診療所　目黒", "kind": "精神科・心療内科", "capacity": 1.0, "weight": 1.0, "demand_value": 1.0, "source": "国土数値情報 P04 医療機関", "synthetic": false, "lon": 139.67519960381935, "lat": 35.617428433033275 }, "geometry": { "type": "Point", "coordinates": [ 139.675199603819351, 35.617428433033275 ] } },
{ "type": "Feature", "properties": { "name": "オーキッド代官山クリニック", "kind": "精神科・心療内科", "capacity": 1.0, "weight": 1.0, "demand_value": 1.0, "source": "国土数値情報 P04 医療機関", "synthetic": false, "lon": 139.7016310130451, "lat": 35.648250096445587 }, "geometry": { "type": "Point", "coordinates": [ 139.701631013045102, 35.648250096445587 ] } },
{ "type": "Feature", "properties": { "name": "おざき心のクリニック", "kind": "精神科・心療内科", "capacity": 1.0, "weight": 1.0, "demand_value": 1.0, "source": "国土数値情報 P04 医療機関", "synthetic": false, "lon": 139.58495005274449, "lat": 35.703571012451079 }, "geometry": { "type": "Point", "coordinates": [ 139.584950052744489, 35.703571012451079 ] } },
{ "type": "Feature", "properties": { "name": "おむすび小児科クリニック", "kind": "精神科・心療内科", "capacity": 1.0, "weight": 1.0, "demand_value": 1.0, "source": "国土数値情報 P04 医療機関", "synthetic": false, "lon": 139.62036066160536, "lat": 35.656266988100064 }, "geometry": { "type": "Point", "coordinates": [ 139.620360661605361, 35.656266988100064 ] } },
{ "type": "Feature", "properties": { "name": "カームメディカルクリニック広尾", "kind": "精神科・心療内科", "capacity": 1.0, "weight": 1.0, "demand_value": 1.0, "source": "国土数値情報 P04 医療機関", "synthetic": false, "lon": 139.72165244871951, "lat": 35.649306451050009 }, "geometry": { "type": "Point", "coordinates": [ 139.72165244871951, 35.649306451050009 ] } },
{ "type": "Feature", "properties": { "name": "かただ小児科クリニック", "kind": "精神科・心療内科", "capacity": 1.0, "weight": 1.0, "demand_value": 1.0, "source": "国土数値情報 P04 医療機関", "synthetic": false, "lon": 139.73350204688364, "lat": 35.636775626606543 }, "geometry": { "type": "Point", "coordinates": [ 139.733502046883643, 35.636775626606543 ] } },
{ "type": "Feature", "properties": { "name": "くどう耳鼻咽喉科", "kind": "精神科・心療内科", "capacity": 1.0, "weight": 1.0, "demand_value": 1.0, "source": "国土数値情報 P04 医療機関", "synthetic": false, "lon": 139.68501717215599, "lat": 35.608975532229309 }, "geometry": { "type": "Point", "coordinates": [ 139.685017172155995, 35.608975532229309 ] } },
{ "type": "Feature", "properties": { "name": "クリニカメディカ・髪のクリニック　Ｓｅｅｄ", "kind": "精神科・心療内科", "capacity": 1.0, "weight": 1.0, "demand_value": 1.0, "source": "国土数値情報 P04 医療機関", "synthetic": false, "lon": 139.70768801044937, "lat": 35.66057524571989 }, "geometry": { "type": "Point", "coordinates": [ 139.707688010449374, 35.66057524571989 ] } },
{ "type": "Feature", "properties": { "name": "クリニカ東京青山", "kind": "精神科・心療内科", "capacity": 1.0, "weight": 1.0, "demand_value": 1.0, "source": "国土数値情報 P04 医療機関", "synthetic": false, "lon": 139.71460197957586, "lat": 35.665267068692465 }, "geometry": { "type": "Point", "coordinates": [ 139.71460197957586, 35.665267068692465 ] } },
{ "type": "Feature", "properties": { "name": "クリニックおくでら", "kind": "精神科・心療内科", "capacity": 1.0, "weight": 1.0, "demand_value": 1.0, "source": "国土数値情報 P04 医療機関", "synthetic": false, "lon": 139.63368474525112, "lat": 35.651395715565329 }, "geometry": { "type": "Point", "coordinates": [ 139.633684745251117, 35.651395715565329 ] } },
{ "type": "Feature", "properties": { "name": "クリニックやなぎさわ", "kind": "精神科・心療内科", "capacity": 1.0, "weight": 1.0, "demand_value": 1.0, "source": "国土数値情報 P04 医療機関", "synthetic": false, "lon": 139.73506357216101, "lat": 35.627276483209833 }, "geometry": { "type": "Point", "coordinates": [ 139.73506357216101, 35.627276483209833 ] } },
{ "type": "Feature", "properties": { "name": "クリニック川畑", "kind": "精神科・心療内科", "capacity": 1.0, "weight": 1.0, "demand_value": 1.0, "source": "国土数値情報 P04 医療機関", "synthetic": false, "lon": 139.63710415393734, "lat": 35.652808971413236 }, "geometry": { "type": "Point", "coordinates": [ 139.637104153937344, 35.652808971413236 ] } },
{ "type": "Feature", "properties": { "name": "クリニック玲タケダ", "kind": "精神科・心療内科", "capacity": 1.0, "weight": 1.0, "demand_value": 1.0, "source": "国土数値情報 P04 医療機関", "synthetic": false, "lon": 139.6845711624224, "lat": 35.682631641265111 }, "geometry": { "type": "Point", "coordinates": [ 139.684571162422401, 35.682631641265111 ] } },
{ "type": "Feature", "properties": { "name": "くるみクリニック", "kind": "精神科・心療内科", "capacity": 1.0, "weight": 1.0, "demand_value": 1.0, "source": "国土数値情報 P04 医療機関", "synthetic": false, "lon": 139.66037961259897, "lat": 35.671663229186997 }, "geometry": { "type": "Point", "coordinates": [ 139.660379612598973, 35.671663229186997 ] } },
{ "type": "Feature", "properties": { "name": "グレースホームケアクリニック", "kind": "精神科・心療内科", "capacity": 1.0, "weight": 1.0, "demand_value": 1.0, "source": "国土数値情報 P04 医療機関", "synthetic": false, "lon": 139.67382582019431, "lat": 35.603308452669665 }, "geometry": { "type": "Point", "coordinates": [ 139.67382582019431, 35.603308452669665 ] } },
{ "type": "Feature", "properties": { "name": "ゲンクリニック", "kind": "精神科・心療内科", "capacity": 1.0, "weight": 1.0, "demand_value": 1.0, "source": "国土数値情報 P04 医療機関", "synthetic": false, "lon": 139.66549749993891, "lat": 35.707288478758691 }, "geometry": { "type": "Point", "coordinates": [ 139.665497499938908, 35.707288478758691 ] } },
{ "type": "Feature", "properties": { "name": "こころとからだ・光の花クリニック", "kind": "精神科・心療内科", "capacity": 1.0, "weight": 1.0, "demand_value": 1.0, "source": "国土数値情報 P04 医療機関", "synthetic": false, "lon": 139.63626036527208, "lat": 35.701748652755867 }, "geometry": { "type": "Point", "coordinates": [ 139.636260365272079, 35.701748652755867 ] } },
{ "type": "Feature", "properties": { "name": "こころとからだの訪問クリニック", "kind": "精神科・心療内科", "capacity": 1.0, "weight": 1.0, "demand_value": 1.0, "source": "国土数値情報 P04 医療機関", "synthetic": false, "lon": 139.66818515377383, "lat": 35.659089547145285 }, "geometry": { "type": "Point", "coordinates": [ 139.668185153773834, 35.659089547145285 ] } },
{ "type": "Feature", "properties": { "name": "こころのクリニック自由が丘診療所", "kind": "精神科・心療内科", "capacity": 1.0, "weight": 1.0, "demand_value": 1.0, "source": "国土数値情報 P04 医療機関", "synthetic": false, "lon": 139.66687427187506, "lat": 35.606134248126011 }, "geometry": { "type": "Point", "coordinates": [ 139.666874271875059, 35.606134248126011 ] } },
{ "type": "Feature", "properties": { "name": "こころのホームクリニック世田谷", "kind": "精神科・心療内科", "capacity": 1.0, "weight": 1.0, "demand_value": 1.0, "source": "国土数値情報 P04 医療機関", "synthetic": false, "lon": 139.60030568220358, "lat": 35.672526096082599 }, "geometry": { "type": "Point", "coordinates": [ 139.600305682203583, 35.672526096082599 ] } },
{ "type": "Feature", "properties": { "name": "こころの漢方クリニック", "kind": "精神科・心療内科", "capacity": 1.0, "weight": 1.0, "demand_value": 1.0, "source": "国土数値情報 P04 医療機関", "synthetic": false, "lon": 139.70753378968826, "lat": 35.646911251788488 }, "geometry": { "type": "Point", "coordinates": [ 139.707533789688256, 35.646911251788488 ] } },
{ "type": "Feature", "properties": { "name": "こころの診療　きたむら醫院", "kind": "精神科・心療内科", "capacity": 1.0, "weight": 1.0, "demand_value": 1.0, "source": "国土数値情報 P04 医療機関", "synthetic": false, "lon": 139.68370542583494, "lat": 35.663926860787562 }, "geometry": { "type": "Point", "coordinates": [ 139.683705425834944, 35.663926860787562 ] } },
{ "type": "Feature", "properties": { "name": "こころの診療所　三軒茶屋", "kind": "精神科・心療内科", "capacity": 1.0, "weight": 1.0, "demand_value": 1.0, "source": "国土数値情報 P04 医療機関", "synthetic": false, "lon": 139.6714494996674, "lat": 35.643406726603274 }, "geometry": { "type": "Point", "coordinates": [ 139.671449499667403, 35.643406726603274 ] } },
{ "type": "Feature", "properties": { "name": "こども・思春期メンタルクリニック", "kind": "精神科・心療内科", "capacity": 1.0, "weight": 1.0, "demand_value": 1.0, "source": "国土数値情報 P04 医療機関", "synthetic": false, "lon": 139.73143583631426, "lat": 35.69086760607896 }, "geometry": { "type": "Point", "coordinates": [ 139.731435836314262, 35.69086760607896 ] } },
{ "type": "Feature", "properties": { "name": "こまえ正吉苑二番館医務室", "kind": "精神科・心療内科", "capacity": 1.0, "weight": 1.0, "demand_value": 1.0, "source": "国土数値情報 P04 医療機関", "synthetic": false, "lon": 139.56964062944701, "lat": 35.647435008259201 }, "geometry": { "type": "Point", "coordinates": [ 139.569640629447008, 35.647435008259201 ] } },
{ "type": "Feature", "properties": { "name": "さきお英子　子ども心のクリニック", "kind": "精神科・心療内科", "capacity": 1.0, "weight": 1.0, "demand_value": 1.0, "source": "国土数値情報 P04 医療機関", "synthetic": false, "lon": 139.5771950538597, "lat": 35.70252934119987 }, "geometry": { "type": "Point", "coordinates": [ 139.577195053859697, 35.70252934119987 ] } },
{ "type": "Feature", "properties": { "name": "さくまクリニック", "kind": "精神科・心療内科", "capacity": 1.0, "weight": 1.0, "demand_value": 1.0, "source": "国土数値情報 P04 医療機関", "synthetic": false, "lon": 139.71904641172628, "lat": 35.706711365135668 }, "geometry": { "type": "Point", "coordinates": [ 139.719046411726282, 35.706711365135668 ] } },
{ "type": "Feature", "properties": { "name": "さくらキッズくりにっく", "kind": "精神科・心療内科", "capacity": 1.0, "weight": 1.0, "demand_value": 1.0, "source": "国土数値情報 P04 医療機関", "synthetic": false, "lon": 139.64353423526458, "lat": 35.631616683323614 }, "geometry": { "type": "Point", "coordinates": [ 139.643534235264582, 35.631616683323614 ] } },
{ "type": "Feature", "properties": { "name": "さくらライフ中野クリニック", "kind": "精神科・心療内科", "capacity": 1.0, "weight": 1.0, "demand_value": 1.0, "source": "国土数値情報 P04 医療機関", "synthetic": false, "lon": 139.66143531871802, "lat": 35.707661650430829 }, "geometry": { "type": "Point", "coordinates": [ 139.66143531871802, 35.707661650430829 ] } },
{ "type": "Feature", "properties": { "name": "さくら坂クリニック　ＳｏｐｈｙＡｎｃｅ（ソフィアンス）", "kind": "精神科・心療内科", "capacity": 1.0, "weight": 1.0, "demand_value": 1.0, "source": "国土数値情報 P04 医療機関", "synthetic": false, "lon": 139.72854551734869, "lat": 35.664932917136966 }, "geometry": { "type": "Point", "coordinates": [ 139.728545517348692, 35.664932917136966 ] } },
{ "type": "Feature", "properties": { "name": "さとう耳鼻咽喉科", "kind": "精神科・心療内科", "capacity": 1.0, "weight": 1.0, "demand_value": 1.0, "source": "国土数値情報 P04 医療機関", "synthetic": false, "lon": 139.63495764889345, "lat": 35.62636363324124 }, "geometry": { "type": "Point", "coordinates": [ 139.634957648893447, 35.62636363324124 ] } },
{ "type": "Feature", "properties": { "name": "さぽーとぴあ診療所", "kind": "精神科・心療内科", "capacity": 1.0, "weight": 1.0, "demand_value": 1.0, "source": "国土数値情報 P04 医療機関", "synthetic": false, "lon": 139.71829560184651, "lat": 35.579444374059079 }, "geometry": { "type": "Point", "coordinates": [ 139.718295601846506, 35.579444374059079 ] } },
{ "type": "Feature", "properties": { "name": "サンライズ青山メディカルデンタルクリニック", "kind": "精神科・心療内科", "capacity": 1.0, "weight": 1.0, "demand_value": 1.0, "source": "国土数値情報 P04 医療機関", "synthetic": false, "lon": 139.72084876189064, "lat": 35.670838225016105 }, "geometry": { "type": "Point", "coordinates": [ 139.720848761890636, 35.670838225016105 ] } },
{ "type": "Feature", "properties": { "name": "しらかば診療所", "kind": "精神科・心療内科", "capacity": 1.0, "weight": 1.0, "demand_value": 1.0, "source": "国土数値情報 P04 医療機関", "synthetic": false, "lon": 139.72125690918747, "lat": 35.693800985391064 }, "geometry": { "type": "Point", "coordinates": [ 139.721256909187474, 35.693800985391064 ] } },
{ "type": "Feature", "properties": { "name": "しろかねたかなわクリニック", "kind": "精神科・心療内科", "capacity": 1.0, "weight": 1.0, "demand_value": 1.0, "source": "国土数値情報 P04 医療機関", "synthetic": false, "lon": 139.7345072697461, "lat": 35.645095813937388 }, "geometry": { "type": "Point", "coordinates": [ 139.734507269746103, 35.645095813937388 ] } },
{ "type": "Feature", "properties": { "name": "ストレスケア南青山", "kind": "精神科・心療内科", "capacity": 1.0, "weight": 1.0, "demand_value": 1.0, "source": "国土数値情報 P04 医療機関", "synthetic": false, "lon": 139.71557593448463, "lat": 35.660863401477442 }, "geometry": { "type": "Point", "coordinates": [ 139.715575934484633, 35.660863401477442 ] } },
{ "type": "Feature", "properties": { "name": "スリープ＆ストレスクリニック", "kind": "精神科・心療内科", "capacity": 1.0, "weight": 1.0, "demand_value": 1.0, "source": "国土数値情報 P04 医療機関", "synthetic": false, "lon": 139.72754976603363, "lat": 35.618387677557578 }, "geometry": { "type": "Point", "coordinates": [ 139.727549766033633, 35.618387677557578 ] } },
{ "type": "Feature", "properties": { "name": "スリープ・サポートクリニック", "kind": "精神科・心療内科", "capacity": 1.0, "weight": 1.0, "demand_value": 1.0, "source": "国土数値情報 P04 医療機関", "synthetic": false, "lon": 139.74248935274875, "lat": 35.603806289724382 }, "geometry": { "type": "Point", "coordinates": [ 139.742489352748748, 35.603806289724382 ] } },
{ "type": "Feature", "properties": { "name": "セラピイ青山クリニック", "kind": "精神科・心療内科", "capacity": 1.0, "weight": 1.0, "demand_value": 1.0, "source": "国土数値情報 P04 医療機関", "synthetic": false, "lon": 139.71379923806236, "lat": 35.666211396491072 }, "geometry": { "type": "Point", "coordinates": [ 139.713799238062364, 35.666211396491072 ] } },
{ "type": "Feature", "properties": { "name": "ソアレメディカルクリニック", "kind": "精神科・心療内科", "capacity": 1.0, "weight": 1.0, "demand_value": 1.0, "source": "国土数値情報 P04 医療機関", "synthetic": false, "lon": 139.67738080554039, "lat": 35.617983425089577 }, "geometry": { "type": "Point", "coordinates": [ 139.677380805540395, 35.617983425089577 ] } },
{ "type": "Feature", "properties": { "name": "そばにクリニック大井町", "kind": "精神科・心療内科", "capacity": 1.0, "weight": 1.0, "demand_value": 1.0, "source": "国土数値情報 P04 医療機関", "synthetic": false, "lon": 139.73268247410292, "lat": 35.606596977039366 }, "geometry": { "type": "Point", "coordinates": [ 139.732682474102916, 35.606596977039366 ] } },
{ "type": "Feature", "properties": { "name": "そらクリニック外苑前", "kind": "精神科・心療内科", "capacity": 1.0, "weight": 1.0, "demand_value": 1.0, "source": "国土数値情報 P04 医療機関", "synthetic": false, "lon": 139.72037549472017, "lat": 35.670054415765861 }, "geometry": { "type": "Point", "coordinates": [ 139.720375494720173, 35.670054415765861 ] } },
{ "type": "Feature", "properties": { "name": "たかはしメンタルクリニック", "kind": "精神科・心療内科", "capacity": 1.0, "weight": 1.0, "demand_value": 1.0, "source": "国土数値情報 P04 医療機関", "synthetic": false, "lon": 139.62771675819309, "lat": 35.613554233335414 }, "geometry": { "type": "Point", "coordinates": [ 139.627716758193088, 35.613554233335414 ] } },
{ "type": "Feature", "properties": { "name": "たくみクリニック", "kind": "精神科・心療内科", "capacity": 1.0, "weight": 1.0, "demand_value": 1.0, "source": "国土数値情報 P04 医療機関", "synthetic": false, "lon": 139.68520932478339, "lat": 35.629296175014851 }, "geometry": { "type": "Point", "coordinates": [ 139.685209324783386, 35.629296175014851 ] } },
{ "type": "Feature", "properties": { "name": "たつのシティタワークリニック", "kind": "精神科・心療内科", "capacity": 1.0, "weight": 1.0, "demand_value": 1.0, "source": "国土数値情報 P04 医療機関", "synthetic": false, "lon": 139.730841864658, "lat": 35.605538967893899 }, "geometry": { "type": "Point", "coordinates": [ 139.730841864658004, 35.605538967893899 ] } },
{ "type": "Feature", "properties": { "name": "たはらクリニック", "kind": "精神科・心療内科", "capacity": 1.0, "weight": 1.0, "demand_value": 1.0, "source": "国土数値情報 P04 医療機関", "synthetic": false, "lon": 139.69670025450128, "lat": 35.688281273444915 }, "geometry": { "type": "Point", "coordinates": [ 139.69670025450128, 35.688281273444915 ] } },
{ "type": "Feature", "properties": { "name": "たまきクリニック", "kind": "精神科・心療内科", "capacity": 1.0, "weight": 1.0, "demand_value": 1.0, "source": "国土数値情報 P04 医療機関", "synthetic": false, "lon": 139.670165646425, "lat": 35.607360893030112 }, "geometry": { "type": "Point", "coordinates": [ 139.670165646425005, 35.607360893030112 ] } },
{ "type": "Feature", "properties": { "name": "たまきクリニック", "kind": "精神科・心療内科", "capacity": 1.0, "weight": 1.0, "demand_value": 1.0, "source": "国土数値情報 P04 医療機関", "synthetic": false, "lon": 139.69722793414991, "lat": 35.689981643537848 }, "geometry": { "type": "Point", "coordinates": [ 139.697227934149907, 35.689981643537848 ] } },
{ "type": "Feature", "properties": { "name": "たむらメンタルクリニック", "kind": "精神科・心療内科", "capacity": 1.0, "weight": 1.0, "demand_value": 1.0, "source": "国土数値情報 P04 医療機関", "synthetic": false, "lon": 139.60208262345358, "lat": 35.667105675216852 }, "geometry": { "type": "Point", "coordinates": [ 139.602082623453583, 35.667105675216852 ] } },
{ "type": "Feature", "properties": { "name": "つつじヶ丘メンタルクリニック", "kind": "精神科・心療内科", "capacity": 1.0, "weight": 1.0, "demand_value": 1.0, "source": "国土数値情報 P04 医療機関", "synthetic": false, "lon": 139.57428029927669, "lat": 35.657926548474528 }, "geometry": { "type": "Point", "coordinates": [ 139.574280299276694, 35.657926548474528 ] } },
{ "type": "Feature", "properties": { "name": "つるとかめ医務室", "kind": "精神科・心療内科", "capacity": 1.0, "weight": 1.0, "demand_value": 1.0, "source": "国土数値情報 P04 医療機関", "synthetic": false, "lon": 139.66380508603481, "lat": 35.674450213754227 }, "geometry": { "type": "Point", "coordinates": [ 139.663805086034813, 35.674450213754227 ] } },
{ "type": "Feature", "properties": { "name": "テレビ朝日診療所", "kind": "精神科・心療内科", "capacity": 1.0, "weight": 1.0, "demand_value": 1.0, "source": "国土数値情報 P04 医療機関", "synthetic": false, "lon": 139.73111157404406, "lat": 35.659585222476558 }, "geometry": { "type": "Point", "coordinates": [ 139.731111574044064, 35.659585222476558 ] } },
{ "type": "Feature", "properties": { "name": "トータス往診クリニック", "kind": "精神科・心療内科", "capacity": 1.0, "weight": 1.0, "demand_value": 1.0, "source": "国土数値情報 P04 医療機関", "synthetic": false, "lon": 139.59262716540826, "lat": 35.625485585359158 }, "geometry": { "type": "Point", "coordinates": [ 139.59262716540826, 35.625485585359158 ] } },
{ "type": "Feature", "properties": { "name": "とおる医院", "kind": "精神科・心療内科", "capacity": 1.0, "weight": 1.0, "demand_value": 1.0, "source": "国土数値情報 P04 医療機関", "synthetic": false, "lon": 139.60047317487906, "lat": 35.709878410604865 }, "geometry": { "type": "Point", "coordinates": [ 139.600473174879056, 35.709878410604865 ] } },
{ "type": "Feature", "properties": { "name": "どんぐり発達クリニック", "kind": "精神科・心療内科", "capacity": 1.0, "weight": 1.0, "demand_value": 1.0, "source": "国土数値情報 P04 医療機関", "synthetic": false, "lon": 139.60060710276238, "lat": 35.670288030607814 }, "geometry": { "type": "Point", "coordinates": [ 139.600607102762382, 35.670288030607814 ] } },
{ "type": "Feature", "properties": { "name": "なかくきクリニック", "kind": "精神科・心療内科", "capacity": 1.0, "weight": 1.0, "demand_value": 1.0, "source": "国土数値情報 P04 医療機関", "synthetic": false, "lon": 139.66789952834594, "lat": 35.600427309363688 }, "geometry": { "type": "Point", "coordinates": [ 139.667899528345941, 35.600427309363688 ] } },
{ "type": "Feature", "properties": { "name": "ナショナル　メディカル　クリニック　（ＮＡＴＩＯＮＡＬ　ＭＥＤＩＣＡＬ　ＣＬＩＮＩＣ）", "kind": "精神科・心療内科", "capacity": 1.0, "weight": 1.0, "demand_value": 1.0, "source": "国土数値情報 P04 医療機関", "synthetic": false, "lon": 139.72331473387561, "lat": 35.651449288704548 }, "geometry": { "type": "Point", "coordinates": [ 139.723314733875611, 35.651449288704548 ] } },
{ "type": "Feature", "properties": { "name": "ニコン本社健康支援室", "kind": "精神科・心療内科", "capacity": 1.0, "weight": 1.0, "demand_value": 1.0, "source": "国土数値情報 P04 医療機関", "synthetic": false, "lon": 139.74191890993595, "lat": 35.626453750992781 }, "geometry": { "type": "Point", "coordinates": [ 139.741918909935947, 35.626453750992781 ] } },
{ "type": "Feature", "properties": { "name": "にっせいかん青物横丁クリニック", "kind": "精神科・心療内科", "capacity": 1.0, "weight": 1.0, "demand_value": 1.0, "source": "国土数値情報 P04 医療機関", "synthetic": false, "lon": 139.74512793699355, "lat": 35.607073464386701 }, "geometry": { "type": "Point", "coordinates": [ 139.745127936993555, 35.607073464386701 ] } },
{ "type": "Feature", "properties": { "name": "にれの木クリニック", "kind": "精神科・心療内科", "capacity": 1.0, "weight": 1.0, "demand_value": 1.0, "source": "国土数値情報 P04 医療機関", "synthetic": false, "lon": 139.62200940936455, "lat": 35.705631137397248 }, "geometry": { "type": "Point", "coordinates": [ 139.622009409364551, 35.705631137397248 ] } },
{ "type": "Feature", "properties": { "name": "ねぎし内科診療所", "kind": "精神科・心療内科", "capacity": 1.0, "weight": 1.0, "demand_value": 1.0, "source": "国土数値情報 P04 医療機関", "synthetic": false, "lon": 139.72004273820346, "lat": 35.687704928998485 }, "geometry": { "type": "Point", "coordinates": [ 139.72004273820346, 35.687704928998485 ] } },
{ "type": "Feature", "properties": { "name": "ネクストクリニック", "kind": "精神科・心療内科", "capacity": 1.0, "weight": 1.0, "demand_value": 1.0, "source": "国土数値情報 P04 医療機関", "synthetic": false, "lon": 139.66738234944324, "lat": 35.698832603345274 }, "geometry": { "type": "Point", "coordinates": [ 139.667382349443244, 35.698832603345274 ] } },
{ "type": "Feature", "properties": { "name": "のぞみメモリークリニック", "kind": "精神科・心療内科", "capacity": 1.0, "weight": 1.0, "demand_value": 1.0, "source": "国土数値情報 P04 医療機関", "synthetic": false, "lon": 139.56470456070076, "lat": 35.693589090847077 }, "geometry": { "type": "Point", "coordinates": [ 139.564704560700761, 35.693589090847077 ] } },
{ "type": "Feature", "properties": { "name": "ノムラクリニック", "kind": "精神科・心療内科", "capacity": 1.0, "weight": 1.0, "demand_value": 1.0, "source": "国土数値情報 P04 医療機関", "synthetic": false, "lon": 139.71094470274144, "lat": 35.644239950717683 }, "geometry": { "type": "Point", "coordinates": [ 139.710944702741443, 35.644239950717683 ] } },
{ "type": "Feature", "properties": { "name": "ハートケア銀河クリニック", "kind": "精神科・心療内科", "capacity": 1.0, "weight": 1.0, "demand_value": 1.0, "source": "国土数値情報 P04 医療機関", "synthetic": false, "lon": 139.6801313520817, "lat": 35.697060111557931 }, "geometry": { "type": "Point", "coordinates": [ 139.680131352081702, 35.697060111557931 ] } },
{ "type": "Feature", "properties": { "name": "はしもとクリニック経堂", "kind": "精神科・心療内科", "capacity": 1.0, "weight": 1.0, "demand_value": 1.0, "source": "国土数値情報 P04 医療機関", "synthetic": false, "lon": 139.64254689463144, "lat": 35.648810974169777 }, "geometry": { "type": "Point", "coordinates": [ 139.642546894631437, 35.648810974169777 ] } },
{ "type": "Feature", "properties": { "name": "はたがやメンタルクリニック", "kind": "精神科・心療内科", "capacity": 1.0, "weight": 1.0, "demand_value": 1.0, "source": "国土数値情報 P04 医療機関", "synthetic": false, "lon": 139.67652607749389, "lat": 35.680197025544693 }, "geometry": { "type": "Point", "coordinates": [ 139.676526077493889, 35.680197025544693 ] } },
{ "type": "Feature", "properties": { "name": "はたがや南口心療内科", "kind": "精神科・心療内科", "capacity": 1.0, "weight": 1.0, "demand_value": 1.0, "source": "国土数値情報 P04 医療機関", "synthetic": false, "lon": 139.67692255007171, "lat": 35.676383873256746 }, "geometry": { "type": "Point", "coordinates": [ 139.676922550071708, 35.676383873256746 ] } },
{ "type": "Feature", "properties": { "name": "はりかえメンタルクリニック", "kind": "精神科・心療内科", "capacity": 1.0, "weight": 1.0, "demand_value": 1.0, "source": "国土数値情報 P04 医療機関", "synthetic": false, "lon": 139.66549749993891, "lat": 35.707288478758691 }, "geometry": { "type": "Point", "coordinates": [ 139.665497499938908, 35.707288478758691 ] } },
{ "type": "Feature", "properties": { "name": "はるの・こころみクリニック", "kind": "精神科・心療内科", "capacity": 1.0, "weight": 1.0, "demand_value": 1.0, "source": "国土数値情報 P04 医療機関", "synthetic": false, "lon": 139.63576057964463, "lat": 35.704550808747726 }, "geometry": { "type": "Point", "coordinates": [ 139.635760579644625, 35.704550808747726 ] } },
{ "type": "Feature", "properties": { "name": "ひかりクリニック東京", "kind": "精神科・心療内科", "capacity": 1.0, "weight": 1.0, "demand_value": 1.0, "source": "国土数値情報 P04 医療機関", "synthetic": false, "lon": 139.69576789687611, "lat": 35.686232322811733 }, "geometry": { "type": "Point", "coordinates": [ 139.695767896876106, 35.686232322811733 ] } },
{ "type": "Feature", "properties": { "name": "ひまわりクリニック", "kind": "精神科・心療内科", "capacity": 1.0, "weight": 1.0, "demand_value": 1.0, "source": "国土数値情報 P04 医療機関", "synthetic": false, "lon": 139.7357449365241, "lat": 35.60077947205896 }, "geometry": { "type": "Point", "coordinates": [ 139.7357449365241, 35.60077947205896 ] } },
{ "type": "Feature", "properties": { "name": "ひまわりメンタルクリニック", "kind": "精神科・心療内科", "capacity": 1.0, "weight": 1.0, "demand_value": 1.0, "source": "国土数値情報 P04 医療機関", "synthetic": false, "lon": 139.62154861963251, "lat": 35.705413372879704 }, "geometry": { "type": "Point", "coordinates": [ 139.621548619632506, 35.705413372879704 ] } },
{ "type": "Feature", "properties": { "name": "ファミリークリニック用賀", "kind": "精神科・心療内科", "capacity": 1.0, "weight": 1.0, "demand_value": 1.0, "source": "国土数値情報 P04 医療機関", "synthetic": false, "lon": 139.64167858968474, "lat": 35.622962968292661 }, "geometry": { "type": "Point", "coordinates": [ 139.641678589684744, 35.622962968292661 ] } },
{ "type": "Feature", "properties": { "name": "ふくろうクリニック等々力", "kind": "精神科・心療内科", "capacity": 1.0, "weight": 1.0, "demand_value": 1.0, "source": "国土数値情報 P04 医療機関", "synthetic": false, "lon": 139.64779489094832, "lat": 35.608604899511775 }, "geometry": { "type": "Point", "coordinates": [ 139.647794890948319, 35.608604899511775 ] } },
{ "type": "Feature", "properties": { "name": "プラチナクリニック", "kind": "精神科・心療内科", "capacity": 1.0, "weight": 1.0, "demand_value": 1.0, "source": "国土数値情報 P04 医療機関", "synthetic": false, "lon": 139.70547383560512, "lat": 35.692202694221315 }, "geometry": { "type": "Point", "coordinates": [ 139.705473835605119, 35.692202694221315 ] } },
{ "type": "Feature", "properties": { "name": "フロッギーズクリニック", "kind": "精神科・心療内科", "capacity": 1.0, "weight": 1.0, "demand_value": 1.0, "source": "国土数値情報 P04 医療機関", "synthetic": false, "lon": 139.67253759310961, "lat": 35.638654804200833 }, "geometry": { "type": "Point", "coordinates": [ 139.67253759310961, 35.638654804200833 ] } },
{ "type": "Feature", "properties": { "name": "ホープクリニック", "kind": "精神科・心療内科", "capacity": 1.0, "weight": 1.0, "demand_value": 1.0, "source": "国土数値情報 P04 医療機関", "synthetic": false, "lon": 139.681185972393, "lat": 35.670398876620602 }, "geometry": { "type": "Point", "coordinates": [ 139.681185972392996, 35.670398876620602 ] } },
{ "type": "Feature", "properties": { "name": "ホームクリニック東京", "kind": "精神科・心療内科", "capacity": 1.0, "weight": 1.0, "demand_value": 1.0, "source": "国土数値情報 P04 医療機関", "synthetic": false, "lon": 139.62283729895597, "lat": 35.614351660483074 }, "geometry": { "type": "Point", "coordinates": [ 139.622837298955972, 35.614351660483074 ] } },
{ "type": "Feature", "properties": { "name": "マコトメンタルクリニック", "kind": "精神科・心療内科", "capacity": 1.0, "weight": 1.0, "demand_value": 1.0, "source": "国土数値情報 P04 医療機関", "synthetic": false, "lon": 139.71513092001493, "lat": 35.635063008902229 }, "geometry": { "type": "Point", "coordinates": [ 139.715130920014929, 35.635063008902229 ] } },
{ "type": "Feature", "properties": { "name": "みこしばクリニック", "kind": "精神科・心療内科", "capacity": 1.0, "weight": 1.0, "demand_value": 1.0, "source": "国土数値情報 P04 医療機関", "synthetic": false, "lon": 139.58584648086662, "lat": 35.692538957693678 }, "geometry": { "type": "Point", "coordinates": [ 139.585846480866621, 35.692538957693678 ] } },
{ "type": "Feature", "properties": { "name": "みすずクリニック", "kind": "精神科・心療内科", "capacity": 1.0, "weight": 1.0, "demand_value": 1.0, "source": "国土数値情報 P04 医療機関", "synthetic": false, "lon": 139.71353248455767, "lat": 35.661350536184543 }, "geometry": { "type": "Point", "coordinates": [ 139.713532484557675, 35.661350536184543 ] } },
{ "type": "Feature", "properties": { "name": "ミズメンタルクリニック", "kind": "精神科・心療内科", "capacity": 1.0, "weight": 1.0, "demand_value": 1.0, "source": "国土数値情報 P04 医療機関", "synthetic": false, "lon": 139.64985610375214, "lat": 35.704405907092642 }, "geometry": { "type": "Point", "coordinates": [ 139.649856103752143, 35.704405907092642 ] } },
{ "type": "Feature", "properties": { "name": "みたか紫水園診療所", "kind": "精神科・心療内科", "capacity": 1.0, "weight": 1.0, "demand_value": 1.0, "source": "国土数値情報 P04 医療機関", "synthetic": false, "lon": 139.56927831922687, "lat": 35.676183366114664 }, "geometry": { "type": "Point", "coordinates": [ 139.569278319226868, 35.676183366114664 ] } },
{ "type": "Feature", "properties": { "name": "みやびハート＆ケアクリニック", "kind": "精神科・心療内科", "capacity": 1.0, "weight": 1.0, "demand_value": 1.0, "source": "国土数値情報 P04 医療機関", "synthetic": false, "lon": 139.67103179265345, "lat": 35.698175010679016 }, "geometry": { "type": "Point", "coordinates": [ 139.671031792653451, 35.698175010679016 ] } },
{ "type": "Feature", "properties": { "name": "みゆきクリニック", "kind": "精神科・心療内科", "capacity": 1.0, "weight": 1.0, "demand_value": 1.0, "source": "国土数値情報 P04 医療機関", "synthetic": false, "lon": 139.73686709135768, "lat": 35.626002256704901 }, "geometry": { "type": "Point", "coordinates": [ 139.736867091357681, 35.626002256704901 ] } },
{ "type": "Feature", "properties": { "name": "みよし内科クリニック", "kind": "精神科・心療内科", "capacity": 1.0, "weight": 1.0, "demand_value": 1.0, "source": "国土数値情報 P04 医療機関", "synthetic": false, "lon": 139.63953877916325, "lat": 35.659689068570479 }, "geometry": { "type": "Point", "coordinates": [ 139.639538779163246, 35.659689068570479 ] } },
{ "type": "Feature", "properties": { "name": "めぐろ駅東口メンタルクリニック", "kind": "精神科・心療内科", "capacity": 1.0, "weight": 1.0, "demand_value": 1.0, "source": "国土数値情報 P04 医療機関", "synthetic": false, "lon": 139.71776572075328, "lat": 35.633802635592389 }, "geometry": { "type": "Point", "coordinates": [ 139.717765720753277, 35.633802635592389 ] } },
{ "type": "Feature", "properties": { "name": "メディカルハートクリニック", "kind": "精神科・心療内科", "capacity": 1.0, "weight": 1.0, "demand_value": 1.0, "source": "国土数値情報 P04 医療機関", "synthetic": false, "lon": 139.74195041345973, "lat": 35.685229856026901 }, "geometry": { "type": "Point", "coordinates": [ 139.741950413459733, 35.685229856026901 ] } },
{ "type": "Feature", "properties": { "name": "メンタルクリニックやまびこ", "kind": "精神科・心療内科", "capacity": 1.0, "weight": 1.0, "demand_value": 1.0, "source": "国土数値情報 P04 医療機関", "synthetic": false, "lon": 139.64407695672989, "lat": 35.632033029862399 }, "geometry": { "type": "Point", "coordinates": [ 139.64407695672989, 35.632033029862399 ] } },
{ "type": "Feature", "properties": { "name": "もりしたクリニック", "kind": "精神科・心療内科", "capacity": 1.0, "weight": 1.0, "demand_value": 1.0, "source": "国土数値情報 P04 医療機関", "synthetic": false, "lon": 139.70743811578643, "lat": 35.617023581409256 }, "geometry": { "type": "Point", "coordinates": [ 139.707438115786431, 35.617023581409256 ] } },
{ "type": "Feature", "properties": { "name": "やくも診療所", "kind": "精神科・心療内科", "capacity": 1.0, "weight": 1.0, "demand_value": 1.0, "source": "国土数値情報 P04 医療機関", "synthetic": false, "lon": 139.72405453725074, "lat": 35.646775685938167 }, "geometry": { "type": "Point", "coordinates": [ 139.724054537250737, 35.646775685938167 ] } },
{ "type": "Feature", "properties": { "name": "やしまメンタルクリニック", "kind": "精神科・心療内科", "capacity": 1.0, "weight": 1.0, "demand_value": 1.0, "source": "国土数値情報 P04 医療機関", "synthetic": false, "lon": 139.69819469147205, "lat": 35.693360995458477 }, "geometry": { "type": "Point", "coordinates": [ 139.698194691472054, 35.693360995458477 ] } },
{ "type": "Feature", "properties": { "name": "やまでらクリニック", "kind": "精神科・心療内科", "capacity": 1.0, "weight": 1.0, "demand_value": 1.0, "source": "国土数値情報 P04 医療機関", "synthetic": false, "lon": 139.56250637166363, "lat": 35.703222213450132 }, "geometry": { "type": "Point", "coordinates": [ 139.56250637166363, 35.703222213450132 ] } },
{ "type": "Feature", "properties": { "name": "ゆいメンタルクリニック", "kind": "精神科・心療内科", "capacity": 1.0, "weight": 1.0, "demand_value": 1.0, "source": "国土数値情報 P04 医療機関", "synthetic": false, "lon": 139.57503725742194, "lat": 35.70278615708105 }, "geometry": { "type": "Point", "coordinates": [ 139.57503725742194, 35.70278615708105 ] } },
{ "type": "Feature", "properties": { "name": "ユーロクリニーク南青山", "kind": "精神科・心療内科", "capacity": 1.0, "weight": 1.0, "demand_value": 1.0, "source": "国土数値情報 P04 医療機関", "synthetic": false, "lon": 139.72291998796985, "lat": 35.670435808511847 }, "geometry": { "type": "Point", "coordinates": [ 139.722919987969846, 35.670435808511847 ] } },
{ "type": "Feature", "properties": { "name": "よつや三栄通りメンタルクリニック", "kind": "精神科・心療内科", "capacity": 1.0, "weight": 1.0, "demand_value": 1.0, "source": "国土数値情報 P04 医療機関", "synthetic": false, "lon": 139.72625720143594, "lat": 35.687954759521247 }, "geometry": { "type": "Point", "coordinates": [ 139.726257201435942, 35.687954759521247 ] } },
{ "type": "Feature", "properties": { "name": "阿佐ヶ谷純クリニック", "kind": "精神科・心療内科", "capacity": 1.0, "weight": 1.0, "demand_value": 1.0, "source": "国土数値情報 P04 医療機関", "synthetic": false, "lon": 139.6360479161751, "lat": 35.700841533066573 }, "geometry": { "type": "Point", "coordinates": [ 139.636047916175102, 35.700841533066573 ] } },
{ "type": "Feature", "properties": { "name": "芦花公園駅前クリニック", "kind": "精神科・心療内科", "capacity": 1.0, "weight": 1.0, "demand_value": 1.0, "source": "国土数値情報 P04 医療機関", "synthetic": false, "lon": 139.60842758413639, "lat": 35.670302466409673 }, "geometry": { "type": "Point", "coordinates": [ 139.608427584136393, 35.670302466409673 ] } },
{ "type": "Feature", "properties": { "name": "安藤医院", "kind": "精神科・心療内科", "capacity": 1.0, "weight": 1.0, "demand_value": 1.0, "source": "国土数値情報 P04 医療機関", "synthetic": false, "lon": 139.62195748950356, "lat": 35.705033428824258 }, "geometry": { "type": "Point", "coordinates": [ 139.621957489503558, 35.705033428824258 ] } },
{ "type": "Feature", "properties": { "name": "杏林大学医学部付属病院", "kind": "精神科・心療内科", "capacity": 1.0, "weight": 1.0, "demand_value": 1.0, "source": "国土数値情報 P04 医療機関", "synthetic": false, "lon": 139.56652113430138, "lat": 35.677606665099027 }, "geometry": { "type": "Point", "coordinates": [ 139.566521134301382, 35.677606665099027 ] } },
{ "type": "Feature", "properties": { "name": "杏林大学井の頭キャンパス診療所", "kind": "精神科・心療内科", "capacity": 1.0, "weight": 1.0, "demand_value": 1.0, "source": "国土数値情報 P04 医療機関", "synthetic": false, "lon": 139.56919825488123, "lat": 35.685711716281837 }, "geometry": { "type": "Point", "coordinates": [ 139.569198254881229, 35.685711716281837 ] } },
{ "type": "Feature", "properties": { "name": "医療法人ＡｖｅｃＶｏｕｓ大井町こころのクリニック", "kind": "精神科・心療内科", "capacity": 1.0, "weight": 1.0, "demand_value": 1.0, "source": "国土数値情報 P04 医療機関", "synthetic": false, "lon": 139.7331760659813, "lat": 35.605986511210112 }, "geometry": { "type": "Point", "coordinates": [ 139.733176065981297, 35.605986511210112 ] } },
{ "type": "Feature", "properties": { "name": "医療法人エルア会　マオメディカルクリニック", "kind": "精神科・心療内科", "capacity": 1.0, "weight": 1.0, "demand_value": 1.0, "source": "国土数値情報 P04 医療機関", "synthetic": false, "lon": 139.72967608107854, "lat": 35.588441677381383 }, "geometry": { "type": "Point", "coordinates": [ 139.729676081078537, 35.588441677381383 ] } },
{ "type": "Feature", "properties": { "name": "医療法人ネオポリス診療所新宿皮フ科", "kind": "精神科・心療内科", "capacity": 1.0, "weight": 1.0, "demand_value": 1.0, "source": "国土数値情報 P04 医療機関", "synthetic": false, "lon": 139.70164636796619, "lat": 35.692626164289763 }, "geometry": { "type": "Point", "coordinates": [ 139.701646367966191, 35.692626164289763 ] } },
{ "type": "Feature", "properties": { "name": "医療法人財団　安田病院", "kind": "精神科・心療内科", "capacity": 1.0, "weight": 1.0, "demand_value": 1.0, "source": "国土数値情報 P04 医療機関", "synthetic": false, "lon": 139.72836761877272, "lat": 35.58677962980979 }, "geometry": { "type": "Point", "coordinates": [ 139.728367618772722, 35.58677962980979 ] } },
{ "type": "Feature", "properties": { "name": "医療法人財団　玉川会　エムオーエー新高輪クリニック", "kind": "精神科・心療内科", "capacity": 1.0, "weight": 1.0, "demand_value": 1.0, "source": "国土数値情報 P04 医療機関", "synthetic": false, "lon": 139.73502713754465, "lat": 35.628709917559959 }, "geometry": { "type": "Point", "coordinates": [ 139.735027137544648, 35.628709917559959 ] } },
{ "type": "Feature", "properties": { "name": "医療法人財団　順和会　山王メディカルセンター", "kind": "精神科・心療内科", "capacity": 1.0, "weight": 1.0, "demand_value": 1.0, "source": "国土数値情報 P04 医療機関", "synthetic": false, "lon": 139.72633963296539, "lat": 35.672334001558738 }, "geometry": { "type": "Point", "coordinates": [ 139.726339632965392, 35.672334001558738 ] } },
{ "type": "Feature", "properties": { "name": "医療法人財団　東京勤労者医療会　代々木病院", "kind": "精神科・心療内科", "capacity": 1.0, "weight": 1.0, "demand_value": 1.0, "source": "国土数値情報 P04 医療機関", "synthetic": false, "lon": 139.70945662832546, "lat": 35.68098768948844 }, "geometry": { "type": "Point", "coordinates": [ 139.709456628325455, 35.68098768948844 ] } },
{ "type": "Feature", "properties": { "name": "医療法人財団岩尾会　メンタルクリニックいわお", "kind": "精神科・心療内科", "capacity": 1.0, "weight": 1.0, "demand_value": 1.0, "source": "国土数値情報 P04 医療機関", "synthetic": false, "lon": 139.59932287486916, "lat": 35.704692305226899 }, "geometry": { "type": "Point", "coordinates": [ 139.599322874869159, 35.704692305226899 ] } },
{ "type": "Feature", "properties": { "name": "医療法人財団玉川会　エム・オー・エー高輪クリニック", "kind": "精神科・心療内科", "capacity": 1.0, "weight": 1.0, "demand_value": 1.0, "source": "国土数値情報 P04 医療機関", "synthetic": false, "lon": 139.73466132529822, "lat": 35.628966820739478 }, "geometry": { "type": "Point", "coordinates": [ 139.734661325298219, 35.628966820739478 ] } },
{ "type": "Feature", "properties": { "name": "医療法人社団 さくら葵会 さくらクリニック", "kind": "精神科・心療内科", "capacity": 1.0, "weight": 1.0, "demand_value": 1.0, "source": "国土数値情報 P04 医療機関", "synthetic": false, "lon": 139.70113437224452, "lat": 35.572329987403869 }, "geometry": { "type": "Point", "coordinates": [ 139.701134372244525, 35.572329987403869 ] } },
{ "type": "Feature", "properties": { "name": "医療法人社団　じゅんせいクリニック", "kind": "精神科・心療内科", "capacity": 1.0, "weight": 1.0, "demand_value": 1.0, "source": "国土数値情報 P04 医療機関", "synthetic": false, "lon": 139.72034246362202, "lat": 35.591690119687598 }, "geometry": { "type": "Point", "coordinates": [ 139.720342463622018, 35.591690119687598 ] } },
{ "type": "Feature", "properties": { "name": "医療法人社団　スリープクリニック　スリープクリニック青山", "kind": "精神科・心療内科", "capacity": 1.0, "weight": 1.0, "demand_value": 1.0, "source": "国土数値情報 P04 医療機関", "synthetic": false, "lon": 139.72034367976849, "lat": 35.666158731888999 }, "geometry": { "type": "Point", "coordinates": [ 139.72034367976849, 35.666158731888999 ] } },
{ "type": "Feature", "properties": { "name": "医療法人社団　はなまる会　千歳台はなクリニック", "kind": "精神科・心療内科", "capacity": 1.0, "weight": 1.0, "demand_value": 1.0, "source": "国土数値情報 P04 医療機関", "synthetic": false, "lon": 139.61181600103572, "lat": 35.65787458640559 }, "geometry": { "type": "Point", "coordinates": [ 139.61181600103572, 35.65787458640559 ] } },
{ "type": "Feature", "properties": { "name": "医療法人社団　伊藤医院", "kind": "精神科・心療内科", "capacity": 1.0, "weight": 1.0, "demand_value": 1.0, "source": "国土数値情報 P04 医療機関", "synthetic": false, "lon": 139.72038939345668, "lat": 35.592016189101628 }, "geometry": { "type": "Point", "coordinates": [ 139.720389393456685, 35.592016189101628 ] } },
{ "type": "Feature", "properties": { "name": "医療法人社団　健豊会　つのおクリニック", "kind": "精神科・心療内科", "capacity": 1.0, "weight": 1.0, "demand_value": 1.0, "source": "国土数値情報 P04 医療機関", "synthetic": false, "lon": 139.70483725288395, "lat": 35.65711169469165 }, "geometry": { "type": "Point", "coordinates": [ 139.704837252883948, 35.65711169469165 ] } },
{ "type": "Feature", "properties": { "name": "医療法人社団　三留クリニック", "kind": "精神科・心療内科", "capacity": 1.0, "weight": 1.0, "demand_value": 1.0, "source": "国土数値情報 P04 医療機関", "synthetic": false, "lon": 139.72600044791386, "lat": 35.575912248640847 }, "geometry": { "type": "Point", "coordinates": [ 139.726000447913862, 35.575912248640847 ] } },
{ "type": "Feature", "properties": { "name": "医療法人社団　爽玄会　碑文谷病院", "kind": "精神科・心療内科", "capacity": 1.0, "weight": 1.0, "demand_value": 1.0, "source": "国土数値情報 P04 医療機関", "synthetic": false, "lon": 139.68586220390083, "lat": 35.614297144280137 }, "geometry": { "type": "Point", "coordinates": [ 139.685862203900825, 35.614297144280137 ] } },
{ "type": "Feature", "properties": { "name": "医療法人社団　大和会　大内クリニックおおくぼ", "kind": "精神科・心療内科", "capacity": 1.0, "weight": 1.0, "demand_value": 1.0, "source": "国土数値情報 P04 医療機関", "synthetic": false, "lon": 139.69916045694805, "lat": 35.701941133398179 }, "geometry": { "type": "Point", "coordinates": [ 139.69916045694805, 35.701941133398179 ] } },
{ "type": "Feature", "properties": { "name": "医療法人社団　東京巨樹の会　東京品川病院", "kind": "精神科・心療内科", "capacity": 1.0, "weight": 1.0, "demand_value": 1.0, "source": "国土数値情報 P04 医療機関", "synthetic": false, "lon": 139.73489686738455, "lat": 35.60286056347487 }, "geometry": { "type": "Point", "coordinates": [ 139.734896867384549, 35.60286056347487 ] } },
{ "type": "Feature", "properties": { "name": "医療法人社団　透心会　初台クリニック", "kind": "精神科・心療内科", "capacity": 1.0, "weight": 1.0, "demand_value": 1.0, "source": "国土数値情報 P04 医療機関", "synthetic": false, "lon": 139.68724077903471, "lat": 35.678939638015827 }, "geometry": { "type": "Point", "coordinates": [ 139.68724077903471, 35.678939638015827 ] } },
{ "type": "Feature", "properties": { "name": "医療法人社団　平成医会　平成かぐらクリニック", "kind": "精神科・心療内科", "capacity": 1.0, "weight": 1.0, "demand_value": 1.0, "source": "国土数値情報 P04 医療機関", "synthetic": false, "lon": 139.74186183803627, "lat": 35.701739702519127 }, "geometry": { "type": "Point", "coordinates": [ 139.741861838036272, 35.701739702519127 ] } },
{ "type": "Feature", "properties": { "name": "医療法人社団　悠翔会　悠翔会在宅クリニック渋谷", "kind": "精神科・心療内科", "capacity": 1.0, "weight": 1.0, "demand_value": 1.0, "source": "国土数値情報 P04 医療機関", "synthetic": false, "lon": 139.69099472838388, "lat": 35.66713637712148 }, "geometry": { "type": "Point", "coordinates": [ 139.690994728383885, 35.66713637712148 ] } },
{ "type": "Feature", "properties": { "name": "医療法人社団　菫会　目黒病院", "kind": "精神科・心療内科", "capacity": 1.0, "weight": 1.0, "demand_value": 1.0, "source": "国土数値情報 P04 医療機関", "synthetic": false, "lon": 139.69112295986039, "lat": 35.631938774629965 }, "geometry": { "type": "Point", "coordinates": [ 139.691122959860394, 35.631938774629965 ] } },
{ "type": "Feature", "properties": { "name": "医療法人社団ＡＲＣＷＥＬＬ　駒澤ライフクリニック", "kind": "精神科・心療内科", "capacity": 1.0, "weight": 1.0, "demand_value": 1.0, "source": "国土数値情報 P04 医療機関", "synthetic": false, "lon": 139.65856899264199, "lat": 35.631977862347902 }, "geometry": { "type": "Point", "coordinates": [ 139.658568992641989, 35.631977862347902 ] } },
{ "type": "Feature", "properties": { "name": "医療法人社団ＡＲＣＷＥＬＬ祖師谷ライフクリニック", "kind": "精神科・心療内科", "capacity": 1.0, "weight": 1.0, "demand_value": 1.0, "source": "国土数値情報 P04 医療機関", "synthetic": false, "lon": 139.60824239656637, "lat": 35.649779608566384 }, "geometry": { "type": "Point", "coordinates": [ 139.608242396566368, 35.649779608566384 ] } },
{ "type": "Feature", "properties": { "name": "医療法人社団ＤＥＮ　みいクリニック代々木", "kind": "精神科・心療内科", "capacity": 1.0, "weight": 1.0, "demand_value": 1.0, "source": "国土数値情報 P04 医療機関", "synthetic": false, "lon": 139.69646655255517, "lat": 35.682922170778141 }, "geometry": { "type": "Point", "coordinates": [ 139.696466552555165, 35.682922170778141 ] } },
{ "type": "Feature", "properties": { "name": "医療法人社団ＩＬＣ会一番町レディースクリニック", "kind": "精神科・心療内科", "capacity": 1.0, "weight": 1.0, "demand_value": 1.0, "source": "国土数値情報 P04 医療機関", "synthetic": false, "lon": 139.742554627896, "lat": 35.6876474572191 }, "geometry": { "type": "Point", "coordinates": [ 139.742554627895998, 35.6876474572191 ] } },
{ "type": "Feature", "properties": { "name": "医療法人社団ＫＡＲＩＹＡ　まいんずたわーメンタルクリニック", "kind": "精神科・心療内科", "capacity": 1.0, "weight": 1.0, "demand_value": 1.0, "source": "国土数値情報 P04 医療機関", "synthetic": false, "lon": 139.6989101179941, "lat": 35.686731782580758 }, "geometry": { "type": "Point", "coordinates": [ 139.698910117994103, 35.686731782580758 ] } },
{ "type": "Feature", "properties": { "name": "医療法人社団ＫＹＧ医療会ハタイクリニック", "kind": "精神科・心療内科", "capacity": 1.0, "weight": 1.0, "demand_value": 1.0, "source": "国土数値情報 P04 医療機関", "synthetic": false, "lon": 139.6910090332801, "lat": 35.633768001522135 }, "geometry": { "type": "Point", "coordinates": [ 139.691009033280096, 35.633768001522135 ] } },
{ "type": "Feature", "properties": { "name": "医療法人社団ＬＯＣＯ　ロコクリニック中目黒", "kind": "精神科・心療内科", "capacity": 1.0, "weight": 1.0, "demand_value": 1.0, "source": "国土数値情報 P04 医療機関", "synthetic": false, "lon": 139.69650883269085, "lat": 35.645972260771437 }, "geometry": { "type": "Point", "coordinates": [ 139.696508832690853, 35.645972260771437 ] } },
{ "type": "Feature", "properties": { "name": "医療法人社団ｍＨＩ　市橋クリニック", "kind": "精神科・心療内科", "capacity": 1.0, "weight": 1.0, "demand_value": 1.0, "source": "国土数値情報 P04 医療機関", "synthetic": false, "lon": 139.69116748252293, "lat": 35.667436901941819 }, "geometry": { "type": "Point", "coordinates": [ 139.691167482522928, 35.667436901941819 ] } },
{ "type": "Feature", "properties": { "name": "医療法人社団ＳＰＣ会　塩谷ペインクリニック", "kind": "精神科・心療内科", "capacity": 1.0, "weight": 1.0, "demand_value": 1.0, "source": "国土数値情報 P04 医療機関", "synthetic": false, "lon": 139.71513092001493, "lat": 35.635063008902229 }, "geometry": { "type": "Point", "coordinates": [ 139.715130920014929, 35.635063008902229 ] } },
{ "type": "Feature", "properties": { "name": "医療法人社団ＴＬＣ医療会ブレインケアクリニック", "kind": "精神科・心療内科", "capacity": 1.0, "weight": 1.0, "demand_value": 1.0, "source": "国土数値情報 P04 医療機関", "synthetic": false, "lon": 139.71992252110491, "lat": 35.686062055839223 }, "geometry": { "type": "Point", "coordinates": [ 139.719922521104905, 35.686062055839223 ] } },
{ "type": "Feature", "properties": { "name": "医療法人社団ＴＬＣ医療会新宿御苑前メンタルクリニック", "kind": "精神科・心療内科", "capacity": 1.0, "weight": 1.0, "demand_value": 1.0, "source": "国土数値情報 P04 医療機関", "synthetic": false, "lon": 139.70950667157689, "lat": 35.688370450395524 }, "geometry": { "type": "Point", "coordinates": [ 139.709506671576889, 35.688370450395524 ] } },
{ "type": "Feature", "properties": { "name": "医療法人社団ウェルパートナー　メンタルクリニック恵比寿", "kind": "精神科・心療内科", "capacity": 1.0, "weight": 1.0, "demand_value": 1.0, "source": "国土数値情報 P04 医療機関", "synthetic": false, "lon": 139.70889564978421, "lat": 35.646368562916997 }, "geometry": { "type": "Point", "coordinates": [ 139.70889564978421, 35.646368562916997 ] } },
{ "type": "Feature", "properties": { "name": "医療法人社団エムアイプラン一九九六　西新宿メンタルクリニック", "kind": "精神科・心療内科", "capacity": 1.0, "weight": 1.0, "demand_value": 1.0, "source": "国土数値情報 P04 医療機関", "synthetic": false, "lon": 139.69793223168364, "lat": 35.692775224032211 }, "geometry": { "type": "Point", "coordinates": [ 139.697932231683637, 35.692775224032211 ] } },
{ "type": "Feature", "properties": { "name": "医療法人社団ケアリージェンシー　六本木ヒルズクリニック", "kind": "精神科・心療内科", "capacity": 1.0, "weight": 1.0, "demand_value": 1.0, "source": "国土数値情報 P04 医療機関", "synthetic": false, "lon": 139.72937197733407, "lat": 35.660439815289863 }, "geometry": { "type": "Point", "coordinates": [ 139.729371977334068, 35.660439815289863 ] } },
{ "type": "Feature", "properties": { "name": "医療法人社団こだま会　こだまクリニック", "kind": "精神科・心療内科", "capacity": 1.0, "weight": 1.0, "demand_value": 1.0, "source": "国土数値情報 P04 医療機関", "synthetic": false, "lon": 139.71582122879602, "lat": 35.620225284624425 }, "geometry": { "type": "Point", "coordinates": [ 139.715821228796017, 35.620225284624425 ] } },
{ "type": "Feature", "properties": { "name": "医療法人社団シンセリティいなみ小児科", "kind": "精神科・心療内科", "capacity": 1.0, "weight": 1.0, "demand_value": 1.0, "source": "国土数値情報 P04 医療機関", "synthetic": false, "lon": 139.67418145041395, "lat": 35.634714463507535 }, "geometry": { "type": "Point", "coordinates": [ 139.674181450413954, 35.634714463507535 ] } },
{ "type": "Feature", "properties": { "name": "医療法人社団シンセリティニコこどもクリニック", "kind": "精神科・心療内科", "capacity": 1.0, "weight": 1.0, "demand_value": 1.0, "source": "国土数値情報 P04 医療機関", "synthetic": false, "lon": 139.63214979480924, "lat": 35.609844715135431 }, "geometry": { "type": "Point", "coordinates": [ 139.632149794809237, 35.609844715135431 ] } },
{ "type": "Feature", "properties": { "name": "医療法人社団すずらん会　くらしなクリニック", "kind": "精神科・心療内科", "capacity": 1.0, "weight": 1.0, "demand_value": 1.0, "source": "国土数値情報 P04 医療機関", "synthetic": false, "lon": 139.58488508227828, "lat": 35.661008351906794 }, "geometry": { "type": "Point", "coordinates": [ 139.584885082278277, 35.661008351906794 ] } },
{ "type": "Feature", "properties": { "name": "医療法人社団ナグモ会ナグモクリニック", "kind": "精神科・心療内科", "capacity": 1.0, "weight": 1.0, "demand_value": 1.0, "source": "国土数値情報 P04 医療機関", "synthetic": false, "lon": 139.74396707387973, "lat": 35.68893866079577 }, "geometry": { "type": "Point", "coordinates": [ 139.74396707387973, 35.68893866079577 ] } },
{ "type": "Feature", "properties": { "name": "医療法人社団なつめ会 なつめ耳鼻咽喉科", "kind": "精神科・心療内科", "capacity": 1.0, "weight": 1.0, "demand_value": 1.0, "source": "国土数値情報 P04 医療機関", "synthetic": false, "lon": 139.70919364928935, "lat": 35.600483236132703 }, "geometry": { "type": "Point", "coordinates": [ 139.709193649289347, 35.600483236132703 ] } },
{ "type": "Feature", "properties": { "name": "医療法人社団なみいろの樹なおこ皮膚科クリニック", "kind": "精神科・心療内科", "capacity": 1.0, "weight": 1.0, "demand_value": 1.0, "source": "国土数値情報 P04 医療機関", "synthetic": false, "lon": 139.63327080665843, "lat": 35.627516801958706 }, "geometry": { "type": "Point", "coordinates": [ 139.63327080665843, 35.627516801958706 ] } },
{ "type": "Feature", "properties": { "name": "医療法人社団のびた　みくりキッズくりにっく", "kind": "精神科・心療内科", "capacity": 1.0, "weight": 1.0, "demand_value": 1.0, "source": "国土数値情報 P04 医療機関", "synthetic": false, "lon": 139.63511472086643, "lat": 35.609473330659284 }, "geometry": { "type": "Point", "coordinates": [ 139.635114720866426, 35.609473330659284 ] } },
{ "type": "Feature", "properties": { "name": "医療法人社団ピクシス　ノリ・メディカルクリニック笹塚南", "kind": "精神科・心療内科", "capacity": 1.0, "weight": 1.0, "demand_value": 1.0, "source": "国土数値情報 P04 医療機関", "synthetic": false, "lon": 139.66648434819757, "lat": 35.673045705405258 }, "geometry": { "type": "Point", "coordinates": [ 139.666484348197571, 35.673045705405258 ] } },
{ "type": "Feature", "properties": { "name": "医療法人社団ひつじ会三軒茶屋メリーレディースクリニック", "kind": "精神科・心療内科", "capacity": 1.0, "weight": 1.0, "demand_value": 1.0, "source": "国土数値情報 P04 医療機関", "synthetic": false, "lon": 139.67165529925919, "lat": 35.644058877046369 }, "geometry": { "type": "Point", "coordinates": [ 139.671655299259186, 35.644058877046369 ] } },
{ "type": "Feature", "properties": { "name": "医療法人社団ひのき会　証クリニック吉祥寺", "kind": "精神科・心療内科", "capacity": 1.0, "weight": 1.0, "demand_value": 1.0, "source": "国土数値情報 P04 医療機関", "synthetic": false, "lon": 139.57724138347766, "lat": 35.704585623153996 }, "geometry": { "type": "Point", "coordinates": [ 139.577241383477656, 35.704585623153996 ] } },
{ "type": "Feature", "properties": { "name": "医療法人社団ヒューマニティー＆アート会 田園調布眼科", "kind": "精神科・心療内科", "capacity": 1.0, "weight": 1.0, "demand_value": 1.0, "source": "国土数値情報 P04 医療機関", "synthetic": false, "lon": 139.66696808267631, "lat": 35.59838538260697 }, "geometry": { "type": "Point", "coordinates": [ 139.666968082676306, 35.59838538260697 ] } },
{ "type": "Feature", "properties": { "name": "医療法人社団ファミリーメンタルサポート用賀ファミリーメンタルクリニックまつたに", "kind": "精神科・心療内科", "capacity": 1.0, "weight": 1.0, "demand_value": 1.0, "source": "国土数値情報 P04 医療機関", "synthetic": false, "lon": 139.63333809693412, "lat": 35.62620419123111 }, "geometry": { "type": "Point", "coordinates": [ 139.633338096934125, 35.62620419123111 ] } },
{ "type": "Feature", "properties": { "name": "医療法人社団プライマリーケアクリニック", "kind": "精神科・心療内科", "capacity": 1.0, "weight": 1.0, "demand_value": 1.0, "source": "国土数値情報 P04 医療機関", "synthetic": false, "lon": 139.65090543329396, "lat": 35.669208810898851 }, "geometry": { "type": "Point", "coordinates": [ 139.650905433293957, 35.669208810898851 ] } },
{ "type": "Feature", "properties": { "name": "医療法人社団プラタナス桜新町アーバンクリニック", "kind": "精神科・心療内科", "capacity": 1.0, "weight": 1.0, "demand_value": 1.0, "source": "国土数値情報 P04 医療機関", "synthetic": false, "lon": 139.64722281178996, "lat": 35.632012525123145 }, "geometry": { "type": "Point", "coordinates": [ 139.647222811789959, 35.632012525123145 ] } },
{ "type": "Feature", "properties": { "name": "医療法人社団ペルル　マーガレットこどもクリニック", "kind": "精神科・心療内科", "capacity": 1.0, "weight": 1.0, "demand_value": 1.0, "source": "国土数値情報 P04 医療機関", "synthetic": false, "lon": 139.68919166828604, "lat": 35.680833907111818 }, "geometry": { "type": "Point", "coordinates": [ 139.689191668286043, 35.680833907111818 ] } },
{ "type": "Feature", "properties": { "name": "医療法人社団マイスターアペックスメディカル・デンタルクリニック", "kind": "精神科・心療内科", "capacity": 1.0, "weight": 1.0, "demand_value": 1.0, "source": "国土数値情報 P04 医療機関", "synthetic": false, "lon": 139.62635366283476, "lat": 35.612582723745575 }, "geometry": { "type": "Point", "coordinates": [ 139.626353662834759, 35.612582723745575 ] } },
{ "type": "Feature", "properties": { "name": "医療法人社団メンタルブレイン　表参道こころのクリニック", "kind": "精神科・心療内科", "capacity": 1.0, "weight": 1.0, "demand_value": 1.0, "source": "国土数値情報 P04 医療機関", "synthetic": false, "lon": 139.70516745911937, "lat": 35.666470095168172 }, "geometry": { "type": "Point", "coordinates": [ 139.705167459119366, 35.666470095168172 ] } },
{ "type": "Feature", "properties": { "name": "医療法人社団育心会　稲垣クリニック", "kind": "精神科・心療内科", "capacity": 1.0, "weight": 1.0, "demand_value": 1.0, "source": "国土数値情報 P04 医療機関", "synthetic": false, "lon": 139.68873371592443, "lat": 35.669949891644364 }, "geometry": { "type": "Point", "coordinates": [ 139.688733715924428, 35.669949891644364 ] } },
{ "type": "Feature", "properties": { "name": "医療法人社団一輝会自由が丘ＭＣクリニック", "kind": "精神科・心療内科", "capacity": 1.0, "weight": 1.0, "demand_value": 1.0, "source": "国土数値情報 P04 医療機関", "synthetic": false, "lon": 139.6708521911911, "lat": 35.608962109882349 }, "geometry": { "type": "Point", "coordinates": [ 139.670852191191102, 35.608962109882349 ] } },
{ "type": "Feature", "properties": { "name": "医療法人社団一友会　ナチュラルクリニック代々木", "kind": "精神科・心療内科", "capacity": 1.0, "weight": 1.0, "demand_value": 1.0, "source": "国土数値情報 P04 医療機関", "synthetic": false, "lon": 139.70432005995639, "lat": 35.68285013555596 }, "geometry": { "type": "Point", "coordinates": [ 139.704320059956387, 35.68285013555596 ] } },
{ "type": "Feature", "properties": { "name": "医療法人社団栄誉会 本田英比古クリニック", "kind": "精神科・心療内科", "capacity": 1.0, "weight": 1.0, "demand_value": 1.0, "source": "国土数値情報 P04 医療機関", "synthetic": false, "lon": 139.72139796634787, "lat": 35.583047905487604 }, "geometry": { "type": "Point", "coordinates": [ 139.721397966347865, 35.583047905487604 ] } },
{ "type": "Feature", "properties": { "name": "医療法人社団永研会　永研会クリニック", "kind": "精神科・心療内科", "capacity": 1.0, "weight": 1.0, "demand_value": 1.0, "source": "国土数値情報 P04 医療機関", "synthetic": false, "lon": 139.58459592345858, "lat": 35.661608272123026 }, "geometry": { "type": "Point", "coordinates": [ 139.584595923458579, 35.661608272123026 ] } },
{ "type": "Feature", "properties": { "name": "医療法人社団永研会ちとせクリニック", "kind": "精神科・心療内科", "capacity": 1.0, "weight": 1.0, "demand_value": 1.0, "source": "国土数値情報 P04 医療機関", "synthetic": false, "lon": 139.60200227884951, "lat": 35.669865072238871 }, "geometry": { "type": "Point", "coordinates": [ 139.602002278849511, 35.669865072238871 ] } },
{ "type": "Feature", "properties": { "name": "医療法人社団永翠会　さくらクリニック", "kind": "精神科・心療内科", "capacity": 1.0, "weight": 1.0, "demand_value": 1.0, "source": "国土数値情報 P04 医療機関", "synthetic": false, "lon": 139.64002858501814, "lat": 35.677931380963379 }, "geometry": { "type": "Point", "coordinates": [ 139.640028585018143, 35.677931380963379 ] } },
{ "type": "Feature", "properties": { "name": "医療法人社団英紀会　東京ロンフェルメ耳鼻いんこう科", "kind": "精神科・心療内科", "capacity": 1.0, "weight": 1.0, "demand_value": 1.0, "source": "国土数値情報 P04 医療機関", "synthetic": false, "lon": 139.70312027940236, "lat": 35.687965626149932 }, "geometry": { "type": "Point", "coordinates": [ 139.703120279402356, 35.687965626149932 ] } },
{ "type": "Feature", "properties": { "name": "医療法人社団円祐会　塩入医院", "kind": "精神科・心療内科", "capacity": 1.0, "weight": 1.0, "demand_value": 1.0, "source": "国土数値情報 P04 医療機関", "synthetic": false, "lon": 139.63577903261879, "lat": 35.701298693461297 }, "geometry": { "type": "Point", "coordinates": [ 139.635779032618785, 35.701298693461297 ] } },
{ "type": "Feature", "properties": { "name": "医療法人社団貴秋会ちあきクリニック", "kind": "精神科・心療内科", "capacity": 1.0, "weight": 1.0, "demand_value": 1.0, "source": "国土数値情報 P04 医療機関", "synthetic": false, "lon": 139.6680450926753, "lat": 35.610811780129538 }, "geometry": { "type": "Point", "coordinates": [ 139.6680450926753, 35.610811780129538 ] } },
{ "type": "Feature", "properties": { "name": "医療法人社団吉田クリニック　千代田クリニック", "kind": "精神科・心療内科", "capacity": 1.0, "weight": 1.0, "demand_value": 1.0, "source": "国土数値情報 P04 医療機関", "synthetic": false, "lon": 139.743378657287, "lat": 35.6879321687748 }, "geometry": { "type": "Point", "coordinates": [ 139.743378657286996, 35.6879321687748 ] } },
{ "type": "Feature", "properties": { "name": "医療法人社団啓神会　Ａｉクリニック", "kind": "精神科・心療内科", "capacity": 1.0, "weight": 1.0, "demand_value": 1.0, "source": "国土数値情報 P04 医療機関", "synthetic": false, "lon": 139.65898742220952, "lat": 35.692566488025307 }, "geometry": { "type": "Point", "coordinates": [ 139.65898742220952, 35.692566488025307 ] } },
{ "type": "Feature", "properties": { "name": "医療法人社団恵絢会学芸大駅前神経科クリニック", "kind": "精神科・心療内科", "capacity": 1.0, "weight": 1.0, "demand_value": 1.0, "source": "国土数値情報 P04 医療機関", "synthetic": false, "lon": 139.68624259157659, "lat": 35.62875015108289 }, "geometry": { "type": "Point", "coordinates": [ 139.686242591576587, 35.62875015108289 ] } },
{ "type": "Feature", "properties": { "name": "医療法人社団恵泉会　荏原中延クリニック", "kind": "精神科・心療内科", "capacity": 1.0, "weight": 1.0, "demand_value": 1.0, "source": "国土数値情報 P04 医療機関", "synthetic": false, "lon": 139.71126490644977, "lat": 35.610040525362194 }, "geometry": { "type": "Point", "coordinates": [ 139.71126490644977, 35.610040525362194 ] } },
{ "type": "Feature", "properties": { "name": "医療法人社団慶潤会　ＫＤＤＩビルクリニック", "kind": "精神科・心療内科", "capacity": 1.0, "weight": 1.0, "demand_value": 1.0, "source": "国土数値情報 P04 医療機関", "synthetic": false, "lon": 139.69485208657926, "lat": 35.687917659734694 }, "geometry": { "type": "Point", "coordinates": [ 139.69485208657926, 35.687917659734694 ] } },
{ "type": "Feature", "properties": { "name": "医療法人社団慧愛会清泉メディカルクリニック", "kind": "精神科・心療内科", "capacity": 1.0, "weight": 1.0, "demand_value": 1.0, "source": "国土数値情報 P04 医療機関", "synthetic": false, "lon": 139.67274979988531, "lat": 35.658651376859481 }, "geometry": { "type": "Point", "coordinates": [ 139.67274979988531, 35.658651376859481 ] } },
{ "type": "Feature", "properties": { "name": "医療法人社団桂香会中目黒メンタルクリニック", "kind": "精神科・心療内科", "capacity": 1.0, "weight": 1.0, "demand_value": 1.0, "source": "国土数値情報 P04 医療機関", "synthetic": false, "lon": 139.69802152843533, "lat": 35.644866308162378 }, "geometry": { "type": "Point", "coordinates": [ 139.698021528435333, 35.644866308162378 ] } },
{ "type": "Feature", "properties": { "name": "医療法人社団健人会　横倉クリニック", "kind": "精神科・心療内科", "capacity": 1.0, "weight": 1.0, "demand_value": 1.0, "source": "国土数値情報 P04 医療機関", "synthetic": false, "lon": 139.74497375736405, "lat": 35.649020321999956 }, "geometry": { "type": "Point", "coordinates": [ 139.74497375736405, 35.649020321999956 ] } },
{ "type": "Feature", "properties": { "name": "医療法人社団宏彩会　西新宿コンシェリアクリニック", "kind": "精神科・心療内科", "capacity": 1.0, "weight": 1.0, "demand_value": 1.0, "source": "国土数値情報 P04 医療機関", "synthetic": false, "lon": 139.68739644567543, "lat": 35.692617486515338 }, "geometry": { "type": "Point", "coordinates": [ 139.687396445675432, 35.692617486515338 ] } },
{ "type": "Feature", "properties": { "name": "医療法人社団広田内科クリニック", "kind": "精神科・心療内科", "capacity": 1.0, "weight": 1.0, "demand_value": 1.0, "source": "国土数値情報 P04 医療機関", "synthetic": false, "lon": 139.60215928882769, "lat": 35.666921532727606 }, "geometry": { "type": "Point", "coordinates": [ 139.602159288827693, 35.666921532727606 ] } },
{ "type": "Feature", "properties": { "name": "医療法人社団康梓会Ｙ’ｓサイエンスクリニック広尾", "kind": "精神科・心療内科", "capacity": 1.0, "weight": 1.0, "demand_value": 1.0, "source": "国土数値情報 P04 医療機関", "synthetic": false, "lon": 139.72243562538526, "lat": 35.652079195959026 }, "geometry": { "type": "Point", "coordinates": [ 139.722435625385259, 35.652079195959026 ] } },
{ "type": "Feature", "properties": { "name": "医療法人社団恒正会　そねクリニック新宿", "kind": "精神科・心療内科", "capacity": 1.0, "weight": 1.0, "demand_value": 1.0, "source": "国土数値情報 P04 医療機関", "synthetic": false, "lon": 139.70426455253036, "lat": 35.690323437071832 }, "geometry": { "type": "Point", "coordinates": [ 139.704264552530361, 35.690323437071832 ] } },
{ "type": "Feature", "properties": { "name": "医療法人社団航洋会目黒通りハートクリニック", "kind": "精神科・心療内科", "capacity": 1.0, "weight": 1.0, "demand_value": 1.0, "source": "国土数値情報 P04 医療機関", "synthetic": false, "lon": 139.68798310925629, "lat": 35.625070629282021 }, "geometry": { "type": "Point", "coordinates": [ 139.687983109256294, 35.625070629282021 ] } },
{ "type": "Feature", "properties": { "name": "医療法人社団行基会　川村総合診療院", "kind": "精神科・心療内科", "capacity": 1.0, "weight": 1.0, "demand_value": 1.0, "source": "国土数値情報 P04 医療機関", "synthetic": false, "lon": 139.71715549320837, "lat": 35.669937709564053 }, "geometry": { "type": "Point", "coordinates": [ 139.717155493208367, 35.669937709564053 ] } },
{ "type": "Feature", "properties": { "name": "医療法人社団行誠会　セリエ新宿クリニック", "kind": "精神科・心療内科", "capacity": 1.0, "weight": 1.0, "demand_value": 1.0, "source": "国土数値情報 P04 医療機関", "synthetic": false, "lon": 139.69955059123311, "lat": 35.687631970751859 }, "geometry": { "type": "Point", "coordinates": [ 139.699550591233105, 35.687631970751859 ] } },
{ "type": "Feature", "properties": { "name": "医療法人社団済仁会品川港南クリニック", "kind": "精神科・心療内科", "capacity": 1.0, "weight": 1.0, "demand_value": 1.0, "source": "国土数値情報 P04 医療機関", "synthetic": false, "lon": 139.74468612530171, "lat": 35.628657186885569 }, "geometry": { "type": "Point", "coordinates": [ 139.744686125301712, 35.628657186885569 ] } },
{ "type": "Feature", "properties": { "name": "医療法人社団三育会　新宿ヒロクリニック", "kind": "精神科・心療内科", "capacity": 1.0, "weight": 1.0, "demand_value": 1.0, "source": "国土数値情報 P04 医療機関", "synthetic": false, "lon": 139.70499581689506, "lat": 35.701347183888643 }, "geometry": { "type": "Point", "coordinates": [ 139.704995816895064, 35.701347183888643 ] } },
{ "type": "Feature", "properties": { "name": "医療法人社団市川診療所", "kind": "精神科・心療内科", "capacity": 1.0, "weight": 1.0, "demand_value": 1.0, "source": "国土数値情報 P04 医療機関", "synthetic": false, "lon": 139.68954955684171, "lat": 35.628644959915754 }, "geometry": { "type": "Point", "coordinates": [ 139.689549556841712, 35.628644959915754 ] } },
{ "type": "Feature", "properties": { "name": "医療法人社団至楽正会中目黒消化器クリニック", "kind": "精神科・心療内科", "capacity": 1.0, "weight": 1.0, "demand_value": 1.0, "source": "国土数値情報 P04 医療機関", "synthetic": false, "lon": 139.69292239531865, "lat": 35.647758085119222 }, "geometry": { "type": "Point", "coordinates": [ 139.692922395318647, 35.647758085119222 ] } },
{ "type": "Feature", "properties": { "name": "医療法人社団七福会　ホリィマームクリニック旗の台", "kind": "精神科・心療内科", "capacity": 1.0, "weight": 1.0, "demand_value": 1.0, "source": "国土数値情報 P04 医療機関", "synthetic": false, "lon": 139.7040986530327, "lat": 35.607045790034888 }, "geometry": { "type": "Point", "coordinates": [ 139.704098653032702, 35.607045790034888 ] } },
{ "type": "Feature", "properties": { "name": "医療法人社団樹維会　五反田駅前メンタルクリニック", "kind": "精神科・心療内科", "capacity": 1.0, "weight": 1.0, "demand_value": 1.0, "source": "国土数値情報 P04 医療機関", "synthetic": false, "lon": 139.72354682509686, "lat": 35.625463415955508 }, "geometry": { "type": "Point", "coordinates": [ 139.723546825096861, 35.625463415955508 ] } },
{ "type": "Feature", "properties": { "name": "医療法人社団宗友会　パークサイド広尾レディスクリニック", "kind": "精神科・心療内科", "capacity": 1.0, "weight": 1.0, "demand_value": 1.0, "source": "国土数値情報 P04 医療機関", "synthetic": false, "lon": 139.72260774081226, "lat": 35.654911660834003 }, "geometry": { "type": "Point", "coordinates": [ 139.722607740812265, 35.654911660834003 ] } },
{ "type": "Feature", "properties": { "name": "医療法人社団秀徹会　武藤クリニック", "kind": "精神科・心療内科", "capacity": 1.0, "weight": 1.0, "demand_value": 1.0, "source": "国土数値情報 P04 医療機関", "synthetic": false, "lon": 139.71572369100645, "lat": 35.633114630538934 }, "geometry": { "type": "Point", "coordinates": [ 139.715723691006446, 35.633114630538934 ] } },
{ "type": "Feature", "properties": { "name": "医療法人社団曙光会　コンフォガーデンクリニック", "kind": "精神科・心療内科", "capacity": 1.0, "weight": 1.0, "demand_value": 1.0, "source": "国土数値情報 P04 医療機関", "synthetic": false, "lon": 139.72052163789033, "lat": 35.695159377159406 }, "geometry": { "type": "Point", "coordinates": [ 139.720521637890329, 35.695159377159406 ] } },
{ "type": "Feature", "properties": { "name": "医療法人社団昭星会二子玉川心のクリニック", "kind": "精神科・心療内科", "capacity": 1.0, "weight": 1.0, "demand_value": 1.0, "source": "国土数値情報 P04 医療機関", "synthetic": false, "lon": 139.62657169693057, "lat": 35.612502732823003 }, "geometry": { "type": "Point", "coordinates": [ 139.626571696930569, 35.612502732823003 ] } },
{ "type": "Feature", "properties": { "name": "医療法人社団松永医院", "kind": "精神科・心療内科", "capacity": 1.0, "weight": 1.0, "demand_value": 1.0, "source": "国土数値情報 P04 医療機関", "synthetic": false, "lon": 139.71748904506433, "lat": 35.612939458994362 }, "geometry": { "type": "Point", "coordinates": [ 139.717489045064326, 35.612939458994362 ] } },
{ "type": "Feature", "properties": { "name": "医療法人社団松伯会山王クリニック", "kind": "精神科・心療内科", "capacity": 1.0, "weight": 1.0, "demand_value": 1.0, "source": "国土数値情報 P04 医療機関", "synthetic": false, "lon": 139.74007454209348, "lat": 35.673664706007187 }, "geometry": { "type": "Point", "coordinates": [ 139.740074542093481, 35.673664706007187 ] } },
{ "type": "Feature", "properties": { "name": "医療法人社団松和会　望星新宿南口クリニック", "kind": "精神科・心療内科", "capacity": 1.0, "weight": 1.0, "demand_value": 1.0, "source": "国土数値情報 P04 医療機関", "synthetic": false, "lon": 139.69867925799181, "lat": 35.688186052906488 }, "geometry": { "type": "Point", "coordinates": [ 139.698679257991813, 35.688186052906488 ] } },
{ "type": "Feature", "properties": { "name": "医療法人社団上桜会　ゆうメンタルクリニック渋谷院", "kind": "精神科・心療内科", "capacity": 1.0, "weight": 1.0, "demand_value": 1.0, "source": "国土数値情報 P04 医療機関", "synthetic": false, "lon": 139.69991511552175, "lat": 35.658328406577382 }, "geometry": { "type": "Point", "coordinates": [ 139.699915115521748, 35.658328406577382 ] } },
{ "type": "Feature", "properties": { "name": "医療法人社団上桜会　ゆうメンタルクリニック新宿院", "kind": "精神科・心療内科", "capacity": 1.0, "weight": 1.0, "demand_value": 1.0, "source": "国土数値情報 P04 医療機関", "synthetic": false, "lon": 139.69720134738844, "lat": 35.687529428231088 }, "geometry": { "type": "Point", "coordinates": [ 139.697201347388443, 35.687529428231088 ] } },
{ "type": "Feature", "properties": { "name": "医療法人社団上桜会　ゆうメンタルクリニック品川院", "kind": "精神科・心療内科", "capacity": 1.0, "weight": 1.0, "demand_value": 1.0, "source": "国土数値情報 P04 医療機関", "synthetic": false, "lon": 139.7429784600964, "lat": 35.629234840416729 }, "geometry": { "type": "Point", "coordinates": [ 139.742978460096396, 35.629234840416729 ] } },
{ "type": "Feature", "properties": { "name": "医療法人社団城南はじめ会　ひろクリニック大森", "kind": "精神科・心療内科", "capacity": 1.0, "weight": 1.0, "demand_value": 1.0, "source": "国土数値情報 P04 医療機関", "synthetic": false, "lon": 139.73295661702983, "lat": 35.590378478000581 }, "geometry": { "type": "Point", "coordinates": [ 139.732956617029828, 35.590378478000581 ] } },
{ "type": "Feature", "properties": { "name": "医療法人社団伸健会鈴木内科循環器科", "kind": "精神科・心療内科", "capacity": 1.0, "weight": 1.0, "demand_value": 1.0, "source": "国土数値情報 P04 医療機関", "synthetic": false, "lon": 139.67163087848536, "lat": 35.643229528845247 }, "geometry": { "type": "Point", "coordinates": [ 139.67163087848536, 35.643229528845247 ] } },
{ "type": "Feature", "properties": { "name": "医療法人社団信俊会　心療内科アーツクリニック大崎", "kind": "精神科・心療内科", "capacity": 1.0, "weight": 1.0, "demand_value": 1.0, "source": "国土数値情報 P04 医療機関", "synthetic": false, "lon": 139.72950985286926, "lat": 35.619675080335249 }, "geometry": { "type": "Point", "coordinates": [ 139.729509852869256, 35.619675080335249 ] } },
{ "type": "Feature", "properties": { "name": "医療法人社団信濃会　左門町クリニック", "kind": "精神科・心療内科", "capacity": 1.0, "weight": 1.0, "demand_value": 1.0, "source": "国土数値情報 P04 医療機関", "synthetic": false, "lon": 139.7204136226292, "lat": 35.685016073282725 }, "geometry": { "type": "Point", "coordinates": [ 139.720413622629195, 35.685016073282725 ] } },
{ "type": "Feature", "properties": { "name": "医療法人社団心?会　大倉診療所", "kind": "精神科・心療内科", "capacity": 1.0, "weight": 1.0, "demand_value": 1.0, "source": "国土数値情報 P04 医療機関", "synthetic": false, "lon": 139.67544467330805, "lat": 35.692323889755286 }, "geometry": { "type": "Point", "coordinates": [ 139.67544467330805, 35.692323889755286 ] } },
{ "type": "Feature", "properties": { "name": "医療法人社団心静会　南海クリニック", "kind": "精神科・心療内科", "capacity": 1.0, "weight": 1.0, "demand_value": 1.0, "source": "国土数値情報 P04 医療機関", "synthetic": false, "lon": 139.74379802032186, "lat": 35.70294878219476 }, "geometry": { "type": "Point", "coordinates": [ 139.743798020321861, 35.70294878219476 ] } },
{ "type": "Feature", "properties": { "name": "医療法人社団新風会　エビス心療内科", "kind": "精神科・心療内科", "capacity": 1.0, "weight": 1.0, "demand_value": 1.0, "source": "国土数値情報 P04 医療機関", "synthetic": false, "lon": 139.70920251241799, "lat": 35.647886726350912 }, "geometry": { "type": "Point", "coordinates": [ 139.709202512417988, 35.647886726350912 ] } },
{ "type": "Feature", "properties": { "name": "医療法人社団深山会　深山会クリニック", "kind": "精神科・心療内科", "capacity": 1.0, "weight": 1.0, "demand_value": 1.0, "source": "国土数値情報 P04 医療機関", "synthetic": false, "lon": 139.70673040835615, "lat": 35.691810825002953 }, "geometry": { "type": "Point", "coordinates": [ 139.706730408356151, 35.691810825002953 ] } },
{ "type": "Feature", "properties": { "name": "医療法人社団真貴志会　南青山アンティーク通りクリニック", "kind": "精神科・心療内科", "capacity": 1.0, "weight": 1.0, "demand_value": 1.0, "source": "国土数値情報 P04 医療機関", "synthetic": false, "lon": 139.71332474459851, "lat": 35.660765042686407 }, "geometry": { "type": "Point", "coordinates": [ 139.713324744598509, 35.660765042686407 ] } },
{ "type": "Feature", "properties": { "name": "医療法人社団正定会　新宿ＯＰ廣瀬クリニック", "kind": "精神科・心療内科", "capacity": 1.0, "weight": 1.0, "demand_value": 1.0, "source": "国土数値情報 P04 医療機関", "synthetic": false, "lon": 139.71894061349209, "lat": 35.696709443119907 }, "geometry": { "type": "Point", "coordinates": [ 139.718940613492094, 35.696709443119907 ] } },
{ "type": "Feature", "properties": { "name": "医療法人社団清悠会クリニックおぐら", "kind": "精神科・心療内科", "capacity": 1.0, "weight": 1.0, "demand_value": 1.0, "source": "国土数値情報 P04 医療機関", "synthetic": false, "lon": 139.6555363326182, "lat": 35.643115305186633 }, "geometry": { "type": "Point", "coordinates": [ 139.655536332618198, 35.643115305186633 ] } },
{ "type": "Feature", "properties": { "name": "医療法人社団清亮会　やないクリニック", "kind": "精神科・心療内科", "capacity": 1.0, "weight": 1.0, "demand_value": 1.0, "source": "国土数値情報 P04 医療機関", "synthetic": false, "lon": 139.59969702046703, "lat": 35.704415402865784 }, "geometry": { "type": "Point", "coordinates": [ 139.599697020467033, 35.704415402865784 ] } },
{ "type": "Feature", "properties": { "name": "医療法人社団聖桜会サクラビアクリニック", "kind": "精神科・心療内科", "capacity": 1.0, "weight": 1.0, "demand_value": 1.0, "source": "国土数値情報 P04 医療機関", "synthetic": false, "lon": 139.59583035646031, "lat": 35.648854602693511 }, "geometry": { "type": "Point", "coordinates": [ 139.595830356460311, 35.648854602693511 ] } },
{ "type": "Feature", "properties": { "name": "医療法人社団聖純根会　村木医院", "kind": "精神科・心療内科", "capacity": 1.0, "weight": 1.0, "demand_value": 1.0, "source": "国土数値情報 P04 医療機関", "synthetic": false, "lon": 139.72609764661897, "lat": 35.62785040267363 }, "geometry": { "type": "Point", "coordinates": [ 139.726097646618967, 35.62785040267363 ] } },
{ "type": "Feature", "properties": { "name": "医療法人社団青い鳥会上田クリニック", "kind": "精神科・心療内科", "capacity": 1.0, "weight": 1.0, "demand_value": 1.0, "source": "国土数値情報 P04 医療機関", "synthetic": false, "lon": 139.66179105601202, "lat": 35.605441906385352 }, "geometry": { "type": "Point", "coordinates": [ 139.661791056012021, 35.605441906385352 ] } },
{ "type": "Feature", "properties": { "name": "医療法人社団青王会クリニックドゥ目黒", "kind": "精神科・心療内科", "capacity": 1.0, "weight": 1.0, "demand_value": 1.0, "source": "国土数値情報 P04 医療機関", "synthetic": false, "lon": 139.68684647006415, "lat": 35.627370606183071 }, "geometry": { "type": "Point", "coordinates": [ 139.686846470064154, 35.627370606183071 ] } },
{ "type": "Feature", "properties": { "name": "医療法人社団千紫会　新宿神経クリニック", "kind": "精神科・心療内科", "capacity": 1.0, "weight": 1.0, "demand_value": 1.0, "source": "国土数値情報 P04 医療機関", "synthetic": false, "lon": 139.69986226717498, "lat": 35.704394201070301 }, "geometry": { "type": "Point", "coordinates": [ 139.699862267174979, 35.704394201070301 ] } },
{ "type": "Feature", "properties": { "name": "医療法人社団千緑会神楽坂医院", "kind": "精神科・心療内科", "capacity": 1.0, "weight": 1.0, "demand_value": 1.0, "source": "国土数値情報 P04 医療機関", "synthetic": false, "lon": 139.74044419969479, "lat": 35.701185840906518 }, "geometry": { "type": "Point", "coordinates": [ 139.740444199694792, 35.701185840906518 ] } },
{ "type": "Feature", "properties": { "name": "医療法人社団洗松会三軒茶屋神経科心療内科クリニック", "kind": "精神科・心療内科", "capacity": 1.0, "weight": 1.0, "demand_value": 1.0, "source": "国土数値情報 P04 医療機関", "synthetic": false, "lon": 139.67015065837131, "lat": 35.645503397627657 }, "geometry": { "type": "Point", "coordinates": [ 139.670150658371313, 35.645503397627657 ] } },
{ "type": "Feature", "properties": { "name": "医療法人社団洗松会洗足メンタルクリニック", "kind": "精神科・心療内科", "capacity": 1.0, "weight": 1.0, "demand_value": 1.0, "source": "国土数値情報 P04 医療機関", "synthetic": false, "lon": 139.69317944539284, "lat": 35.612651150579723 }, "geometry": { "type": "Point", "coordinates": [ 139.693179445392843, 35.612651150579723 ] } },
{ "type": "Feature", "properties": { "name": "医療法人社団洗松会洗足心療内科クリニック", "kind": "精神科・心療内科", "capacity": 1.0, "weight": 1.0, "demand_value": 1.0, "source": "国土数値情報 P04 医療機関", "synthetic": false, "lon": 139.69497410327, "lat": 35.609738469024137 }, "geometry": { "type": "Point", "coordinates": [ 139.694974103269999, 35.609738469024137 ] } },
{ "type": "Feature", "properties": { "name": "医療法人社団双愛会ファミリークリニック品川", "kind": "精神科・心療内科", "capacity": 1.0, "weight": 1.0, "demand_value": 1.0, "source": "国土数値情報 P04 医療機関", "synthetic": false, "lon": 139.73295280717974, "lat": 35.603983409630786 }, "geometry": { "type": "Point", "coordinates": [ 139.732952807179743, 35.603983409630786 ] } },
{ "type": "Feature", "properties": { "name": "医療法人社団奏友会　あんずクリニック", "kind": "精神科・心療内科", "capacity": 1.0, "weight": 1.0, "demand_value": 1.0, "source": "国土数値情報 P04 医療機関", "synthetic": false, "lon": 139.64917556591357, "lat": 35.697685595070638 }, "geometry": { "type": "Point", "coordinates": [ 139.649175565913566, 35.697685595070638 ] } },
{ "type": "Feature", "properties": { "name": "医療法人社団奏友会　文化村通りクリニック", "kind": "精神科・心療内科", "capacity": 1.0, "weight": 1.0, "demand_value": 1.0, "source": "国土数値情報 P04 医療機関", "synthetic": false, "lon": 139.69209831274287, "lat": 35.656337634383256 }, "geometry": { "type": "Point", "coordinates": [ 139.692098312742871, 35.656337634383256 ] } },
{ "type": "Feature", "properties": { "name": "医療法人社団想真会　さくらクリニック", "kind": "精神科・心療内科", "capacity": 1.0, "weight": 1.0, "demand_value": 1.0, "source": "国土数値情報 P04 医療機関", "synthetic": false, "lon": 139.57011156506297, "lat": 35.683708079170863 }, "geometry": { "type": "Point", "coordinates": [ 139.570111565062973, 35.683708079170863 ] } },
{ "type": "Feature", "properties": { "name": "医療法人社団早雲会　北条クリニックはたのだい", "kind": "精神科・心療内科", "capacity": 1.0, "weight": 1.0, "demand_value": 1.0, "source": "国土数値情報 P04 医療機関", "synthetic": false, "lon": 139.70025376570567, "lat": 35.604834045849678 }, "geometry": { "type": "Point", "coordinates": [ 139.700253765705668, 35.604834045849678 ] } },
{ "type": "Feature", "properties": { "name": "医療法人社団相心会ワイズクリニック", "kind": "精神科・心療内科", "capacity": 1.0, "weight": 1.0, "demand_value": 1.0, "source": "国土数値情報 P04 医療機関", "synthetic": false, "lon": 139.72405453725074, "lat": 35.646775685938167 }, "geometry": { "type": "Point", "coordinates": [ 139.724054537250737, 35.646775685938167 ] } },
{ "type": "Feature", "properties": { "name": "医療法人社団相生会　どうどうクリニック", "kind": "精神科・心療内科", "capacity": 1.0, "weight": 1.0, "demand_value": 1.0, "source": "国土数値情報 P04 医療機関", "synthetic": false, "lon": 139.69539586070781, "lat": 35.587199852091871 }, "geometry": { "type": "Point", "coordinates": [ 139.695395860707805, 35.587199852091871 ] } },
{ "type": "Feature", "properties": { "name": "医療法人社団聡叡会　あすかクリニック", "kind": "精神科・心療内科", "capacity": 1.0, "weight": 1.0, "demand_value": 1.0, "source": "国土数値情報 P04 医療機関", "synthetic": false, "lon": 139.74003008286113, "lat": 35.691945184184924 }, "geometry": { "type": "Point", "coordinates": [ 139.740030082861125, 35.691945184184924 ] } },
{ "type": "Feature", "properties": { "name": "医療法人社団大観会宝山クリニック", "kind": "精神科・心療内科", "capacity": 1.0, "weight": 1.0, "demand_value": 1.0, "source": "国土数値情報 P04 医療機関", "synthetic": false, "lon": 139.69558994498928, "lat": 35.638442000314647 }, "geometry": { "type": "Point", "coordinates": [ 139.69558994498928, 35.638442000314647 ] } },
{ "type": "Feature", "properties": { "name": "医療法人社団大関会　大関会クリニック江戸川橋", "kind": "精神科・心療内科", "capacity": 1.0, "weight": 1.0, "demand_value": 1.0, "source": "国土数値情報 P04 医療機関", "synthetic": false, "lon": 139.73853221356214, "lat": 35.708331949745812 }, "geometry": { "type": "Point", "coordinates": [ 139.738532213562138, 35.708331949745812 ] } },
{ "type": "Feature", "properties": { "name": "医療法人社団大悟会三軒茶屋なかむらメンタルクリニック", "kind": "精神科・心療内科", "capacity": 1.0, "weight": 1.0, "demand_value": 1.0, "source": "国土数値情報 P04 医療機関", "synthetic": false, "lon": 139.67380926348298, "lat": 35.645199069495618 }, "geometry": { "type": "Point", "coordinates": [ 139.67380926348298, 35.645199069495618 ] } },
{ "type": "Feature", "properties": { "name": "医療法人社団大星会　大星クリニック", "kind": "精神科・心療内科", "capacity": 1.0, "weight": 1.0, "demand_value": 1.0, "source": "国土数値情報 P04 医療機関", "synthetic": false, "lon": 139.7409114973259, "lat": 35.671110563367279 }, "geometry": { "type": "Point", "coordinates": [ 139.740911497325897, 35.671110563367279 ] } },
{ "type": "Feature", "properties": { "name": "医療法人社団冬樹会　いそのクリニック", "kind": "精神科・心療内科", "capacity": 1.0, "weight": 1.0, "demand_value": 1.0, "source": "国土数値情報 P04 医療機関", "synthetic": false, "lon": 139.62226854184564, "lat": 35.706021098623516 }, "geometry": { "type": "Point", "coordinates": [ 139.622268541845642, 35.706021098623516 ] } },
{ "type": "Feature", "properties": { "name": "医療法人社団東京愛成会　メンタルクリニックおぎくぼ", "kind": "精神科・心療内科", "capacity": 1.0, "weight": 1.0, "demand_value": 1.0, "source": "国土数値情報 P04 医療機関", "synthetic": false, "lon": 139.61985962808239, "lat": 35.704064321140983 }, "geometry": { "type": "Point", "coordinates": [ 139.619859628082395, 35.704064321140983 ] } },
{ "type": "Feature", "properties": { "name": "医療法人社団東京清心会　吉祥寺通り花岡クリニック", "kind": "精神科・心療内科", "capacity": 1.0, "weight": 1.0, "demand_value": 1.0, "source": "国土数値情報 P04 医療機関", "synthetic": false, "lon": 139.56985078076224, "lat": 35.692174070679904 }, "geometry": { "type": "Point", "coordinates": [ 139.569850780762238, 35.692174070679904 ] } },
{ "type": "Feature", "properties": { "name": "医療法人社団東京白報会　すぎなみ在宅診療所", "kind": "精神科・心療内科", "capacity": 1.0, "weight": 1.0, "demand_value": 1.0, "source": "国土数値情報 P04 医療機関", "synthetic": false, "lon": 139.6504461932513, "lat": 35.706970035853089 }, "geometry": { "type": "Point", "coordinates": [ 139.650446193251298, 35.706970035853089 ] } },
{ "type": "Feature", "properties": { "name": "医療法人社団東京白報会せたがや在宅診療所", "kind": "精神科・心療内科", "capacity": 1.0, "weight": 1.0, "demand_value": 1.0, "source": "国土数値情報 P04 医療機関", "synthetic": false, "lon": 139.62528012927427, "lat": 35.613346789626604 }, "geometry": { "type": "Point", "coordinates": [ 139.625280129274273, 35.613346789626604 ] } },
{ "type": "Feature", "properties": { "name": "医療法人社団藤樹会　北品川藤クリニック", "kind": "精神科・心療内科", "capacity": 1.0, "weight": 1.0, "demand_value": 1.0, "source": "国土数値情報 P04 医療機関", "synthetic": false, "lon": 139.74118999322988, "lat": 35.620909962824172 }, "geometry": { "type": "Point", "coordinates": [ 139.741189993229881, 35.620909962824172 ] } },
{ "type": "Feature", "properties": { "name": "医療法人社団同心会　ＫＹＢ渋谷クリニック", "kind": "精神科・心療内科", "capacity": 1.0, "weight": 1.0, "demand_value": 1.0, "source": "国土数値情報 P04 医療機関", "synthetic": false, "lon": 139.70937052118109, "lat": 35.656259656292349 }, "geometry": { "type": "Point", "coordinates": [ 139.709370521181086, 35.656259656292349 ] } },
{ "type": "Feature", "properties": { "name": "医療法人社団南七星会 宇佐美脳神経外科", "kind": "精神科・心療内科", "capacity": 1.0, "weight": 1.0, "demand_value": 1.0, "source": "国土数値情報 P04 医療機関", "synthetic": false, "lon": 139.68175740328539, "lat": 35.588178264920742 }, "geometry": { "type": "Point", "coordinates": [ 139.681757403285388, 35.588178264920742 ] } },
{ "type": "Feature", "properties": { "name": "医療法人社団二葉会　シティクリニック", "kind": "精神科・心療内科", "capacity": 1.0, "weight": 1.0, "demand_value": 1.0, "source": "国土数値情報 P04 医療機関", "synthetic": false, "lon": 139.72490865296464, "lat": 35.625538157005501 }, "geometry": { "type": "Point", "coordinates": [ 139.724908652964643, 35.625538157005501 ] } },
{ "type": "Feature", "properties": { "name": "医療法人社団二葉会東新宿駅前クリニック", "kind": "精神科・心療内科", "capacity": 1.0, "weight": 1.0, "demand_value": 1.0, "source": "国土数値情報 P04 医療機関", "synthetic": false, "lon": 139.70803090402623, "lat": 35.699190564383251 }, "geometry": { "type": "Point", "coordinates": [ 139.708030904026231, 35.699190564383251 ] } },
{ "type": "Feature", "properties": { "name": "医療法人社団博悠会　代々木八幡クリニック", "kind": "精神科・心療内科", "capacity": 1.0, "weight": 1.0, "demand_value": 1.0, "source": "国土数値情報 P04 医療機関", "synthetic": false, "lon": 139.68970256467153, "lat": 35.668672560366133 }, "geometry": { "type": "Point", "coordinates": [ 139.689702564671535, 35.668672560366133 ] } },
{ "type": "Feature", "properties": { "name": "医療法人社団柏水会三軒茶屋診療所", "kind": "精神科・心療内科", "capacity": 1.0, "weight": 1.0, "demand_value": 1.0, "source": "国土数値情報 P04 医療機関", "synthetic": false, "lon": 139.66568636955051, "lat": 35.642934718299429 }, "geometry": { "type": "Point", "coordinates": [ 139.665686369550514, 35.642934718299429 ] } },
{ "type": "Feature", "properties": { "name": "医療法人社団美帆会　神楽坂ストレスクリニック", "kind": "精神科・心療内科", "capacity": 1.0, "weight": 1.0, "demand_value": 1.0, "source": "国土数値情報 P04 医療機関", "synthetic": false, "lon": 139.74013365915189, "lat": 35.701550793102058 }, "geometry": { "type": "Point", "coordinates": [ 139.740133659151894, 35.701550793102058 ] } },
{ "type": "Feature", "properties": { "name": "医療法人社団豊誠会　小谷クリニック", "kind": "精神科・心療内科", "capacity": 1.0, "weight": 1.0, "demand_value": 1.0, "source": "国土数値情報 P04 医療機関", "synthetic": false, "lon": 139.57736249513962, "lat": 35.70426455154189 }, "geometry": { "type": "Point", "coordinates": [ 139.577362495139624, 35.70426455154189 ] } },
{ "type": "Feature", "properties": { "name": "医療法人社団邦秀会　代々木の森診療所", "kind": "精神科・心療内科", "capacity": 1.0, "weight": 1.0, "demand_value": 1.0, "source": "国土数値情報 P04 医療機関", "synthetic": false, "lon": 139.70107362343819, "lat": 35.684266285937795 }, "geometry": { "type": "Point", "coordinates": [ 139.701073623438191, 35.684266285937795 ] } },
{ "type": "Feature", "properties": { "name": "医療法人社団北の丸会歌舞伎町メンタルクリニック", "kind": "精神科・心療内科", "capacity": 1.0, "weight": 1.0, "demand_value": 1.0, "source": "国土数値情報 P04 医療機関", "synthetic": false, "lon": 139.70195648062389, "lat": 35.697118707221975 }, "geometry": { "type": "Point", "coordinates": [ 139.701956480623892, 35.697118707221975 ] } },
{ "type": "Feature", "properties": { "name": "医療法人社団北星会　くすの木ファミリークリニック", "kind": "精神科・心療内科", "capacity": 1.0, "weight": 1.0, "demand_value": 1.0, "source": "国土数値情報 P04 医療機関", "synthetic": false, "lon": 139.56519812064886, "lat": 35.6461212999899 }, "geometry": { "type": "Point", "coordinates": [ 139.565198120648859, 35.6461212999899 ] } },
{ "type": "Feature", "properties": { "name": "医療法人社団麻心会　麻布メンタルクリニック", "kind": "精神科・心療内科", "capacity": 1.0, "weight": 1.0, "demand_value": 1.0, "source": "国土数値情報 P04 医療機関", "synthetic": false, "lon": 139.72167400010329, "lat": 35.661339004510332 }, "geometry": { "type": "Point", "coordinates": [ 139.721674000103292, 35.661339004510332 ] } },
{ "type": "Feature", "properties": { "name": "医療法人社団名朋会　新高円寺駅前クリニック", "kind": "精神科・心療内科", "capacity": 1.0, "weight": 1.0, "demand_value": 1.0, "source": "国土数値情報 P04 医療機関", "synthetic": false, "lon": 139.6491980354898, "lat": 35.698491886114141 }, "geometry": { "type": "Point", "coordinates": [ 139.649198035489803, 35.698491886114141 ] } },
{ "type": "Feature", "properties": { "name": "医療法人社団明世会成城内科", "kind": "精神科・心療内科", "capacity": 1.0, "weight": 1.0, "demand_value": 1.0, "source": "国土数値情報 P04 医療機関", "synthetic": false, "lon": 139.59892670536638, "lat": 35.643312919409546 }, "geometry": { "type": "Point", "coordinates": [ 139.598926705366381, 35.643312919409546 ] } },
{ "type": "Feature", "properties": { "name": "医療法人社団明洋会柴垣医院　自由が丘", "kind": "精神科・心療内科", "capacity": 1.0, "weight": 1.0, "demand_value": 1.0, "source": "国土数値情報 P04 医療機関", "synthetic": false, "lon": 139.67048281326035, "lat": 35.608081371661648 }, "geometry": { "type": "Point", "coordinates": [ 139.67048281326035, 35.608081371661648 ] } },
{ "type": "Feature", "properties": { "name": "医療法人社団夜想会用賀メンタルクリニック", "kind": "精神科・心療内科", "capacity": 1.0, "weight": 1.0, "demand_value": 1.0, "source": "国土数値情報 P04 医療機関", "synthetic": false, "lon": 139.63232397976023, "lat": 35.62723543449809 }, "geometry": { "type": "Point", "coordinates": [ 139.63232397976023, 35.62723543449809 ] } },
{ "type": "Feature", "properties": { "name": "医療法人社団野﨑クリニック", "kind": "精神科・心療内科", "capacity": 1.0, "weight": 1.0, "demand_value": 1.0, "source": "国土数値情報 P04 医療機関", "synthetic": false, "lon": 139.63576057964463, "lat": 35.704550808747726 }, "geometry": { "type": "Point", "coordinates": [ 139.635760579644625, 35.704550808747726 ] } },
{ "type": "Feature", "properties": { "name": "医療法人社団優恵会 銀座よしえクリニック大岡山院", "kind": "精神科・心療内科", "capacity": 1.0, "weight": 1.0, "demand_value": 1.0, "source": "国土数値情報 P04 医療機関", "synthetic": false, "lon": 139.68553383527907, "lat": 35.607860120628381 }, "geometry": { "type": "Point", "coordinates": [ 139.685533835279074, 35.607860120628381 ] } },
{ "type": "Feature", "properties": { "name": "医療法人社団友徳発心会　ひめのともみクリニック", "kind": "精神科・心療内科", "capacity": 1.0, "weight": 1.0, "demand_value": 1.0, "source": "国土数値情報 P04 医療機関", "synthetic": false, "lon": 139.72276031382793, "lat": 35.622395148689328 }, "geometry": { "type": "Point", "coordinates": [ 139.722760313827933, 35.622395148689328 ] } },
{ "type": "Feature", "properties": { "name": "医療法人社団悠翠会　うえまつ在宅クリニック", "kind": "精神科・心療内科", "capacity": 1.0, "weight": 1.0, "demand_value": 1.0, "source": "国土数値情報 P04 医療機関", "synthetic": false, "lon": 139.57335549363719, "lat": 35.626579651189701 }, "geometry": { "type": "Point", "coordinates": [ 139.573355493637195, 35.626579651189701 ] } },
{ "type": "Feature", "properties": { "name": "医療法人社団悠翔会　悠翔会在宅クリニック早稲田", "kind": "精神科・心療内科", "capacity": 1.0, "weight": 1.0, "demand_value": 1.0, "source": "国土数値情報 P04 医療機関", "synthetic": false, "lon": 139.73133385519199, "lat": 35.705696993356099 }, "geometry": { "type": "Point", "coordinates": [ 139.731333855191991, 35.705696993356099 ] } },
{ "type": "Feature", "properties": { "name": "医療法人社団悠翔会　悠翔会在宅クリニック品川", "kind": "精神科・心療内科", "capacity": 1.0, "weight": 1.0, "demand_value": 1.0, "source": "国土数値情報 P04 医療機関", "synthetic": false, "lon": 139.73432715966479, "lat": 35.603667941751752 }, "geometry": { "type": "Point", "coordinates": [ 139.734327159664787, 35.603667941751752 ] } },
{ "type": "Feature", "properties": { "name": "医療法人社団有朋会　こどもメンタルクリニック芝", "kind": "精神科・心療内科", "capacity": 1.0, "weight": 1.0, "demand_value": 1.0, "source": "国土数値情報 P04 医療機関", "synthetic": false, "lon": 139.74536193540644, "lat": 35.653175691629173 }, "geometry": { "type": "Point", "coordinates": [ 139.745361935406436, 35.653175691629173 ] } },
{ "type": "Feature", "properties": { "name": "医療法人社団隆愛会　月岡医院", "kind": "精神科・心療内科", "capacity": 1.0, "weight": 1.0, "demand_value": 1.0, "source": "国土数値情報 P04 医療機関", "synthetic": false, "lon": 139.72858770687148, "lat": 35.591655944892253 }, "geometry": { "type": "Point", "coordinates": [ 139.72858770687148, 35.591655944892253 ] } },
{ "type": "Feature", "properties": { "name": "医療法人社団和会　渋谷コアクリニック", "kind": "精神科・心療内科", "capacity": 1.0, "weight": 1.0, "demand_value": 1.0, "source": "国土数値情報 P04 医療機関", "synthetic": false, "lon": 139.70472966081468, "lat": 35.66006052517946 }, "geometry": { "type": "Point", "coordinates": [ 139.704729660814678, 35.66006052517946 ] } },
{ "type": "Feature", "properties": { "name": "医療法人社団學風会　さいとうクリニック", "kind": "精神科・心療内科", "capacity": 1.0, "weight": 1.0, "demand_value": 1.0, "source": "国土数値情報 P04 医療機関", "synthetic": false, "lon": 139.73568215135251, "lat": 35.654780849388473 }, "geometry": { "type": "Point", "coordinates": [ 139.735682151352506, 35.654780849388473 ] } },
{ "type": "Feature", "properties": { "name": "医療法人社団涓泉会 山王リハビリ・クリニック", "kind": "精神科・心療内科", "capacity": 1.0, "weight": 1.0, "demand_value": 1.0, "source": "国土数値情報 P04 医療機関", "synthetic": false, "lon": 139.69007722112281, "lat": 35.595493603806219 }, "geometry": { "type": "Point", "coordinates": [ 139.690077221122806, 35.595493603806219 ] } },
{ "type": "Feature", "properties": { "name": "医療法人社団眞和会　西荻ペインクリニック", "kind": "精神科・心療内科", "capacity": 1.0, "weight": 1.0, "demand_value": 1.0, "source": "国土数値情報 P04 医療機関", "synthetic": false, "lon": 139.59852103677756, "lat": 35.7033421594328 }, "geometry": { "type": "Point", "coordinates": [ 139.598521036777555, 35.7033421594328 ] } },
{ "type": "Feature", "properties": { "name": "医療法人社団鵲志会アトラス心クリニック", "kind": "精神科・心療内科", "capacity": 1.0, "weight": 1.0, "demand_value": 1.0, "source": "国土数値情報 P04 医療機関", "synthetic": false, "lon": 139.70003778188624, "lat": 35.644229753440442 }, "geometry": { "type": "Point", "coordinates": [ 139.700037781886238, 35.644229753440442 ] } },
{ "type": "Feature", "properties": { "name": "医療法人双葉会　新大久保文化通り診療所", "kind": "精神科・心療内科", "capacity": 1.0, "weight": 1.0, "demand_value": 1.0, "source": "国土数値情報 P04 医療機関", "synthetic": false, "lon": 139.70007894776904, "lat": 35.703362658696641 }, "geometry": { "type": "Point", "coordinates": [ 139.700078947769043, 35.703362658696641 ] } },
{ "type": "Feature", "properties": { "name": "医療法人和楽会　心療内科・神経科赤坂クリニック", "kind": "精神科・心療内科", "capacity": 1.0, "weight": 1.0, "demand_value": 1.0, "source": "国土数値情報 P04 医療機関", "synthetic": false, "lon": 139.73619529624676, "lat": 35.677543079522856 }, "geometry": { "type": "Point", "coordinates": [ 139.736195296246763, 35.677543079522856 ] } },
{ "type": "Feature", "properties": { "name": "井上博文クリニック", "kind": "精神科・心療内科", "capacity": 1.0, "weight": 1.0, "demand_value": 1.0, "source": "国土数値情報 P04 医療機関", "synthetic": false, "lon": 139.57383470690445, "lat": 35.659047774878069 }, "geometry": { "type": "Point", "coordinates": [ 139.573834706904449, 35.659047774878069 ] } },
{ "type": "Feature", "properties": { "name": "一口坂クリニック", "kind": "精神科・心療内科", "capacity": 1.0, "weight": 1.0, "demand_value": 1.0, "source": "国土数値情報 P04 医療機関", "synthetic": false, "lon": 139.73994340420771, "lat": 35.692555670695512 }, "geometry": { "type": "Point", "coordinates": [ 139.739943404207708, 35.692555670695512 ] } },
{ "type": "Feature", "properties": { "name": "一般財団法人　自警会　東京警察病院", "kind": "精神科・心療内科", "capacity": 1.0, "weight": 1.0, "demand_value": 1.0, "source": "国土数値情報 P04 医療機関", "synthetic": false, "lon": 139.65936154849402, "lat": 35.709141975735989 }, "geometry": { "type": "Point", "coordinates": [ 139.659361548494019, 35.709141975735989 ] } },
{ "type": "Feature", "properties": { "name": "一般財団法人　平和協会　駒沢病院", "kind": "精神科・心療内科", "capacity": 1.0, "weight": 1.0, "demand_value": 1.0, "source": "国土数値情報 P04 医療機関", "synthetic": false, "lon": 139.66026447646698, "lat": 35.634050235585974 }, "geometry": { "type": "Point", "coordinates": [ 139.660264476466978, 35.634050235585974 ] } },
{ "type": "Feature", "properties": { "name": "一般財団法人健康医学協会附属東都クリニック", "kind": "精神科・心療内科", "capacity": 1.0, "weight": 1.0, "demand_value": 1.0, "source": "国土数値情報 P04 医療機関", "synthetic": false, "lon": 139.73466075427416, "lat": 35.680696132259236 }, "geometry": { "type": "Point", "coordinates": [ 139.734660754274159, 35.680696132259236 ] } },
{ "type": "Feature", "properties": { "name": "一般財団法人小峰研究所番町小峰クリニック", "kind": "精神科・心療内科", "capacity": 1.0, "weight": 1.0, "demand_value": 1.0, "source": "国土数値情報 P04 医療機関", "synthetic": false, "lon": 139.74141849134119, "lat": 35.68592698871862 }, "geometry": { "type": "Point", "coordinates": [ 139.741418491341193, 35.68592698871862 ] } },
{ "type": "Feature", "properties": { "name": "一般財団法人平和協会駒沢診療所", "kind": "精神科・心療内科", "capacity": 1.0, "weight": 1.0, "demand_value": 1.0, "source": "国土数値情報 P04 医療機関", "synthetic": false, "lon": 139.66092006230909, "lat": 35.633957345243964 }, "geometry": { "type": "Point", "coordinates": [ 139.660920062309089, 35.633957345243964 ] } },
{ "type": "Feature", "properties": { "name": "一般社団法人　ICR附属クリニカルリサーチ東京病院", "kind": "精神科・心療内科", "capacity": 1.0, "weight": 1.0, "demand_value": 1.0, "source": "国土数値情報 P04 医療機関", "synthetic": false, "lon": 139.72341585008581, "lat": 35.697730075440788 }, "geometry": { "type": "Point", "coordinates": [ 139.723415850085814, 35.697730075440788 ] } },
{ "type": "Feature", "properties": { "name": "永山メンタルクリニック五反田", "kind": "精神科・心療内科", "capacity": 1.0, "weight": 1.0, "demand_value": 1.0, "source": "国土数値情報 P04 医療機関", "synthetic": false, "lon": 139.72560798908131, "lat": 35.627124369731341 }, "geometry": { "type": "Point", "coordinates": [ 139.725607989081311, 35.627124369731341 ] } },
{ "type": "Feature", "properties": { "name": "円メンタルクリニック", "kind": "精神科・心療内科", "capacity": 1.0, "weight": 1.0, "demand_value": 1.0, "source": "国土数値情報 P04 医療機関", "synthetic": false, "lon": 139.64762170836184, "lat": 35.700471327918862 }, "geometry": { "type": "Point", "coordinates": [ 139.647621708361839, 35.700471327918862 ] } },
{ "type": "Feature", "properties": { "name": "岡本クリニック", "kind": "精神科・心療内科", "capacity": 1.0, "weight": 1.0, "demand_value": 1.0, "source": "国土数値情報 P04 医療機関", "synthetic": false, "lon": 139.66752784016447, "lat": 35.674176709303794 }, "geometry": { "type": "Point", "coordinates": [ 139.667527840164468, 35.674176709303794 ] } },
{ "type": "Feature", "properties": { "name": "荻窪三丁目クリニック", "kind": "精神科・心療内科", "capacity": 1.0, "weight": 1.0, "demand_value": 1.0, "source": "国土数値情報 P04 医療機関", "synthetic": false, "lon": 139.62631692929241, "lat": 35.703195433517251 }, "geometry": { "type": "Point", "coordinates": [ 139.626316929292415, 35.703195433517251 ] } },
{ "type": "Feature", "properties": { "name": "荻窪小児発達クリニック", "kind": "精神科・心療内科", "capacity": 1.0, "weight": 1.0, "demand_value": 1.0, "source": "国土数値情報 P04 医療機関", "synthetic": false, "lon": 139.62173417694547, "lat": 35.704944544253799 }, "geometry": { "type": "Point", "coordinates": [ 139.621734176945466, 35.704944544253799 ] } },
{ "type": "Feature", "properties": { "name": "下高井戸メンタルクリニック", "kind": "精神科・心療内科", "capacity": 1.0, "weight": 1.0, "demand_value": 1.0, "source": "国土数値情報 P04 医療機関", "synthetic": false, "lon": 139.6411287870578, "lat": 35.665473715934382 }, "geometry": { "type": "Point", "coordinates": [ 139.641128787057795, 35.665473715934382 ] } },
{ "type": "Feature", "properties": { "name": "下高井戸北口心療内科", "kind": "精神科・心療内科", "capacity": 1.0, "weight": 1.0, "demand_value": 1.0, "source": "国土数値情報 P04 医療機関", "synthetic": false, "lon": 139.64085155008632, "lat": 35.666913820681849 }, "geometry": { "type": "Point", "coordinates": [ 139.640851550086325, 35.666913820681849 ] } },
{ "type": "Feature", "properties": { "name": "下北沢こころのクリニック", "kind": "精神科・心療内科", "capacity": 1.0, "weight": 1.0, "demand_value": 1.0, "source": "国土数値情報 P04 医療機関", "synthetic": false, "lon": 139.66728735346419, "lat": 35.662586072180353 }, "geometry": { "type": "Point", "coordinates": [ 139.667287353464189, 35.662586072180353 ] } },
{ "type": "Feature", "properties": { "name": "下北沢メンタルケアクリニック", "kind": "精神科・心療内科", "capacity": 1.0, "weight": 1.0, "demand_value": 1.0, "source": "国土数値情報 P04 医療機関", "synthetic": false, "lon": 139.66609803615833, "lat": 35.661447560221937 }, "geometry": { "type": "Point", "coordinates": [ 139.666098036158331, 35.661447560221937 ] } },
{ "type": "Feature", "properties": { "name": "下北沢心療内科クリニック", "kind": "精神科・心療内科", "capacity": 1.0, "weight": 1.0, "demand_value": 1.0, "source": "国土数値情報 P04 医療機関", "synthetic": false, "lon": 139.66845256321901, "lat": 35.66168370216694 }, "geometry": { "type": "Point", "coordinates": [ 139.668452563219006, 35.66168370216694 ] } },
{ "type": "Feature", "properties": { "name": "下北沢西口クリニック", "kind": "精神科・心療内科", "capacity": 1.0, "weight": 1.0, "demand_value": 1.0, "source": "国土数値情報 P04 医療機関", "synthetic": false, "lon": 139.66508282287984, "lat": 35.662062466281625 }, "geometry": { "type": "Point", "coordinates": [ 139.665082822879839, 35.662062466281625 ] } },
{ "type": "Feature", "properties": { "name": "加藤医院", "kind": "精神科・心療内科", "capacity": 1.0, "weight": 1.0, "demand_value": 1.0, "source": "国土数値情報 P04 医療機関", "synthetic": false, "lon": 139.66572168997646, "lat": 35.660972882690743 }, "geometry": { "type": "Point", "coordinates": [ 139.665721689976465, 35.660972882690743 ] } },
{ "type": "Feature", "properties": { "name": "河北リハビリテーション病院", "kind": "精神科・心療内科", "capacity": 1.0, "weight": 1.0, "demand_value": 1.0, "source": "国土数値情報 P04 医療機関", "synthetic": false, "lon": 139.65100559524063, "lat": 35.684096530150477 }, "geometry": { "type": "Point", "coordinates": [ 139.651005595240633, 35.684096530150477 ] } },
{ "type": "Feature", "properties": { "name": "河北総合病院", "kind": "精神科・心療内科", "capacity": 1.0, "weight": 1.0, "demand_value": 1.0, "source": "国土数値情報 P04 医療機関", "synthetic": false, "lon": 139.63886563461324, "lat": 35.70682093903207 }, "geometry": { "type": "Point", "coordinates": [ 139.638865634613239, 35.70682093903207 ] } },
{ "type": "Feature", "properties": { "name": "河北総合病院分院", "kind": "精神科・心療内科", "capacity": 1.0, "weight": 1.0, "demand_value": 1.0, "source": "国土数値情報 P04 医療機関", "synthetic": false, "lon": 139.6379189291446, "lat": 35.706675430617494 }, "geometry": { "type": "Point", "coordinates": [ 139.637918929144604, 35.706675430617494 ] } },
{ "type": "Feature", "properties": { "name": "花クリニック", "kind": "精神科・心療内科", "capacity": 1.0, "weight": 1.0, "demand_value": 1.0, "source": "国土数値情報 P04 医療機関", "synthetic": false, "lon": 139.700687318338, "lat": 35.682623412892568 }, "geometry": { "type": "Point", "coordinates": [ 139.700687318337998, 35.682623412892568 ] } },
{ "type": "Feature", "properties": { "name": "花みずき診療所", "kind": "精神科・心療内科", "capacity": 1.0, "weight": 1.0, "demand_value": 1.0, "source": "国土数値情報 P04 医療機関", "synthetic": false, "lon": 139.7231560377374, "lat": 35.572630014774553 }, "geometry": { "type": "Point", "coordinates": [ 139.723156037737397, 35.572630014774553 ] } },
{ "type": "Feature", "properties": { "name": "花岡心療内科クリニック", "kind": "精神科・心療内科", "capacity": 1.0, "weight": 1.0, "demand_value": 1.0, "source": "国土数値情報 P04 医療機関", "synthetic": false, "lon": 139.56979700666224, "lat": 35.692230942045569 }, "geometry": { "type": "Point", "coordinates": [ 139.569797006662242, 35.692230942045569 ] } },
{ "type": "Feature", "properties": { "name": "花楯こころ・からだのクリニック", "kind": "精神科・心療内科", "capacity": 1.0, "weight": 1.0, "demand_value": 1.0, "source": "国土数値情報 P04 医療機関", "synthetic": false, "lon": 139.56051581671827, "lat": 35.700923735038984 }, "geometry": { "type": "Point", "coordinates": [ 139.560515816718265, 35.700923735038984 ] } },
{ "type": "Feature", "properties": { "name": "外堀クリニック", "kind": "精神科・心療内科", "capacity": 1.0, "weight": 1.0, "demand_value": 1.0, "source": "国土数値情報 P04 医療機関", "synthetic": false, "lon": 139.743384866697, "lat": 35.702881882852608 }, "geometry": { "type": "Point", "coordinates": [ 139.743384866696999, 35.702881882852608 ] } },
{ "type": "Feature", "properties": { "name": "柿の木坂クリニック", "kind": "精神科・心療内科", "capacity": 1.0, "weight": 1.0, "demand_value": 1.0, "source": "国土数値情報 P04 医療機関", "synthetic": false, "lon": 139.67647427885481, "lat": 35.625503911590691 }, "geometry": { "type": "Point", "coordinates": [ 139.676474278854812, 35.625503911590691 ] } },
{ "type": "Feature", "properties": { "name": "学芸大学ファミリークリニック", "kind": "精神科・心療内科", "capacity": 1.0, "weight": 1.0, "demand_value": 1.0, "source": "国土数値情報 P04 医療機関", "synthetic": false, "lon": 139.68399220061201, "lat": 35.629197547856201 }, "geometry": { "type": "Point", "coordinates": [ 139.68399220061201, 35.629197547856201 ] } },
{ "type": "Feature", "properties": { "name": "学芸大学メンタルケアクリニック", "kind": "精神科・心療内科", "capacity": 1.0, "weight": 1.0, "demand_value": 1.0, "source": "国土数値情報 P04 医療機関", "synthetic": false, "lon": 139.68446355566036, "lat": 35.629074517511178 }, "geometry": { "type": "Point", "coordinates": [ 139.684463555660358, 35.629074517511178 ] } },
{ "type": "Feature", "properties": { "name": "株式会社タイトー　健康相談室", "kind": "精神科・心療内科", "capacity": 1.0, "weight": 1.0, "demand_value": 1.0, "source": "国土数値情報 P04 医療機関", "synthetic": false, "lon": 139.70897786309732, "lat": 35.696099554132005 }, "geometry": { "type": "Point", "coordinates": [ 139.708977863097317, 35.696099554132005 ] } },
{ "type": "Feature", "properties": { "name": "株式会社東急エージェンシー健康支援室", "kind": "精神科・心療内科", "capacity": 1.0, "weight": 1.0, "demand_value": 1.0, "source": "国土数値情報 P04 医療機関", "synthetic": false, "lon": 139.7337549923152, "lat": 35.676027081856169 }, "geometry": { "type": "Point", "coordinates": [ 139.733754992315198, 35.676027081856169 ] } },
{ "type": "Feature", "properties": { "name": "株式会社日本総合研究所　健康管理室", "kind": "精神科・心療内科", "capacity": 1.0, "weight": 1.0, "demand_value": 1.0, "source": "国土数値情報 P04 医療機関", "synthetic": false, "lon": 139.72955969160839, "lat": 35.624326177566843 }, "geometry": { "type": "Point", "coordinates": [ 139.729559691608387, 35.624326177566843 ] } },
{ "type": "Feature", "properties": { "name": "岩田レディースクリニック", "kind": "精神科・心療内科", "capacity": 1.0, "weight": 1.0, "demand_value": 1.0, "source": "国土数値情報 P04 医療機関", "synthetic": false, "lon": 139.67390573797951, "lat": 35.588238564858088 }, "geometry": { "type": "Point", "coordinates": [ 139.67390573797951, 35.588238564858088 ] } },
{ "type": "Feature", "properties": { "name": "喜多見メンタルクリニック", "kind": "精神科・心療内科", "capacity": 1.0, "weight": 1.0, "demand_value": 1.0, "source": "国土数値情報 P04 医療機関", "synthetic": false, "lon": 139.58737172787491, "lat": 35.635914769295951 }, "geometry": { "type": "Point", "coordinates": [ 139.58737172787491, 35.635914769295951 ] } },
{ "type": "Feature", "properties": { "name": "旗の台メンタルクリニック", "kind": "精神科・心療内科", "capacity": 1.0, "weight": 1.0, "demand_value": 1.0, "source": "国土数値情報 P04 医療機関", "synthetic": false, "lon": 139.70471834375743, "lat": 35.606070622006975 }, "geometry": { "type": "Point", "coordinates": [ 139.704718343757435, 35.606070622006975 ] } },
{ "type": "Feature", "properties": { "name": "紀尾井町クリニック", "kind": "精神科・心療内科", "capacity": 1.0, "weight": 1.0, "demand_value": 1.0, "source": "国土数値情報 P04 医療機関", "synthetic": false, "lon": 139.73466075427416, "lat": 35.680696132259236 }, "geometry": { "type": "Point", "coordinates": [ 139.734660754274159, 35.680696132259236 ] } },
{ "type": "Feature", "properties": { "name": "亀井クリニック", "kind": "精神科・心療内科", "capacity": 1.0, "weight": 1.0, "demand_value": 1.0, "source": "国土数値情報 P04 医療機関", "synthetic": false, "lon": 139.67601671110231, "lat": 35.6504826704574 }, "geometry": { "type": "Point", "coordinates": [ 139.676016711102307, 35.6504826704574 ] } },
{ "type": "Feature", "properties": { "name": "亀井内科・神経内科クリニック", "kind": "精神科・心療内科", "capacity": 1.0, "weight": 1.0, "demand_value": 1.0, "source": "国土数値情報 P04 医療機関", "synthetic": false, "lon": 139.6710747789576, "lat": 35.601383109088751 }, "geometry": { "type": "Point", "coordinates": [ 139.671074778957603, 35.601383109088751 ] } },
{ "type": "Feature", "properties": { "name": "菊地整形外科", "kind": "精神科・心療内科", "capacity": 1.0, "weight": 1.0, "demand_value": 1.0, "source": "国土数値情報 P04 医療機関", "synthetic": false, "lon": 139.72838210505026, "lat": 35.585727815956055 }, "geometry": { "type": "Point", "coordinates": [ 139.728382105050258, 35.585727815956055 ] } },
{ "type": "Feature", "properties": { "name": "吉井クリニック", "kind": "精神科・心療内科", "capacity": 1.0, "weight": 1.0, "demand_value": 1.0, "source": "国土数値情報 P04 医療機関", "synthetic": false, "lon": 139.68672858998207, "lat": 35.652061061413306 }, "geometry": { "type": "Point", "coordinates": [ 139.686728589982067, 35.652061061413306 ] } },
{ "type": "Feature", "properties": { "name": "吉祥寺いろはメンタルクリニック", "kind": "精神科・心療内科", "capacity": 1.0, "weight": 1.0, "demand_value": 1.0, "source": "国土数値情報 P04 医療機関", "synthetic": false, "lon": 139.57759476610181, "lat": 35.702214235214733 }, "geometry": { "type": "Point", "coordinates": [ 139.577594766101811, 35.702214235214733 ] } },
{ "type": "Feature", "properties": { "name": "吉祥寺クローバークリニック", "kind": "精神科・心療内科", "capacity": 1.0, "weight": 1.0, "demand_value": 1.0, "source": "国土数値情報 P04 医療機関", "synthetic": false, "lon": 139.57476566633036, "lat": 35.704315514053683 }, "geometry": { "type": "Point", "coordinates": [ 139.574765666330364, 35.704315514053683 ] } },
{ "type": "Feature", "properties": { "name": "吉祥寺こころの診療所", "kind": "精神科・心療内科", "capacity": 1.0, "weight": 1.0, "demand_value": 1.0, "source": "国土数値情報 P04 医療機関", "synthetic": false, "lon": 139.58104426038312, "lat": 35.704246044645551 }, "geometry": { "type": "Point", "coordinates": [ 139.581044260383123, 35.704246044645551 ] } },
{ "type": "Feature", "properties": { "name": "吉祥寺たかのメンタルクリニック", "kind": "精神科・心療内科", "capacity": 1.0, "weight": 1.0, "demand_value": 1.0, "source": "国土数値情報 P04 医療機関", "synthetic": false, "lon": 139.57697166463393, "lat": 35.705167217046515 }, "geometry": { "type": "Point", "coordinates": [ 139.57697166463393, 35.705167217046515 ] } },
{ "type": "Feature", "properties": { "name": "吉祥寺メンタルヘルスクリニック", "kind": "精神科・心療内科", "capacity": 1.0, "weight": 1.0, "demand_value": 1.0, "source": "国土数値情報 P04 医療機関", "synthetic": false, "lon": 139.5793945775288, "lat": 35.706904337157752 }, "geometry": { "type": "Point", "coordinates": [ 139.579394577528802, 35.706904337157752 ] } },
{ "type": "Feature", "properties": { "name": "吉祥寺南町診療所", "kind": "精神科・心療内科", "capacity": 1.0, "weight": 1.0, "demand_value": 1.0, "source": "国土数値情報 P04 医療機関", "synthetic": false, "lon": 139.59254933498431, "lat": 35.702271564054449 }, "geometry": { "type": "Point", "coordinates": [ 139.592549334984312, 35.702271564054449 ] } },
{ "type": "Feature", "properties": { "name": "吉村クリニック", "kind": "精神科・心療内科", "capacity": 1.0, "weight": 1.0, "demand_value": 1.0, "source": "国土数値情報 P04 医療機関", "synthetic": false, "lon": 139.72107459743103, "lat": 35.69247285801697 }, "geometry": { "type": "Point", "coordinates": [ 139.721074597431027, 35.69247285801697 ] } },
{ "type": "Feature", "properties": { "name": "吉村小児科医院", "kind": "精神科・心療内科", "capacity": 1.0, "weight": 1.0, "demand_value": 1.0, "source": "国土数値情報 P04 医療機関", "synthetic": false, "lon": 139.69261209712263, "lat": 35.599782561682936 }, "geometry": { "type": "Point", "coordinates": [ 139.692612097122634, 35.599782561682936 ] } },
{ "type": "Feature", "properties": { "name": "吉本メディカルクリニック", "kind": "精神科・心療内科", "capacity": 1.0, "weight": 1.0, "demand_value": 1.0, "source": "国土数値情報 P04 医療機関", "synthetic": false, "lon": 139.71792218258338, "lat": 35.667293845447581 }, "geometry": { "type": "Point", "coordinates": [ 139.717922182583379, 35.667293845447581 ] } },
{ "type": "Feature", "properties": { "name": "久我山メンタルクリニック", "kind": "精神科・心療内科", "capacity": 1.0, "weight": 1.0, "demand_value": 1.0, "source": "国土数値情報 P04 医療機関", "synthetic": false, "lon": 139.60059052835459, "lat": 35.687507683653294 }, "geometry": { "type": "Point", "coordinates": [ 139.600590528354587, 35.687507683653294 ] } },
{ "type": "Feature", "properties": { "name": "宮沢クリニック", "kind": "精神科・心療内科", "capacity": 1.0, "weight": 1.0, "demand_value": 1.0, "source": "国土数値情報 P04 医療機関", "synthetic": false, "lon": 139.59722111646474, "lat": 35.640759883368681 }, "geometry": { "type": "Point", "coordinates": [ 139.597221116464738, 35.640759883368681 ] } },
{ "type": "Feature", "properties": { "name": "救世軍ブース記念病院", "kind": "精神科・心療内科", "capacity": 1.0, "weight": 1.0, "demand_value": 1.0, "source": "国土数値情報 P04 医療機関", "synthetic": false, "lon": 139.66045139815924, "lat": 35.690382832400054 }, "geometry": { "type": "Point", "coordinates": [ 139.660451398159239, 35.690382832400054 ] } },
{ "type": "Feature", "properties": { "name": "橋本クリニック", "kind": "精神科・心療内科", "capacity": 1.0, "weight": 1.0, "demand_value": 1.0, "source": "国土数値情報 P04 医療機関", "synthetic": false, "lon": 139.70504018703792, "lat": 35.66017051866114 }, "geometry": { "type": "Point", "coordinates": [ 139.705040187037923, 35.66017051866114 ] } },
{ "type": "Feature", "properties": { "name": "玉川田園調布クリニック", "kind": "精神科・心療内科", "capacity": 1.0, "weight": 1.0, "demand_value": 1.0, "source": "国土数値情報 P04 医療機関", "synthetic": false, "lon": 139.66512683344695, "lat": 35.602089993622087 }, "geometry": { "type": "Point", "coordinates": [ 139.665126833446948, 35.602089993622087 ] } },
{ "type": "Feature", "properties": { "name": "金王坂クリニック", "kind": "精神科・心療内科", "capacity": 1.0, "weight": 1.0, "demand_value": 1.0, "source": "国土数値情報 P04 医療機関", "synthetic": false, "lon": 139.70493917330998, "lat": 35.657563589992911 }, "geometry": { "type": "Point", "coordinates": [ 139.704939173309981, 35.657563589992911 ] } },
{ "type": "Feature", "properties": { "name": "駒場カウンセリングクリニック", "kind": "精神科・心療内科", "capacity": 1.0, "weight": 1.0, "demand_value": 1.0, "source": "国土数値情報 P04 医療機関", "synthetic": false, "lon": 139.67761523816259, "lat": 35.653372335019739 }, "geometry": { "type": "Point", "coordinates": [ 139.677615238162588, 35.653372335019739 ] } },
{ "type": "Feature", "properties": { "name": "駒沢ケイクリニック", "kind": "精神科・心療内科", "capacity": 1.0, "weight": 1.0, "demand_value": 1.0, "source": "国土数値情報 P04 医療機関", "synthetic": false, "lon": 139.66347521270671, "lat": 35.629665361324619 }, "geometry": { "type": "Point", "coordinates": [ 139.663475212706715, 35.629665361324619 ] } },
{ "type": "Feature", "properties": { "name": "駒沢メンタルクリニック", "kind": "精神科・心療内科", "capacity": 1.0, "weight": 1.0, "demand_value": 1.0, "source": "国土数値情報 P04 医療機関", "synthetic": false, "lon": 139.66010622721731, "lat": 35.634736135130538 }, "geometry": { "type": "Point", "coordinates": [ 139.660106227217312, 35.634736135130538 ] } },
{ "type": "Feature", "properties": { "name": "駒澤大学保健管理センター", "kind": "精神科・心療内科", "capacity": 1.0, "weight": 1.0, "demand_value": 1.0, "source": "国土数値情報 P04 医療機関", "synthetic": false, "lon": 139.65942583739661, "lat": 35.628503172840965 }, "geometry": { "type": "Point", "coordinates": [ 139.659425837396611, 35.628503172840965 ] } },
{ "type": "Feature", "properties": { "name": "恵比寿１丁目クリニック", "kind": "精神科・心療内科", "capacity": 1.0, "weight": 1.0, "demand_value": 1.0, "source": "国土数値情報 P04 医療機関", "synthetic": false, "lon": 139.71430040063024, "lat": 35.647421295041624 }, "geometry": { "type": "Point", "coordinates": [ 139.714300400630236, 35.647421295041624 ] } },
{ "type": "Feature", "properties": { "name": "恵比寿ＴＧクリニック", "kind": "精神科・心療内科", "capacity": 1.0, "weight": 1.0, "demand_value": 1.0, "source": "国土数値情報 P04 医療機関", "synthetic": false, "lon": 139.70923994391936, "lat": 35.649594584910432 }, "geometry": { "type": "Point", "coordinates": [ 139.709239943919357, 35.649594584910432 ] } },
{ "type": "Feature", "properties": { "name": "恵比寿みかレディースクリニック", "kind": "精神科・心療内科", "capacity": 1.0, "weight": 1.0, "demand_value": 1.0, "source": "国土数値情報 P04 医療機関", "synthetic": false, "lon": 139.70975422644804, "lat": 35.645358971542279 }, "geometry": { "type": "Point", "coordinates": [ 139.709754226448041, 35.645358971542279 ] } },
{ "type": "Feature", "properties": { "name": "恵比寿メディカルクリニック", "kind": "精神科・心療内科", "capacity": 1.0, "weight": 1.0, "demand_value": 1.0, "source": "国土数値情報 P04 医療機関", "synthetic": false, "lon": 139.71035767499109, "lat": 35.648187541038631 }, "geometry": { "type": "Point", "coordinates": [ 139.710357674991087, 35.648187541038631 ] } },
{ "type": "Feature", "properties": { "name": "恵比寿山の診療所", "kind": "精神科・心療内科", "capacity": 1.0, "weight": 1.0, "demand_value": 1.0, "source": "国土数値情報 P04 医療機関", "synthetic": false, "lon": 139.70799070861412, "lat": 35.64665184614605 }, "geometry": { "type": "Point", "coordinates": [ 139.707990708614119, 35.64665184614605 ] } },
{ "type": "Feature", "properties": { "name": "慶應義塾三田診療所", "kind": "精神科・心療内科", "capacity": 1.0, "weight": 1.0, "demand_value": 1.0, "source": "国土数値情報 P04 医療機関", "synthetic": false, "lon": 139.74310698933971, "lat": 35.648418959688897 }, "geometry": { "type": "Point", "coordinates": [ 139.743106989339708, 35.648418959688897 ] } },
{ "type": "Feature", "properties": { "name": "慶應義塾大学病院", "kind": "精神科・心療内科", "capacity": 1.0, "weight": 1.0, "demand_value": 1.0, "source": "国土数値情報 P04 医療機関", "synthetic": false, "lon": 139.71808839793013, "lat": 35.681478959552422 }, "geometry": { "type": "Point", "coordinates": [ 139.718088397930131, 35.681478959552422 ] } },
{ "type": "Feature", "properties": { "name": "経堂メンタルクリニック", "kind": "精神科・心療内科", "capacity": 1.0, "weight": 1.0, "demand_value": 1.0, "source": "国土数値情報 P04 医療機関", "synthetic": false, "lon": 139.63834521562296, "lat": 35.651121149044798 }, "geometry": { "type": "Point", "coordinates": [ 139.638345215622962, 35.651121149044798 ] } },
{ "type": "Feature", "properties": { "name": "健康管理クリニック", "kind": "精神科・心療内科", "capacity": 1.0, "weight": 1.0, "demand_value": 1.0, "source": "国土数値情報 P04 医療機関", "synthetic": false, "lon": 139.69345330919271, "lat": 35.688073718666473 }, "geometry": { "type": "Point", "coordinates": [ 139.693453309192705, 35.688073718666473 ] } },
{ "type": "Feature", "properties": { "name": "健康政策経営研究所　南青山クリニック", "kind": "精神科・心療内科", "capacity": 1.0, "weight": 1.0, "demand_value": 1.0, "source": "国土数値情報 P04 医療機関", "synthetic": false, "lon": 139.72394876134177, "lat": 35.671266570635062 }, "geometry": { "type": "Point", "coordinates": [ 139.723948761341774, 35.671266570635062 ] } },
{ "type": "Feature", "properties": { "name": "原宿メンタルクリニック", "kind": "精神科・心療内科", "capacity": 1.0, "weight": 1.0, "demand_value": 1.0, "source": "国土数値情報 P04 医療機関", "synthetic": false, "lon": 139.70717747889171, "lat": 35.669041243357569 }, "geometry": { "type": "Point", "coordinates": [ 139.707177478891708, 35.669041243357569 ] } },
{ "type": "Feature", "properties": { "name": "原宿心療内科", "kind": "精神科・心療内科", "capacity": 1.0, "weight": 1.0, "demand_value": 1.0, "source": "国土数値情報 P04 医療機関", "synthetic": false, "lon": 139.70886082438207, "lat": 35.672800849796474 }, "geometry": { "type": "Point", "coordinates": [ 139.708860824382072, 35.672800849796474 ] } },
{ "type": "Feature", "properties": { "name": "戸山メンタルクリニック", "kind": "精神科・心療内科", "capacity": 1.0, "weight": 1.0, "demand_value": 1.0, "source": "国土数値情報 P04 医療機関", "synthetic": false, "lon": 139.70802802499603, "lat": 35.702550733678613 }, "geometry": { "type": "Point", "coordinates": [ 139.708028024996025, 35.702550733678613 ] } },
{ "type": "Feature", "properties": { "name": "五反田こころのクリニック", "kind": "精神科・心療内科", "capacity": 1.0, "weight": 1.0, "demand_value": 1.0, "source": "国土数値情報 P04 医療機関", "synthetic": false, "lon": 139.72323263326203, "lat": 35.627211814487488 }, "geometry": { "type": "Point", "coordinates": [ 139.723232633262029, 35.627211814487488 ] } },
{ "type": "Feature", "properties": { "name": "後藤クリニック", "kind": "精神科・心療内科", "capacity": 1.0, "weight": 1.0, "demand_value": 1.0, "source": "国土数値情報 P04 医療機関", "synthetic": false, "lon": 139.68219110491347, "lat": 35.708175236966461 }, "geometry": { "type": "Point", "coordinates": [ 139.682191104913471, 35.708175236966461 ] } },
{ "type": "Feature", "properties": { "name": "交番通り歯科", "kind": "精神科・心療内科", "capacity": 1.0, "weight": 1.0, "demand_value": 1.0, "source": "国土数値情報 P04 医療機関", "synthetic": false, "lon": 139.60028546551393, "lat": 35.670146646841772 }, "geometry": { "type": "Point", "coordinates": [ 139.600285465513934, 35.670146646841772 ] } },
{ "type": "Feature", "properties": { "name": "公益財団法人　東京都保健医療公社　荏原病院", "kind": "精神科・心療内科", "capacity": 1.0, "weight": 1.0, "demand_value": 1.0, "source": "国土数値情報 P04 医療機関", "synthetic": false, "lon": 139.69285944321877, "lat": 35.593741363244376 }, "geometry": { "type": "Point", "coordinates": [ 139.692859443218765, 35.593741363244376 ] } },
{ "type": "Feature", "properties": { "name": "公益財団法人　東京都保健医療公社　大久保病院", "kind": "精神科・心療内科", "capacity": 1.0, "weight": 1.0, "demand_value": 1.0, "source": "国土数値情報 P04 医療機関", "synthetic": false, "lon": 139.70151525640156, "lat": 35.696821030493496 }, "geometry": { "type": "Point", "coordinates": [ 139.701515256401564, 35.696821030493496 ] } },
{ "type": "Feature", "properties": { "name": "公益財団法人世田谷区保健センター", "kind": "精神科・心療内科", "capacity": 1.0, "weight": 1.0, "demand_value": 1.0, "source": "国土数値情報 P04 医療機関", "synthetic": false, "lon": 139.65060073485159, "lat": 35.658260888186817 }, "geometry": { "type": "Point", "coordinates": [ 139.650600734851594, 35.658260888186817 ] } },
{ "type": "Feature", "properties": { "name": "公立学校共済組合　関東中央病院", "kind": "精神科・心療内科", "capacity": 1.0, "weight": 1.0, "demand_value": 1.0, "source": "国土数値情報 P04 医療機関", "synthetic": false, "lon": 139.62661802962572, "lat": 35.637306729554851 }, "geometry": { "type": "Point", "coordinates": [ 139.626618029625718, 35.637306729554851 ] } },
{ "type": "Feature", "properties": { "name": "厚生労働省第二共済組合東京医療センター所属所", "kind": "精神科・心療内科", "capacity": 1.0, "weight": 1.0, "demand_value": 1.0, "source": "国土数値情報 P04 医療機関", "synthetic": false, "lon": 139.66633698788357, "lat": 35.62692017196408 }, "geometry": { "type": "Point", "coordinates": [ 139.666336987883568, 35.62692017196408 ] } },
{ "type": "Feature", "properties": { "name": "向山クリニック", "kind": "精神科・心療内科", "capacity": 1.0, "weight": 1.0, "demand_value": 1.0, "source": "国土数値情報 P04 医療機関", "synthetic": false, "lon": 139.70479184136389, "lat": 35.645138905120938 }, "geometry": { "type": "Point", "coordinates": [ 139.704791841363885, 35.645138905120938 ] } },
{ "type": "Feature", "properties": { "name": "広尾ストレスクリニック", "kind": "精神科・心療内科", "capacity": 1.0, "weight": 1.0, "demand_value": 1.0, "source": "国土数値情報 P04 医療機関", "synthetic": false, "lon": 139.72239339115464, "lat": 35.652582469243541 }, "geometry": { "type": "Point", "coordinates": [ 139.72239339115464, 35.652582469243541 ] } },
{ "type": "Feature", "properties": { "name": "広尾メンタルクリニック", "kind": "精神科・心療内科", "capacity": 1.0, "weight": 1.0, "demand_value": 1.0, "source": "国土数値情報 P04 医療機関", "synthetic": false, "lon": 139.7215285371023, "lat": 35.650376045627496 }, "geometry": { "type": "Point", "coordinates": [ 139.721528537102301, 35.650376045627496 ] } },
{ "type": "Feature", "properties": { "name": "港区立特別養護老人ホーム　「白金の森」", "kind": "精神科・心療内科", "capacity": 1.0, "weight": 1.0, "demand_value": 1.0, "source": "国土数値情報 P04 医療機関", "synthetic": false, "lon": 139.72207832188857, "lat": 35.637116482567649 }, "geometry": { "type": "Point", "coordinates": [ 139.722078321888574, 35.637116482567649 ] } },
{ "type": "Feature", "properties": { "name": "高円寺クリニック", "kind": "精神科・心療内科", "capacity": 1.0, "weight": 1.0, "demand_value": 1.0, "source": "国土数値情報 P04 医療機関", "synthetic": false, "lon": 139.65065019168591, "lat": 35.704774215975554 }, "geometry": { "type": "Point", "coordinates": [ 139.650650191685912, 35.704774215975554 ] } },
{ "type": "Feature", "properties": { "name": "高円寺ふじたクリニック", "kind": "精神科・心療内科", "capacity": 1.0, "weight": 1.0, "demand_value": 1.0, "source": "国土数値情報 P04 医療機関", "synthetic": false, "lon": 139.64967326512735, "lat": 35.706510379350803 }, "geometry": { "type": "Point", "coordinates": [ 139.649673265127348, 35.706510379350803 ] } },
{ "type": "Feature", "properties": { "name": "高橋クリニック", "kind": "精神科・心療内科", "capacity": 1.0, "weight": 1.0, "demand_value": 1.0, "source": "国土数値情報 P04 医療機関", "synthetic": false, "lon": 139.71029845265124, "lat": 35.594493397119855 }, "geometry": { "type": "Point", "coordinates": [ 139.710298452651244, 35.594493397119855 ] } },
{ "type": "Feature", "properties": { "name": "高橋メンタルクリニック", "kind": "精神科・心療内科", "capacity": 1.0, "weight": 1.0, "demand_value": 1.0, "source": "国土数値情報 P04 医療機関", "synthetic": false, "lon": 139.66531885795953, "lat": 35.67414000169169 }, "geometry": { "type": "Point", "coordinates": [ 139.665318857959534, 35.67414000169169 ] } },
{ "type": "Feature", "properties": { "name": "高橋医院", "kind": "精神科・心療内科", "capacity": 1.0, "weight": 1.0, "demand_value": 1.0, "source": "国土数値情報 P04 医療機関", "synthetic": false, "lon": 139.56392007883042, "lat": 35.704895844234493 }, "geometry": { "type": "Point", "coordinates": [ 139.563920078830421, 35.704895844234493 ] } },
{ "type": "Feature", "properties": { "name": "高橋医院", "kind": "精神科・心療内科", "capacity": 1.0, "weight": 1.0, "demand_value": 1.0, "source": "国土数値情報 P04 医療機関", "synthetic": false, "lon": 139.72353457173216, "lat": 35.647149242680399 }, "geometry": { "type": "Point", "coordinates": [ 139.723534571732159, 35.647149242680399 ] } },
{ "type": "Feature", "properties": { "name": "高輪こころのクリニック", "kind": "精神科・心療内科", "capacity": 1.0, "weight": 1.0, "demand_value": 1.0, "source": "国土数値情報 P04 医療機関", "synthetic": false, "lon": 139.73791878288336, "lat": 35.631482748799264 }, "geometry": { "type": "Point", "coordinates": [ 139.737918782883355, 35.631482748799264 ] } },
{ "type": "Feature", "properties": { "name": "豪徳寺クリニック", "kind": "精神科・心療内科", "capacity": 1.0, "weight": 1.0, "demand_value": 1.0, "source": "国土数値情報 P04 医療機関", "synthetic": false, "lon": 139.64735136501722, "lat": 35.654517638381812 }, "geometry": { "type": "Point", "coordinates": [ 139.647351365017215, 35.654517638381812 ] } },
{ "type": "Feature", "properties": { "name": "国家公務員共済組合連合会　東京共済病院", "kind": "精神科・心療内科", "capacity": 1.0, "weight": 1.0, "demand_value": 1.0, "source": "国土数値情報 P04 医療機関", "synthetic": false, "lon": 139.70440718652301, "lat": 35.641590920446902 }, "geometry": { "type": "Point", "coordinates": [ 139.704407186523014, 35.641590920446902 ] } },
{ "type": "Feature", "properties": { "name": "国立研究開発法人　国立国際医療研究センター病院", "kind": "精神科・心療内科", "capacity": 1.0, "weight": 1.0, "demand_value": 1.0, "source": "国土数値情報 P04 医療機関", "synthetic": false, "lon": 139.71644841330857, "lat": 35.702959787140053 }, "geometry": { "type": "Point", "coordinates": [ 139.716448413308569, 35.702959787140053 ] } },
{ "type": "Feature", "properties": { "name": "国立研究開発法人　国立成育医療研究センター", "kind": "精神科・心療内科", "capacity": 1.0, "weight": 1.0, "demand_value": 1.0, "source": "国土数値情報 P04 医療機関", "synthetic": false, "lon": 139.61267529282344, "lat": 35.63378885424649 }, "geometry": { "type": "Point", "coordinates": [ 139.61267529282344, 35.63378885424649 ] } },
{ "type": "Feature", "properties": { "name": "黒田クリニック", "kind": "精神科・心療内科", "capacity": 1.0, "weight": 1.0, "demand_value": 1.0, "source": "国土数値情報 P04 医療機関", "synthetic": false, "lon": 139.6171098489699, "lat": 35.703747619039753 }, "geometry": { "type": "Point", "coordinates": [ 139.617109848969903, 35.703747619039753 ] } },
{ "type": "Feature", "properties": { "name": "狛江のんびりクリニック", "kind": "精神科・心療内科", "capacity": 1.0, "weight": 1.0, "demand_value": 1.0, "source": "国土数値情報 P04 医療機関", "synthetic": false, "lon": 139.58100884838515, "lat": 35.631859895119582 }, "geometry": { "type": "Point", "coordinates": [ 139.581008848385153, 35.631859895119582 ] } },
{ "type": "Feature", "properties": { "name": "細谷皮フ科", "kind": "精神科・心療内科", "capacity": 1.0, "weight": 1.0, "demand_value": 1.0, "source": "国土数値情報 P04 医療機関", "synthetic": false, "lon": 139.57802666197162, "lat": 35.634019566336391 }, "geometry": { "type": "Point", "coordinates": [ 139.57802666197162, 35.634019566336391 ] } },
{ "type": "Feature", "properties": { "name": "裁判所共済組合本部診療所", "kind": "精神科・心療内科", "capacity": 1.0, "weight": 1.0, "demand_value": 1.0, "source": "国土数値情報 P04 医療機関", "synthetic": false, "lon": 139.74355098324395, "lat": 35.680545688762848 }, "geometry": { "type": "Point", "coordinates": [ 139.743550983243949, 35.680545688762848 ] } },
{ "type": "Feature", "properties": { "name": "桜クリニック", "kind": "精神科・心療内科", "capacity": 1.0, "weight": 1.0, "demand_value": 1.0, "source": "国土数値情報 P04 医療機関", "synthetic": false, "lon": 139.63641071475431, "lat": 35.639211720104178 }, "geometry": { "type": "Point", "coordinates": [ 139.636410714754305, 35.639211720104178 ] } },
{ "type": "Feature", "properties": { "name": "桜上水クリニック", "kind": "精神科・心療内科", "capacity": 1.0, "weight": 1.0, "demand_value": 1.0, "source": "国土数値情報 P04 医療機関", "synthetic": false, "lon": 139.63250357745545, "lat": 35.666890009907881 }, "geometry": { "type": "Point", "coordinates": [ 139.632503577455452, 35.666890009907881 ] } },
{ "type": "Feature", "properties": { "name": "桜新町メンタルクリニック", "kind": "精神科・心療内科", "capacity": 1.0, "weight": 1.0, "demand_value": 1.0, "source": "国土数値情報 P04 医療機関", "synthetic": false, "lon": 139.64379148163431, "lat": 35.629980216231978 }, "geometry": { "type": "Point", "coordinates": [ 139.64379148163431, 35.629980216231978 ] } },
{ "type": "Feature", "properties": { "name": "三軒茶屋駅前メンタルクリニック", "kind": "精神科・心療内科", "capacity": 1.0, "weight": 1.0, "demand_value": 1.0, "source": "国土数値情報 P04 医療機関", "synthetic": false, "lon": 139.67096093743237, "lat": 35.643057035096419 }, "geometry": { "type": "Point", "coordinates": [ 139.670960937432369, 35.643057035096419 ] } },
{ "type": "Feature", "properties": { "name": "三鷹駅前こころのクリニック", "kind": "精神科・心療内科", "capacity": 1.0, "weight": 1.0, "demand_value": 1.0, "source": "国土数値情報 P04 医療機関", "synthetic": false, "lon": 139.56140737927211, "lat": 35.701505629815671 }, "geometry": { "type": "Point", "coordinates": [ 139.561407379272111, 35.701505629815671 ] } },
{ "type": "Feature", "properties": { "name": "三鷹市北野ハピネスセンター診療室", "kind": "精神科・心療内科", "capacity": 1.0, "weight": 1.0, "demand_value": 1.0, "source": "国土数値情報 P04 医療機関", "synthetic": false, "lon": 139.58615169936829, "lat": 35.679899807062114 }, "geometry": { "type": "Point", "coordinates": [ 139.586151699368287, 35.679899807062114 ] } },
{ "type": "Feature", "properties": { "name": "三鷹北口たなかクリニック", "kind": "精神科・心療内科", "capacity": 1.0, "weight": 1.0, "demand_value": 1.0, "source": "国土数値情報 P04 医療機関", "synthetic": false, "lon": 139.56171839583001, "lat": 35.703337370016826 }, "geometry": { "type": "Point", "coordinates": [ 139.561718395830013, 35.703337370016826 ] } },
{ "type": "Feature", "properties": { "name": "三田在宅診療クリニック", "kind": "精神科・心療内科", "capacity": 1.0, "weight": 1.0, "demand_value": 1.0, "source": "国土数値情報 P04 医療機関", "synthetic": false, "lon": 139.74031373580129, "lat": 35.653662467025697 }, "geometry": { "type": "Point", "coordinates": [ 139.740313735801294, 35.653662467025697 ] } },
{ "type": "Feature", "properties": { "name": "三菱重工業株式会社　本社健康管理センター", "kind": "精神科・心療内科", "capacity": 1.0, "weight": 1.0, "demand_value": 1.0, "source": "国土数値情報 P04 医療機関", "synthetic": false, "lon": 139.74093121839093, "lat": 35.626150700898293 }, "geometry": { "type": "Point", "coordinates": [ 139.740931218390926, 35.626150700898293 ] } },
{ "type": "Feature", "properties": { "name": "参宮橋こころのクリニック", "kind": "精神科・心療内科", "capacity": 1.0, "weight": 1.0, "demand_value": 1.0, "source": "国土数値情報 P04 医療機関", "synthetic": false, "lon": 139.69188317185191, "lat": 35.678893642835419 }, "geometry": { "type": "Point", "coordinates": [ 139.691883171851913, 35.678893642835419 ] } },
{ "type": "Feature", "properties": { "name": "山王 眼と心のクリニック", "kind": "精神科・心療内科", "capacity": 1.0, "weight": 1.0, "demand_value": 1.0, "source": "国土数値情報 P04 医療機関", "synthetic": false, "lon": 139.72405634919861, "lat": 35.584146196804113 }, "geometry": { "type": "Point", "coordinates": [ 139.724056349198605, 35.584146196804113 ] } },
{ "type": "Feature", "properties": { "name": "山田医院", "kind": "精神科・心療内科", "capacity": 1.0, "weight": 1.0, "demand_value": 1.0, "source": "国土数値情報 P04 医療機関", "synthetic": false, "lon": 139.63989080257244, "lat": 35.704464538067725 }, "geometry": { "type": "Point", "coordinates": [ 139.639890802572438, 35.704464538067725 ] } },
{ "type": "Feature", "properties": { "name": "山田光胤記念漢方内科　渋谷診療所", "kind": "精神科・心療内科", "capacity": 1.0, "weight": 1.0, "demand_value": 1.0, "source": "国土数値情報 P04 医療機関", "synthetic": false, "lon": 139.69695675591333, "lat": 35.658045881377127 }, "geometry": { "type": "Point", "coordinates": [ 139.696956755913334, 35.658045881377127 ] } },
{ "type": "Feature", "properties": { "name": "山本クリニック", "kind": "精神科・心療内科", "capacity": 1.0, "weight": 1.0, "demand_value": 1.0, "source": "国土数値情報 P04 医療機関", "synthetic": false, "lon": 139.60777564466318, "lat": 35.672233884888207 }, "geometry": { "type": "Point", "coordinates": [ 139.607775644663178, 35.672233884888207 ] } },
{ "type": "Feature", "properties": { "name": "四谷・村川内科クリニック", "kind": "精神科・心療内科", "capacity": 1.0, "weight": 1.0, "demand_value": 1.0, "source": "国土数値情報 P04 医療機関", "synthetic": false, "lon": 139.72788881826949, "lat": 35.685086226179045 }, "geometry": { "type": "Point", "coordinates": [ 139.727888818269491, 35.685086226179045 ] } },
{ "type": "Feature", "properties": { "name": "四谷いわさきクリニック", "kind": "精神科・心療内科", "capacity": 1.0, "weight": 1.0, "demand_value": 1.0, "source": "国土数値情報 P04 医療機関", "synthetic": false, "lon": 139.72893787499936, "lat": 35.685759506801823 }, "geometry": { "type": "Point", "coordinates": [ 139.72893787499936, 35.685759506801823 ] } },
{ "type": "Feature", "properties": { "name": "四谷こころのクリニック", "kind": "精神科・心療内科", "capacity": 1.0, "weight": 1.0, "demand_value": 1.0, "source": "国土数値情報 P04 医療機関", "synthetic": false, "lon": 139.72866260126568, "lat": 35.686382764508629 }, "geometry": { "type": "Point", "coordinates": [ 139.728662601265682, 35.686382764508629 ] } },
{ "type": "Feature", "properties": { "name": "四谷ゆいクリニック", "kind": "精神科・心療内科", "capacity": 1.0, "weight": 1.0, "demand_value": 1.0, "source": "国土数値情報 P04 医療機関", "synthetic": false, "lon": 139.73069371838832, "lat": 35.690583745925935 }, "geometry": { "type": "Point", "coordinates": [ 139.730693718388324, 35.690583745925935 ] } },
{ "type": "Feature", "properties": { "name": "四谷三丁目つばめクリニック", "kind": "精神科・心療内科", "capacity": 1.0, "weight": 1.0, "demand_value": 1.0, "source": "国土数値情報 P04 医療機関", "synthetic": false, "lon": 139.72106626463352, "lat": 35.687613851129008 }, "geometry": { "type": "Point", "coordinates": [ 139.721066264633521, 35.687613851129008 ] } },
{ "type": "Feature", "properties": { "name": "子どもと家族のメンタルクリニックやまねこ", "kind": "精神科・心療内科", "capacity": 1.0, "weight": 1.0, "demand_value": 1.0, "source": "国土数値情報 P04 医療機関", "synthetic": false, "lon": 139.60168866922277, "lat": 35.670816340454664 }, "geometry": { "type": "Point", "coordinates": [ 139.601688669222767, 35.670816340454664 ] } },
{ "type": "Feature", "properties": { "name": "市ヶ谷ひもろぎクリニック", "kind": "精神科・心療内科", "capacity": 1.0, "weight": 1.0, "demand_value": 1.0, "source": "国土数値情報 P04 医療機関", "synthetic": false, "lon": 139.73712161643968, "lat": 35.695025333393296 }, "geometry": { "type": "Point", "coordinates": [ 139.73712161643968, 35.695025333393296 ] } },
{ "type": "Feature", "properties": { "name": "市ケ谷みぎわ心のクリニック", "kind": "精神科・心療内科", "capacity": 1.0, "weight": 1.0, "demand_value": 1.0, "source": "国土数値情報 P04 医療機関", "synthetic": false, "lon": 139.73515824034038, "lat": 35.6927163753748 }, "geometry": { "type": "Point", "coordinates": [ 139.735158240340382, 35.6927163753748 ] } },
{ "type": "Feature", "properties": { "name": "市ヶ谷メンタルクリニック", "kind": "精神科・心療内科", "capacity": 1.0, "weight": 1.0, "demand_value": 1.0, "source": "国土数値情報 P04 医療機関", "synthetic": false, "lon": 139.73716949057763, "lat": 35.691820686946421 }, "geometry": { "type": "Point", "coordinates": [ 139.737169490577628, 35.691820686946421 ] } },
{ "type": "Feature", "properties": { "name": "施無畏クリニック", "kind": "精神科・心療内科", "capacity": 1.0, "weight": 1.0, "demand_value": 1.0, "source": "国土数値情報 P04 医療機関", "synthetic": false, "lon": 139.56141315839326, "lat": 35.700429704808492 }, "geometry": { "type": "Point", "coordinates": [ 139.561413158393265, 35.700429704808492 ] } },
{ "type": "Feature", "properties": { "name": "糸田川クリニック", "kind": "精神科・心療内科", "capacity": 1.0, "weight": 1.0, "demand_value": 1.0, "source": "国土数値情報 P04 医療機関", "synthetic": false, "lon": 139.65113844871078, "lat": 35.70578299884199 }, "geometry": { "type": "Point", "coordinates": [ 139.651138448710782, 35.70578299884199 ] } },
{ "type": "Feature", "properties": { "name": "寺下謙三クリニック", "kind": "精神科・心療内科", "capacity": 1.0, "weight": 1.0, "demand_value": 1.0, "source": "国土数値情報 P04 医療機関", "synthetic": false, "lon": 139.74458839279154, "lat": 35.698106001907369 }, "geometry": { "type": "Point", "coordinates": [ 139.744588392791542, 35.698106001907369 ] } },
{ "type": "Feature", "properties": { "name": "寺尾クリニカ", "kind": "精神科・心療内科", "capacity": 1.0, "weight": 1.0, "demand_value": 1.0, "source": "国土数値情報 P04 医療機関", "synthetic": false, "lon": 139.69601312450811, "lat": 35.704973479129706 }, "geometry": { "type": "Point", "coordinates": [ 139.696013124508113, 35.704973479129706 ] } },
{ "type": "Feature", "properties": { "name": "自衛隊中央病院", "kind": "精神科・心療内科", "capacity": 1.0, "weight": 1.0, "demand_value": 1.0, "source": "国土数値情報 P04 医療機関", "synthetic": false, "lon": 139.68365141757934, "lat": 35.644039524284608 }, "geometry": { "type": "Point", "coordinates": [ 139.683651417579341, 35.644039524284608 ] } },
{ "type": "Feature", "properties": { "name": "自由が丘ファミリークリニック", "kind": "精神科・心療内科", "capacity": 1.0, "weight": 1.0, "demand_value": 1.0, "source": "国土数値情報 P04 医療機関", "synthetic": false, "lon": 139.67216398454727, "lat": 35.610131175474876 }, "geometry": { "type": "Point", "coordinates": [ 139.672163984547268, 35.610131175474876 ] } },
{ "type": "Feature", "properties": { "name": "自由が丘河合クリニック", "kind": "精神科・心療内科", "capacity": 1.0, "weight": 1.0, "demand_value": 1.0, "source": "国土数値情報 P04 医療機関", "synthetic": false, "lon": 139.66998483334862, "lat": 35.607201183547062 }, "geometry": { "type": "Point", "coordinates": [ 139.669984833348622, 35.607201183547062 ] } },
{ "type": "Feature", "properties": { "name": "自由が丘高木クリニック", "kind": "精神科・心療内科", "capacity": 1.0, "weight": 1.0, "demand_value": 1.0, "source": "国土数値情報 P04 医療機関", "synthetic": false, "lon": 139.66852239450768, "lat": 35.608210725893379 }, "geometry": { "type": "Point", "coordinates": [ 139.668522394507676, 35.608210725893379 ] } },
{ "type": "Feature", "properties": { "name": "自由が丘心療内科", "kind": "精神科・心療内科", "capacity": 1.0, "weight": 1.0, "demand_value": 1.0, "source": "国土数値情報 P04 医療機関", "synthetic": false, "lon": 139.67073398863246, "lat": 35.606250219183067 }, "geometry": { "type": "Point", "coordinates": [ 139.670733988632463, 35.606250219183067 ] } },
{ "type": "Feature", "properties": { "name": "自由ケ丘メンタルクリニック", "kind": "精神科・心療内科", "capacity": 1.0, "weight": 1.0, "demand_value": 1.0, "source": "国土数値情報 P04 医療機関", "synthetic": false, "lon": 139.6686638496582, "lat": 35.60648455356128 }, "geometry": { "type": "Point", "coordinates": [ 139.668663849658202, 35.60648455356128 ] } },
{ "type": "Feature", "properties": { "name": "鹿島建設株式会社診療所", "kind": "精神科・心療内科", "capacity": 1.0, "weight": 1.0, "demand_value": 1.0, "source": "国土数値情報 P04 医療機関", "synthetic": false, "lon": 139.73437156548357, "lat": 35.677317508415129 }, "geometry": { "type": "Point", "coordinates": [ 139.734371565483571, 35.677317508415129 ] } },
{ "type": "Feature", "properties": { "name": "芝公園クリニック", "kind": "精神科・心療内科", "capacity": 1.0, "weight": 1.0, "demand_value": 1.0, "source": "国土数値情報 P04 医療機関", "synthetic": false, "lon": 139.74540636459469, "lat": 35.65358703628263 }, "geometry": { "type": "Point", "coordinates": [ 139.745406364594686, 35.65358703628263 ] } },
{ "type": "Feature", "properties": { "name": "社会医療法人財団城南福祉医療協会　三ツ木診療所", "kind": "精神科・心療内科", "capacity": 1.0, "weight": 1.0, "demand_value": 1.0, "source": "国土数値情報 P04 医療機関", "synthetic": false, "lon": 139.72672523054209, "lat": 35.61377512425959 }, "geometry": { "type": "Point", "coordinates": [ 139.726725230542087, 35.61377512425959 ] } },
{ "type": "Feature", "properties": { "name": "社会福祉法人　浴風会　浴風会病院", "kind": "精神科・心療内科", "capacity": 1.0, "weight": 1.0, "demand_value": 1.0, "source": "国土数値情報 P04 医療機関", "synthetic": false, "lon": 139.60854305933429, "lat": 35.680569333718971 }, "geometry": { "type": "Point", "coordinates": [ 139.608543059334295, 35.680569333718971 ] } },
{ "type": "Feature", "properties": { "name": "社会福祉法人恩賜財団母子愛育会　総合母子保健センター　愛育クリニック", "kind": "精神科・心療内科", "capacity": 1.0, "weight": 1.0, "demand_value": 1.0, "source": "国土数値情報 P04 医療機関", "synthetic": false, "lon": 139.7272846018945, "lat": 35.653303881279243 }, "geometry": { "type": "Point", "coordinates": [ 139.727284601894496, 35.653303881279243 ] } },
{ "type": "Feature", "properties": { "name": "社会福祉法人三交会青葉台さくら苑医務室", "kind": "精神科・心療内科", "capacity": 1.0, "weight": 1.0, "demand_value": 1.0, "source": "国土数値情報 P04 医療機関", "synthetic": false, "lon": 139.69203741319745, "lat": 35.649513972779658 }, "geometry": { "type": "Point", "coordinates": [ 139.692037413197454, 35.649513972779658 ] } },
{ "type": "Feature", "properties": { "name": "社会福祉法人真松之会　和田堀ホーム診療所", "kind": "精神科・心療内科", "capacity": 1.0, "weight": 1.0, "demand_value": 1.0, "source": "国土数値情報 P04 医療機関", "synthetic": false, "lon": 139.65523780926983, "lat": 35.690310560305463 }, "geometry": { "type": "Point", "coordinates": [ 139.655237809269835, 35.690310560305463 ] } },
{ "type": "Feature", "properties": { "name": "社会福祉法人杉樹会　さんじゅ久我山診療所", "kind": "精神科・心療内科", "capacity": 1.0, "weight": 1.0, "demand_value": 1.0, "source": "国土数値情報 P04 医療機関", "synthetic": false, "lon": 139.59327966233317, "lat": 35.689813025371301 }, "geometry": { "type": "Point", "coordinates": [ 139.593279662333174, 35.689813025371301 ] } },
{ "type": "Feature", "properties": { "name": "社会福祉法人正吉福祉会　特別養護老人ホームこまえ正吉苑医務室", "kind": "精神科・心療内科", "capacity": 1.0, "weight": 1.0, "demand_value": 1.0, "source": "国土数値情報 P04 医療機関", "synthetic": false, "lon": 139.57404352837409, "lat": 35.645471145833426 }, "geometry": { "type": "Point", "coordinates": [ 139.574043528374091, 35.645471145833426 ] } },
{ "type": "Feature", "properties": { "name": "若松町こころとひふのクリニック", "kind": "精神科・心療内科", "capacity": 1.0, "weight": 1.0, "demand_value": 1.0, "source": "国土数値情報 P04 医療機関", "synthetic": false, "lon": 139.71935273074621, "lat": 35.699014748877801 }, "geometry": { "type": "Point", "coordinates": [ 139.719352730746209, 35.699014748877801 ] } },
{ "type": "Feature", "properties": { "name": "渋谷セントラルクリニック", "kind": "精神科・心療内科", "capacity": 1.0, "weight": 1.0, "demand_value": 1.0, "source": "国土数値情報 P04 医療機関", "synthetic": false, "lon": 139.70204153003118, "lat": 35.660625687328135 }, "geometry": { "type": "Point", "coordinates": [ 139.702041530031181, 35.660625687328135 ] } },
{ "type": "Feature", "properties": { "name": "渋谷メンタルクリニック", "kind": "精神科・心療内科", "capacity": 1.0, "weight": 1.0, "demand_value": 1.0, "source": "国土数値情報 P04 医療機関", "synthetic": false, "lon": 139.69653366309643, "lat": 35.66021340536718 }, "geometry": { "type": "Point", "coordinates": [ 139.696533663096432, 35.66021340536718 ] } },
{ "type": "Feature", "properties": { "name": "渋谷もりやクリニック", "kind": "精神科・心療内科", "capacity": 1.0, "weight": 1.0, "demand_value": 1.0, "source": "国土数値情報 P04 医療機関", "synthetic": false, "lon": 139.69664680779761, "lat": 35.657251520167407 }, "geometry": { "type": "Point", "coordinates": [ 139.696646807797606, 35.657251520167407 ] } },
{ "type": "Feature", "properties": { "name": "渋谷区あやめの苑・代々木医務室", "kind": "精神科・心療内科", "capacity": 1.0, "weight": 1.0, "demand_value": 1.0, "source": "国土数値情報 P04 医療機関", "synthetic": false, "lon": 139.6929363023248, "lat": 35.682558795076304 }, "geometry": { "type": "Point", "coordinates": [ 139.692936302324796, 35.682558795076304 ] } },
{ "type": "Feature", "properties": { "name": "渋谷美容皮膚科クリニック", "kind": "精神科・心療内科", "capacity": 1.0, "weight": 1.0, "demand_value": 1.0, "source": "国土数値情報 P04 医療機関", "synthetic": false, "lon": 139.70679225953802, "lat": 35.660325256935259 }, "geometry": { "type": "Point", "coordinates": [ 139.70679225953802, 35.660325256935259 ] } },
{ "type": "Feature", "properties": { "name": "小川クリニック", "kind": "精神科・心療内科", "capacity": 1.0, "weight": 1.0, "demand_value": 1.0, "source": "国土数値情報 P04 医療機関", "synthetic": false, "lon": 139.56091336065967, "lat": 35.700829963787221 }, "geometry": { "type": "Point", "coordinates": [ 139.560913360659669, 35.700829963787221 ] } },
{ "type": "Feature", "properties": { "name": "小池統合医療クリニック", "kind": "精神科・心療内科", "capacity": 1.0, "weight": 1.0, "demand_value": 1.0, "source": "国土数値情報 P04 医療機関", "synthetic": false, "lon": 139.72497205780138, "lat": 35.687144821993705 }, "geometry": { "type": "Point", "coordinates": [ 139.724972057801381, 35.687144821993705 ] } },
{ "type": "Feature", "properties": { "name": "昭和大学病院", "kind": "精神科・心療内科", "capacity": 1.0, "weight": 1.0, "demand_value": 1.0, "source": "国土数値情報 P04 医療機関", "synthetic": false, "lon": 139.7035918322288, "lat": 35.608437603876283 }, "geometry": { "type": "Point", "coordinates": [ 139.703591832228796, 35.608437603876283 ] } },
{ "type": "Feature", "properties": { "name": "昭和大学病院附属東病院", "kind": "精神科・心療内科", "capacity": 1.0, "weight": 1.0, "demand_value": 1.0, "source": "国土数値情報 P04 医療機関", "synthetic": false, "lon": 139.7055517420246, "lat": 35.609498717833041 }, "geometry": { "type": "Point", "coordinates": [ 139.705551742024596, 35.609498717833041 ] } },
{ "type": "Feature", "properties": { "name": "昭和大学附属烏山病院", "kind": "精神科・心療内科", "capacity": 1.0, "weight": 1.0, "demand_value": 1.0, "source": "国土数値情報 P04 医療機関", "synthetic": false, "lon": 139.59561732977377, "lat": 35.672256121151598 }, "geometry": { "type": "Point", "coordinates": [ 139.595617329773773, 35.672256121151598 ] } },
{ "type": "Feature", "properties": { "name": "昭和通り内科診療所", "kind": "精神科・心療内科", "capacity": 1.0, "weight": 1.0, "demand_value": 1.0, "source": "国土数値情報 P04 医療機関", "synthetic": false, "lon": 139.70776522398342, "lat": 35.609181139127919 }, "geometry": { "type": "Point", "coordinates": [ 139.707765223983415, 35.609181139127919 ] } },
{ "type": "Feature", "properties": { "name": "松山クリニック", "kind": "精神科・心療内科", "capacity": 1.0, "weight": 1.0, "demand_value": 1.0, "source": "国土数値情報 P04 医療機関", "synthetic": false, "lon": 139.71617671359996, "lat": 35.599733168644278 }, "geometry": { "type": "Point", "coordinates": [ 139.716176713599964, 35.599733168644278 ] } },
{ "type": "Feature", "properties": { "name": "松本医院", "kind": "精神科・心療内科", "capacity": 1.0, "weight": 1.0, "demand_value": 1.0, "source": "国土数値情報 P04 医療機関", "synthetic": false, "lon": 139.71607360934181, "lat": 35.578608597975091 }, "geometry": { "type": "Point", "coordinates": [ 139.716073609341805, 35.578608597975091 ] } },
{ "type": "Feature", "properties": { "name": "菖医院", "kind": "精神科・心療内科", "capacity": 1.0, "weight": 1.0, "demand_value": 1.0, "source": "国土数値情報 P04 医療機関", "synthetic": false, "lon": 139.68545848120218, "lat": 35.703618362400704 }, "geometry": { "type": "Point", "coordinates": [ 139.685458481202176, 35.703618362400704 ] } },
{ "type": "Feature", "properties": { "name": "障害者支援施設　マイルドハート高円寺医務室", "kind": "精神科・心療内科", "capacity": 1.0, "weight": 1.0, "demand_value": 1.0, "source": "国土数値情報 P04 医療機関", "synthetic": false, "lon": 139.65776668098292, "lat": 35.709061112410467 }, "geometry": { "type": "Point", "coordinates": [ 139.657766680982917, 35.709061112410467 ] } },
{ "type": "Feature", "properties": { "name": "上智学院診療所", "kind": "精神科・心療内科", "capacity": 1.0, "weight": 1.0, "demand_value": 1.0, "source": "国土数値情報 P04 医療機関", "synthetic": false, "lon": 139.73221856685305, "lat": 35.683421753103197 }, "geometry": { "type": "Point", "coordinates": [ 139.732218566853049, 35.683421753103197 ] } },
{ "type": "Feature", "properties": { "name": "上町クリニック", "kind": "精神科・心療内科", "capacity": 1.0, "weight": 1.0, "demand_value": 1.0, "source": "国土数値情報 P04 医療機関", "synthetic": false, "lon": 139.64743331147506, "lat": 35.643876405794934 }, "geometry": { "type": "Point", "coordinates": [ 139.647433311475055, 35.643876405794934 ] } },
{ "type": "Feature", "properties": { "name": "上田クリニック", "kind": "精神科・心療内科", "capacity": 1.0, "weight": 1.0, "demand_value": 1.0, "source": "国土数値情報 P04 医療機関", "synthetic": false, "lon": 139.68579929241932, "lat": 35.703434226131847 }, "geometry": { "type": "Point", "coordinates": [ 139.685799292419318, 35.703434226131847 ] } },
{ "type": "Feature", "properties": { "name": "植村小児科・内科", "kind": "精神科・心療内科", "capacity": 1.0, "weight": 1.0, "demand_value": 1.0, "source": "国土数値情報 P04 医療機関", "synthetic": false, "lon": 139.72778051647546, "lat": 35.584825128478421 }, "geometry": { "type": "Point", "coordinates": [ 139.727780516475462, 35.584825128478421 ] } },
{ "type": "Feature", "properties": { "name": "信濃町きぼうクリニック", "kind": "精神科・心療内科", "capacity": 1.0, "weight": 1.0, "demand_value": 1.0, "source": "国土数値情報 P04 医療機関", "synthetic": false, "lon": 139.72030518941284, "lat": 35.679367478581675 }, "geometry": { "type": "Point", "coordinates": [ 139.720305189412841, 35.679367478581675 ] } },
{ "type": "Feature", "properties": { "name": "心の杜・新宿クリニック", "kind": "精神科・心療内科", "capacity": 1.0, "weight": 1.0, "demand_value": 1.0, "source": "国土数値情報 P04 医療機関", "synthetic": false, "lon": 139.69784132252511, "lat": 35.686617049100974 }, "geometry": { "type": "Point", "coordinates": [ 139.697841322525107, 35.686617049100974 ] } },
{ "type": "Feature", "properties": { "name": "新井クリニック", "kind": "精神科・心療内科", "capacity": 1.0, "weight": 1.0, "demand_value": 1.0, "source": "国土数値情報 P04 医療機関", "synthetic": false, "lon": 139.58176254326969, "lat": 35.701512100890568 }, "geometry": { "type": "Point", "coordinates": [ 139.58176254326969, 35.701512100890568 ] } },
{ "type": "Feature", "properties": { "name": "新宿・代々木こころのラボクリニック", "kind": "精神科・心療内科", "capacity": 1.0, "weight": 1.0, "demand_value": 1.0, "source": "国土数値情報 P04 医療機関", "synthetic": false, "lon": 139.70289062328868, "lat": 35.686489124450254 }, "geometry": { "type": "Point", "coordinates": [ 139.702890623288681, 35.686489124450254 ] } },
{ "type": "Feature", "properties": { "name": "新宿グリーンタワー内科クリニック", "kind": "精神科・心療内科", "capacity": 1.0, "weight": 1.0, "demand_value": 1.0, "source": "国土数値情報 P04 医療機関", "synthetic": false, "lon": 139.6896468246359, "lat": 35.692292579143825 }, "geometry": { "type": "Point", "coordinates": [ 139.689646824635901, 35.692292579143825 ] } },
{ "type": "Feature", "properties": { "name": "新宿ゲートウエイクリニック", "kind": "精神科・心療内科", "capacity": 1.0, "weight": 1.0, "demand_value": 1.0, "source": "国土数値情報 P04 医療機関", "synthetic": false, "lon": 139.69627193177578, "lat": 35.689071448807084 }, "geometry": { "type": "Point", "coordinates": [ 139.696271931775783, 35.689071448807084 ] } },
{ "type": "Feature", "properties": { "name": "新宿サンクリニック", "kind": "精神科・心療内科", "capacity": 1.0, "weight": 1.0, "demand_value": 1.0, "source": "国土数値情報 P04 医療機関", "synthetic": false, "lon": 139.70776370800144, "lat": 35.69011715464093 }, "geometry": { "type": "Point", "coordinates": [ 139.707763708001437, 35.69011715464093 ] } },
{ "type": "Feature", "properties": { "name": "新宿ストレスクリニック本院", "kind": "精神科・心療内科", "capacity": 1.0, "weight": 1.0, "demand_value": 1.0, "source": "国土数値情報 P04 医療機関", "synthetic": false, "lon": 139.69250351917361, "lat": 35.692699267779382 }, "geometry": { "type": "Point", "coordinates": [ 139.692503519173613, 35.692699267779382 ] } },
{ "type": "Feature", "properties": { "name": "新宿ペリカンこころクリニック", "kind": "精神科・心療内科", "capacity": 1.0, "weight": 1.0, "demand_value": 1.0, "source": "国土数値情報 P04 医療機関", "synthetic": false, "lon": 139.70737955834633, "lat": 35.690604312024824 }, "geometry": { "type": "Point", "coordinates": [ 139.707379558346332, 35.690604312024824 ] } },
{ "type": "Feature", "properties": { "name": "新宿メンタルヘルスクリニック", "kind": "精神科・心療内科", "capacity": 1.0, "weight": 1.0, "demand_value": 1.0, "source": "国土数値情報 P04 医療機関", "synthetic": false, "lon": 139.69793551836437, "lat": 35.694270883127821 }, "geometry": { "type": "Point", "coordinates": [ 139.697935518364375, 35.694270883127821 ] } },
{ "type": "Feature", "properties": { "name": "新宿駅前メンタルクリニック", "kind": "精神科・心療内科", "capacity": 1.0, "weight": 1.0, "demand_value": 1.0, "source": "国土数値情報 P04 医療機関", "synthetic": false, "lon": 139.69848953523027, "lat": 35.688706265864248 }, "geometry": { "type": "Point", "coordinates": [ 139.698489535230266, 35.688706265864248 ] } },
{ "type": "Feature", "properties": { "name": "新宿漢方クリニック", "kind": "精神科・心療内科", "capacity": 1.0, "weight": 1.0, "demand_value": 1.0, "source": "国土数値情報 P04 医療機関", "synthetic": false, "lon": 139.71260050426199, "lat": 35.690643594485877 }, "geometry": { "type": "Point", "coordinates": [ 139.712600504261985, 35.690643594485877 ] } },
{ "type": "Feature", "properties": { "name": "新宿東メンタルクリニック", "kind": "精神科・心療内科", "capacity": 1.0, "weight": 1.0, "demand_value": 1.0, "source": "国土数値情報 P04 医療機関", "synthetic": false, "lon": 139.70758199139965, "lat": 35.692185802378049 }, "geometry": { "type": "Point", "coordinates": [ 139.70758199139965, 35.692185802378049 ] } },
{ "type": "Feature", "properties": { "name": "新宿東口ハートクリニック", "kind": "精神科・心療内科", "capacity": 1.0, "weight": 1.0, "demand_value": 1.0, "source": "国土数値情報 P04 医療機関", "synthetic": false, "lon": 139.70279487241186, "lat": 35.692936433879083 }, "geometry": { "type": "Point", "coordinates": [ 139.702794872411857, 35.692936433879083 ] } },
{ "type": "Feature", "properties": { "name": "新宿南クリニック", "kind": "精神科・心療内科", "capacity": 1.0, "weight": 1.0, "demand_value": 1.0, "source": "国土数値情報 P04 医療機関", "synthetic": false, "lon": 139.69830844100386, "lat": 35.68865348998235 }, "geometry": { "type": "Point", "coordinates": [ 139.69830844100386, 35.68865348998235 ] } },
{ "type": "Feature", "properties": { "name": "新中野ＦＫクリニック", "kind": "精神科・心療内科", "capacity": 1.0, "weight": 1.0, "demand_value": 1.0, "source": "国土数値情報 P04 医療機関", "synthetic": false, "lon": 139.66658136039129, "lat": 35.697180561723862 }, "geometry": { "type": "Point", "coordinates": [ 139.666581360391291, 35.697180561723862 ] } },
{ "type": "Feature", "properties": { "name": "新渡戸記念中野総合病院", "kind": "精神科・心療内科", "capacity": 1.0, "weight": 1.0, "demand_value": 1.0, "source": "国土数値情報 P04 医療機関", "synthetic": false, "lon": 139.66705558753929, "lat": 35.702491865662658 }, "geometry": { "type": "Point", "coordinates": [ 139.667055587539295, 35.702491865662658 ] } },
{ "type": "Feature", "properties": { "name": "新都心クリニック", "kind": "精神科・心療内科", "capacity": 1.0, "weight": 1.0, "demand_value": 1.0, "source": "国土数値情報 P04 医療機関", "synthetic": false, "lon": 139.69589620599439, "lat": 35.68666644191358 }, "geometry": { "type": "Point", "coordinates": [ 139.695896205994387, 35.68666644191358 ] } },
{ "type": "Feature", "properties": { "name": "新六本木クリニック", "kind": "精神科・心療内科", "capacity": 1.0, "weight": 1.0, "demand_value": 1.0, "source": "国土数値情報 P04 医療機関", "synthetic": false, "lon": 139.72967883854889, "lat": 35.662300173834467 }, "geometry": { "type": "Point", "coordinates": [ 139.729678838548892, 35.662300173834467 ] } },
{ "type": "Feature", "properties": { "name": "深水メンタルクリニック", "kind": "精神科・心療内科", "capacity": 1.0, "weight": 1.0, "demand_value": 1.0, "source": "国土数値情報 P04 医療機関", "synthetic": false, "lon": 139.70682096618742, "lat": 35.691495307809554 }, "geometry": { "type": "Point", "coordinates": [ 139.706820966187422, 35.691495307809554 ] } },
{ "type": "Feature", "properties": { "name": "深沢共愛ホームズ医務室", "kind": "精神科・心療内科", "capacity": 1.0, "weight": 1.0, "demand_value": 1.0, "source": "国土数値情報 P04 医療機関", "synthetic": false, "lon": 139.66566221490947, "lat": 35.619615129993207 }, "geometry": { "type": "Point", "coordinates": [ 139.665662214909474, 35.619615129993207 ] } },
{ "type": "Feature", "properties": { "name": "神楽坂こころのクリニック", "kind": "精神科・心療内科", "capacity": 1.0, "weight": 1.0, "demand_value": 1.0, "source": "国土数値情報 P04 医療機関", "synthetic": false, "lon": 139.73603006770128, "lat": 35.703375770508281 }, "geometry": { "type": "Point", "coordinates": [ 139.736030067701279, 35.703375770508281 ] } },
{ "type": "Feature", "properties": { "name": "神谷町ヒルサイドクリニック", "kind": "精神科・心療内科", "capacity": 1.0, "weight": 1.0, "demand_value": 1.0, "source": "国土数値情報 P04 医療機関", "synthetic": false, "lon": 139.74523191045515, "lat": 35.664220867906977 }, "geometry": { "type": "Point", "coordinates": [ 139.745231910455146, 35.664220867906977 ] } },
{ "type": "Feature", "properties": { "name": "須藤メディカルクリニック", "kind": "精神科・心療内科", "capacity": 1.0, "weight": 1.0, "demand_value": 1.0, "source": "国土数値情報 P04 医療機関", "synthetic": false, "lon": 139.70210818527195, "lat": 35.599617687662061 }, "geometry": { "type": "Point", "coordinates": [ 139.702108185271953, 35.599617687662061 ] } },
{ "type": "Feature", "properties": { "name": "水町保険診療所", "kind": "精神科・心療内科", "capacity": 1.0, "weight": 1.0, "demand_value": 1.0, "source": "国土数値情報 P04 医療機関", "synthetic": false, "lon": 139.6910720067757, "lat": 35.691569642620799 }, "geometry": { "type": "Point", "coordinates": [ 139.691072006775698, 35.691569642620799 ] } },
{ "type": "Feature", "properties": { "name": "水島広子こころの健康クリニック", "kind": "精神科・心療内科", "capacity": 1.0, "weight": 1.0, "demand_value": 1.0, "source": "国土数値情報 P04 医療機関", "synthetic": false, "lon": 139.73139804001971, "lat": 35.656145327412453 }, "geometry": { "type": "Point", "coordinates": [ 139.731398040019712, 35.656145327412453 ] } },
{ "type": "Feature", "properties": { "name": "水嶋神経科皮膚科医院", "kind": "精神科・心療内科", "capacity": 1.0, "weight": 1.0, "demand_value": 1.0, "source": "国土数値情報 P04 医療機関", "synthetic": false, "lon": 139.64506445502991, "lat": 35.699437775649869 }, "geometry": { "type": "Point", "coordinates": [ 139.64506445502991, 35.699437775649869 ] } },
{ "type": "Feature", "properties": { "name": "睡眠総合ケアクリニック代々木", "kind": "精神科・心療内科", "capacity": 1.0, "weight": 1.0, "demand_value": 1.0, "source": "国土数値情報 P04 医療機関", "synthetic": false, "lon": 139.68806843330663, "lat": 35.671834100677508 }, "geometry": { "type": "Point", "coordinates": [ 139.688068433306626, 35.671834100677508 ] } },
{ "type": "Feature", "properties": { "name": "杉並国際クリニック", "kind": "精神科・心療内科", "capacity": 1.0, "weight": 1.0, "demand_value": 1.0, "source": "国土数値情報 P04 医療機関", "synthetic": false, "lon": 139.64822738209503, "lat": 35.703530971073114 }, "geometry": { "type": "Point", "coordinates": [ 139.64822738209503, 35.703530971073114 ] } },
{ "type": "Feature", "properties": { "name": "世田谷メンタルクリニック", "kind": "精神科・心療内科", "capacity": 1.0, "weight": 1.0, "demand_value": 1.0, "source": "国土数値情報 P04 医療機関", "synthetic": false, "lon": 139.64564263557708, "lat": 35.653512992386503 }, "geometry": { "type": "Point", "coordinates": [ 139.645642635577076, 35.653512992386503 ] } },
{ "type": "Feature", "properties": { "name": "世田谷区世田谷保健所", "kind": "精神科・心療内科", "capacity": 1.0, "weight": 1.0, "demand_value": 1.0, "source": "国土数値情報 P04 医療機関", "synthetic": false, "lon": 139.65347089531542, "lat": 35.644360103750117 }, "geometry": { "type": "Point", "coordinates": [ 139.653470895315422, 35.644360103750117 ] } },
{ "type": "Feature", "properties": { "name": "世田谷区発達障害相談・療育センター", "kind": "精神科・心療内科", "capacity": 1.0, "weight": 1.0, "demand_value": 1.0, "source": "国土数値情報 P04 医療機関", "synthetic": false, "lon": 139.61298743592147, "lat": 35.634605127313584 }, "geometry": { "type": "Point", "coordinates": [ 139.612987435921468, 35.634605127313584 ] } },
{ "type": "Feature", "properties": { "name": "世田谷区北沢保健福祉センター", "kind": "精神科・心療内科", "capacity": 1.0, "weight": 1.0, "demand_value": 1.0, "source": "国土数値情報 P04 医療機関", "synthetic": false, "lon": 139.66973939018368, "lat": 35.662183399375998 }, "geometry": { "type": "Point", "coordinates": [ 139.669739390183679, 35.662183399375998 ] } },
{ "type": "Feature", "properties": { "name": "世田谷区立烏山保健福祉センター", "kind": "精神科・心療内科", "capacity": 1.0, "weight": 1.0, "demand_value": 1.0, "source": "国土数値情報 P04 医療機関", "synthetic": false, "lon": 139.59796538410339, "lat": 35.669777997910067 }, "geometry": { "type": "Point", "coordinates": [ 139.597965384103389, 35.669777997910067 ] } },
{ "type": "Feature", "properties": { "name": "世田谷区立砧保健福祉センター", "kind": "精神科・心療内科", "capacity": 1.0, "weight": 1.0, "demand_value": 1.0, "source": "国土数値情報 P04 医療機関", "synthetic": false, "lon": 139.60074443644061, "lat": 35.641267426570344 }, "geometry": { "type": "Point", "coordinates": [ 139.600744436440607, 35.641267426570344 ] } },
{ "type": "Feature", "properties": { "name": "世田谷区立世田谷保健福祉センター", "kind": "精神科・心療内科", "capacity": 1.0, "weight": 1.0, "demand_value": 1.0, "source": "国土数値情報 P04 医療機関", "synthetic": false, "lon": 139.65347089531542, "lat": 35.644360103750117 }, "geometry": { "type": "Point", "coordinates": [ 139.653470895315422, 35.644360103750117 ] } },
{ "type": "Feature", "properties": { "name": "世田谷区立特別養護老人ホームきたざわ苑医務室", "kind": "精神科・心療内科", "capacity": 1.0, "weight": 1.0, "demand_value": 1.0, "source": "国土数値情報 P04 医療機関", "synthetic": false, "lon": 139.67132542428917, "lat": 35.670107260263464 }, "geometry": { "type": "Point", "coordinates": [ 139.671325424289165, 35.670107260263464 ] } },
{ "type": "Feature", "properties": { "name": "世田谷区立特別養護老人ホーム上北沢ホーム医務室", "kind": "精神科・心療内科", "capacity": 1.0, "weight": 1.0, "demand_value": 1.0, "source": "国土数値情報 P04 医療機関", "synthetic": false, "lon": 139.62632329582834, "lat": 35.663512188871692 }, "geometry": { "type": "Point", "coordinates": [ 139.626323295828342, 35.663512188871692 ] } },
{ "type": "Feature", "properties": { "name": "世田谷子どもクリニック", "kind": "精神科・心療内科", "capacity": 1.0, "weight": 1.0, "demand_value": 1.0, "source": "国土数値情報 P04 医療機関", "synthetic": false, "lon": 139.64690916955971, "lat": 35.64443771462831 }, "geometry": { "type": "Point", "coordinates": [ 139.646909169559706, 35.64443771462831 ] } },
{ "type": "Feature", "properties": { "name": "成城メンタルクリニック", "kind": "精神科・心療内科", "capacity": 1.0, "weight": 1.0, "demand_value": 1.0, "source": "国土数値情報 P04 医療機関", "synthetic": false, "lon": 139.59947510232473, "lat": 35.640961594785935 }, "geometry": { "type": "Point", "coordinates": [ 139.599475102324732, 35.640961594785935 ] } },
{ "type": "Feature", "properties": { "name": "成城町診療所", "kind": "精神科・心療内科", "capacity": 1.0, "weight": 1.0, "demand_value": 1.0, "source": "国土数値情報 P04 医療機関", "synthetic": false, "lon": 139.59813195186825, "lat": 35.639161521967139 }, "geometry": { "type": "Point", "coordinates": [ 139.598131951868254, 35.639161521967139 ] } },
{ "type": "Feature", "properties": { "name": "成城墨岡クリニック分院", "kind": "精神科・心療内科", "capacity": 1.0, "weight": 1.0, "demand_value": 1.0, "source": "国土数値情報 P04 医療機関", "synthetic": false, "lon": 139.6001618269824, "lat": 35.638544728242948 }, "geometry": { "type": "Point", "coordinates": [ 139.600161826982401, 35.638544728242948 ] } },
{ "type": "Feature", "properties": { "name": "星医メンタルクリニック", "kind": "精神科・心療内科", "capacity": 1.0, "weight": 1.0, "demand_value": 1.0, "source": "国土数値情報 P04 医療機関", "synthetic": false, "lon": 139.71801262426808, "lat": 35.688017625856943 }, "geometry": { "type": "Point", "coordinates": [ 139.718012624268084, 35.688017625856943 ] } },
{ "type": "Feature", "properties": { "name": "星空診療所（往診専門）", "kind": "精神科・心療内科", "capacity": 1.0, "weight": 1.0, "demand_value": 1.0, "source": "国土数値情報 P04 医療機関", "synthetic": false, "lon": 139.72876369955898, "lat": 35.651288313868839 }, "geometry": { "type": "Point", "coordinates": [ 139.728763699558982, 35.651288313868839 ] } },
{ "type": "Feature", "properties": { "name": "星子クリニック", "kind": "精神科・心療内科", "capacity": 1.0, "weight": 1.0, "demand_value": 1.0, "source": "国土数値情報 P04 医療機関", "synthetic": false, "lon": 139.73423868073112, "lat": 35.626074109828139 }, "geometry": { "type": "Point", "coordinates": [ 139.734238680731124, 35.626074109828139 ] } },
{ "type": "Feature", "properties": { "name": "清水クリニック", "kind": "精神科・心療内科", "capacity": 1.0, "weight": 1.0, "demand_value": 1.0, "source": "国土数値情報 P04 医療機関", "synthetic": false, "lon": 139.65073383597962, "lat": 35.703658792270616 }, "geometry": { "type": "Point", "coordinates": [ 139.650733835979622, 35.703658792270616 ] } },
{ "type": "Feature", "properties": { "name": "盛田ひふ科", "kind": "精神科・心療内科", "capacity": 1.0, "weight": 1.0, "demand_value": 1.0, "source": "国土数値情報 P04 医療機関", "synthetic": false, "lon": 139.69082433878324, "lat": 35.577801199432564 }, "geometry": { "type": "Point", "coordinates": [ 139.690824338783244, 35.577801199432564 ] } },
{ "type": "Feature", "properties": { "name": "西荻メンタルクリニック", "kind": "精神科・心療内科", "capacity": 1.0, "weight": 1.0, "demand_value": 1.0, "source": "国土数値情報 P04 医療機関", "synthetic": false, "lon": 139.60085275154307, "lat": 35.704755118010823 }, "geometry": { "type": "Point", "coordinates": [ 139.600852751543073, 35.704755118010823 ] } },
{ "type": "Feature", "properties": { "name": "西荻聖和クリニック", "kind": "精神科・心療内科", "capacity": 1.0, "weight": 1.0, "demand_value": 1.0, "source": "国土数値情報 P04 医療機関", "synthetic": false, "lon": 139.59986340269316, "lat": 35.704206820252431 }, "geometry": { "type": "Point", "coordinates": [ 139.59986340269316, 35.704206820252431 ] } },
{ "type": "Feature", "properties": { "name": "西新宿おざわメンタルクリニック", "kind": "精神科・心療内科", "capacity": 1.0, "weight": 1.0, "demand_value": 1.0, "source": "国土数値情報 P04 医療機関", "synthetic": false, "lon": 139.68653991403158, "lat": 35.690608255664252 }, "geometry": { "type": "Point", "coordinates": [ 139.686539914031584, 35.690608255664252 ] } },
{ "type": "Feature", "properties": { "name": "西條クリニック", "kind": "精神科・心療内科", "capacity": 1.0, "weight": 1.0, "demand_value": 1.0, "source": "国土数値情報 P04 医療機関", "synthetic": false, "lon": 139.71207063782848, "lat": 35.687818070471224 }, "geometry": { "type": "Point", "coordinates": [ 139.712070637828475, 35.687818070471224 ] } },
{ "type": "Feature", "properties": { "name": "青山・表参道睡眠ストレスクリニック", "kind": "精神科・心療内科", "capacity": 1.0, "weight": 1.0, "demand_value": 1.0, "source": "国土数値情報 P04 医療機関", "synthetic": false, "lon": 139.71242748054885, "lat": 35.664218814414134 }, "geometry": { "type": "Point", "coordinates": [ 139.712427480548854, 35.664218814414134 ] } },
{ "type": "Feature", "properties": { "name": "青山すみれクリニック", "kind": "精神科・心療内科", "capacity": 1.0, "weight": 1.0, "demand_value": 1.0, "source": "国土数値情報 P04 医療機関", "synthetic": false, "lon": 139.71001435862448, "lat": 35.664086566771523 }, "geometry": { "type": "Point", "coordinates": [ 139.710014358624477, 35.664086566771523 ] } },
{ "type": "Feature", "properties": { "name": "青山メディカルインターナショナルクリニック", "kind": "精神科・心療内科", "capacity": 1.0, "weight": 1.0, "demand_value": 1.0, "source": "国土数値情報 P04 医療機関", "synthetic": false, "lon": 139.7097030730373, "lat": 35.67851631365123 }, "geometry": { "type": "Point", "coordinates": [ 139.709703073037304, 35.67851631365123 ] } },
{ "type": "Feature", "properties": { "name": "青山メンタルクリニック", "kind": "精神科・心療内科", "capacity": 1.0, "weight": 1.0, "demand_value": 1.0, "source": "国土数値情報 P04 医療機関", "synthetic": false, "lon": 139.71323627629246, "lat": 35.664897086772704 }, "geometry": { "type": "Point", "coordinates": [ 139.713236276292463, 35.664897086772704 ] } },
{ "type": "Feature", "properties": { "name": "青山杵渕クリニック", "kind": "精神科・心療内科", "capacity": 1.0, "weight": 1.0, "demand_value": 1.0, "source": "国土数値情報 P04 医療機関", "synthetic": false, "lon": 139.72201699908459, "lat": 35.670749366412984 }, "geometry": { "type": "Point", "coordinates": [ 139.722016999084587, 35.670749366412984 ] } },
{ "type": "Feature", "properties": { "name": "青山渋谷メディカルクリニック", "kind": "精神科・心療内科", "capacity": 1.0, "weight": 1.0, "demand_value": 1.0, "source": "国土数値情報 P04 医療機関", "synthetic": false, "lon": 139.70204153003118, "lat": 35.660625687328135 }, "geometry": { "type": "Point", "coordinates": [ 139.702041530031181, 35.660625687328135 ] } },
{ "type": "Feature", "properties": { "name": "青山心療内科クリニック８", "kind": "精神科・心療内科", "capacity": 1.0, "weight": 1.0, "demand_value": 1.0, "source": "国土数値情報 P04 医療機関", "synthetic": false, "lon": 139.70417596123588, "lat": 35.6722635836962 }, "geometry": { "type": "Point", "coordinates": [ 139.704175961235876, 35.6722635836962 ] } },
{ "type": "Feature", "properties": { "name": "青木医院", "kind": "精神科・心療内科", "capacity": 1.0, "weight": 1.0, "demand_value": 1.0, "source": "国土数値情報 P04 医療機関", "synthetic": false, "lon": 139.71744446562317, "lat": 35.666690014942077 }, "geometry": { "type": "Point", "coordinates": [ 139.717444465623174, 35.666690014942077 ] } },
{ "type": "Feature", "properties": { "name": "石束クリニック", "kind": "精神科・心療内科", "capacity": 1.0, "weight": 1.0, "demand_value": 1.0, "source": "国土数値情報 P04 医療機関", "synthetic": false, "lon": 139.58820327544055, "lat": 35.636374988122739 }, "geometry": { "type": "Point", "coordinates": [ 139.588203275440549, 35.636374988122739 ] } },
{ "type": "Feature", "properties": { "name": "赤坂インターナショナルクリニック", "kind": "精神科・心療内科", "capacity": 1.0, "weight": 1.0, "demand_value": 1.0, "source": "国土数値情報 P04 医療機関", "synthetic": false, "lon": 139.73414402356008, "lat": 35.670572135111669 }, "geometry": { "type": "Point", "coordinates": [ 139.734144023560077, 35.670572135111669 ] } },
{ "type": "Feature", "properties": { "name": "赤坂こころのクリニック「ケイローン」", "kind": "精神科・心療内科", "capacity": 1.0, "weight": 1.0, "demand_value": 1.0, "source": "国土数値情報 P04 医療機関", "synthetic": false, "lon": 139.73726558943844, "lat": 35.67426207635264 }, "geometry": { "type": "Point", "coordinates": [ 139.737265589438437, 35.67426207635264 ] } },
{ "type": "Feature", "properties": { "name": "赤坂ロイヤルクリニック", "kind": "精神科・心療内科", "capacity": 1.0, "weight": 1.0, "demand_value": 1.0, "source": "国土数値情報 P04 医療機関", "synthetic": false, "lon": 139.73314714147793, "lat": 35.671281480870903 }, "geometry": { "type": "Point", "coordinates": [ 139.733147141477929, 35.671281480870903 ] } },
{ "type": "Feature", "properties": { "name": "赤坂山王クリニック", "kind": "精神科・心療内科", "capacity": 1.0, "weight": 1.0, "demand_value": 1.0, "source": "国土数値情報 P04 医療機関", "synthetic": false, "lon": 139.74145563059284, "lat": 35.679596858016247 }, "geometry": { "type": "Point", "coordinates": [ 139.741455630592839, 35.679596858016247 ] } },
{ "type": "Feature", "properties": { "name": "赤坂診療所", "kind": "精神科・心療内科", "capacity": 1.0, "weight": 1.0, "demand_value": 1.0, "source": "国土数値情報 P04 医療機関", "synthetic": false, "lon": 139.73712033772867, "lat": 35.673821010647302 }, "geometry": { "type": "Point", "coordinates": [ 139.737120337728669, 35.673821010647302 ] } },
{ "type": "Feature", "properties": { "name": "赤坂溜池クリニック", "kind": "精神科・心療内科", "capacity": 1.0, "weight": 1.0, "demand_value": 1.0, "source": "国土数値情報 P04 医療機関", "synthetic": false, "lon": 139.74312910637232, "lat": 35.670611780797643 }, "geometry": { "type": "Point", "coordinates": [ 139.743129106372322, 35.670611780797643 ] } },
{ "type": "Feature", "properties": { "name": "雪印メグミルク健康保険組合　診療所", "kind": "精神科・心療内科", "capacity": 1.0, "weight": 1.0, "demand_value": 1.0, "source": "国土数値情報 P04 医療機関", "synthetic": false, "lon": 139.7302698722919, "lat": 35.689345248619176 }, "geometry": { "type": "Point", "coordinates": [ 139.730269872291899, 35.689345248619176 ] } },
{ "type": "Feature", "properties": { "name": "仙川ムラタクリニック", "kind": "精神科・心療内科", "capacity": 1.0, "weight": 1.0, "demand_value": 1.0, "source": "国土数値情報 P04 医療機関", "synthetic": false, "lon": 139.58585719349074, "lat": 35.661839833788306 }, "geometry": { "type": "Point", "coordinates": [ 139.585857193490739, 35.661839833788306 ] } },
{ "type": "Feature", "properties": { "name": "仙川駅前いたがきメンタルクリニック", "kind": "精神科・心療内科", "capacity": 1.0, "weight": 1.0, "demand_value": 1.0, "source": "国土数値情報 P04 医療機関", "synthetic": false, "lon": 139.58470789652313, "lat": 35.661859950427875 }, "geometry": { "type": "Point", "coordinates": [ 139.584707896523128, 35.661859950427875 ] } },
{ "type": "Feature", "properties": { "name": "千歳烏山メンタルクリニック", "kind": "精神科・心療内科", "capacity": 1.0, "weight": 1.0, "demand_value": 1.0, "source": "国土数値情報 P04 医療機関", "synthetic": false, "lon": 139.59994699705518, "lat": 35.668810370551157 }, "geometry": { "type": "Point", "coordinates": [ 139.599946997055184, 35.668810370551157 ] } },
{ "type": "Feature", "properties": { "name": "千代田心療クリニック", "kind": "精神科・心療内科", "capacity": 1.0, "weight": 1.0, "demand_value": 1.0, "source": "国土数値情報 P04 医療機関", "synthetic": false, "lon": 139.74020820914129, "lat": 35.680381187640442 }, "geometry": { "type": "Point", "coordinates": [ 139.740208209141286, 35.680381187640442 ] } },
{ "type": "Feature", "properties": { "name": "泉谷クリニック", "kind": "精神科・心療内科", "capacity": 1.0, "weight": 1.0, "demand_value": 1.0, "source": "国土数値情報 P04 医療機関", "synthetic": false, "lon": 139.72131835912276, "lat": 35.647834953338204 }, "geometry": { "type": "Point", "coordinates": [ 139.721318359122762, 35.647834953338204 ] } },
{ "type": "Feature", "properties": { "name": "創聖健康保険組合診療所", "kind": "精神科・心療内科", "capacity": 1.0, "weight": 1.0, "demand_value": 1.0, "source": "国土数値情報 P04 医療機関", "synthetic": false, "lon": 139.72295076596589, "lat": 35.680584402410354 }, "geometry": { "type": "Point", "coordinates": [ 139.722950765965891, 35.680584402410354 ] } },
{ "type": "Feature", "properties": { "name": "早稲田メンタルクリニック", "kind": "精神科・心療内科", "capacity": 1.0, "weight": 1.0, "demand_value": 1.0, "source": "国土数値情報 P04 医療機関", "synthetic": false, "lon": 139.72063406328445, "lat": 35.706621148962533 }, "geometry": { "type": "Point", "coordinates": [ 139.72063406328445, 35.706621148962533 ] } },
{ "type": "Feature", "properties": { "name": "早稲田大学保健センター", "kind": "精神科・心療内科", "capacity": 1.0, "weight": 1.0, "demand_value": 1.0, "source": "国土数値情報 P04 医療機関", "synthetic": false, "lon": 139.72252745619653, "lat": 35.708613474264887 }, "geometry": { "type": "Point", "coordinates": [ 139.722527456196531, 35.708613474264887 ] } },
{ "type": "Feature", "properties": { "name": "総合病院　厚生中央病院", "kind": "精神科・心療内科", "capacity": 1.0, "weight": 1.0, "demand_value": 1.0, "source": "国土数値情報 P04 医療機関", "synthetic": false, "lon": 139.71251061175298, "lat": 35.641234631115267 }, "geometry": { "type": "Point", "coordinates": [ 139.712510611752975, 35.641234631115267 ] } },
{ "type": "Feature", "properties": { "name": "総務省第二庁舎診療所", "kind": "精神科・心療内科", "capacity": 1.0, "weight": 1.0, "demand_value": 1.0, "source": "国土数値情報 P04 医療機関", "synthetic": false, "lon": 139.71476389808038, "lat": 35.700801101108325 }, "geometry": { "type": "Point", "coordinates": [ 139.714763898080378, 35.700801101108325 ] } },
{ "type": "Feature", "properties": { "name": "多賀谷医院", "kind": "精神科・心療内科", "capacity": 1.0, "weight": 1.0, "demand_value": 1.0, "source": "国土数値情報 P04 医療機関", "synthetic": false, "lon": 139.64018450897433, "lat": 35.641549293281507 }, "geometry": { "type": "Point", "coordinates": [ 139.640184508974329, 35.641549293281507 ] } },
{ "type": "Feature", "properties": { "name": "多田小児クリニック", "kind": "精神科・心療内科", "capacity": 1.0, "weight": 1.0, "demand_value": 1.0, "source": "国土数値情報 P04 医療機関", "synthetic": false, "lon": 139.66647406254984, "lat": 35.691327947911397 }, "geometry": { "type": "Point", "coordinates": [ 139.666474062549838, 35.691327947911397 ] } },
{ "type": "Feature", "properties": { "name": "代官山メンタルクリニック", "kind": "精神科・心療内科", "capacity": 1.0, "weight": 1.0, "demand_value": 1.0, "source": "国土数値情報 P04 医療機関", "synthetic": false, "lon": 139.70299321824214, "lat": 35.648327173232595 }, "geometry": { "type": "Point", "coordinates": [ 139.702993218242142, 35.648327173232595 ] } },
{ "type": "Feature", "properties": { "name": "代官山やまびこクリニック", "kind": "精神科・心療内科", "capacity": 1.0, "weight": 1.0, "demand_value": 1.0, "source": "国土数値情報 P04 医療機関", "synthetic": false, "lon": 139.70493127285283, "lat": 35.653104927883689 }, "geometry": { "type": "Point", "coordinates": [ 139.704931272852832, 35.653104927883689 ] } },
{ "type": "Feature", "properties": { "name": "代々木メンタルクリニック", "kind": "精神科・心療内科", "capacity": 1.0, "weight": 1.0, "demand_value": 1.0, "source": "国土数値情報 P04 医療機関", "synthetic": false, "lon": 139.70368209614605, "lat": 35.681638317469648 }, "geometry": { "type": "Point", "coordinates": [ 139.703682096146053, 35.681638317469648 ] } },
{ "type": "Feature", "properties": { "name": "代々木公園診療所", "kind": "精神科・心療内科", "capacity": 1.0, "weight": 1.0, "demand_value": 1.0, "source": "国土数値情報 P04 医療機関", "synthetic": false, "lon": 139.69062805909073, "lat": 35.668186248101591 }, "geometry": { "type": "Point", "coordinates": [ 139.690628059090727, 35.668186248101591 ] } },
{ "type": "Feature", "properties": { "name": "代々木上原メンタルクリニック", "kind": "精神科・心療内科", "capacity": 1.0, "weight": 1.0, "demand_value": 1.0, "source": "国土数値情報 P04 医療機関", "synthetic": false, "lon": 139.68005804074042, "lat": 35.669992748342132 }, "geometry": { "type": "Point", "coordinates": [ 139.68005804074042, 35.669992748342132 ] } },
{ "type": "Feature", "properties": { "name": "代田クリニック", "kind": "精神科・心療内科", "capacity": 1.0, "weight": 1.0, "demand_value": 1.0, "source": "国土数値情報 P04 医療機関", "synthetic": false, "lon": 139.66018305802396, "lat": 35.657503136297862 }, "geometry": { "type": "Point", "coordinates": [ 139.660183058023961, 35.657503136297862 ] } },
{ "type": "Feature", "properties": { "name": "大井町クリニック", "kind": "精神科・心療内科", "capacity": 1.0, "weight": 1.0, "demand_value": 1.0, "source": "国土数値情報 P04 医療機関", "synthetic": false, "lon": 139.73394160049182, "lat": 35.60475613000402 }, "geometry": { "type": "Point", "coordinates": [ 139.733941600491818, 35.60475613000402 ] } },
{ "type": "Feature", "properties": { "name": "大井町メンタルクリニック", "kind": "精神科・心療内科", "capacity": 1.0, "weight": 1.0, "demand_value": 1.0, "source": "国土数値情報 P04 医療機関", "synthetic": false, "lon": 139.73669802883586, "lat": 35.606049961187381 }, "geometry": { "type": "Point", "coordinates": [ 139.73669802883586, 35.606049961187381 ] } },
{ "type": "Feature", "properties": { "name": "大恵クリニック", "kind": "精神科・心療内科", "capacity": 1.0, "weight": 1.0, "demand_value": 1.0, "source": "国土数値情報 P04 医療機関", "synthetic": false, "lon": 139.73863115601202, "lat": 35.579867847291801 }, "geometry": { "type": "Point", "coordinates": [ 139.738631156012019, 35.579867847291801 ] } },
{ "type": "Feature", "properties": { "name": "大見山クリニック", "kind": "精神科・心療内科", "capacity": 1.0, "weight": 1.0, "demand_value": 1.0, "source": "国土数値情報 P04 医療機関", "synthetic": false, "lon": 139.71126958708993, "lat": 35.646841876293855 }, "geometry": { "type": "Point", "coordinates": [ 139.71126958708993, 35.646841876293855 ] } },
{ "type": "Feature", "properties": { "name": "大森たなか眼科", "kind": "精神科・心療内科", "capacity": 1.0, "weight": 1.0, "demand_value": 1.0, "source": "国土数値情報 P04 医療機関", "synthetic": false, "lon": 139.72842485438221, "lat": 35.586338576068847 }, "geometry": { "type": "Point", "coordinates": [ 139.728424854382212, 35.586338576068847 ] } },
{ "type": "Feature", "properties": { "name": "大森整形外科", "kind": "精神科・心療内科", "capacity": 1.0, "weight": 1.0, "demand_value": 1.0, "source": "国土数値情報 P04 医療機関", "synthetic": false, "lon": 139.72893698539619, "lat": 35.587872560990355 }, "geometry": { "type": "Point", "coordinates": [ 139.728936985396189, 35.587872560990355 ] } },
{ "type": "Feature", "properties": { "name": "鷹番メンタルクリニック", "kind": "精神科・心療内科", "capacity": 1.0, "weight": 1.0, "demand_value": 1.0, "source": "国土数値情報 P04 医療機関", "synthetic": false, "lon": 139.68494515548261, "lat": 35.630180510057365 }, "geometry": { "type": "Point", "coordinates": [ 139.684945155482609, 35.630180510057365 ] } },
{ "type": "Feature", "properties": { "name": "地域ケアこころの診療所", "kind": "精神科・心療内科", "capacity": 1.0, "weight": 1.0, "demand_value": 1.0, "source": "国土数値情報 P04 医療機関", "synthetic": false, "lon": 139.60793670392465, "lat": 35.640568586299892 }, "geometry": { "type": "Point", "coordinates": [ 139.607936703924651, 35.640568586299892 ] } },
{ "type": "Feature", "properties": { "name": "中延医院", "kind": "精神科・心療内科", "capacity": 1.0, "weight": 1.0, "demand_value": 1.0, "source": "国土数値情報 P04 医療機関", "synthetic": false, "lon": 139.71193928001492, "lat": 35.610679075271726 }, "geometry": { "type": "Point", "coordinates": [ 139.711939280014917, 35.610679075271726 ] } },
{ "type": "Feature", "properties": { "name": "中野訪問クリニック", "kind": "精神科・心療内科", "capacity": 1.0, "weight": 1.0, "demand_value": 1.0, "source": "国土数値情報 P04 医療機関", "synthetic": false, "lon": 139.68485959318429, "lat": 35.696338932587807 }, "geometry": { "type": "Point", "coordinates": [ 139.684859593184285, 35.696338932587807 ] } },
{ "type": "Feature", "properties": { "name": "椎名医院", "kind": "精神科・心療内科", "capacity": 1.0, "weight": 1.0, "demand_value": 1.0, "source": "国土数値情報 P04 医療機関", "synthetic": false, "lon": 139.58030384100604, "lat": 35.700878959500869 }, "geometry": { "type": "Point", "coordinates": [ 139.580303841006042, 35.700878959500869 ] } },
{ "type": "Feature", "properties": { "name": "天下堂医院", "kind": "精神科・心療内科", "capacity": 1.0, "weight": 1.0, "demand_value": 1.0, "source": "国土数値情報 P04 医療機関", "synthetic": false, "lon": 139.60936670409765, "lat": 35.669181797004029 }, "geometry": { "type": "Point", "coordinates": [ 139.609366704097653, 35.669181797004029 ] } },
{ "type": "Feature", "properties": { "name": "田鹿医院", "kind": "精神科・心療内科", "capacity": 1.0, "weight": 1.0, "demand_value": 1.0, "source": "国土数値情報 P04 医療機関", "synthetic": false, "lon": 139.62118090495503, "lat": 35.647586071713853 }, "geometry": { "type": "Point", "coordinates": [ 139.621180904955025, 35.647586071713853 ] } },
{ "type": "Feature", "properties": { "name": "田中クリニック", "kind": "精神科・心療内科", "capacity": 1.0, "weight": 1.0, "demand_value": 1.0, "source": "国土数値情報 P04 医療機関", "synthetic": false, "lon": 139.70453666926485, "lat": 35.607078289942578 }, "geometry": { "type": "Point", "coordinates": [ 139.704536669264854, 35.607078289942578 ] } },
{ "type": "Feature", "properties": { "name": "都庁前クリニック", "kind": "精神科・心療内科", "capacity": 1.0, "weight": 1.0, "demand_value": 1.0, "source": "国土数値情報 P04 医療機関", "synthetic": false, "lon": 139.6974338526648, "lat": 35.68674619137991 }, "geometry": { "type": "Point", "coordinates": [ 139.697433852664801, 35.68674619137991 ] } },
{ "type": "Feature", "properties": { "name": "都立大メンタルクリニック", "kind": "精神科・心療内科", "capacity": 1.0, "weight": 1.0, "demand_value": 1.0, "source": "国土数値情報 P04 医療機関", "synthetic": false, "lon": 139.67712561676214, "lat": 35.615828397479625 }, "geometry": { "type": "Point", "coordinates": [ 139.67712561676214, 35.615828397479625 ] } },
{ "type": "Feature", "properties": { "name": "東急株式会社　東急病院", "kind": "精神科・心療内科", "capacity": 1.0, "weight": 1.0, "demand_value": 1.0, "source": "国土数値情報 P04 医療機関", "synthetic": false, "lon": 139.6862121195098, "lat": 35.607629051740297 }, "geometry": { "type": "Point", "coordinates": [ 139.686212119509804, 35.607629051740297 ] } },
{ "type": "Feature", "properties": { "name": "東京ＴＭＳクリニック", "kind": "精神科・心療内科", "capacity": 1.0, "weight": 1.0, "demand_value": 1.0, "source": "国土数値情報 P04 医療機関", "synthetic": false, "lon": 139.70920251241799, "lat": 35.647886726350912 }, "geometry": { "type": "Point", "coordinates": [ 139.709202512417988, 35.647886726350912 ] } },
{ "type": "Feature", "properties": { "name": "東京えびすさまクリニック", "kind": "精神科・心療内科", "capacity": 1.0, "weight": 1.0, "demand_value": 1.0, "source": "国土数値情報 P04 医療機関", "synthetic": false, "lon": 139.70947396997329, "lat": 35.645476731752609 }, "geometry": { "type": "Point", "coordinates": [ 139.709473969973288, 35.645476731752609 ] } },
{ "type": "Feature", "properties": { "name": "東京クリニック", "kind": "精神科・心療内科", "capacity": 1.0, "weight": 1.0, "demand_value": 1.0, "source": "国土数値情報 P04 医療機関", "synthetic": false, "lon": 139.70391809094019, "lat": 35.69357638715519 }, "geometry": { "type": "Point", "coordinates": [ 139.703918090940192, 35.69357638715519 ] } },
{ "type": "Feature", "properties": { "name": "東京こうクリニック", "kind": "精神科・心療内科", "capacity": 1.0, "weight": 1.0, "demand_value": 1.0, "source": "国土数値情報 P04 医療機関", "synthetic": false, "lon": 139.71560376213122, "lat": 35.630484376249512 }, "geometry": { "type": "Point", "coordinates": [ 139.715603762131224, 35.630484376249512 ] } },
{ "type": "Feature", "properties": { "name": "東京ジェンダークリニック", "kind": "精神科・心療内科", "capacity": 1.0, "weight": 1.0, "demand_value": 1.0, "source": "国土数値情報 P04 医療機関", "synthetic": false, "lon": 139.73452439000638, "lat": 35.587725262362767 }, "geometry": { "type": "Point", "coordinates": [ 139.734524390006385, 35.587725262362767 ] } },
{ "type": "Feature", "properties": { "name": "東京スキンクリニック", "kind": "精神科・心療内科", "capacity": 1.0, "weight": 1.0, "demand_value": 1.0, "source": "国土数値情報 P04 医療機関", "synthetic": false, "lon": 139.7364812043069, "lat": 35.665701056493006 }, "geometry": { "type": "Point", "coordinates": [ 139.736481204306898, 35.665701056493006 ] } },
{ "type": "Feature", "properties": { "name": "東京医科大学病院", "kind": "精神科・心療内科", "capacity": 1.0, "weight": 1.0, "demand_value": 1.0, "source": "国土数値情報 P04 医療機関", "synthetic": false, "lon": 139.69186198215857, "lat": 35.693350935178238 }, "geometry": { "type": "Point", "coordinates": [ 139.691861982158571, 35.693350935178238 ] } },
{ "type": "Feature", "properties": { "name": "東京英語いのちの電話診療所", "kind": "精神科・心療内科", "capacity": 1.0, "weight": 1.0, "demand_value": 1.0, "source": "国土数値情報 P04 医療機関", "synthetic": false, "lon": 139.71574596407376, "lat": 35.659534662377744 }, "geometry": { "type": "Point", "coordinates": [ 139.715745964073761, 35.659534662377744 ] } },
{ "type": "Feature", "properties": { "name": "東京工業大学保健管理センター", "kind": "精神科・心療内科", "capacity": 1.0, "weight": 1.0, "demand_value": 1.0, "source": "国土数値情報 P04 医療機関", "synthetic": false, "lon": 139.68355768254176, "lat": 35.605925862783529 }, "geometry": { "type": "Point", "coordinates": [ 139.68355768254176, 35.605925862783529 ] } },
{ "type": "Feature", "properties": { "name": "東京慈恵会医科大学附属第三病院", "kind": "精神科・心療内科", "capacity": 1.0, "weight": 1.0, "demand_value": 1.0, "source": "国土数値情報 P04 医療機関", "synthetic": false, "lon": 139.56612583300543, "lat": 35.644530980716958 }, "geometry": { "type": "Point", "coordinates": [ 139.56612583300543, 35.644530980716958 ] } },
{ "type": "Feature", "properties": { "name": "東京女子医科大学病院", "kind": "精神科・心療内科", "capacity": 1.0, "weight": 1.0, "demand_value": 1.0, "source": "国土数値情報 P04 医療機関", "synthetic": false, "lon": 139.71970224249023, "lat": 35.698502109221181 }, "geometry": { "type": "Point", "coordinates": [ 139.719702242490229, 35.698502109221181 ] } },
{ "type": "Feature", "properties": { "name": "東京大学保健・健康推進本部駒場地区", "kind": "精神科・心療内科", "capacity": 1.0, "weight": 1.0, "demand_value": 1.0, "source": "国土数値情報 P04 医療機関", "synthetic": false, "lon": 139.68493766568756, "lat": 35.660010392236671 }, "geometry": { "type": "Point", "coordinates": [ 139.684937665687556, 35.660010392236671 ] } },
{ "type": "Feature", "properties": { "name": "東京逓信病院", "kind": "精神科・心療内科", "capacity": 1.0, "weight": 1.0, "demand_value": 1.0, "source": "国土数値情報 P04 医療機関", "synthetic": false, "lon": 139.74232171559993, "lat": 35.697104960912483 }, "geometry": { "type": "Point", "coordinates": [ 139.742321715599928, 35.697104960912483 ] } },
{ "type": "Feature", "properties": { "name": "東京都交通局職員部労働課健康管理室", "kind": "精神科・心療内科", "capacity": 1.0, "weight": 1.0, "demand_value": 1.0, "source": "国土数値情報 P04 医療機関", "synthetic": false, "lon": 139.69172147175786, "lat": 35.689237707700805 }, "geometry": { "type": "Point", "coordinates": [ 139.691721471757859, 35.689237707700805 ] } },
{ "type": "Feature", "properties": { "name": "東京都済生会中央病院", "kind": "精神科・心療内科", "capacity": 1.0, "weight": 1.0, "demand_value": 1.0, "source": "国土数値情報 P04 医療機関", "synthetic": false, "lon": 139.74378268830606, "lat": 35.653353586864078 }, "geometry": { "type": "Point", "coordinates": [ 139.743782688306055, 35.653353586864078 ] } },
{ "type": "Feature", "properties": { "name": "東京都児童相談センター　診療所", "kind": "精神科・心療内科", "capacity": 1.0, "weight": 1.0, "demand_value": 1.0, "source": "国土数値情報 P04 医療機関", "synthetic": false, "lon": 139.69384069918536, "lat": 35.708270817579098 }, "geometry": { "type": "Point", "coordinates": [ 139.693840699185358, 35.708270817579098 ] } },
{ "type": "Feature", "properties": { "name": "東京都心身障害者福祉センター", "kind": "精神科・心療内科", "capacity": 1.0, "weight": 1.0, "demand_value": 1.0, "source": "国土数値情報 P04 医療機関", "synthetic": false, "lon": 139.74364087594196, "lat": 35.701016213889531 }, "geometry": { "type": "Point", "coordinates": [ 139.743640875941963, 35.701016213889531 ] } },
{ "type": "Feature", "properties": { "name": "東京都心身障害者福祉センター　別館", "kind": "精神科・心療内科", "capacity": 1.0, "weight": 1.0, "demand_value": 1.0, "source": "国土数値情報 P04 医療機関", "synthetic": false, "lon": 139.739447922144, "lat": 35.6833025412406 }, "geometry": { "type": "Point", "coordinates": [ 139.739447922143995, 35.6833025412406 ] } },
{ "type": "Feature", "properties": { "name": "東京都立広尾病院", "kind": "精神科・心療内科", "capacity": 1.0, "weight": 1.0, "demand_value": 1.0, "source": "国土数値情報 P04 医療機関", "synthetic": false, "lon": 139.72167777388142, "lat": 35.646856871977789 }, "geometry": { "type": "Point", "coordinates": [ 139.721677773881424, 35.646856871977789 ] } },
{ "type": "Feature", "properties": { "name": "東京都立松沢病院", "kind": "精神科・心療内科", "capacity": 1.0, "weight": 1.0, "demand_value": 1.0, "source": "国土数値情報 P04 医療機関", "synthetic": false, "lon": 139.61856984380771, "lat": 35.667847837119965 }, "geometry": { "type": "Point", "coordinates": [ 139.618569843807705, 35.667847837119965 ] } },
{ "type": "Feature", "properties": { "name": "東京都立中部総合精神保健福祉センター", "kind": "精神科・心療内科", "capacity": 1.0, "weight": 1.0, "demand_value": 1.0, "source": "国土数値情報 P04 医療機関", "synthetic": false, "lon": 139.61778425572186, "lat": 35.669062450733541 }, "geometry": { "type": "Point", "coordinates": [ 139.617784255721858, 35.669062450733541 ] } },
{ "type": "Feature", "properties": { "name": "東京都立北療育医療センター　城南分園", "kind": "精神科・心療内科", "capacity": 1.0, "weight": 1.0, "demand_value": 1.0, "source": "国土数値情報 P04 医療機関", "synthetic": false, "lon": 139.69415534903274, "lat": 35.59441109969486 }, "geometry": { "type": "Point", "coordinates": [ 139.694155349032741, 35.59441109969486 ] } },
{ "type": "Feature", "properties": { "name": "東京脳神経センター", "kind": "精神科・心療内科", "capacity": 1.0, "weight": 1.0, "demand_value": 1.0, "source": "国土数値情報 P04 医療機関", "synthetic": false, "lon": 139.74410947754134, "lat": 35.665050194671331 }, "geometry": { "type": "Point", "coordinates": [ 139.744109477541343, 35.665050194671331 ] } },
{ "type": "Feature", "properties": { "name": "東京放送診療所", "kind": "精神科・心療内科", "capacity": 1.0, "weight": 1.0, "demand_value": 1.0, "source": "国土数値情報 P04 医療機関", "synthetic": false, "lon": 139.73466727352874, "lat": 35.67179645633022 }, "geometry": { "type": "Point", "coordinates": [ 139.734667273528743, 35.67179645633022 ] } },
{ "type": "Feature", "properties": { "name": "東新宿こころのクリニック", "kind": "精神科・心療内科", "capacity": 1.0, "weight": 1.0, "demand_value": 1.0, "source": "国土数値情報 P04 医療機関", "synthetic": false, "lon": 139.70743382493697, "lat": 35.696163953039076 }, "geometry": { "type": "Point", "coordinates": [ 139.70743382493697, 35.696163953039076 ] } },
{ "type": "Feature", "properties": { "name": "東邦大学医療センター　大橋病院", "kind": "精神科・心療内科", "capacity": 1.0, "weight": 1.0, "demand_value": 1.0, "source": "国土数値情報 P04 医療機関", "synthetic": false, "lon": 139.683790585829, "lat": 35.652267466559799 }, "geometry": { "type": "Point", "coordinates": [ 139.683790585829001, 35.652267466559799 ] } },
{ "type": "Feature", "properties": { "name": "堂野前医院", "kind": "精神科・心療内科", "capacity": 1.0, "weight": 1.0, "demand_value": 1.0, "source": "国土数値情報 P04 医療機関", "synthetic": false, "lon": 139.67330854670797, "lat": 35.689702761468006 }, "geometry": { "type": "Point", "coordinates": [ 139.673308546707972, 35.689702761468006 ] } },
{ "type": "Feature", "properties": { "name": "道玄坂ふじたクリニック", "kind": "精神科・心療内科", "capacity": 1.0, "weight": 1.0, "demand_value": 1.0, "source": "国土数値情報 P04 医療機関", "synthetic": false, "lon": 139.69893050339002, "lat": 35.657458207986082 }, "geometry": { "type": "Point", "coordinates": [ 139.698930503390017, 35.657458207986082 ] } },
{ "type": "Feature", "properties": { "name": "徳井記念五反田メンタルクリニック", "kind": "精神科・心療内科", "capacity": 1.0, "weight": 1.0, "demand_value": 1.0, "source": "国土数値情報 P04 医療機関", "synthetic": false, "lon": 139.7203656719266, "lat": 35.626634056066685 }, "geometry": { "type": "Point", "coordinates": [ 139.720365671926601, 35.626634056066685 ] } },
{ "type": "Feature", "properties": { "name": "特定医療法人社団　研精会　山田病院", "kind": "精神科・心療内科", "capacity": 1.0, "weight": 1.0, "demand_value": 1.0, "source": "国土数値情報 P04 医療機関", "synthetic": false, "lon": 139.57853944231329, "lat": 35.655695781712915 }, "geometry": { "type": "Point", "coordinates": [ 139.578539442313286, 35.655695781712915 ] } },
{ "type": "Feature", "properties": { "name": "特別区人事・厚生事務組合更生施設淀橋荘医務室", "kind": "精神科・心療内科", "capacity": 1.0, "weight": 1.0, "demand_value": 1.0, "source": "国土数値情報 P04 医療機関", "synthetic": false, "lon": 139.69412940515983, "lat": 35.704524315190227 }, "geometry": { "type": "Point", "coordinates": [ 139.694129405159828, 35.704524315190227 ] } },
{ "type": "Feature", "properties": { "name": "特別区人事・厚生事務組合東が丘荘医務室", "kind": "精神科・心療内科", "capacity": 1.0, "weight": 1.0, "demand_value": 1.0, "source": "国土数値情報 P04 医療機関", "synthetic": false, "lon": 139.66784602175284, "lat": 35.62745125949138 }, "geometry": { "type": "Point", "coordinates": [ 139.667846021752837, 35.62745125949138 ] } },
{ "type": "Feature", "properties": { "name": "特別養護老人ホーム　マイルドハート高円寺医務室", "kind": "精神科・心療内科", "capacity": 1.0, "weight": 1.0, "demand_value": 1.0, "source": "国土数値情報 P04 医療機関", "synthetic": false, "lon": 139.65776668098292, "lat": 35.709061112410467 }, "geometry": { "type": "Point", "coordinates": [ 139.657766680982917, 35.709061112410467 ] } },
{ "type": "Feature", "properties": { "name": "特別養護老人ホームあかね苑", "kind": "精神科・心療内科", "capacity": 1.0, "weight": 1.0, "demand_value": 1.0, "source": "国土数値情報 P04 医療機関", "synthetic": false, "lon": 139.72962348914319, "lat": 35.700117369518019 }, "geometry": { "type": "Point", "coordinates": [ 139.729623489143194, 35.700117369518019 ] } },
{ "type": "Feature", "properties": { "name": "特別養護老人ホームフォーライフ桃郷医務室", "kind": "精神科・心療内科", "capacity": 1.0, "weight": 1.0, "demand_value": 1.0, "source": "国土数値情報 P04 医療機関", "synthetic": false, "lon": 139.59229289019345, "lat": 35.677150860632764 }, "geometry": { "type": "Point", "coordinates": [ 139.592292890193448, 35.677150860632764 ] } },
{ "type": "Feature", "properties": { "name": "特別養護老人ホームゆとりえ医務室", "kind": "精神科・心療内科", "capacity": 1.0, "weight": 1.0, "demand_value": 1.0, "source": "国土数値情報 P04 医療機関", "synthetic": false, "lon": 139.59150321507667, "lat": 35.698691075082849 }, "geometry": { "type": "Point", "coordinates": [ 139.591503215076671, 35.698691075082849 ] } },
{ "type": "Feature", "properties": { "name": "特別養護老人ホーム千歳敬心苑", "kind": "精神科・心療内科", "capacity": 1.0, "weight": 1.0, "demand_value": 1.0, "source": "国土数値情報 P04 医療機関", "synthetic": false, "lon": 139.58572052862075, "lat": 35.672050415934422 }, "geometry": { "type": "Point", "coordinates": [ 139.585720528620755, 35.672050415934422 ] } },
{ "type": "Feature", "properties": { "name": "特別養護老人ホーム博水の郷医務室", "kind": "精神科・心療内科", "capacity": 1.0, "weight": 1.0, "demand_value": 1.0, "source": "国土数値情報 P04 医療機関", "synthetic": false, "lon": 139.61592040578233, "lat": 35.619708295447261 }, "geometry": { "type": "Point", "coordinates": [ 139.615920405782333, 35.619708295447261 ] } },
{ "type": "Feature", "properties": { "name": "独立行政法人　国立病院機構　東京医療センター", "kind": "精神科・心療内科", "capacity": 1.0, "weight": 1.0, "demand_value": 1.0, "source": "国土数値情報 P04 医療機関", "synthetic": false, "lon": 139.66660207709575, "lat": 35.626758929681309 }, "geometry": { "type": "Point", "coordinates": [ 139.666602077095746, 35.626758929681309 ] } },
{ "type": "Feature", "properties": { "name": "独立行政法人　地域医療機能推進機構　東京新宿メディカルセンター", "kind": "精神科・心療内科", "capacity": 1.0, "weight": 1.0, "demand_value": 1.0, "source": "国土数値情報 P04 医療機関", "synthetic": false, "lon": 139.74225666659834, "lat": 35.703348093456931 }, "geometry": { "type": "Point", "coordinates": [ 139.742256666598337, 35.703348093456931 ] } },
{ "type": "Feature", "properties": { "name": "独立行政法人国際協力機構国際協力人材部健康管理課", "kind": "精神科・心療内科", "capacity": 1.0, "weight": 1.0, "demand_value": 1.0, "source": "国土数値情報 P04 医療機関", "synthetic": false, "lon": 139.73622679906339, "lat": 35.685555274023507 }, "geometry": { "type": "Point", "coordinates": [ 139.736226799063388, 35.685555274023507 ] } },
{ "type": "Feature", "properties": { "name": "内閣共済組合内閣府診療所", "kind": "精神科・心療内科", "capacity": 1.0, "weight": 1.0, "demand_value": 1.0, "source": "国土数値情報 P04 医療機関", "synthetic": false, "lon": 139.74530829577674, "lat": 35.672991010907701 }, "geometry": { "type": "Point", "coordinates": [ 139.745308295776738, 35.672991010907701 ] } },
{ "type": "Feature", "properties": { "name": "楢林神経内科クリニック", "kind": "精神科・心療内科", "capacity": 1.0, "weight": 1.0, "demand_value": 1.0, "source": "国土数値情報 P04 医療機関", "synthetic": false, "lon": 139.69922057267129, "lat": 35.635236889379065 }, "geometry": { "type": "Point", "coordinates": [ 139.699220572671294, 35.635236889379065 ] } },
{ "type": "Feature", "properties": { "name": "南の風メンタル", "kind": "精神科・心療内科", "capacity": 1.0, "weight": 1.0, "demand_value": 1.0, "source": "国土数値情報 P04 医療機関", "synthetic": false, "lon": 139.72058710268644, "lat": 35.671279560277654 }, "geometry": { "type": "Point", "coordinates": [ 139.720587102686437, 35.671279560277654 ] } },
{ "type": "Feature", "properties": { "name": "南阿佐ヶ谷こもれびメンタルクリニック", "kind": "精神科・心療内科", "capacity": 1.0, "weight": 1.0, "demand_value": 1.0, "source": "国土数値情報 P04 医療機関", "synthetic": false, "lon": 139.63871556099571, "lat": 35.698489941923683 }, "geometry": { "type": "Point", "coordinates": [ 139.638715560995706, 35.698489941923683 ] } },
{ "type": "Feature", "properties": { "name": "日経ＢＰ社診療所", "kind": "精神科・心療内科", "capacity": 1.0, "weight": 1.0, "demand_value": 1.0, "source": "国土数値情報 P04 医療機関", "synthetic": false, "lon": 139.74340818237022, "lat": 35.663941133791951 }, "geometry": { "type": "Point", "coordinates": [ 139.743408182370217, 35.663941133791951 ] } },
{ "type": "Feature", "properties": { "name": "日本赤十字社医療センター", "kind": "精神科・心療内科", "capacity": 1.0, "weight": 1.0, "demand_value": 1.0, "source": "国土数値情報 P04 医療機関", "synthetic": false, "lon": 139.71760990672263, "lat": 35.654764970608419 }, "geometry": { "type": "Point", "coordinates": [ 139.717609906722629, 35.654764970608419 ] } },
{ "type": "Feature", "properties": { "name": "日本赤十字社東京都支部　大森赤十字病院", "kind": "精神科・心療内科", "capacity": 1.0, "weight": 1.0, "demand_value": 1.0, "source": "国土数値情報 P04 医療機関", "synthetic": false, "lon": 139.71718622350554, "lat": 35.578799041574889 }, "geometry": { "type": "Point", "coordinates": [ 139.717186223505536, 35.578799041574889 ] } },
{ "type": "Feature", "properties": { "name": "入江クリニック", "kind": "精神科・心療内科", "capacity": 1.0, "weight": 1.0, "demand_value": 1.0, "source": "国土数値情報 P04 医療機関", "synthetic": false, "lon": 139.70792139047339, "lat": 35.7017808194515 }, "geometry": { "type": "Point", "coordinates": [ 139.707921390473388, 35.7017808194515 ] } },
{ "type": "Feature", "properties": { "name": "博報堂診療所", "kind": "精神科・心療内科", "capacity": 1.0, "weight": 1.0, "demand_value": 1.0, "source": "国土数値情報 P04 医療機関", "synthetic": false, "lon": 139.73629320774174, "lat": 35.673086073116615 }, "geometry": { "type": "Point", "coordinates": [ 139.736293207741738, 35.673086073116615 ] } },
{ "type": "Feature", "properties": { "name": "白金メンタルクリニック", "kind": "精神科・心療内科", "capacity": 1.0, "weight": 1.0, "demand_value": 1.0, "source": "国土数値情報 P04 医療機関", "synthetic": false, "lon": 139.73293994867592, "lat": 35.643735936924422 }, "geometry": { "type": "Point", "coordinates": [ 139.73293994867592, 35.643735936924422 ] } },
{ "type": "Feature", "properties": { "name": "白金台メディカルクリニック", "kind": "精神科・心療内科", "capacity": 1.0, "weight": 1.0, "demand_value": 1.0, "source": "国土数値情報 P04 医療機関", "synthetic": false, "lon": 139.72610515452371, "lat": 35.638334197572959 }, "geometry": { "type": "Point", "coordinates": [ 139.726105154523708, 35.638334197572959 ] } },
{ "type": "Feature", "properties": { "name": "白石医院", "kind": "精神科・心療内科", "capacity": 1.0, "weight": 1.0, "demand_value": 1.0, "source": "国土数値情報 P04 医療機関", "synthetic": false, "lon": 139.67151723667305, "lat": 35.683110732904765 }, "geometry": { "type": "Point", "coordinates": [ 139.671517236673054, 35.683110732904765 ] } },
{ "type": "Feature", "properties": { "name": "幡ヶ谷駅前クリニック", "kind": "精神科・心療内科", "capacity": 1.0, "weight": 1.0, "demand_value": 1.0, "source": "国土数値情報 P04 医療機関", "synthetic": false, "lon": 139.6771602694551, "lat": 35.677673449579544 }, "geometry": { "type": "Point", "coordinates": [ 139.677160269455101, 35.677673449579544 ] } },
{ "type": "Feature", "properties": { "name": "半蔵門のびすここどもクリニック", "kind": "精神科・心療内科", "capacity": 1.0, "weight": 1.0, "demand_value": 1.0, "source": "国土数値情報 P04 医療機関", "synthetic": false, "lon": 139.74276234911099, "lat": 35.6879052215534 }, "geometry": { "type": "Point", "coordinates": [ 139.74276234911099, 35.6879052215534 ] } },
{ "type": "Feature", "properties": { "name": "半蔵門モロオカクリニック", "kind": "精神科・心療内科", "capacity": 1.0, "weight": 1.0, "demand_value": 1.0, "source": "国土数値情報 P04 医療機関", "synthetic": false, "lon": 139.74132851008326, "lat": 35.684523617584482 }, "geometry": { "type": "Point", "coordinates": [ 139.741328510083264, 35.684523617584482 ] } },
{ "type": "Feature", "properties": { "name": "半蔵門心療クリニック", "kind": "精神科・心療内科", "capacity": 1.0, "weight": 1.0, "demand_value": 1.0, "source": "国土数値情報 P04 医療機関", "synthetic": false, "lon": 139.74275533954591, "lat": 35.685460959899942 }, "geometry": { "type": "Point", "coordinates": [ 139.742755339545909, 35.685460959899942 ] } },
{ "type": "Feature", "properties": { "name": "飯田橋メンタルクリニック", "kind": "精神科・心療内科", "capacity": 1.0, "weight": 1.0, "demand_value": 1.0, "source": "国土数値情報 P04 医療機関", "synthetic": false, "lon": 139.74501581357981, "lat": 35.699381426984466 }, "geometry": { "type": "Point", "coordinates": [ 139.745015813579812, 35.699381426984466 ] } },
{ "type": "Feature", "properties": { "name": "飯田橋光洋クリニック", "kind": "精神科・心療内科", "capacity": 1.0, "weight": 1.0, "demand_value": 1.0, "source": "国土数値情報 P04 医療機関", "synthetic": false, "lon": 139.74501581357981, "lat": 35.699381426984466 }, "geometry": { "type": "Point", "coordinates": [ 139.745015813579812, 35.699381426984466 ] } },
{ "type": "Feature", "properties": { "name": "飯田橋東口内科心療内科診療所", "kind": "精神科・心療内科", "capacity": 1.0, "weight": 1.0, "demand_value": 1.0, "source": "国土数値情報 P04 医療機関", "synthetic": false, "lon": 139.74552846797911, "lat": 35.701726180792477 }, "geometry": { "type": "Point", "coordinates": [ 139.745528467979113, 35.701726180792477 ] } },
{ "type": "Feature", "properties": { "name": "樋口クリニック", "kind": "精神科・心療内科", "capacity": 1.0, "weight": 1.0, "demand_value": 1.0, "source": "国土数値情報 P04 医療機関", "synthetic": false, "lon": 139.56076287450594, "lat": 35.703659951025912 }, "geometry": { "type": "Point", "coordinates": [ 139.56076287450594, 35.703659951025912 ] } },
{ "type": "Feature", "properties": { "name": "尾山台すくすくクリニック", "kind": "精神科・心療内科", "capacity": 1.0, "weight": 1.0, "demand_value": 1.0, "source": "国土数値情報 P04 医療機関", "synthetic": false, "lon": 139.65211217604633, "lat": 35.604307402746784 }, "geometry": { "type": "Point", "coordinates": [ 139.65211217604633, 35.604307402746784 ] } },
{ "type": "Feature", "properties": { "name": "尾山台心療クリニック", "kind": "精神科・心療内科", "capacity": 1.0, "weight": 1.0, "demand_value": 1.0, "source": "国土数値情報 P04 医療機関", "synthetic": false, "lon": 139.653531961309, "lat": 35.606711307274374 }, "geometry": { "type": "Point", "coordinates": [ 139.653531961309, 35.606711307274374 ] } },
{ "type": "Feature", "properties": { "name": "美馬レディースクリニック", "kind": "精神科・心療内科", "capacity": 1.0, "weight": 1.0, "demand_value": 1.0, "source": "国土数値情報 P04 医療機関", "synthetic": false, "lon": 139.7372364524312, "lat": 35.673403003818436 }, "geometry": { "type": "Point", "coordinates": [ 139.737236452431205, 35.673403003818436 ] } },
{ "type": "Feature", "properties": { "name": "菱沼メンタルクリニック", "kind": "精神科・心療内科", "capacity": 1.0, "weight": 1.0, "demand_value": 1.0, "source": "国土数値情報 P04 医療機関", "synthetic": false, "lon": 139.60166819700822, "lat": 35.667685870813955 }, "geometry": { "type": "Point", "coordinates": [ 139.601668197008223, 35.667685870813955 ] } },
{ "type": "Feature", "properties": { "name": "表参道ソフィアクリニック", "kind": "精神科・心療内科", "capacity": 1.0, "weight": 1.0, "demand_value": 1.0, "source": "国土数値情報 P04 医療機関", "synthetic": false, "lon": 139.71026988084694, "lat": 35.664408757972126 }, "geometry": { "type": "Point", "coordinates": [ 139.710269880846937, 35.664408757972126 ] } },
{ "type": "Feature", "properties": { "name": "表参道ヨーイークリニック", "kind": "精神科・心療内科", "capacity": 1.0, "weight": 1.0, "demand_value": 1.0, "source": "国土数値情報 P04 医療機関", "synthetic": false, "lon": 139.70959350716458, "lat": 35.665605560359744 }, "geometry": { "type": "Point", "coordinates": [ 139.709593507164584, 35.665605560359744 ] } },
{ "type": "Feature", "properties": { "name": "品川こころのクリニック", "kind": "精神科・心療内科", "capacity": 1.0, "weight": 1.0, "demand_value": 1.0, "source": "国土数値情報 P04 医療機関", "synthetic": false, "lon": 139.73853742911777, "lat": 35.638120331976104 }, "geometry": { "type": "Point", "coordinates": [ 139.73853742911777, 35.638120331976104 ] } },
{ "type": "Feature", "properties": { "name": "品川駅前メンタルクリニック", "kind": "精神科・心療内科", "capacity": 1.0, "weight": 1.0, "demand_value": 1.0, "source": "国土数値情報 P04 医療機関", "synthetic": false, "lon": 139.74261073242536, "lat": 35.62849658149814 }, "geometry": { "type": "Point", "coordinates": [ 139.742610732425362, 35.62849658149814 ] } },
{ "type": "Feature", "properties": { "name": "品川心療内科", "kind": "精神科・心療内科", "capacity": 1.0, "weight": 1.0, "demand_value": 1.0, "source": "国土数値情報 P04 医療機関", "synthetic": false, "lon": 139.7419738307153, "lat": 35.62868820465804 }, "geometry": { "type": "Point", "coordinates": [ 139.741973830715295, 35.62868820465804 ] } },
{ "type": "Feature", "properties": { "name": "武正内科", "kind": "精神科・心療内科", "capacity": 1.0, "weight": 1.0, "demand_value": 1.0, "source": "国土数値情報 P04 医療機関", "synthetic": false, "lon": 139.65993303293141, "lat": 35.696845972155373 }, "geometry": { "type": "Point", "coordinates": [ 139.659933032931406, 35.696845972155373 ] } },
{ "type": "Feature", "properties": { "name": "武蔵小山メンタルクリニック", "kind": "精神科・心療内科", "capacity": 1.0, "weight": 1.0, "demand_value": 1.0, "source": "国土数値情報 P04 医療機関", "synthetic": false, "lon": 139.70397694771114, "lat": 35.619785998299186 }, "geometry": { "type": "Point", "coordinates": [ 139.703976947711141, 35.619785998299186 ] } },
{ "type": "Feature", "properties": { "name": "武野クリニック", "kind": "精神科・心療内科", "capacity": 1.0, "weight": 1.0, "demand_value": 1.0, "source": "国土数値情報 P04 医療機関", "synthetic": false, "lon": 139.72725632247707, "lat": 35.704527559166948 }, "geometry": { "type": "Point", "coordinates": [ 139.727256322477075, 35.704527559166948 ] } },
{ "type": "Feature", "properties": { "name": "楓の森メンタルクリニック", "kind": "精神科・心療内科", "capacity": 1.0, "weight": 1.0, "demand_value": 1.0, "source": "国土数値情報 P04 医療機関", "synthetic": false, "lon": 139.70788832399734, "lat": 35.642795067389685 }, "geometry": { "type": "Point", "coordinates": [ 139.707888323997338, 35.642795067389685 ] } },
{ "type": "Feature", "properties": { "name": "風の木クリニック", "kind": "精神科・心療内科", "capacity": 1.0, "weight": 1.0, "demand_value": 1.0, "source": "国土数値情報 P04 医療機関", "synthetic": false, "lon": 139.74200605836674, "lat": 35.682223801661586 }, "geometry": { "type": "Point", "coordinates": [ 139.742006058366741, 35.682223801661586 ] } },
{ "type": "Feature", "properties": { "name": "福田医院", "kind": "精神科・心療内科", "capacity": 1.0, "weight": 1.0, "demand_value": 1.0, "source": "国土数値情報 P04 医療機関", "synthetic": false, "lon": 139.69808418142557, "lat": 35.638895332110259 }, "geometry": { "type": "Point", "coordinates": [ 139.698084181425571, 35.638895332110259 ] } },
{ "type": "Feature", "properties": { "name": "方南クリニック", "kind": "精神科・心療内科", "capacity": 1.0, "weight": 1.0, "demand_value": 1.0, "source": "国土数値情報 P04 医療機関", "synthetic": false, "lon": 139.65663601552296, "lat": 35.681918878805618 }, "geometry": { "type": "Point", "coordinates": [ 139.656636015522963, 35.681918878805618 ] } },
{ "type": "Feature", "properties": { "name": "北岡クリニック", "kind": "精神科・心療内科", "capacity": 1.0, "weight": 1.0, "demand_value": 1.0, "source": "国土数値情報 P04 医療機関", "synthetic": false, "lon": 139.67109787044245, "lat": 35.643068703234235 }, "geometry": { "type": "Point", "coordinates": [ 139.671097870442452, 35.643068703234235 ] } },
{ "type": "Feature", "properties": { "name": "北新宿ガーデンクリニック", "kind": "精神科・心療内科", "capacity": 1.0, "weight": 1.0, "demand_value": 1.0, "source": "国土数値情報 P04 医療機関", "synthetic": false, "lon": 139.68942727997234, "lat": 35.696064909897324 }, "geometry": { "type": "Point", "coordinates": [ 139.689427279972335, 35.696064909897324 ] } },
{ "type": "Feature", "properties": { "name": "北新宿特別養護老人ホーム医務室", "kind": "精神科・心療内科", "capacity": 1.0, "weight": 1.0, "demand_value": 1.0, "source": "国土数値情報 P04 医療機関", "synthetic": false, "lon": 139.68983503006496, "lat": 35.704743621908129 }, "geometry": { "type": "Point", "coordinates": [ 139.689835030064955, 35.704743621908129 ] } },
{ "type": "Feature", "properties": { "name": "北星会クリニック", "kind": "精神科・心療内科", "capacity": 1.0, "weight": 1.0, "demand_value": 1.0, "source": "国土数値情報 P04 医療機関", "synthetic": false, "lon": 139.62635366283476, "lat": 35.612582723745575 }, "geometry": { "type": "Point", "coordinates": [ 139.626353662834759, 35.612582723745575 ] } },
{ "type": "Feature", "properties": { "name": "北西クリニック", "kind": "精神科・心療内科", "capacity": 1.0, "weight": 1.0, "demand_value": 1.0, "source": "国土数値情報 P04 医療機関", "synthetic": false, "lon": 139.70044924742319, "lat": 35.655137089381782 }, "geometry": { "type": "Point", "coordinates": [ 139.700449247423194, 35.655137089381782 ] } },
{ "type": "Feature", "properties": { "name": "北青山診療所", "kind": "精神科・心療内科", "capacity": 1.0, "weight": 1.0, "demand_value": 1.0, "source": "国土数値情報 P04 医療機関", "synthetic": false, "lon": 139.71152782636736, "lat": 35.664475438119339 }, "geometry": { "type": "Point", "coordinates": [ 139.711527826367359, 35.664475438119339 ] } },
{ "type": "Feature", "properties": { "name": "北里大学　北里研究所病院", "kind": "精神科・心療内科", "capacity": 1.0, "weight": 1.0, "demand_value": 1.0, "source": "国土数値情報 P04 医療機関", "synthetic": false, "lon": 139.72616528095369, "lat": 35.645486093948271 }, "geometry": { "type": "Point", "coordinates": [ 139.726165280953694, 35.645486093948271 ] } },
{ "type": "Feature", "properties": { "name": "牧野クリニック", "kind": "精神科・心療内科", "capacity": 1.0, "weight": 1.0, "demand_value": 1.0, "source": "国土数値情報 P04 医療機関", "synthetic": false, "lon": 139.68727267904322, "lat": 35.706706935949896 }, "geometry": { "type": "Point", "coordinates": [ 139.687272679043218, 35.706706935949896 ] } },
{ "type": "Feature", "properties": { "name": "麻布十番メンタルケアクリニック", "kind": "精神科・心療内科", "capacity": 1.0, "weight": 1.0, "demand_value": 1.0, "source": "国土数値情報 P04 医療機関", "synthetic": false, "lon": 139.7339342204171, "lat": 35.655659602178638 }, "geometry": { "type": "Point", "coordinates": [ 139.733934220417098, 35.655659602178638 ] } },
{ "type": "Feature", "properties": { "name": "末広通り　くろさわクリニック", "kind": "精神科・心療内科", "capacity": 1.0, "weight": 1.0, "demand_value": 1.0, "source": "国土数値情報 P04 医療機関", "synthetic": false, "lon": 139.58172674363021, "lat": 35.701565810729228 }, "geometry": { "type": "Point", "coordinates": [ 139.581726743630213, 35.701565810729228 ] } },
{ "type": "Feature", "properties": { "name": "明治学院大学健康支援センター", "kind": "精神科・心療内科", "capacity": 1.0, "weight": 1.0, "demand_value": 1.0, "source": "国土数値情報 P04 医療機関", "synthetic": false, "lon": 139.73116223417574, "lat": 35.637428563681972 }, "geometry": { "type": "Point", "coordinates": [ 139.731162234175741, 35.637428563681972 ] } },
{ "type": "Feature", "properties": { "name": "明大前メンタルクリニック", "kind": "精神科・心療内科", "capacity": 1.0, "weight": 1.0, "demand_value": 1.0, "source": "国土数値情報 P04 医療機関", "synthetic": false, "lon": 139.64963944059417, "lat": 35.668479694414728 }, "geometry": { "type": "Point", "coordinates": [ 139.649639440594171, 35.668479694414728 ] } },
{ "type": "Feature", "properties": { "name": "免疫予防医学クリニック", "kind": "精神科・心療内科", "capacity": 1.0, "weight": 1.0, "demand_value": 1.0, "source": "国土数値情報 P04 医療機関", "synthetic": false, "lon": 139.72542778872406, "lat": 35.67165850195007 }, "geometry": { "type": "Point", "coordinates": [ 139.725427788724062, 35.67165850195007 ] } },
{ "type": "Feature", "properties": { "name": "木暮医院", "kind": "精神科・心療内科", "capacity": 1.0, "weight": 1.0, "demand_value": 1.0, "source": "国土数値情報 P04 医療機関", "synthetic": false, "lon": 139.68193039251017, "lat": 35.619876655036066 }, "geometry": { "type": "Point", "coordinates": [ 139.681930392510168, 35.619876655036066 ] } },
{ "type": "Feature", "properties": { "name": "目黒駅前メンタルクリニック", "kind": "精神科・心療内科", "capacity": 1.0, "weight": 1.0, "demand_value": 1.0, "source": "国土数値情報 P04 医療機関", "synthetic": false, "lon": 139.71485183120993, "lat": 35.632711331360994 }, "geometry": { "type": "Point", "coordinates": [ 139.714851831209927, 35.632711331360994 ] } },
{ "type": "Feature", "properties": { "name": "目黒区立特別養護老人ホーム中目黒医務室", "kind": "精神科・心療内科", "capacity": 1.0, "weight": 1.0, "demand_value": 1.0, "source": "国土数値情報 P04 医療機関", "synthetic": false, "lon": 139.70089069703559, "lat": 35.636012385001536 }, "geometry": { "type": "Point", "coordinates": [ 139.700890697035589, 35.636012385001536 ] } },
{ "type": "Feature", "properties": { "name": "目黒区立特別養護老人ホーム東が丘医務室", "kind": "精神科・心療内科", "capacity": 1.0, "weight": 1.0, "demand_value": 1.0, "source": "国土数値情報 P04 医療機関", "synthetic": false, "lon": 139.67051223211496, "lat": 35.626097030376791 }, "geometry": { "type": "Point", "coordinates": [ 139.670512232114959, 35.626097030376791 ] } },
{ "type": "Feature", "properties": { "name": "目黒区立特別養護老人ホーム東山医務室", "kind": "精神科・心療内科", "capacity": 1.0, "weight": 1.0, "demand_value": 1.0, "source": "国土数値情報 P04 医療機関", "synthetic": false, "lon": 139.68552604321334, "lat": 35.647366301409029 }, "geometry": { "type": "Point", "coordinates": [ 139.685526043213343, 35.647366301409029 ] } },
{ "type": "Feature", "properties": { "name": "目黒心療クリニック", "kind": "精神科・心療内科", "capacity": 1.0, "weight": 1.0, "demand_value": 1.0, "source": "国土数値情報 P04 医療機関", "synthetic": false, "lon": 139.71455402286614, "lat": 35.635182709238997 }, "geometry": { "type": "Point", "coordinates": [ 139.714554022866139, 35.635182709238997 ] } },
{ "type": "Feature", "properties": { "name": "夜のこころクリニック", "kind": "精神科・心療内科", "capacity": 1.0, "weight": 1.0, "demand_value": 1.0, "source": "国土数値情報 P04 医療機関", "synthetic": false, "lon": 139.71014408035794, "lat": 35.689544775221911 }, "geometry": { "type": "Point", "coordinates": [ 139.710144080357935, 35.689544775221911 ] } },
{ "type": "Feature", "properties": { "name": "野の花メンタルクリニック", "kind": "精神科・心療内科", "capacity": 1.0, "weight": 1.0, "demand_value": 1.0, "source": "国土数値情報 P04 医療機関", "synthetic": false, "lon": 139.58238813249105, "lat": 35.705330943004881 }, "geometry": { "type": "Point", "coordinates": [ 139.582388132491047, 35.705330943004881 ] } },
{ "type": "Feature", "properties": { "name": "野沢３丁目内科", "kind": "精神科・心療内科", "capacity": 1.0, "weight": 1.0, "demand_value": 1.0, "source": "国土数値情報 P04 医療機関", "synthetic": false, "lon": 139.67725802879039, "lat": 35.628459976290216 }, "geometry": { "type": "Point", "coordinates": [ 139.677258028790391, 35.628459976290216 ] } },
{ "type": "Feature", "properties": { "name": "野﨑医院", "kind": "精神科・心療内科", "capacity": 1.0, "weight": 1.0, "demand_value": 1.0, "source": "国土数値情報 P04 医療機関", "synthetic": false, "lon": 139.6400568402556, "lat": 35.706069632659514 }, "geometry": { "type": "Point", "coordinates": [ 139.640056840255596, 35.706069632659514 ] } },
{ "type": "Feature", "properties": { "name": "柳沢クリニック", "kind": "精神科・心療内科", "capacity": 1.0, "weight": 1.0, "demand_value": 1.0, "source": "国土数値情報 P04 医療機関", "synthetic": false, "lon": 139.59772827860027, "lat": 35.704727534631303 }, "geometry": { "type": "Point", "coordinates": [ 139.597728278600272, 35.704727534631303 ] } },
{ "type": "Feature", "properties": { "name": "優和メンタルクリニック", "kind": "精神科・心療内科", "capacity": 1.0, "weight": 1.0, "demand_value": 1.0, "source": "国土数値情報 P04 医療機関", "synthetic": false, "lon": 139.66618503116194, "lat": 35.704664359339027 }, "geometry": { "type": "Point", "coordinates": [ 139.666185031161945, 35.704664359339027 ] } },
{ "type": "Feature", "properties": { "name": "祐天寺松本クリニック", "kind": "精神科・心療内科", "capacity": 1.0, "weight": 1.0, "demand_value": 1.0, "source": "国土数値情報 P04 医療機関", "synthetic": false, "lon": 139.69073594785408, "lat": 35.635809144506382 }, "geometry": { "type": "Point", "coordinates": [ 139.69073594785408, 35.635809144506382 ] } },
{ "type": "Feature", "properties": { "name": "養護老人ホーム池上長寿園医務室", "kind": "精神科・心療内科", "capacity": 1.0, "weight": 1.0, "demand_value": 1.0, "source": "国土数値情報 P04 医療機関", "synthetic": false, "lon": 139.6975538243521, "lat": 35.584985451571008 }, "geometry": { "type": "Point", "coordinates": [ 139.697553824352099, 35.584985451571008 ] } },
{ "type": "Feature", "properties": { "name": "浴風会　浴風園診察室", "kind": "精神科・心療内科", "capacity": 1.0, "weight": 1.0, "demand_value": 1.0, "source": "国土数値情報 P04 医療機関", "synthetic": false, "lon": 139.60914140700768, "lat": 35.681606432478652 }, "geometry": { "type": "Point", "coordinates": [ 139.609141407007684, 35.681606432478652 ] } },
{ "type": "Feature", "properties": { "name": "立正佼成会附属佼成病院", "kind": "精神科・心療内科", "capacity": 1.0, "weight": 1.0, "demand_value": 1.0, "source": "国土数値情報 P04 医療機関", "synthetic": false, "lon": 139.6554072592478, "lat": 35.689717861730216 }, "geometry": { "type": "Point", "coordinates": [ 139.655407259247795, 35.689717861730216 ] } },
{ "type": "Feature", "properties": { "name": "立石医院", "kind": "精神科・心療内科", "capacity": 1.0, "weight": 1.0, "demand_value": 1.0, "source": "国土数値情報 P04 医療機関", "synthetic": false, "lon": 139.6807456968705, "lat": 35.589563751717115 }, "geometry": { "type": "Point", "coordinates": [ 139.680745696870503, 35.589563751717115 ] } },
{ "type": "Feature", "properties": { "name": "緑岡クリニック", "kind": "精神科・心療内科", "capacity": 1.0, "weight": 1.0, "demand_value": 1.0, "source": "国土数値情報 P04 医療機関", "synthetic": false, "lon": 139.71226680518478, "lat": 35.660050105869942 }, "geometry": { "type": "Point", "coordinates": [ 139.712266805184782, 35.660050105869942 ] } },
{ "type": "Feature", "properties": { "name": "林試の森クリニック", "kind": "精神科・心療内科", "capacity": 1.0, "weight": 1.0, "demand_value": 1.0, "source": "国土数値情報 P04 医療機関", "synthetic": false, "lon": 139.70381901710226, "lat": 35.626479937811681 }, "geometry": { "type": "Point", "coordinates": [ 139.703819017102262, 35.626479937811681 ] } },
{ "type": "Feature", "properties": { "name": "林診療所", "kind": "精神科・心療内科", "capacity": 1.0, "weight": 1.0, "demand_value": 1.0, "source": "国土数値情報 P04 医療機関", "synthetic": false, "lon": 139.63232414768996, "lat": 35.666824735749969 }, "geometry": { "type": "Point", "coordinates": [ 139.632324147689957, 35.666824735749969 ] } },
{ "type": "Feature", "properties": { "name": "鈴木医院", "kind": "精神科・心療内科", "capacity": 1.0, "weight": 1.0, "demand_value": 1.0, "source": "国土数値情報 P04 医療機関", "synthetic": false, "lon": 139.62620591559045, "lat": 35.682955386443311 }, "geometry": { "type": "Point", "coordinates": [ 139.626205915590447, 35.682955386443311 ] } },
{ "type": "Feature", "properties": { "name": "鈴木龍クリニック", "kind": "精神科・心療内科", "capacity": 1.0, "weight": 1.0, "demand_value": 1.0, "source": "国土数値情報 P04 医療機関", "synthetic": false, "lon": 139.743378657287, "lat": 35.6879321687748 }, "geometry": { "type": "Point", "coordinates": [ 139.743378657286996, 35.6879321687748 ] } },
{ "type": "Feature", "properties": { "name": "麗華クリニック", "kind": "精神科・心療内科", "capacity": 1.0, "weight": 1.0, "demand_value": 1.0, "source": "国土数値情報 P04 医療機関", "synthetic": false, "lon": 139.6758537501631, "lat": 35.616480508079235 }, "geometry": { "type": "Point", "coordinates": [ 139.6758537501631, 35.616480508079235 ] } },
{ "type": "Feature", "properties": { "name": "六番町メンタルクリニック", "kind": "精神科・心療内科", "capacity": 1.0, "weight": 1.0, "demand_value": 1.0, "source": "国土数値情報 P04 医療機関", "synthetic": false, "lon": 139.72057381981364, "lat": 35.687183888482451 }, "geometry": { "type": "Point", "coordinates": [ 139.720573819813637, 35.687183888482451 ] } },
{ "type": "Feature", "properties": { "name": "六本木クリニック", "kind": "精神科・心療内科", "capacity": 1.0, "weight": 1.0, "demand_value": 1.0, "source": "国土数値情報 P04 医療機関", "synthetic": false, "lon": 139.7329468779235, "lat": 35.662719639345838 }, "geometry": { "type": "Point", "coordinates": [ 139.732946877923496, 35.662719639345838 ] } },
{ "type": "Feature", "properties": { "name": "六本木メンタルクリニック", "kind": "精神科・心療内科", "capacity": 1.0, "weight": 1.0, "demand_value": 1.0, "source": "国土数値情報 P04 医療機関", "synthetic": false, "lon": 139.72967883854889, "lat": 35.662300173834467 }, "geometry": { "type": "Point", "coordinates": [ 139.729678838548892, 35.662300173834467 ] } },
{ "type": "Feature", "properties": { "name": "六本木内科・心療内科クリニック", "kind": "精神科・心療内科", "capacity": 1.0, "weight": 1.0, "demand_value": 1.0, "source": "国土数値情報 P04 医療機関", "synthetic": false, "lon": 139.73180612011762, "lat": 35.663412873161626 }, "geometry": { "type": "Point", "coordinates": [ 139.731806120117625, 35.663412873161626 ] } },
{ "type": "Feature", "properties": { "name": "惠クリニック", "kind": "精神科・心療内科", "capacity": 1.0, "weight": 1.0, "demand_value": 1.0, "source": "国土数値情報 P04 医療機関", "synthetic": false, "lon": 139.69681579896454, "lat": 35.688326826465442 }, "geometry": { "type": "Point", "coordinates": [ 139.696815798964536, 35.688326826465442 ] } }
]
}
