{
"type": "FeatureCollection",
"name": "welfare",
"crs": { "type": "name", "properties": { "name": "urn:ogc:def:crs:OGC:1.3:CRS84" } },
"features": [
{ "type": "Feature", "properties": { "name": "目黒障害者相談センター", "kind": "計画相談支援", "subclass": "991100", "capacity": 5.0, "capacity_estimated": true, "weight": 0.3, "demand_value": 1.5, "source": "国土数値情報 P14 福祉施設（定員つき）", "synthetic": false, "lon": 139.67576939600008, "lat": 35.617407745000037 }, "geometry": { "type": "Point", "coordinates": [ 139.675769396000078, 35.617407745000037 ] } },
{ "type": "Feature", "properties": { "name": "相談支援センターちぐさ", "kind": "計画相談支援", "subclass": "991100", "capacity": 5.0, "capacity_estimated": true, "weight": 0.3, "demand_value": 1.5, "source": "国土数値情報 P14 福祉施設（定員つき）", "synthetic": false, "lon": 139.6069215330001, "lat": 35.673375514000156 }, "geometry": { "type": "Point", "coordinates": [ 139.606921533000104, 35.673375514000156 ] } },
{ "type": "Feature", "properties": { "name": "南部すこやか障害者相談支援事業所", "kind": "計画相談支援", "subclass": "991100", "capacity": 5.0, "capacity_estimated": true, "weight": 0.3, "demand_value": 1.5, "source": "国土数値情報 P14 福祉施設（定員つき）", "synthetic": false, "lon": 139.66850522000016, "lat": 35.688171794000141 }, "geometry": { "type": "Point", "coordinates": [ 139.668505220000156, 35.688171794000141 ] } },
{ "type": "Feature", "properties": { "name": "相談支援センター樹音", "kind": "計画相談支援", "subclass": "991100", "capacity": 5.0, "capacity_estimated": true, "weight": 0.3, "demand_value": 1.5, "source": "国土数値情報 P14 福祉施設（定員つき）", "synthetic": false, "lon": 139.70130377400017, "lat": 35.682942828000193 }, "geometry": { "type": "Point", "coordinates": [ 139.701303774000166, 35.682942828000193 ] } },
{ "type": "Feature", "properties": { "name": "地域生活支援センターＭＯＴＡ", "kind": "地域活動支援センター", "subclass": "991100", "capacity": 20.0, "capacity_estimated": true, "weight": 0.75, "demand_value": 15.0, "source": "国土数値情報 P14 福祉施設（定員つき）", "synthetic": false, "lon": 139.64252601400005, "lat": 35.667411748000177 }, "geometry": { "type": "Point", "coordinates": [ 139.642526014000055, 35.667411748000177 ] } },
{ "type": "Feature", "properties": { "name": "相談支援アンジュ", "kind": "計画相談支援", "subclass": "991100", "capacity": 5.0, "capacity_estimated": true, "weight": 0.3, "demand_value": 1.5, "source": "国土数値情報 P14 福祉施設（定員つき）", "synthetic": false, "lon": 139.60862146700003, "lat": 35.6227756830001 }, "geometry": { "type": "Point", "coordinates": [ 139.608621467000034, 35.6227756830001 ] } },
{ "type": "Feature", "properties": { "name": "地域生活相談支援センターセサミ", "kind": "計画相談支援", "subclass": "991100", "capacity": 5.0, "capacity_estimated": true, "weight": 0.3, "demand_value": 1.5, "source": "国土数値情報 P14 福祉施設（定員つき）", "synthetic": false, "lon": 139.68878913358219, "lat": 35.631478335294048 }, "geometry": { "type": "Point", "coordinates": [ 139.688789133582191, 35.631478335294048 ] } },
{ "type": "Feature", "properties": { "name": "地域生活支援センターサポートセンターきぬた", "kind": "地域活動支援センター", "subclass": "991100", "capacity": 20.0, "capacity_estimated": true, "weight": 0.75, "demand_value": 15.0, "source": "国土数値情報 P14 福祉施設（定員つき）", "synthetic": false, "lon": 139.60637084200005, "lat": 35.643160765000118 }, "geometry": { "type": "Point", "coordinates": [ 139.606370842000047, 35.643160765000118 ] } },
{ "type": "Feature", "properties": { "name": "まつばらけやき相談支援センター", "kind": "計画相談支援", "subclass": "991100", "capacity": 5.0, "capacity_estimated": true, "weight": 0.3, "demand_value": 1.5, "source": "国土数値情報 P14 福祉施設（定員つき）", "synthetic": false, "lon": 139.60824310800012, "lat": 35.642817777000175 }, "geometry": { "type": "Point", "coordinates": [ 139.608243108000124, 35.642817777000175 ] } },
{ "type": "Feature", "properties": { "name": "地域活動支援センターふれあい", "kind": "地域活動支援センター", "subclass": "991100", "capacity": 20.0, "capacity_estimated": true, "weight": 0.75, "demand_value": 15.0, "source": "国土数値情報 P14 福祉施設（定員つき）", "synthetic": false, "lon": 139.66953242200009, "lat": 35.67972124400012 }, "geometry": { "type": "Point", "coordinates": [ 139.669532422000088, 35.67972124400012 ] } },
{ "type": "Feature", "properties": { "name": "障害者ケアマネジメント　友愛", "kind": "障害福祉サービス事業所", "subclass": "991100", "capacity": 15.0, "capacity_estimated": true, "weight": 0.5, "demand_value": 7.5, "source": "国土数値情報 P14 福祉施設（定員つき）", "synthetic": false, "lon": 139.64577366600031, "lat": 35.694378720000145 }, "geometry": { "type": "Point", "coordinates": [ 139.645773666000309, 35.694378720000145 ] } },
{ "type": "Feature", "properties": { "name": "大田区立障がい者総合サポートセンター相談支援事業所", "kind": "計画相談支援", "subclass": "991100", "capacity": 5.0, "capacity_estimated": true, "weight": 0.3, "demand_value": 1.5, "source": "国土数値情報 P14 福祉施設（定員つき）", "synthetic": false, "lon": 139.71832321516695, "lat": 35.579262779448356 }, "geometry": { "type": "Point", "coordinates": [ 139.718323215166947, 35.579262779448356 ] } },
{ "type": "Feature", "properties": { "name": "港区立精神障害者地域活動支援センター", "kind": "地域活動支援センター", "subclass": "991100", "capacity": 20.0, "capacity_estimated": true, "weight": 0.75, "demand_value": 15.0, "source": "国土数値情報 P14 福祉施設（定員つき）", "synthetic": false, "lon": 139.73509147800019, "lat": 35.643005742000184 }, "geometry": { "type": "Point", "coordinates": [ 139.735091478000186, 35.643005742000184 ] } },
{ "type": "Feature", "properties": { "name": "杉並区立こども発達センター", "kind": "児童発達支援", "subclass": "991100", "capacity": 10.0, "capacity_estimated": true, "weight": 1.0, "demand_value": 10.0, "source": "国土数値情報 P14 福祉施設（定員つき）", "synthetic": false, "lon": 139.61979504507815, "lat": 35.682619819236493 }, "geometry": { "type": "Point", "coordinates": [ 139.619795045078149, 35.682619819236493 ] } },
{ "type": "Feature", "properties": { "name": "相談支援センター　かりんとう", "kind": "計画相談支援", "subclass": "991100", "capacity": 5.0, "capacity_estimated": true, "weight": 0.3, "demand_value": 1.5, "source": "国土数値情報 P14 福祉施設（定員つき）", "synthetic": false, "lon": 139.65390436300004, "lat": 35.658748003000028 }, "geometry": { "type": "Point", "coordinates": [ 139.653904363000038, 35.658748003000028 ] } },
{ "type": "Feature", "properties": { "name": "相談支援　ここから", "kind": "計画相談支援", "subclass": "991100", "capacity": 5.0, "capacity_estimated": true, "weight": 0.3, "demand_value": 1.5, "source": "国土数値情報 P14 福祉施設（定員つき）", "synthetic": false, "lon": 139.60246422374132, "lat": 35.673892312366206 }, "geometry": { "type": "Point", "coordinates": [ 139.602464223741322, 35.673892312366206 ] } },
{ "type": "Feature", "properties": { "name": "たんぽぽの会　相談支援", "kind": "計画相談支援", "subclass": "991100", "capacity": 5.0, "capacity_estimated": true, "weight": 0.3, "demand_value": 1.5, "source": "国土数値情報 P14 福祉施設（定員つき）", "synthetic": false, "lon": 139.68131025300011, "lat": 35.629708313000151 }, "geometry": { "type": "Point", "coordinates": [ 139.681310253000106, 35.629708313000151 ] } },
{ "type": "Feature", "properties": { "name": "相談支援事業所　結い", "kind": "計画相談支援", "subclass": "991100", "capacity": 5.0, "capacity_estimated": true, "weight": 0.3, "demand_value": 1.5, "source": "国土数値情報 P14 福祉施設（定員つき）", "synthetic": false, "lon": 139.58433356100022, "lat": 35.691199757000106 }, "geometry": { "type": "Point", "coordinates": [ 139.584333561000221, 35.691199757000106 ] } },
{ "type": "Feature", "properties": { "name": "地域活動支援センターまど", "kind": "地域活動支援センター", "subclass": "991100", "capacity": 20.0, "capacity_estimated": true, "weight": 0.75, "demand_value": 15.0, "source": "国土数値情報 P14 福祉施設（定員つき）", "synthetic": false, "lon": 139.70640500100012, "lat": 35.709909255000071 }, "geometry": { "type": "Point", "coordinates": [ 139.706405001000121, 35.709909255000071 ] } },
{ "type": "Feature", "properties": { "name": "地域生活支援センターリヒト", "kind": "地域活動支援センター", "subclass": "991100", "capacity": 20.0, "capacity_estimated": true, "weight": 0.75, "demand_value": 15.0, "source": "国土数値情報 P14 福祉施設（定員つき）", "synthetic": false, "lon": 139.56783551579667, "lat": 35.633307912730231 }, "geometry": { "type": "Point", "coordinates": [ 139.567835515796673, 35.633307912730231 ] } },
{ "type": "Feature", "properties": { "name": "相談支援センター架け橋", "kind": "計画相談支援", "subclass": "991100", "capacity": 5.0, "capacity_estimated": true, "weight": 0.3, "demand_value": 1.5, "source": "国土数値情報 P14 福祉施設（定員つき）", "synthetic": false, "lon": 139.66623724400006, "lat": 35.634562651000124 }, "geometry": { "type": "Point", "coordinates": [ 139.666237244000058, 35.634562651000124 ] } },
{ "type": "Feature", "properties": { "name": "相談支援事業所ＡＨＩソーシャルサポートオフィス", "kind": "計画相談支援", "subclass": "991100", "capacity": 5.0, "capacity_estimated": true, "weight": 0.3, "demand_value": 1.5, "source": "国土数値情報 P14 福祉施設（定員つき）", "synthetic": false, "lon": 139.69814455100015, "lat": 35.685712502000058 }, "geometry": { "type": "Point", "coordinates": [ 139.698144551000155, 35.685712502000058 ] } },
{ "type": "Feature", "properties": { "name": "相談支援センターみずき", "kind": "計画相談支援", "subclass": "991100", "capacity": 5.0, "capacity_estimated": true, "weight": 0.3, "demand_value": 1.5, "source": "国土数値情報 P14 福祉施設（定員つき）", "synthetic": false, "lon": 139.57603220800002, "lat": 35.630430330000081 }, "geometry": { "type": "Point", "coordinates": [ 139.576032208000015, 35.630430330000081 ] } },
{ "type": "Feature", "properties": { "name": "相談支援事業所　Serecosu新宿", "kind": "計画相談支援", "subclass": "991100", "capacity": 5.0, "capacity_estimated": true, "weight": 0.3, "demand_value": 1.5, "source": "国土数値情報 P14 福祉施設（定員つき）", "synthetic": false, "lon": 139.71283400400011, "lat": 35.689045315000044 }, "geometry": { "type": "Point", "coordinates": [ 139.712834004000115, 35.689045315000044 ] } },
{ "type": "Feature", "properties": { "name": "渋谷区精神障害者地域生活支援センター", "kind": "地域活動支援センター", "subclass": "991100", "capacity": 20.0, "capacity_estimated": true, "weight": 0.75, "demand_value": 15.0, "source": "国土数値情報 P14 福祉施設（定員つき）", "synthetic": false, "lon": 139.70256759800009, "lat": 35.680208190000087 }, "geometry": { "type": "Point", "coordinates": [ 139.702567598000087, 35.680208190000087 ] } },
{ "type": "Feature", "properties": { "name": "中野区精神障害者地域生活支援センター　通称「せせらぎ」", "kind": "地域活動支援センター", "subclass": "991100", "capacity": 20.0, "capacity_estimated": true, "weight": 0.75, "demand_value": 15.0, "source": "国土数値情報 P14 福祉施設（定員つき）", "synthetic": false, "lon": 139.6653123010002, "lat": 35.70916096000002 }, "geometry": { "type": "Point", "coordinates": [ 139.665312301000199, 35.70916096000002 ] } },
{ "type": "Feature", "properties": { "name": "品川区精神障害者地域生活支援センター", "kind": "地域活動支援センター", "subclass": "991100", "capacity": 20.0, "capacity_estimated": true, "weight": 0.75, "demand_value": 15.0, "source": "国土数値情報 P14 福祉施設（定員つき）", "synthetic": false, "lon": 139.71934786493398, "lat": 35.625987700785345 }, "geometry": { "type": "Point", "coordinates": [ 139.71934786493398, 35.625987700785345 ] } },
{ "type": "Feature", "properties": { "name": "相談支援事業所　梅ヶ丘", "kind": "計画相談支援", "subclass": "991100", "capacity": 5.0, "capacity_estimated": true, "weight": 0.3, "demand_value": 1.5, "source": "国土数値情報 P14 福祉施設（定員つき）", "synthetic": false, "lon": 139.65072619700004, "lat": 35.657153388000154 }, "geometry": { "type": "Point", "coordinates": [ 139.65072619700004, 35.657153388000154 ] } },
{ "type": "Feature", "properties": { "name": "地域生活支援センター希望ヶ丘", "kind": "地域活動支援センター", "subclass": "991100", "capacity": 20.0, "capacity_estimated": true, "weight": 0.75, "demand_value": 15.0, "source": "国土数値情報 P14 福祉施設（定員つき）", "synthetic": false, "lon": 139.57708950100005, "lat": 35.656434933000128 }, "geometry": { "type": "Point", "coordinates": [ 139.577089501000046, 35.656434933000128 ] } },
{ "type": "Feature", "properties": { "name": "麻布メンタルヘルス指定相談支援事業所", "kind": "計画相談支援", "subclass": "991100", "capacity": 5.0, "capacity_estimated": true, "weight": 0.3, "demand_value": 1.5, "source": "国土数値情報 P14 福祉施設（定員つき）", "synthetic": false, "lon": 139.72293788600018, "lat": 35.658920294000154 }, "geometry": { "type": "Point", "coordinates": [ 139.722937886000182, 35.658920294000154 ] } },
{ "type": "Feature", "properties": { "name": "相談支援Ｋ-スタジオ", "kind": "計画相談支援", "subclass": "991100", "capacity": 5.0, "capacity_estimated": true, "weight": 0.3, "demand_value": 1.5, "source": "国土数値情報 P14 福祉施設（定員つき）", "synthetic": false, "lon": 139.73612412800014, "lat": 35.664876432000028 }, "geometry": { "type": "Point", "coordinates": [ 139.736124128000142, 35.664876432000028 ] } },
{ "type": "Feature", "properties": { "name": "港区立障害者支援ホーム南麻布", "kind": "障害福祉サービス事業所", "subclass": "991100", "capacity": 15.0, "capacity_estimated": true, "weight": 0.5, "demand_value": 7.5, "source": "国土数値情報 P14 福祉施設（定員つき）", "synthetic": false, "lon": 139.72754005300021, "lat": 35.650421505000111 }, "geometry": { "type": "Point", "coordinates": [ 139.727540053000212, 35.650421505000111 ] } },
{ "type": "Feature", "properties": { "name": "目黒区心身障害者センターあいアイ館", "kind": "地域活動支援センター", "subclass": "991100", "capacity": 20.0, "capacity_estimated": true, "weight": 0.75, "demand_value": 15.0, "source": "国土数値情報 P14 福祉施設（定員つき）", "synthetic": false, "lon": 139.67303010600006, "lat": 35.621317483000098 }, "geometry": { "type": "Point", "coordinates": [ 139.673030106000056, 35.621317483000098 ] } },
{ "type": "Feature", "properties": { "name": "相談支援事業所　ゆい企画", "kind": "計画相談支援", "subclass": "991100", "capacity": 5.0, "capacity_estimated": true, "weight": 0.3, "demand_value": 1.5, "source": "国土数値情報 P14 福祉施設（定員つき）", "synthetic": false, "lon": 139.62884768147683, "lat": 35.702130953765675 }, "geometry": { "type": "Point", "coordinates": [ 139.628847681476827, 35.702130953765675 ] } },
{ "type": "Feature", "properties": { "name": "障がい者相談センター　つなぐ手", "kind": "計画相談支援", "subclass": "991100", "capacity": 5.0, "capacity_estimated": true, "weight": 0.3, "demand_value": 1.5, "source": "国土数値情報 P14 福祉施設（定員つき）", "synthetic": false, "lon": 139.56949206000013, "lat": 35.678271174000031 }, "geometry": { "type": "Point", "coordinates": [ 139.56949206000013, 35.678271174000031 ] } },
{ "type": "Feature", "properties": { "name": "障がい者計画相談センターくも", "kind": "計画相談支援", "subclass": "991100", "capacity": 5.0, "capacity_estimated": true, "weight": 0.3, "demand_value": 1.5, "source": "国土数値情報 P14 福祉施設（定員つき）", "synthetic": false, "lon": 139.56178121200003, "lat": 35.694819147000089 }, "geometry": { "type": "Point", "coordinates": [ 139.561781212000028, 35.694819147000089 ] } },
{ "type": "Feature", "properties": { "name": "いきいき福祉相談支援センター", "kind": "計画相談支援", "subclass": "991100", "capacity": 5.0, "capacity_estimated": true, "weight": 0.3, "demand_value": 1.5, "source": "国土数値情報 P14 福祉施設（定員つき）", "synthetic": false, "lon": 139.68277100224861, "lat": 35.62400580508131 }, "geometry": { "type": "Point", "coordinates": [ 139.682771002248614, 35.62400580508131 ] } },
{ "type": "Feature", "properties": { "name": "ホープ相談支援センター", "kind": "計画相談支援", "subclass": "991100", "capacity": 5.0, "capacity_estimated": true, "weight": 0.3, "demand_value": 1.5, "source": "国土数値情報 P14 福祉施設（定員つき）", "synthetic": false, "lon": 139.6312159775332, "lat": 35.669261176206874 }, "geometry": { "type": "Point", "coordinates": [ 139.631215977533202, 35.669261176206874 ] } },
{ "type": "Feature", "properties": { "name": "障害者相談支援事業所久が原", "kind": "計画相談支援", "subclass": "991100", "capacity": 5.0, "capacity_estimated": true, "weight": 0.3, "demand_value": 1.5, "source": "国土数値情報 P14 福祉施設（定員つき）", "synthetic": false, "lon": 139.69300300800012, "lat": 35.587376349000181 }, "geometry": { "type": "Point", "coordinates": [ 139.693003008000119, 35.587376349000181 ] } },
{ "type": "Feature", "properties": { "name": "コーポ友愛", "kind": "障害福祉サービス事業所", "subclass": "030300", "capacity": 15.0, "capacity_estimated": true, "weight": 0.5, "demand_value": 7.5, "source": "国土数値情報 P14 福祉施設（定員つき）", "synthetic": false, "lon": 139.61373751197686, "lat": 35.635711009155898 }, "geometry": { "type": "Point", "coordinates": [ 139.613737511976865, 35.635711009155898 ] } },
{ "type": "Feature", "properties": { "name": "目黒区東が丘障害福祉施設(東が丘あじさいホーム)", "kind": "障害福祉サービス事業所", "subclass": "991100", "capacity": 15.0, "capacity_estimated": true, "weight": 0.5, "demand_value": 7.5, "source": "国土数値情報 P14 福祉施設（定員つき）", "synthetic": false, "lon": 139.66787062600008, "lat": 35.627512799000044 }, "geometry": { "type": "Point", "coordinates": [ 139.667870626000081, 35.627512799000044 ] } },
{ "type": "Feature", "properties": { "name": "相談支援事業所　Ｋａｉｅｎ新宿", "kind": "計画相談支援", "subclass": "991100", "capacity": 5.0, "capacity_estimated": true, "weight": 0.3, "demand_value": 1.5, "source": "国土数値情報 P14 福祉施設（定員つき）", "synthetic": false, "lon": 139.69757223500005, "lat": 35.69708087700019 }, "geometry": { "type": "Point", "coordinates": [ 139.697572235000052, 35.69708087700019 ] } },
{ "type": "Feature", "properties": { "name": "渋谷区子ども発達相談センター", "kind": "児童発達支援", "subclass": "991100", "capacity": 10.0, "capacity_estimated": true, "weight": 1.0, "demand_value": 10.0, "source": "国土数値情報 P14 福祉施設（定員つき）", "synthetic": false, "lon": 139.70364911500019, "lat": 35.661844027000029 }, "geometry": { "type": "Point", "coordinates": [ 139.703649115000189, 35.661844027000029 ] } },
{ "type": "Feature", "properties": { "name": "相談支援センターあいいく", "kind": "計画相談支援", "subclass": "991100", "capacity": 5.0, "capacity_estimated": true, "weight": 0.3, "demand_value": 1.5, "source": "国土数値情報 P14 福祉施設（定員つき）", "synthetic": false, "lon": 139.67804884298857, "lat": 35.701999919154218 }, "geometry": { "type": "Point", "coordinates": [ 139.678048842988574, 35.701999919154218 ] } },
{ "type": "Feature", "properties": { "name": "あかしろきいろ子ども発達相談るーむ", "kind": "児童発達支援", "subclass": "991100", "capacity": 10.0, "capacity_estimated": true, "weight": 1.0, "demand_value": 10.0, "source": "国土数値情報 P14 福祉施設（定員つき）", "synthetic": false, "lon": 139.70518107500004, "lat": 35.573202174000073 }, "geometry": { "type": "Point", "coordinates": [ 139.705181075000041, 35.573202174000073 ] } },
{ "type": "Feature", "properties": { "name": "相談支援センター　フォルテ", "kind": "計画相談支援", "subclass": "991100", "capacity": 5.0, "capacity_estimated": true, "weight": 0.3, "demand_value": 1.5, "source": "国土数値情報 P14 福祉施設（定員つき）", "synthetic": false, "lon": 139.62810382805708, "lat": 35.610301503790367 }, "geometry": { "type": "Point", "coordinates": [ 139.628103828057078, 35.610301503790367 ] } },
{ "type": "Feature", "properties": { "name": "相談支援事業所パルレ", "kind": "計画相談支援", "subclass": "991100", "capacity": 5.0, "capacity_estimated": true, "weight": 0.3, "demand_value": 1.5, "source": "国土数値情報 P14 福祉施設（定員つき）", "synthetic": false, "lon": 139.73592137000003, "lat": 35.607035349000171 }, "geometry": { "type": "Point", "coordinates": [ 139.735921370000028, 35.607035349000171 ] } },
{ "type": "Feature", "properties": { "name": "発達障害者就労支援センターゆに(ＵＮＩ)相談支援事業所", "kind": "就労継続支援B型", "subclass": "991100", "capacity": 20.0, "capacity_estimated": true, "weight": 0.9, "demand_value": 18.0, "source": "国土数値情報 P14 福祉施設（定員つき）", "synthetic": false, "lon": 139.62609755069298, "lat": 35.630299082774229 }, "geometry": { "type": "Point", "coordinates": [ 139.626097550692975, 35.630299082774229 ] } },
{ "type": "Feature", "properties": { "name": "特定相談支援事業所　どまーに", "kind": "計画相談支援", "subclass": "991100", "capacity": 5.0, "capacity_estimated": true, "weight": 0.3, "demand_value": 1.5, "source": "国土数値情報 P14 福祉施設（定員つき）", "synthetic": false, "lon": 139.71230459966534, "lat": 35.709522070178764 }, "geometry": { "type": "Point", "coordinates": [ 139.712304599665345, 35.709522070178764 ] } },
{ "type": "Feature", "properties": { "name": "相談支援センターおかもと", "kind": "計画相談支援", "subclass": "991100", "capacity": 5.0, "capacity_estimated": true, "weight": 0.3, "demand_value": 1.5, "source": "国土数値情報 P14 福祉施設（定員つき）", "synthetic": false, "lon": 139.61713035600019, "lat": 35.623634954000067 }, "geometry": { "type": "Point", "coordinates": [ 139.617130356000189, 35.623634954000067 ] } },
{ "type": "Feature", "properties": { "name": "新宿区立障害者生活支援センター", "kind": "障害福祉サービス事業所", "subclass": "991100", "capacity": 15.0, "capacity_estimated": true, "weight": 0.5, "demand_value": 7.5, "source": "国土数値情報 P14 福祉施設（定員つき）", "synthetic": false, "lon": 139.70204205200014, "lat": 35.709036698000091 }, "geometry": { "type": "Point", "coordinates": [ 139.702042052000138, 35.709036698000091 ] } },
{ "type": "Feature", "properties": { "name": "相談支援　にこっと", "kind": "計画相談支援", "subclass": "991100", "capacity": 5.0, "capacity_estimated": true, "weight": 0.3, "demand_value": 1.5, "source": "国土数値情報 P14 福祉施設（定員つき）", "synthetic": false, "lon": 139.6503014860001, "lat": 35.703575510999997 }, "geometry": { "type": "Point", "coordinates": [ 139.650301486000103, 35.703575511 ] } },
{ "type": "Feature", "properties": { "name": "特定相談支援事業所　ワークスタッフ鵜の木", "kind": "就労継続支援B型", "subclass": "991100", "capacity": 20.0, "capacity_estimated": true, "weight": 0.9, "demand_value": 18.0, "source": "国土数値情報 P14 福祉施設（定員つき）", "synthetic": false, "lon": 139.67956866100008, "lat": 35.576152772000114 }, "geometry": { "type": "Point", "coordinates": [ 139.679568661000076, 35.576152772000114 ] } },
{ "type": "Feature", "properties": { "name": "相棒相談支援センター", "kind": "計画相談支援", "subclass": "991100", "capacity": 5.0, "capacity_estimated": true, "weight": 0.3, "demand_value": 1.5, "source": "国土数値情報 P14 福祉施設（定員つき）", "synthetic": false, "lon": 139.65134218300022, "lat": 35.666832559000113 }, "geometry": { "type": "Point", "coordinates": [ 139.651342183000224, 35.666832559000113 ] } },
{ "type": "Feature", "properties": { "name": "特定相談支援事業所　ＳＵＮ", "kind": "計画相談支援", "subclass": "991100", "capacity": 5.0, "capacity_estimated": true, "weight": 0.3, "demand_value": 1.5, "source": "国土数値情報 P14 福祉施設（定員つき）", "synthetic": false, "lon": 139.68848264800022, "lat": 35.631852153000068 }, "geometry": { "type": "Point", "coordinates": [ 139.688482648000218, 35.631852153000068 ] } },
{ "type": "Feature", "properties": { "name": "相談支援事業所　わいわい", "kind": "計画相談支援", "subclass": "991100", "capacity": 5.0, "capacity_estimated": true, "weight": 0.3, "demand_value": 1.5, "source": "国土数値情報 P14 福祉施設（定員つき）", "synthetic": false, "lon": 139.6782542293596, "lat": 35.642710262511457 }, "geometry": { "type": "Point", "coordinates": [ 139.678254229359595, 35.642710262511457 ] } },
{ "type": "Feature", "properties": { "name": "相談支援事業所かすみ草", "kind": "計画相談支援", "subclass": "991100", "capacity": 5.0, "capacity_estimated": true, "weight": 0.3, "demand_value": 1.5, "source": "国土数値情報 P14 福祉施設（定員つき）", "synthetic": false, "lon": 139.64774425100006, "lat": 35.677817671000071 }, "geometry": { "type": "Point", "coordinates": [ 139.647744251000063, 35.677817671000071 ] } },
{ "type": "Feature", "properties": { "name": "弥生福祉作業所障害者相談支援事業所", "kind": "就労継続支援B型", "subclass": "991100", "capacity": 20.0, "capacity_estimated": true, "weight": 0.9, "demand_value": 18.0, "source": "国土数値情報 P14 福祉施設（定員つき）", "synthetic": false, "lon": 139.67096935081508, "lat": 35.689944083784042 }, "geometry": { "type": "Point", "coordinates": [ 139.670969350815085, 35.689944083784042 ] } },
{ "type": "Feature", "properties": { "name": "リトルコールケア相談支援事業所", "kind": "計画相談支援", "subclass": "991100", "capacity": 5.0, "capacity_estimated": true, "weight": 0.3, "demand_value": 1.5, "source": "国土数値情報 P14 福祉施設（定員つき）", "synthetic": false, "lon": 139.68482411500008, "lat": 35.58904158200005 }, "geometry": { "type": "Point", "coordinates": [ 139.684824115000083, 35.58904158200005 ] } },
{ "type": "Feature", "properties": { "name": "相談支援事業所青い鳥", "kind": "計画相談支援", "subclass": "991100", "capacity": 5.0, "capacity_estimated": true, "weight": 0.3, "demand_value": 1.5, "source": "国土数値情報 P14 福祉施設（定員つき）", "synthetic": false, "lon": 139.66404696900008, "lat": 35.607319370000141 }, "geometry": { "type": "Point", "coordinates": [ 139.664046969000083, 35.607319370000141 ] } },
{ "type": "Feature", "properties": { "name": "ソレイユ相談支援センター", "kind": "計画相談支援", "subclass": "991100", "capacity": 5.0, "capacity_estimated": true, "weight": 0.3, "demand_value": 1.5, "source": "国土数値情報 P14 福祉施設（定員つき）", "synthetic": false, "lon": 139.64658763200021, "lat": 35.654684960000168 }, "geometry": { "type": "Point", "coordinates": [ 139.646587632000205, 35.654684960000168 ] } },
{ "type": "Feature", "properties": { "name": "相談支援事業所あいだっく", "kind": "計画相談支援", "subclass": "991100", "capacity": 5.0, "capacity_estimated": true, "weight": 0.3, "demand_value": 1.5, "source": "国土数値情報 P14 福祉施設（定員つき）", "synthetic": false, "lon": 139.67427498600023, "lat": 35.695384087000093 }, "geometry": { "type": "Point", "coordinates": [ 139.674274986000228, 35.695384087000093 ] } },
{ "type": "Feature", "properties": { "name": "指定特定相談支援事業所メノウ中野", "kind": "計画相談支援", "subclass": "991100", "capacity": 5.0, "capacity_estimated": true, "weight": 0.3, "demand_value": 1.5, "source": "国土数値情報 P14 福祉施設（定員つき）", "synthetic": false, "lon": 139.68141527800003, "lat": 35.709260286000074 }, "geometry": { "type": "Point", "coordinates": [ 139.681415278000031, 35.709260286000074 ] } },
{ "type": "Feature", "properties": { "name": "相談支援事業所うぃる", "kind": "計画相談支援", "subclass": "991100", "capacity": 5.0, "capacity_estimated": true, "weight": 0.3, "demand_value": 1.5, "source": "国土数値情報 P14 福祉施設（定員つき）", "synthetic": false, "lon": 139.6026485230002, "lat": 35.704083958000069 }, "geometry": { "type": "Point", "coordinates": [ 139.602648523000198, 35.704083958000069 ] } },
{ "type": "Feature", "properties": { "name": "宮代学園相談支援センター", "kind": "計画相談支援", "subclass": "991100", "capacity": 5.0, "capacity_estimated": true, "weight": 0.3, "demand_value": 1.5, "source": "国土数値情報 P14 福祉施設（定員つき）", "synthetic": false, "lon": 139.72230920578795, "lat": 35.655158406305077 }, "geometry": { "type": "Point", "coordinates": [ 139.722309205787951, 35.655158406305077 ] } },
{ "type": "Feature", "properties": { "name": "三鷹市子ども発達支援センター", "kind": "児童発達支援", "subclass": "991100", "capacity": 10.0, "capacity_estimated": true, "weight": 1.0, "demand_value": 10.0, "source": "国土数値情報 P14 福祉施設（定員つき）", "synthetic": false, "lon": 139.56175791100031, "lat": 35.681538566000029 }, "geometry": { "type": "Point", "coordinates": [ 139.561757911000313, 35.681538566000029 ] } },
{ "type": "Feature", "properties": { "name": "LITALICO相談支援センター中目黒", "kind": "計画相談支援", "subclass": "991100", "capacity": 5.0, "capacity_estimated": true, "weight": 0.3, "demand_value": 1.5, "source": "国土数値情報 P14 福祉施設（定員つき）", "synthetic": false, "lon": 139.69907217600007, "lat": 35.643518756000162 }, "geometry": { "type": "Point", "coordinates": [ 139.699072176000072, 35.643518756000162 ] } },
{ "type": "Feature", "properties": { "name": "相談支援事業所　えくぼケア", "kind": "計画相談支援", "subclass": "991100", "capacity": 5.0, "capacity_estimated": true, "weight": 0.3, "demand_value": 1.5, "source": "国土数値情報 P14 福祉施設（定員つき）", "synthetic": false, "lon": 139.70502668000017, "lat": 35.701005368000096 }, "geometry": { "type": "Point", "coordinates": [ 139.705026680000174, 35.701005368000096 ] } },
{ "type": "Feature", "properties": { "name": "ナイスケア目黒相談支援センター", "kind": "計画相談支援", "subclass": "991100", "capacity": 5.0, "capacity_estimated": true, "weight": 0.3, "demand_value": 1.5, "source": "国土数値情報 P14 福祉施設（定員つき）", "synthetic": false, "lon": 139.68442723100009, "lat": 35.610675065000066 }, "geometry": { "type": "Point", "coordinates": [ 139.684427231000086, 35.610675065000066 ] } },
{ "type": "Feature", "properties": { "name": "相談支援事業所　ハローワールド", "kind": "計画相談支援", "subclass": "991100", "capacity": 5.0, "capacity_estimated": true, "weight": 0.3, "demand_value": 1.5, "source": "国土数値情報 P14 福祉施設（定員つき）", "synthetic": false, "lon": 139.57509268100034, "lat": 35.702868246000037 }, "geometry": { "type": "Point", "coordinates": [ 139.575092681000342, 35.702868246000037 ] } },
{ "type": "Feature", "properties": { "name": "永福南社会福祉ガーデン　相談支援事業所", "kind": "計画相談支援", "subclass": "991100", "capacity": 5.0, "capacity_estimated": true, "weight": 0.3, "demand_value": 1.5, "source": "国土数値情報 P14 福祉施設（定員つき）", "synthetic": false, "lon": 139.64335515100015, "lat": 35.66924948000019 }, "geometry": { "type": "Point", "coordinates": [ 139.643355151000151, 35.66924948000019 ] } },
{ "type": "Feature", "properties": { "name": "渋谷区障害者福祉センター代々木の杜", "kind": "地域活動支援センター", "subclass": "991100", "capacity": 20.0, "capacity_estimated": true, "weight": 0.75, "demand_value": 15.0, "source": "国土数値情報 P14 福祉施設（定員つき）", "synthetic": false, "lon": 139.69793223800013, "lat": 35.684524703000079 }, "geometry": { "type": "Point", "coordinates": [ 139.697932238000135, 35.684524703000079 ] } },
{ "type": "Feature", "properties": { "name": "もみじやま障害者計画相談室", "kind": "計画相談支援", "subclass": "991100", "capacity": 5.0, "capacity_estimated": true, "weight": 0.3, "demand_value": 1.5, "source": "国土数値情報 P14 福祉施設（定員つき）", "synthetic": false, "lon": 139.67217540400009, "lat": 35.708072151000124 }, "geometry": { "type": "Point", "coordinates": [ 139.672175404000086, 35.708072151000124 ] } },
{ "type": "Feature", "properties": { "name": "相談支援事業所ここん", "kind": "計画相談支援", "subclass": "991100", "capacity": 5.0, "capacity_estimated": true, "weight": 0.3, "demand_value": 1.5, "source": "国土数値情報 P14 福祉施設（定員つき）", "synthetic": false, "lon": 139.72422501100016, "lat": 35.580990010000164 }, "geometry": { "type": "Point", "coordinates": [ 139.724225011000158, 35.580990010000164 ] } },
{ "type": "Feature", "properties": { "name": "相談支援　ツナカン", "kind": "計画相談支援", "subclass": "991100", "capacity": 5.0, "capacity_estimated": true, "weight": 0.3, "demand_value": 1.5, "source": "国土数値情報 P14 福祉施設（定員つき）", "synthetic": false, "lon": 139.63394453700005, "lat": 35.619254571000113 }, "geometry": { "type": "Point", "coordinates": [ 139.633944537000048, 35.619254571000113 ] } },
{ "type": "Feature", "properties": { "name": "特定相談支援事業所エンカレッジ", "kind": "計画相談支援", "subclass": "991100", "capacity": 5.0, "capacity_estimated": true, "weight": 0.3, "demand_value": 1.5, "source": "国土数値情報 P14 福祉施設（定員つき）", "synthetic": false, "lon": 139.65400695800008, "lat": 35.698298349000027 }, "geometry": { "type": "Point", "coordinates": [ 139.654006958000082, 35.698298349000027 ] } },
{ "type": "Feature", "properties": { "name": "インクルード相談支援センター　恵比寿", "kind": "計画相談支援", "subclass": "991100", "capacity": 5.0, "capacity_estimated": true, "weight": 0.3, "demand_value": 1.5, "source": "国土数値情報 P14 福祉施設（定員つき）", "synthetic": false, "lon": 139.71509208900011, "lat": 35.644583342000146 }, "geometry": { "type": "Point", "coordinates": [ 139.715092089000109, 35.644583342000146 ] } },
{ "type": "Feature", "properties": { "name": "ＴＡＫＵＭＩ相談支援センター世田谷", "kind": "計画相談支援", "subclass": "991100", "capacity": 5.0, "capacity_estimated": true, "weight": 0.3, "demand_value": 1.5, "source": "国土数値情報 P14 福祉施設（定員つき）", "synthetic": false, "lon": 139.61556855600008, "lat": 35.644601949000162 }, "geometry": { "type": "Point", "coordinates": [ 139.615568556000085, 35.644601949000162 ] } },
{ "type": "Feature", "properties": { "name": "渋谷区障がい者基幹相談支援センター", "kind": "計画相談支援", "subclass": "991100", "capacity": 5.0, "capacity_estimated": true, "weight": 0.3, "demand_value": 1.5, "source": "国土数値情報 P14 福祉施設（定員つき）", "synthetic": false, "lon": 139.69851050500006, "lat": 35.664100813000061 }, "geometry": { "type": "Point", "coordinates": [ 139.698510505000058, 35.664100813000061 ] } },
{ "type": "Feature", "properties": { "name": "相談支援事業所あおぞら", "kind": "計画相談支援", "subclass": "991100", "capacity": 5.0, "capacity_estimated": true, "weight": 0.3, "demand_value": 1.5, "source": "国土数値情報 P14 福祉施設（定員つき）", "synthetic": false, "lon": 139.64925726900015, "lat": 35.697428475000152 }, "geometry": { "type": "Point", "coordinates": [ 139.649257269000145, 35.697428475000152 ] } },
{ "type": "Feature", "properties": { "name": "大田区立障がい者総合サポートセンターＢ棟　障害児相談支援事業所", "kind": "計画相談支援", "subclass": "991100", "capacity": 5.0, "capacity_estimated": true, "weight": 0.3, "demand_value": 1.5, "source": "国土数値情報 P14 福祉施設（定員つき）", "synthetic": false, "lon": 139.71832321516695, "lat": 35.579262779448356 }, "geometry": { "type": "Point", "coordinates": [ 139.718323215166947, 35.579262779448356 ] } },
{ "type": "Feature", "properties": { "name": "相談支援ウイング", "kind": "計画相談支援", "subclass": "991100", "capacity": 5.0, "capacity_estimated": true, "weight": 0.3, "demand_value": 1.5, "source": "国土数値情報 P14 福祉施設（定員つき）", "synthetic": false, "lon": 139.63715405200014, "lat": 35.652199264000046 }, "geometry": { "type": "Point", "coordinates": [ 139.637154052000142, 35.652199264000046 ] } },
{ "type": "Feature", "properties": { "name": "東京聴覚障害者支援事業所ＲＯＮＡプラン", "kind": "障害福祉サービス事業所", "subclass": "991100", "capacity": 15.0, "capacity_estimated": true, "weight": 0.5, "demand_value": 7.5, "source": "国土数値情報 P14 福祉施設（定員つき）", "synthetic": false, "lon": 139.70753965900019, "lat": 35.655232424000189 }, "geometry": { "type": "Point", "coordinates": [ 139.70753965900019, 35.655232424000189 ] } },
{ "type": "Feature", "properties": { "name": "障がい者相談センターともに", "kind": "計画相談支援", "subclass": "991100", "capacity": 5.0, "capacity_estimated": true, "weight": 0.3, "demand_value": 1.5, "source": "国土数値情報 P14 福祉施設（定員つき）", "synthetic": false, "lon": 139.56983312000011, "lat": 35.693290162000153 }, "geometry": { "type": "Point", "coordinates": [ 139.569833120000112, 35.693290162000153 ] } },
{ "type": "Feature", "properties": { "name": "相談支援事業所アプリ北品川", "kind": "計画相談支援", "subclass": "991100", "capacity": 5.0, "capacity_estimated": true, "weight": 0.3, "demand_value": 1.5, "source": "国土数値情報 P14 福祉施設（定員つき）", "synthetic": false, "lon": 139.74145837100002, "lat": 35.618119870999976 }, "geometry": { "type": "Point", "coordinates": [ 139.741458371000022, 35.618119870999976 ] } },
{ "type": "Feature", "properties": { "name": "品川区発達障害者相談支援センター", "kind": "計画相談支援", "subclass": "991100", "capacity": 5.0, "capacity_estimated": true, "weight": 0.3, "demand_value": 1.5, "source": "国土数値情報 P14 福祉施設（定員つき）", "synthetic": false, "lon": 139.72207015282913, "lat": 35.633126167132673 }, "geometry": { "type": "Point", "coordinates": [ 139.722070152829133, 35.633126167132673 ] } },
{ "type": "Feature", "properties": { "name": "相談支援事業所えがお", "kind": "計画相談支援", "subclass": "991100", "capacity": 5.0, "capacity_estimated": true, "weight": 0.3, "demand_value": 1.5, "source": "国土数値情報 P14 福祉施設（定員つき）", "synthetic": false, "lon": 139.70852981300004, "lat": 35.615387706000149 }, "geometry": { "type": "Point", "coordinates": [ 139.708529813000041, 35.615387706000149 ] } },
{ "type": "Feature", "properties": { "name": "インクル南品川　障害者相談支援センター", "kind": "計画相談支援", "subclass": "991100", "capacity": 5.0, "capacity_estimated": true, "weight": 0.3, "demand_value": 1.5, "source": "国土数値情報 P14 福祉施設（定員つき）", "synthetic": false, "lon": 139.73714177500005, "lat": 35.612953182000183 }, "geometry": { "type": "Point", "coordinates": [ 139.737141775000055, 35.612953182000183 ] } },
{ "type": "Feature", "properties": { "name": "品川区南品川障害児者相談支援センター", "kind": "計画相談支援", "subclass": "991100", "capacity": 5.0, "capacity_estimated": true, "weight": 0.3, "demand_value": 1.5, "source": "国土数値情報 P14 福祉施設（定員つき）", "synthetic": false, "lon": 139.74480641330547, "lat": 35.607293683711816 }, "geometry": { "type": "Point", "coordinates": [ 139.744806413305469, 35.607293683711816 ] } },
{ "type": "Feature", "properties": { "name": "たんぽぽの会はたがや相談支援", "kind": "計画相談支援", "subclass": "991100", "capacity": 5.0, "capacity_estimated": true, "weight": 0.3, "demand_value": 1.5, "source": "国土数値情報 P14 福祉施設（定員つき）", "synthetic": false, "lon": 139.67416602200012, "lat": 35.677426278000098 }, "geometry": { "type": "Point", "coordinates": [ 139.674166022000122, 35.677426278000098 ] } },
{ "type": "Feature", "properties": { "name": "品川区中延障害者計画相談支援事業所", "kind": "計画相談支援", "subclass": "991100", "capacity": 5.0, "capacity_estimated": true, "weight": 0.3, "demand_value": 1.5, "source": "国土数値情報 P14 福祉施設（定員つき）", "synthetic": false, "lon": 139.7115669960001, "lat": 35.601794690000077 }, "geometry": { "type": "Point", "coordinates": [ 139.711566996000101, 35.601794690000077 ] } },
{ "type": "Feature", "properties": { "name": "品川区旗の台障害児者相談支援センター", "kind": "計画相談支援", "subclass": "991100", "capacity": 5.0, "capacity_estimated": true, "weight": 0.3, "demand_value": 1.5, "source": "国土数値情報 P14 福祉施設（定員つき）", "synthetic": false, "lon": 139.70044379100011, "lat": 35.605015268000102 }, "geometry": { "type": "Point", "coordinates": [ 139.700443791000112, 35.605015268000102 ] } },
{ "type": "Feature", "properties": { "name": "なごみ相談支援事業所", "kind": "計画相談支援", "subclass": "991100", "capacity": 5.0, "capacity_estimated": true, "weight": 0.3, "demand_value": 1.5, "source": "国土数値情報 P14 福祉施設（定員つき）", "synthetic": false, "lon": 139.6580990870001, "lat": 35.709945842000138 }, "geometry": { "type": "Point", "coordinates": [ 139.658099087000096, 35.709945842000138 ] } },
{ "type": "Feature", "properties": { "name": "蒼い風　相談支援事業所", "kind": "計画相談支援", "subclass": "991100", "capacity": 5.0, "capacity_estimated": true, "weight": 0.3, "demand_value": 1.5, "source": "国土数値情報 P14 福祉施設（定員つき）", "synthetic": false, "lon": 139.6004718260001, "lat": 35.706345227000043 }, "geometry": { "type": "Point", "coordinates": [ 139.600471826000103, 35.706345227000043 ] } },
{ "type": "Feature", "properties": { "name": "相談支援事業所　庵(いおり)", "kind": "計画相談支援", "subclass": "991100", "capacity": 5.0, "capacity_estimated": true, "weight": 0.3, "demand_value": 1.5, "source": "国土数値情報 P14 福祉施設（定員つき）", "synthetic": false, "lon": 139.64534719500011, "lat": 35.697234141000081 }, "geometry": { "type": "Point", "coordinates": [ 139.645347195000113, 35.697234141000081 ] } },
{ "type": "Feature", "properties": { "name": "港区立児童発達支援センター", "kind": "児童発達支援", "subclass": "991100", "capacity": 10.0, "capacity_estimated": true, "weight": 1.0, "demand_value": 10.0, "source": "国土数値情報 P14 福祉施設（定員つき）", "synthetic": false, "lon": 139.72754005300021, "lat": 35.650421505000111 }, "geometry": { "type": "Point", "coordinates": [ 139.727540053000212, 35.650421505000111 ] } },
{ "type": "Feature", "properties": { "name": "相談支援ガブリエル", "kind": "計画相談支援", "subclass": "991100", "capacity": 5.0, "capacity_estimated": true, "weight": 0.3, "demand_value": 1.5, "source": "国土数値情報 P14 福祉施設（定員つき）", "synthetic": false, "lon": 139.69825527600017, "lat": 35.642787644000066 }, "geometry": { "type": "Point", "coordinates": [ 139.698255276000168, 35.642787644000066 ] } },
{ "type": "Feature", "properties": { "name": "日本リック相談支援りんく中野事業所", "kind": "計画相談支援", "subclass": "991100", "capacity": 5.0, "capacity_estimated": true, "weight": 0.3, "demand_value": 1.5, "source": "国土数値情報 P14 福祉施設（定員つき）", "synthetic": false, "lon": 139.67073111800028, "lat": 35.69993764000003 }, "geometry": { "type": "Point", "coordinates": [ 139.670731118000276, 35.69993764000003 ] } },
{ "type": "Feature", "properties": { "name": "相談支援事業所クローバー渋谷", "kind": "計画相談支援", "subclass": "991100", "capacity": 5.0, "capacity_estimated": true, "weight": 0.3, "demand_value": 1.5, "source": "国土数値情報 P14 福祉施設（定員つき）", "synthetic": false, "lon": 139.70864799800017, "lat": 35.66045133200015 }, "geometry": { "type": "Point", "coordinates": [ 139.708647998000174, 35.66045133200015 ] } },
{ "type": "Feature", "properties": { "name": "ベビーのための相談支援　ベビーノ", "kind": "計画相談支援", "subclass": "991100", "capacity": 5.0, "capacity_estimated": true, "weight": 0.3, "demand_value": 1.5, "source": "国土数値情報 P14 福祉施設（定員つき）", "synthetic": false, "lon": 139.69449783700009, "lat": 35.696292853000159 }, "geometry": { "type": "Point", "coordinates": [ 139.694497837000085, 35.696292853000159 ] } },
{ "type": "Feature", "properties": { "name": "品川区大井第二障害者計画相談支援事業所", "kind": "計画相談支援", "subclass": "991100", "capacity": 5.0, "capacity_estimated": true, "weight": 0.3, "demand_value": 1.5, "source": "国土数値情報 P14 福祉施設（定員つき）", "synthetic": false, "lon": 139.72948323000014, "lat": 35.602407072000119 }, "geometry": { "type": "Point", "coordinates": [ 139.729483230000142, 35.602407072000119 ] } },
{ "type": "Feature", "properties": { "name": "相談支援事業所スタンドアウト", "kind": "計画相談支援", "subclass": "991100", "capacity": 5.0, "capacity_estimated": true, "weight": 0.3, "demand_value": 1.5, "source": "国土数値情報 P14 福祉施設（定員つき）", "synthetic": false, "lon": 139.71550389200002, "lat": 35.639253625000151 }, "geometry": { "type": "Point", "coordinates": [ 139.715503892000015, 35.639253625000151 ] } },
{ "type": "Feature", "properties": { "name": "相談支援事業所しらうめ", "kind": "計画相談支援", "subclass": "991100", "capacity": 5.0, "capacity_estimated": true, "weight": 0.3, "demand_value": 1.5, "source": "国土数値情報 P14 福祉施設（定員つき）", "synthetic": false, "lon": 139.64932753178618, "lat": 35.656214538366044 }, "geometry": { "type": "Point", "coordinates": [ 139.649327531786184, 35.656214538366044 ] } },
{ "type": "Feature", "properties": { "name": "品川区西五反田障害者計画相談支援事業所", "kind": "計画相談支援", "subclass": "991100", "capacity": 5.0, "capacity_estimated": true, "weight": 0.3, "demand_value": 1.5, "source": "国土数値情報 P14 福祉施設（定員つき）", "synthetic": false, "lon": 139.71690978800018, "lat": 35.627739111000096 }, "geometry": { "type": "Point", "coordinates": [ 139.71690978800018, 35.627739111000096 ] } },
{ "type": "Feature", "properties": { "name": "相談支援　ファースト", "kind": "計画相談支援", "subclass": "991100", "capacity": 5.0, "capacity_estimated": true, "weight": 0.3, "demand_value": 1.5, "source": "国土数値情報 P14 福祉施設（定員つき）", "synthetic": false, "lon": 139.65284598000017, "lat": 35.677166272000079 }, "geometry": { "type": "Point", "coordinates": [ 139.652845980000166, 35.677166272000079 ] } },
{ "type": "Feature", "properties": { "name": "亀右衛門相談支援事業所", "kind": "計画相談支援", "subclass": "991100", "capacity": 5.0, "capacity_estimated": true, "weight": 0.3, "demand_value": 1.5, "source": "国土数値情報 P14 福祉施設（定員つき）", "synthetic": false, "lon": 139.67297637800004, "lat": 35.641888643000016 }, "geometry": { "type": "Point", "coordinates": [ 139.672976378000044, 35.641888643000016 ] } },
{ "type": "Feature", "properties": { "name": "相談支援事業所　このこのリーフ戸越公園", "kind": "計画相談支援", "subclass": "991100", "capacity": 5.0, "capacity_estimated": true, "weight": 0.3, "demand_value": 1.5, "source": "国土数値情報 P14 福祉施設（定員つき）", "synthetic": false, "lon": 139.71990095400008, "lat": 35.609000444000117 }, "geometry": { "type": "Point", "coordinates": [ 139.719900954000082, 35.609000444000117 ] } },
{ "type": "Feature", "properties": { "name": "相談支援ぴっと東京", "kind": "計画相談支援", "subclass": "991100", "capacity": 5.0, "capacity_estimated": true, "weight": 0.3, "demand_value": 1.5, "source": "国土数値情報 P14 福祉施設（定員つき）", "synthetic": false, "lon": 139.65562910800008, "lat": 35.594408305000059 }, "geometry": { "type": "Point", "coordinates": [ 139.655629108000085, 35.594408305000059 ] } },
{ "type": "Feature", "properties": { "name": "相談支援　クロスロード", "kind": "計画相談支援", "subclass": "991100", "capacity": 5.0, "capacity_estimated": true, "weight": 0.3, "demand_value": 1.5, "source": "国土数値情報 P14 福祉施設（定員つき）", "synthetic": false, "lon": 139.60839892964634, "lat": 35.675525908392501 }, "geometry": { "type": "Point", "coordinates": [ 139.608398929646341, 35.675525908392501 ] } },
{ "type": "Feature", "properties": { "name": "世田谷区相談支援　ポミエ", "kind": "計画相談支援", "subclass": "991100", "capacity": 5.0, "capacity_estimated": true, "weight": 0.3, "demand_value": 1.5, "source": "国土数値情報 P14 福祉施設（定員つき）", "synthetic": false, "lon": 139.60625852400005, "lat": 35.646483477000061 }, "geometry": { "type": "Point", "coordinates": [ 139.606258524000054, 35.646483477000061 ] } },
{ "type": "Feature", "properties": { "name": "相談支援事業所虹の木", "kind": "計画相談支援", "subclass": "991100", "capacity": 5.0, "capacity_estimated": true, "weight": 0.3, "demand_value": 1.5, "source": "国土数値情報 P14 福祉施設（定員つき）", "synthetic": false, "lon": 139.68382507500019, "lat": 35.706643372000087 }, "geometry": { "type": "Point", "coordinates": [ 139.683825075000186, 35.706643372000087 ] } },
{ "type": "Feature", "properties": { "name": "指定相談支援アットコレット都立大", "kind": "計画相談支援", "subclass": "991100", "capacity": 5.0, "capacity_estimated": true, "weight": 0.3, "demand_value": 1.5, "source": "国土数値情報 P14 福祉施設（定員つき）", "synthetic": false, "lon": 139.67670330800024, "lat": 35.619827810000174 }, "geometry": { "type": "Point", "coordinates": [ 139.676703308000242, 35.619827810000174 ] } },
{ "type": "Feature", "properties": { "name": "品川区障害者福祉課", "kind": "障害福祉サービス事業所", "subclass": "991200", "capacity": 15.0, "capacity_estimated": true, "weight": 0.5, "demand_value": 7.5, "source": "国土数値情報 P14 福祉施設（定員つき）", "synthetic": false, "lon": 139.73016719300028, "lat": 35.609180571000024 }, "geometry": { "type": "Point", "coordinates": [ 139.730167193000284, 35.609180571000024 ] } },
{ "type": "Feature", "properties": { "name": "相談支援ガブリエル", "kind": "計画相談支援", "subclass": "991200", "capacity": 5.0, "capacity_estimated": true, "weight": 0.3, "demand_value": 1.5, "source": "国土数値情報 P14 福祉施設（定員つき）", "synthetic": false, "lon": 139.70065107600021, "lat": 35.631058764000045 }, "geometry": { "type": "Point", "coordinates": [ 139.700651076000213, 35.631058764000045 ] } },
{ "type": "Feature", "properties": { "name": "狛江市児童発達支援センター", "kind": "児童発達支援", "subclass": "991200", "capacity": 10.0, "capacity_estimated": true, "weight": 1.0, "demand_value": 10.0, "source": "国土数値情報 P14 福祉施設（定員つき）", "synthetic": false, "lon": 139.57593246300007, "lat": 35.631384442000183 }, "geometry": { "type": "Point", "coordinates": [ 139.575932463000072, 35.631384442000183 ] } },
{ "type": "Feature", "properties": { "name": "杉並区立杉並視覚障害者会館", "kind": "障害福祉サービス事業所", "subclass": "990300", "capacity": 15.0, "capacity_estimated": true, "weight": 0.5, "demand_value": 7.5, "source": "国土数値情報 P14 福祉施設（定員つき）", "synthetic": false, "lon": 139.61100377100001, "lat": 35.703307165000183 }, "geometry": { "type": "Point", "coordinates": [ 139.611003771000014, 35.703307165000183 ] } },
{ "type": "Feature", "properties": { "name": "ひまわりホーム", "kind": "障害福祉サービス事業所", "subclass": "030300", "capacity": 15.0, "capacity_estimated": true, "weight": 0.5, "demand_value": 7.5, "source": "国土数値情報 P14 福祉施設（定員つき）", "synthetic": false, "lon": 139.68378174100019, "lat": 35.6879542000001 }, "geometry": { "type": "Point", "coordinates": [ 139.683781741000189, 35.687954200000092 ] } },
{ "type": "Feature", "properties": { "name": "諏訪ハウス", "kind": "障害福祉サービス事業所", "subclass": "030300", "capacity": 15.0, "capacity_estimated": true, "weight": 0.5, "demand_value": 7.5, "source": "国土数値情報 P14 福祉施設（定員つき）", "synthetic": false, "lon": 139.70640500100012, "lat": 35.709909255000071 }, "geometry": { "type": "Point", "coordinates": [ 139.706405001000121, 35.709909255000071 ] } },
{ "type": "Feature", "properties": { "name": "目黒区東が丘障害福祉施設(東が丘あじさいホーム)", "kind": "障害福祉サービス事業所", "subclass": "030300", "capacity": 15.0, "capacity_estimated": true, "weight": 0.5, "demand_value": 7.5, "source": "国土数値情報 P14 福祉施設（定員つき）", "synthetic": false, "lon": 139.66787062600008, "lat": 35.627512799000044 }, "geometry": { "type": "Point", "coordinates": [ 139.667870626000081, 35.627512799000044 ] } },
{ "type": "Feature", "properties": { "name": "品川区立障害児者総合支援施設(訪問系サービス)", "kind": "障害福祉サービス事業所", "subclass": "991100", "capacity": 15.0, "capacity_estimated": true, "weight": 0.5, "demand_value": 7.5, "source": "国土数値情報 P14 福祉施設（定員つき）", "synthetic": false, "lon": 139.74480641330547, "lat": 35.607293683711816 }, "geometry": { "type": "Point", "coordinates": [ 139.744806413305469, 35.607293683711816 ] } },
{ "type": "Feature", "properties": { "name": "社会福祉法人目黒区社会福祉協議会　障害福祉サービスセンター", "kind": "障害福祉サービス事業所", "subclass": "991100", "capacity": 15.0, "capacity_estimated": true, "weight": 0.5, "demand_value": 7.5, "source": "国土数値情報 P14 福祉施設（定員つき）", "synthetic": false, "lon": 139.69827334000024, "lat": 35.641489950000164 }, "geometry": { "type": "Point", "coordinates": [ 139.698273340000242, 35.641489950000164 ] } },
{ "type": "Feature", "properties": { "name": "障害福祉ケアなかよく", "kind": "障害福祉サービス事業所", "subclass": "991100", "capacity": 15.0, "capacity_estimated": true, "weight": 0.5, "demand_value": 7.5, "source": "国土数値情報 P14 福祉施設（定員つき）", "synthetic": false, "lon": 139.60422096800005, "lat": 35.656695946000127 }, "geometry": { "type": "Point", "coordinates": [ 139.60422096800005, 35.656695946000127 ] } },
{ "type": "Feature", "properties": { "name": "はじめたろう", "kind": "障害福祉サービス事業所", "subclass": "991100", "capacity": 15.0, "capacity_estimated": true, "weight": 0.5, "demand_value": 7.5, "source": "国土数値情報 P14 福祉施設（定員つき）", "synthetic": false, "lon": 139.67747394000003, "lat": 35.629704541000024 }, "geometry": { "type": "Point", "coordinates": [ 139.677473940000027, 35.629704541000024 ] } },
{ "type": "Feature", "properties": { "name": "障害児移動支援事業所のぶ", "kind": "障害福祉サービス事業所", "subclass": "991100", "capacity": 15.0, "capacity_estimated": true, "weight": 0.5, "demand_value": 7.5, "source": "国土数値情報 P14 福祉施設（定員つき）", "synthetic": false, "lon": 139.70578247700007, "lat": 35.683354379000093 }, "geometry": { "type": "Point", "coordinates": [ 139.705782477000071, 35.683354379000093 ] } },
{ "type": "Feature", "properties": { "name": "中盲ナビックス居宅介護事業所", "kind": "居宅介護", "subclass": "991100", "capacity": 5.0, "capacity_estimated": true, "weight": 0.1, "demand_value": 0.5, "source": "国土数値情報 P14 福祉施設（定員つき）", "synthetic": false, "lon": 139.66583130900017, "lat": 35.703692690000025 }, "geometry": { "type": "Point", "coordinates": [ 139.665831309000168, 35.703692690000025 ] } },
{ "type": "Feature", "properties": { "name": "障害者ヘルプ友愛", "kind": "障害福祉サービス事業所", "subclass": "991100", "capacity": 15.0, "capacity_estimated": true, "weight": 0.5, "demand_value": 7.5, "source": "国土数値情報 P14 福祉施設（定員つき）", "synthetic": false, "lon": 139.64577366600031, "lat": 35.694378720000145 }, "geometry": { "type": "Point", "coordinates": [ 139.645773666000309, 35.694378720000145 ] } },
{ "type": "Feature", "properties": { "name": "居宅・同行援護事業所アンサンブル", "kind": "同行援護", "subclass": "991100", "capacity": 5.0, "capacity_estimated": true, "weight": 0.1, "demand_value": 0.5, "source": "国土数値情報 P14 福祉施設（定員つき）", "synthetic": false, "lon": 139.59727597400001, "lat": 35.706277376000003 }, "geometry": { "type": "Point", "coordinates": [ 139.597275974000013, 35.706277376 ] } },
{ "type": "Feature", "properties": { "name": "特定非営利活動法人障害者生活支援センターインみたか", "kind": "障害福祉サービス事業所", "subclass": "991100", "capacity": 15.0, "capacity_estimated": true, "weight": 0.5, "demand_value": 7.5, "source": "国土数値情報 P14 福祉施設（定員つき）", "synthetic": false, "lon": 139.56178121200003, "lat": 35.694819147000089 }, "geometry": { "type": "Point", "coordinates": [ 139.561781212000028, 35.694819147000089 ] } },
{ "type": "Feature", "properties": { "name": "ＪＢＦＡ同行援護サービス", "kind": "同行援護", "subclass": "991100", "capacity": 5.0, "capacity_estimated": true, "weight": 0.1, "demand_value": 0.5, "source": "国土数値情報 P14 福祉施設（定員つき）", "synthetic": false, "lon": 139.69755471700023, "lat": 35.70217154300019 }, "geometry": { "type": "Point", "coordinates": [ 139.69755471700023, 35.70217154300019 ] } },
{ "type": "Feature", "properties": { "name": "家庭授産奨励会", "kind": "就労継続支援B型", "subclass": "991100", "capacity": 20.0, "capacity_estimated": true, "weight": 0.9, "demand_value": 18.0, "source": "国土数値情報 P14 福祉施設（定員つき）", "synthetic": false, "lon": 139.7349341490002, "lat": 35.670352246000107 }, "geometry": { "type": "Point", "coordinates": [ 139.734934149000196, 35.670352246000107 ] } },
{ "type": "Feature", "properties": { "name": "城南地域生活支援センター", "kind": "地域活動支援センター", "subclass": "991100", "capacity": 20.0, "capacity_estimated": true, "weight": 0.75, "demand_value": 15.0, "source": "国土数値情報 P14 福祉施設（定員つき）", "synthetic": false, "lon": 139.73790679100011, "lat": 35.572635096000056 }, "geometry": { "type": "Point", "coordinates": [ 139.737906791000114, 35.572635096000056 ] } },
{ "type": "Feature", "properties": { "name": "調布市知的障害者グループホームすてっぷ", "kind": "共同生活援助", "subclass": "991100", "capacity": 10.0, "capacity_estimated": true, "weight": 0.25, "demand_value": 2.5, "source": "国土数値情報 P14 福祉施設（定員つき）", "synthetic": false, "lon": 139.56254111600003, "lat": 35.649331815000039 }, "geometry": { "type": "Point", "coordinates": [ 139.562541116000034, 35.649331815000039 ] } },
{ "type": "Feature", "properties": { "name": "障害者グループホームいずみ", "kind": "共同生活援助", "subclass": "991100", "capacity": 10.0, "capacity_estimated": true, "weight": 0.25, "demand_value": 2.5, "source": "国土数値情報 P14 福祉施設（定員つき）", "synthetic": false, "lon": 139.6965796500001, "lat": 35.577841641000191 }, "geometry": { "type": "Point", "coordinates": [ 139.696579650000103, 35.577841641000191 ] } },
{ "type": "Feature", "properties": { "name": "品川区立障害児者総合支援施設　短期入所", "kind": "短期入所", "subclass": "991100", "capacity": 8.0, "capacity_estimated": true, "weight": 0.35, "demand_value": 2.8, "source": "国土数値情報 P14 福祉施設（定員つき）", "synthetic": false, "lon": 139.74480641330547, "lat": 35.607293683711816 }, "geometry": { "type": "Point", "coordinates": [ 139.744806413305469, 35.607293683711816 ] } },
{ "type": "Feature", "properties": { "name": "大田区立障がい者総合サポートセンター　短期入所", "kind": "短期入所", "subclass": "991100", "capacity": 8.0, "capacity_estimated": true, "weight": 0.35, "demand_value": 2.8, "source": "国土数値情報 P14 福祉施設（定員つき）", "synthetic": false, "lon": 139.71832321516695, "lat": 35.579262779448356 }, "geometry": { "type": "Point", "coordinates": [ 139.718323215166947, 35.579262779448356 ] } },
{ "type": "Feature", "properties": { "name": "世田谷区立身体障害者自立体験ホームなかまっち", "kind": "障害福祉サービス事業所", "subclass": "991100", "capacity": 15.0, "capacity_estimated": true, "weight": 0.5, "demand_value": 7.5, "source": "国土数値情報 P14 福祉施設（定員つき）", "synthetic": false, "lon": 139.6448387480001, "lat": 35.611035361 }, "geometry": { "type": "Point", "coordinates": [ 139.644838748000097, 35.611035361 ] } },
{ "type": "Feature", "properties": { "name": "就労継続支援Ｂ型　MUSE935", "kind": "就労継続支援B型", "subclass": "991100", "capacity": 20.0, "capacity_estimated": true, "weight": 0.9, "demand_value": 18.0, "source": "国土数値情報 P14 福祉施設（定員つき）", "synthetic": false, "lon": 139.72293788600018, "lat": 35.658920294000154 }, "geometry": { "type": "Point", "coordinates": [ 139.722937886000182, 35.658920294000154 ] } },
{ "type": "Feature", "properties": { "name": "港区立精神障害者支援センター就労継続支援事業", "kind": "就労継続支援B型", "subclass": "991100", "capacity": 20.0, "capacity_estimated": true, "weight": 0.9, "demand_value": 18.0, "source": "国土数値情報 P14 福祉施設（定員つき）", "synthetic": false, "lon": 139.73509147800019, "lat": 35.643005742000184 }, "geometry": { "type": "Point", "coordinates": [ 139.735091478000186, 35.643005742000184 ] } },
{ "type": "Feature", "properties": { "name": "新宿あした作業所", "kind": "就労継続支援B型", "subclass": "991100", "capacity": 20.0, "capacity_estimated": true, "weight": 0.9, "demand_value": 18.0, "source": "国土数値情報 P14 福祉施設（定員つき）", "synthetic": false, "lon": 139.71740345776959, "lat": 35.703727511752106 }, "geometry": { "type": "Point", "coordinates": [ 139.717403457769592, 35.703727511752106 ] } },
{ "type": "Feature", "properties": { "name": "就労移行支援事業所ルーツ", "kind": "就労移行支援", "subclass": "991100", "capacity": 20.0, "capacity_estimated": true, "weight": 0.95, "demand_value": 19.0, "source": "国土数値情報 P14 福祉施設（定員つき）", "synthetic": false, "lon": 139.72474150300025, "lat": 35.69034132400003 }, "geometry": { "type": "Point", "coordinates": [ 139.724741503000246, 35.69034132400003 ] } },
{ "type": "Feature", "properties": { "name": "品川区立心身障害者福祉会館", "kind": "障害福祉サービス事業所", "subclass": "991100", "capacity": 15.0, "capacity_estimated": true, "weight": 0.5, "demand_value": 7.5, "source": "国土数値情報 P14 福祉施設（定員つき）", "synthetic": false, "lon": 139.70044379100011, "lat": 35.605015268000102 }, "geometry": { "type": "Point", "coordinates": [ 139.700443791000112, 35.605015268000102 ] } },
{ "type": "Feature", "properties": { "name": "就労移行支援事業所　サンライト", "kind": "就労移行支援", "subclass": "991100", "capacity": 20.0, "capacity_estimated": true, "weight": 0.95, "demand_value": 19.0, "source": "国土数値情報 P14 福祉施設（定員つき）", "synthetic": false, "lon": 139.71939854300012, "lat": 35.623489570000118 }, "geometry": { "type": "Point", "coordinates": [ 139.719398543000125, 35.623489570000118 ] } },
{ "type": "Feature", "properties": { "name": "就労継続支援B型事業所　TODAY南品川", "kind": "就労継続支援B型", "subclass": "991100", "capacity": 20.0, "capacity_estimated": true, "weight": 0.9, "demand_value": 18.0, "source": "国土数値情報 P14 福祉施設（定員つき）", "synthetic": false, "lon": 139.73888269600013, "lat": 35.615224803999979 }, "geometry": { "type": "Point", "coordinates": [ 139.738882696000132, 35.615224803999979 ] } },
{ "type": "Feature", "properties": { "name": "品川区立障害児者総合支援施設", "kind": "障害福祉サービス事業所", "subclass": "991100", "capacity": 15.0, "capacity_estimated": true, "weight": 0.5, "demand_value": 7.5, "source": "国土数値情報 P14 福祉施設（定員つき）", "synthetic": false, "lon": 139.74480641330547, "lat": 35.607293683711816 }, "geometry": { "type": "Point", "coordinates": [ 139.744806413305469, 35.607293683711816 ] } },
{ "type": "Feature", "properties": { "name": "リファイン就労支援センター五反田", "kind": "就労継続支援B型", "subclass": "991100", "capacity": 20.0, "capacity_estimated": true, "weight": 0.9, "demand_value": 18.0, "source": "国土数値情報 P14 福祉施設（定員つき）", "synthetic": false, "lon": 139.71997781600021, "lat": 35.628211682000028 }, "geometry": { "type": "Point", "coordinates": [ 139.71997781600021, 35.628211682000028 ] } },
{ "type": "Feature", "properties": { "name": "目黒区東が丘障害福祉施設", "kind": "障害福祉サービス事業所", "subclass": "991100", "capacity": 15.0, "capacity_estimated": true, "weight": 0.5, "demand_value": 7.5, "source": "国土数値情報 P14 福祉施設（定員つき）", "synthetic": false, "lon": 139.66787062600008, "lat": 35.627512799000044 }, "geometry": { "type": "Point", "coordinates": [ 139.667870626000081, 35.627512799000044 ] } },
{ "type": "Feature", "properties": { "name": "あかねの会目黒就労支援室", "kind": "就労継続支援B型", "subclass": "991100", "capacity": 20.0, "capacity_estimated": true, "weight": 0.9, "demand_value": 18.0, "source": "国土数値情報 P14 福祉施設（定員つき）", "synthetic": false, "lon": 139.68900442100028, "lat": 35.630959019000045 }, "geometry": { "type": "Point", "coordinates": [ 139.689004421000277, 35.630959019000045 ] } },
{ "type": "Feature", "properties": { "name": "大田区立上池台障害者福祉会館　生活介護室", "kind": "生活介護", "subclass": "991100", "capacity": 20.0, "capacity_estimated": true, "weight": 0.85, "demand_value": 17.0, "source": "国土数値情報 P14 福祉施設（定員つき）", "synthetic": false, "lon": 139.70159787545697, "lat": 35.595566515510541 }, "geometry": { "type": "Point", "coordinates": [ 139.701597875456969, 35.595566515510541 ] } },
{ "type": "Feature", "properties": { "name": "友愛デイサービスセンター　身体障害者生活介護事業", "kind": "生活介護", "subclass": "991100", "capacity": 20.0, "capacity_estimated": true, "weight": 0.85, "demand_value": 17.0, "source": "国土数値情報 P14 福祉施設（定員つき）", "synthetic": false, "lon": 139.61373751197686, "lat": 35.635711009155898 }, "geometry": { "type": "Point", "coordinates": [ 139.613737511976865, 35.635711009155898 ] } },
{ "type": "Feature", "properties": { "name": "就労継続支援B型事業所　TODAY喜多見", "kind": "就労継続支援B型", "subclass": "991100", "capacity": 20.0, "capacity_estimated": true, "weight": 0.9, "demand_value": 18.0, "source": "国土数値情報 P14 福祉施設（定員つき）", "synthetic": false, "lon": 139.58739245300023, "lat": 35.637559935000183 }, "geometry": { "type": "Point", "coordinates": [ 139.587392453000234, 35.637559935000183 ] } },
{ "type": "Feature", "properties": { "name": "就労移行支援事業所　グディ", "kind": "就労移行支援", "subclass": "991100", "capacity": 20.0, "capacity_estimated": true, "weight": 0.95, "demand_value": 19.0, "source": "国土数値情報 P14 福祉施設（定員つき）", "synthetic": false, "lon": 139.65930691900019, "lat": 35.632371244000126 }, "geometry": { "type": "Point", "coordinates": [ 139.659306919000187, 35.632371244000126 ] } },
{ "type": "Feature", "properties": { "name": "障害者支援施設　梅ヶ丘", "kind": "障害福祉サービス事業所", "subclass": "991100", "capacity": 15.0, "capacity_estimated": true, "weight": 0.5, "demand_value": 7.5, "source": "国土数値情報 P14 福祉施設（定員つき）", "synthetic": false, "lon": 139.65072619700004, "lat": 35.657153388000154 }, "geometry": { "type": "Point", "coordinates": [ 139.65072619700004, 35.657153388000154 ] } },
{ "type": "Feature", "properties": { "name": "就労移行支援事業所　グティ", "kind": "就労移行支援", "subclass": "991100", "capacity": 20.0, "capacity_estimated": true, "weight": 0.95, "demand_value": 19.0, "source": "国土数値情報 P14 福祉施設（定員つき）", "synthetic": false, "lon": 139.65930691900019, "lat": 35.632371244000126 }, "geometry": { "type": "Point", "coordinates": [ 139.659306919000187, 35.632371244000126 ] } },
{ "type": "Feature", "properties": { "name": "渋谷区立新橋作業所", "kind": "就労継続支援B型", "subclass": "991100", "capacity": 20.0, "capacity_estimated": true, "weight": 0.9, "demand_value": 18.0, "source": "国土数値情報 P14 福祉施設（定員つき）", "synthetic": false, "lon": 139.71636888577677, "lat": 35.64760436397404 }, "geometry": { "type": "Point", "coordinates": [ 139.716368885776774, 35.64760436397404 ] } },
{ "type": "Feature", "properties": { "name": "福祉作業所おかし屋ぱれっと", "kind": "就労継続支援B型", "subclass": "991100", "capacity": 20.0, "capacity_estimated": true, "weight": 0.9, "demand_value": 18.0, "source": "国土数値情報 P14 福祉施設（定員つき）", "synthetic": false, "lon": 139.71095059100014, "lat": 35.652268792000086 }, "geometry": { "type": "Point", "coordinates": [ 139.710950591000142, 35.652268792000086 ] } },
{ "type": "Feature", "properties": { "name": "ホープ就労支援センター渋谷", "kind": "就労継続支援B型", "subclass": "991100", "capacity": 20.0, "capacity_estimated": true, "weight": 0.9, "demand_value": 18.0, "source": "国土数値情報 P14 福祉施設（定員つき）", "synthetic": false, "lon": 139.66627001700022, "lat": 35.674449697000114 }, "geometry": { "type": "Point", "coordinates": [ 139.666270017000215, 35.674449697000114 ] } },
{ "type": "Feature", "properties": { "name": "就労移行支援事業所　マナビト", "kind": "就労移行支援", "subclass": "991100", "capacity": 20.0, "capacity_estimated": true, "weight": 0.95, "demand_value": 19.0, "source": "国土数値情報 P14 福祉施設（定員つき）", "synthetic": false, "lon": 139.70274286300014, "lat": 35.657659530000103 }, "geometry": { "type": "Point", "coordinates": [ 139.70274286300014, 35.657659530000103 ] } },
{ "type": "Feature", "properties": { "name": "東京聴覚障害者支援事業所ＲＯＮＡスクール", "kind": "障害福祉サービス事業所", "subclass": "991100", "capacity": 15.0, "capacity_estimated": true, "weight": 0.5, "demand_value": 7.5, "source": "国土数値情報 P14 福祉施設（定員つき）", "synthetic": false, "lon": 139.70753965900019, "lat": 35.655232424000189 }, "geometry": { "type": "Point", "coordinates": [ 139.70753965900019, 35.655232424000189 ] } },
{ "type": "Feature", "properties": { "name": "渋谷区立幡ヶ谷のぞみ作業所", "kind": "就労継続支援B型", "subclass": "991100", "capacity": 20.0, "capacity_estimated": true, "weight": 0.9, "demand_value": 18.0, "source": "国土数値情報 P14 福祉施設（定員つき）", "synthetic": false, "lon": 139.67411990414246, "lat": 35.681840169011195 }, "geometry": { "type": "Point", "coordinates": [ 139.674119904142458, 35.681840169011195 ] } },
{ "type": "Feature", "properties": { "name": "就労移行支援　るりはり渋谷", "kind": "就労移行支援", "subclass": "991100", "capacity": 20.0, "capacity_estimated": true, "weight": 0.95, "demand_value": 19.0, "source": "国土数値情報 P14 福祉施設（定員つき）", "synthetic": false, "lon": 139.70702534500026, "lat": 35.655451946000028 }, "geometry": { "type": "Point", "coordinates": [ 139.707025345000261, 35.655451946000028 ] } },
{ "type": "Feature", "properties": { "name": "就労移行支援事業所ワークフォー渋谷", "kind": "就労移行支援", "subclass": "991100", "capacity": 20.0, "capacity_estimated": true, "weight": 0.95, "demand_value": 19.0, "source": "国土数値情報 P14 福祉施設（定員つき）", "synthetic": false, "lon": 139.70240708400001, "lat": 35.66326350200012 }, "geometry": { "type": "Point", "coordinates": [ 139.702407084000015, 35.66326350200012 ] } },
{ "type": "Feature", "properties": { "name": "東京聴覚障害者支援事業所ＲＯＮＡサポート", "kind": "障害福祉サービス事業所", "subclass": "991100", "capacity": 15.0, "capacity_estimated": true, "weight": 0.5, "demand_value": 7.5, "source": "国土数値情報 P14 福祉施設（定員つき）", "synthetic": false, "lon": 139.70753965900019, "lat": 35.655232424000189 }, "geometry": { "type": "Point", "coordinates": [ 139.70753965900019, 35.655232424000189 ] } },
{ "type": "Feature", "properties": { "name": "中野区立弥生福祉作業所", "kind": "就労継続支援B型", "subclass": "991100", "capacity": 20.0, "capacity_estimated": true, "weight": 0.9, "demand_value": 18.0, "source": "国土数値情報 P14 福祉施設（定員つき）", "synthetic": false, "lon": 139.67096935081508, "lat": 35.689944083784042 }, "geometry": { "type": "Point", "coordinates": [ 139.670969350815085, 35.689944083784042 ] } },
{ "type": "Feature", "properties": { "name": "翔和学園　大学部(自立訓練)", "kind": "自立訓練（生活訓練）", "subclass": "991100", "capacity": 20.0, "capacity_estimated": true, "weight": 0.8, "demand_value": 16.0, "source": "国土数値情報 P14 福祉施設（定員つき）", "synthetic": false, "lon": 139.68356196800005, "lat": 35.69727831299997 }, "geometry": { "type": "Point", "coordinates": [ 139.683561968000049, 35.69727831299997 ] } },
{ "type": "Feature", "properties": { "name": "就労支援センター　ステッツ中野", "kind": "就労継続支援B型", "subclass": "991100", "capacity": 20.0, "capacity_estimated": true, "weight": 0.9, "demand_value": 18.0, "source": "国土数値情報 P14 福祉施設（定員つき）", "synthetic": false, "lon": 139.66350155900011, "lat": 35.70968026100013 }, "geometry": { "type": "Point", "coordinates": [ 139.66350155900011, 35.70968026100013 ] } },
{ "type": "Feature", "properties": { "name": "障害者就労支援センター　どんまい福祉工房", "kind": "就労継続支援B型", "subclass": "991100", "capacity": 20.0, "capacity_estimated": true, "weight": 0.9, "demand_value": 18.0, "source": "国土数値情報 P14 福祉施設（定員つき）", "synthetic": false, "lon": 139.6474168540002, "lat": 35.699053055000093 }, "geometry": { "type": "Point", "coordinates": [ 139.647416854000198, 35.699053055000093 ] } },
{ "type": "Feature", "properties": { "name": "杉並・あしたの会福祉作業所", "kind": "就労継続支援B型", "subclass": "991100", "capacity": 20.0, "capacity_estimated": true, "weight": 0.9, "demand_value": 18.0, "source": "国土数値情報 P14 福祉施設（定員つき）", "synthetic": false, "lon": 139.62913433100016, "lat": 35.702471237000111 }, "geometry": { "type": "Point", "coordinates": [ 139.629134331000159, 35.702471237000111 ] } },
{ "type": "Feature", "properties": { "name": "作業所にしおぎ館", "kind": "就労継続支援B型", "subclass": "991100", "capacity": 20.0, "capacity_estimated": true, "weight": 0.9, "demand_value": 18.0, "source": "国土数値情報 P14 福祉施設（定員つき）", "synthetic": false, "lon": 139.59290975700003, "lat": 35.709023706000039 }, "geometry": { "type": "Point", "coordinates": [ 139.592909757000029, 35.709023706000039 ] } },
{ "type": "Feature", "properties": { "name": "就労支援センターＭＥＷ", "kind": "就労継続支援B型", "subclass": "991100", "capacity": 20.0, "capacity_estimated": true, "weight": 0.9, "demand_value": 18.0, "source": "国土数値情報 P14 福祉施設（定員つき）", "synthetic": false, "lon": 139.56171482800005, "lat": 35.704865654000116 }, "geometry": { "type": "Point", "coordinates": [ 139.561714828000049, 35.704865654000116 ] } },
{ "type": "Feature", "properties": { "name": "就労移行支援事業所　ＴＯＤＡＹ吉祥寺", "kind": "就労移行支援", "subclass": "991100", "capacity": 20.0, "capacity_estimated": true, "weight": 0.95, "demand_value": 19.0, "source": "国土数値情報 P14 福祉施設（定員つき）", "synthetic": false, "lon": 139.56944570900009, "lat": 35.705085930000052 }, "geometry": { "type": "Point", "coordinates": [ 139.569445709000092, 35.705085930000052 ] } },
{ "type": "Feature", "properties": { "name": "就労移行支援事業所　ＴＯＤＡＹ三鷹", "kind": "就労移行支援", "subclass": "991100", "capacity": 20.0, "capacity_estimated": true, "weight": 0.95, "demand_value": 19.0, "source": "国土数値情報 P14 福祉施設（定員つき）", "synthetic": false, "lon": 139.56142623900007, "lat": 35.696480356000166 }, "geometry": { "type": "Point", "coordinates": [ 139.56142623900007, 35.696480356000166 ] } },
{ "type": "Feature", "properties": { "name": "調布市知的障害者援護施設すまいる分室", "kind": "障害福祉サービス事業所", "subclass": "991100", "capacity": 15.0, "capacity_estimated": true, "weight": 0.5, "demand_value": 7.5, "source": "国土数値情報 P14 福祉施設（定員つき）", "synthetic": false, "lon": 139.56040065299021, "lat": 35.65103676554412 }, "geometry": { "type": "Point", "coordinates": [ 139.560400652990211, 35.65103676554412 ] } },
{ "type": "Feature", "properties": { "name": "就労支援事業所メイ", "kind": "就労継続支援B型", "subclass": "991100", "capacity": 20.0, "capacity_estimated": true, "weight": 0.9, "demand_value": 18.0, "source": "国土数値情報 P14 福祉施設（定員つき）", "synthetic": false, "lon": 139.56783551579667, "lat": 35.633307912730231 }, "geometry": { "type": "Point", "coordinates": [ 139.567835515796673, 35.633307912730231 ] } },
{ "type": "Feature", "properties": { "name": "生活介護事業所　ポンテ", "kind": "生活介護", "subclass": "991100", "capacity": 20.0, "capacity_estimated": true, "weight": 0.85, "demand_value": 17.0, "source": "国土数値情報 P14 福祉施設（定員つき）", "synthetic": false, "lon": 139.56783551579667, "lat": 35.633307912730231 }, "geometry": { "type": "Point", "coordinates": [ 139.567835515796673, 35.633307912730231 ] } },
{ "type": "Feature", "properties": { "name": "相談支援センター樹音", "kind": "計画相談支援", "subclass": "991100", "capacity": 5.0, "capacity_estimated": true, "weight": 0.3, "demand_value": 1.5, "source": "国土数値情報 P14 福祉施設（定員つき）", "synthetic": false, "lon": 139.69883404700022, "lat": 35.684491846000128 }, "geometry": { "type": "Point", "coordinates": [ 139.698834047000219, 35.684491846000128 ] } },
{ "type": "Feature", "properties": { "name": "相談支援事業所Ｓｅｒｅｃｕｓｕ新宿", "kind": "計画相談支援", "subclass": "991100", "capacity": 5.0, "capacity_estimated": true, "weight": 0.3, "demand_value": 1.5, "source": "国土数値情報 P14 福祉施設（定員つき）", "synthetic": false, "lon": 139.71283400400011, "lat": 35.689045315000044 }, "geometry": { "type": "Point", "coordinates": [ 139.712834004000115, 35.689045315000044 ] } },
{ "type": "Feature", "properties": { "name": "三鷹市子ども発達支援センター", "kind": "児童発達支援", "subclass": "050901", "capacity": 10.0, "capacity_estimated": true, "weight": 1.0, "demand_value": 10.0, "source": "国土数値情報 P14 福祉施設（定員つき）", "synthetic": false, "lon": 139.56175791100031, "lat": 35.681538566000029 }, "geometry": { "type": "Point", "coordinates": [ 139.561757911000313, 35.681538566000029 ] } },
{ "type": "Feature", "properties": { "name": "港区立児童発達支援センター", "kind": "児童発達支援", "subclass": "050901", "capacity": 10.0, "capacity_estimated": true, "weight": 1.0, "demand_value": 10.0, "source": "国土数値情報 P14 福祉施設（定員つき）", "synthetic": false, "lon": 139.72754005300021, "lat": 35.650421505000111 }, "geometry": { "type": "Point", "coordinates": [ 139.727540053000212, 35.650421505000111 ] } },
{ "type": "Feature", "properties": { "name": "狛江市児童発達支援センター", "kind": "児童発達支援", "subclass": "050901", "capacity": 10.0, "capacity_estimated": true, "weight": 1.0, "demand_value": 10.0, "source": "国土数値情報 P14 福祉施設（定員つき）", "synthetic": false, "lon": 139.57593246300007, "lat": 35.631384442000183 }, "geometry": { "type": "Point", "coordinates": [ 139.575932463000072, 35.631384442000183 ] } },
{ "type": "Feature", "properties": { "name": "杉並区立重症心身障害児通所施設わかば", "kind": "障害福祉サービス事業所", "subclass": "991200", "capacity": 15.0, "capacity_estimated": true, "weight": 0.5, "demand_value": 7.5, "source": "国土数値情報 P14 福祉施設（定員つき）", "synthetic": false, "lon": 139.61824137700023, "lat": 35.708581771000183 }, "geometry": { "type": "Point", "coordinates": [ 139.618241377000231, 35.708581771000183 ] } },
{ "type": "Feature", "properties": { "name": "障害児保育園ヘレン経堂", "kind": "障害福祉サービス事業所", "subclass": "991200", "capacity": 15.0, "capacity_estimated": true, "weight": 0.5, "demand_value": 7.5, "source": "国土数値情報 P14 福祉施設（定員つき）", "synthetic": false, "lon": 139.63734901500004, "lat": 35.653949322000074 }, "geometry": { "type": "Point", "coordinates": [ 139.637349015000041, 35.653949322000074 ] } },
{ "type": "Feature", "properties": { "name": "障害児保育園ヘレン初台", "kind": "障害福祉サービス事業所", "subclass": "991200", "capacity": 15.0, "capacity_estimated": true, "weight": 0.5, "demand_value": 7.5, "source": "国土数値情報 P14 福祉施設（定員つき）", "synthetic": false, "lon": 139.68918044100008, "lat": 35.680849238000178 }, "geometry": { "type": "Point", "coordinates": [ 139.689180441000076, 35.680849238000178 ] } },
{ "type": "Feature", "properties": { "name": "児童発達支援・放課後等デイサービス　キッズプレイスたかなわだい", "kind": "放課後等デイサービス", "subclass": "991200", "capacity": 10.0, "capacity_estimated": true, "weight": 1.0, "demand_value": 10.0, "source": "国土数値情報 P14 福祉施設（定員つき）", "synthetic": false, "lon": 139.73219695500006, "lat": 35.633999219000088 }, "geometry": { "type": "Point", "coordinates": [ 139.732196955000063, 35.633999219000088 ] } },
{ "type": "Feature", "properties": { "name": "放課後等デイサービス　わかば", "kind": "放課後等デイサービス", "subclass": "991200", "capacity": 10.0, "capacity_estimated": true, "weight": 1.0, "demand_value": 10.0, "source": "国土数値情報 P14 福祉施設（定員つき）", "synthetic": false, "lon": 139.58960460500009, "lat": 35.656989313000167 }, "geometry": { "type": "Point", "coordinates": [ 139.58960460500009, 35.656989313000167 ] } },
{ "type": "Feature", "properties": { "name": "児童発達支援・放課後等デイサービス　ささえ", "kind": "放課後等デイサービス", "subclass": "991200", "capacity": 10.0, "capacity_estimated": true, "weight": 1.0, "demand_value": 10.0, "source": "国土数値情報 P14 福祉施設（定員つき）", "synthetic": false, "lon": 139.58485508300021, "lat": 35.703717291000032 }, "geometry": { "type": "Point", "coordinates": [ 139.584855083000207, 35.703717291000032 ] } },
{ "type": "Feature", "properties": { "name": "放課後等デイサービス　らしさ", "kind": "放課後等デイサービス", "subclass": "991200", "capacity": 10.0, "capacity_estimated": true, "weight": 1.0, "demand_value": 10.0, "source": "国土数値情報 P14 福祉施設（定員つき）", "synthetic": false, "lon": 139.64824289100011, "lat": 35.66086946300004 }, "geometry": { "type": "Point", "coordinates": [ 139.648242891000109, 35.66086946300004 ] } },
{ "type": "Feature", "properties": { "name": "放課後等デイサービス　あんプラス江戸川橋", "kind": "放課後等デイサービス", "subclass": "991200", "capacity": 10.0, "capacity_estimated": true, "weight": 1.0, "demand_value": 10.0, "source": "国土数値情報 P14 福祉施設（定員つき）", "synthetic": false, "lon": 139.7304791680001, "lat": 35.709478928000067 }, "geometry": { "type": "Point", "coordinates": [ 139.730479168000102, 35.709478928000067 ] } },
{ "type": "Feature", "properties": { "name": "放課後等デイサービス　あいだっく", "kind": "放課後等デイサービス", "subclass": "991200", "capacity": 10.0, "capacity_estimated": true, "weight": 1.0, "demand_value": 10.0, "source": "国土数値情報 P14 福祉施設（定員つき）", "synthetic": false, "lon": 139.6768208220002, "lat": 35.664235845000064 }, "geometry": { "type": "Point", "coordinates": [ 139.676820822000195, 35.664235845000064 ] } },
{ "type": "Feature", "properties": { "name": "子ども発達支援ルームおれんじ学園ｎｉｃｏ", "kind": "児童発達支援", "subclass": "991200", "capacity": 10.0, "capacity_estimated": true, "weight": 1.0, "demand_value": 10.0, "source": "国土数値情報 P14 福祉施設（定員つき）", "synthetic": false, "lon": 139.5626627370001, "lat": 35.704966991000049 }, "geometry": { "type": "Point", "coordinates": [ 139.562662737000096, 35.704966991000049 ] } },
{ "type": "Feature", "properties": { "name": "放課後等デイサービス　アトリエたいよう", "kind": "放課後等デイサービス", "subclass": "991200", "capacity": 10.0, "capacity_estimated": true, "weight": 1.0, "demand_value": 10.0, "source": "国土数値情報 P14 福祉施設（定員つき）", "synthetic": false, "lon": 139.69419960800019, "lat": 35.707335843000124 }, "geometry": { "type": "Point", "coordinates": [ 139.69419960800019, 35.707335843000124 ] } },
{ "type": "Feature", "properties": { "name": "放課後等デイサービス　いろのわ", "kind": "放課後等デイサービス", "subclass": "991200", "capacity": 10.0, "capacity_estimated": true, "weight": 1.0, "demand_value": 10.0, "source": "国土数値情報 P14 福祉施設（定員つき）", "synthetic": false, "lon": 139.70798918000003, "lat": 35.62658517400007 }, "geometry": { "type": "Point", "coordinates": [ 139.707989180000027, 35.62658517400007 ] } },
{ "type": "Feature", "properties": { "name": "放課後等デイサービス　こどもラボ", "kind": "放課後等デイサービス", "subclass": "991200", "capacity": 10.0, "capacity_estimated": true, "weight": 1.0, "demand_value": 10.0, "source": "国土数値情報 P14 福祉施設（定員つき）", "synthetic": false, "lon": 139.68463024100004, "lat": 35.595865038000113 }, "geometry": { "type": "Point", "coordinates": [ 139.684630241000036, 35.595865038000113 ] } },
{ "type": "Feature", "properties": { "name": "大田区立障がい者総合サポートセンター　放課後等デイサービス", "kind": "放課後等デイサービス", "subclass": "991200", "capacity": 10.0, "capacity_estimated": true, "weight": 1.0, "demand_value": 10.0, "source": "国土数値情報 P14 福祉施設（定員つき）", "synthetic": false, "lon": 139.71832321516695, "lat": 35.579262779448356 }, "geometry": { "type": "Point", "coordinates": [ 139.718323215166947, 35.579262779448356 ] } },
{ "type": "Feature", "properties": { "name": "放課後等デイサービス　Ｍａｎａ(マナ)", "kind": "放課後等デイサービス", "subclass": "991200", "capacity": 10.0, "capacity_estimated": true, "weight": 1.0, "demand_value": 10.0, "source": "国土数値情報 P14 福祉施設（定員つき）", "synthetic": false, "lon": 139.57722688100023, "lat": 35.663754305000168 }, "geometry": { "type": "Point", "coordinates": [ 139.577226881000229, 35.663754305000168 ] } },
{ "type": "Feature", "properties": { "name": "放課後等デイサービスえがお", "kind": "放課後等デイサービス", "subclass": "991200", "capacity": 10.0, "capacity_estimated": true, "weight": 1.0, "demand_value": 10.0, "source": "国土数値情報 P14 福祉施設（定員つき）", "synthetic": false, "lon": 139.71035614600009, "lat": 35.616225309000072 }, "geometry": { "type": "Point", "coordinates": [ 139.710356146000095, 35.616225309000072 ] } },
{ "type": "Feature", "properties": { "name": "目黒区重症心身障害児通所支援事業所　あいりぃず", "kind": "障害福祉サービス事業所", "subclass": "991200", "capacity": 15.0, "capacity_estimated": true, "weight": 0.5, "demand_value": 7.5, "source": "国土数値情報 P14 福祉施設（定員つき）", "synthetic": false, "lon": 139.67303010600006, "lat": 35.621317483000098 }, "geometry": { "type": "Point", "coordinates": [ 139.673030106000056, 35.621317483000098 ] } },
{ "type": "Feature", "properties": { "name": "三鷹市子ども発達支援センター", "kind": "児童発達支援", "subclass": "991200", "capacity": 10.0, "capacity_estimated": true, "weight": 1.0, "demand_value": 10.0, "source": "国土数値情報 P14 福祉施設（定員つき）", "synthetic": false, "lon": 139.56175791100031, "lat": 35.681538566000029 }, "geometry": { "type": "Point", "coordinates": [ 139.561757911000313, 35.681538566000029 ] } },
{ "type": "Feature", "properties": { "name": "児童発達支援・放課後等デイサービス　マリリン　スポーツ塾　初台", "kind": "放課後等デイサービス", "subclass": "991200", "capacity": 10.0, "capacity_estimated": true, "weight": 1.0, "demand_value": 10.0, "source": "国土数値情報 P14 福祉施設（定員つき）", "synthetic": false, "lon": 139.68352592500014, "lat": 35.683956326000043 }, "geometry": { "type": "Point", "coordinates": [ 139.68352592500014, 35.683956326000043 ] } },
{ "type": "Feature", "properties": { "name": "放課後等デイサービスくじら", "kind": "放課後等デイサービス", "subclass": "991200", "capacity": 10.0, "capacity_estimated": true, "weight": 1.0, "demand_value": 10.0, "source": "国土数値情報 P14 福祉施設（定員つき）", "synthetic": false, "lon": 139.64774425100006, "lat": 35.677817671000071 }, "geometry": { "type": "Point", "coordinates": [ 139.647744251000063, 35.677817671000071 ] } },
{ "type": "Feature", "properties": { "name": "盲人自立センター陽光園", "kind": "障害福祉サービス事業所", "subclass": "990300", "capacity": 15.0, "capacity_estimated": true, "weight": 0.5, "demand_value": 7.5, "source": "国土数値情報 P14 福祉施設（定員つき）", "synthetic": false, "lon": 139.66583130865627, "lat": 35.703692690331479 }, "geometry": { "type": "Point", "coordinates": [ 139.665831308656266, 35.703692690331479 ] } },
{ "type": "Feature", "properties": { "name": "渋谷区障害者福祉センター代々木の杜", "kind": "地域活動支援センター", "subclass": "991200", "capacity": 20.0, "capacity_estimated": true, "weight": 0.75, "demand_value": 15.0, "source": "国土数値情報 P14 福祉施設（定員つき）", "synthetic": false, "lon": 139.69793223761849, "lat": 35.684524702692784 }, "geometry": { "type": "Point", "coordinates": [ 139.697932237618488, 35.684524702692784 ] } },
{ "type": "Feature", "properties": { "name": "港区立児童発達支援センター", "kind": "児童発達支援", "subclass": "991200", "capacity": 10.0, "capacity_estimated": true, "weight": 1.0, "demand_value": 10.0, "source": "国土数値情報 P14 福祉施設（定員つき）", "synthetic": false, "lon": 139.72754005330034, "lat": 35.650421504699921 }, "geometry": { "type": "Point", "coordinates": [ 139.727540053300345, 35.650421504699921 ] } },
{ "type": "Feature", "properties": { "name": "ＮＰＯ法人　すぎなみ障害者生活支援コーディネイトセンター", "kind": "障害福祉サービス事業所", "subclass": "991100", "capacity": 15.0, "capacity_estimated": true, "weight": 0.5, "demand_value": 7.5, "source": "国土数値情報 P14 福祉施設（定員つき）", "synthetic": false, "lon": 139.64979652818749, "lat": 35.70412726476161 }, "geometry": { "type": "Point", "coordinates": [ 139.649796528187494, 35.70412726476161 ] } },
{ "type": "Feature", "properties": { "name": "新宿区基幹相談支援センター", "kind": "計画相談支援", "subclass": "991100", "capacity": 5.0, "capacity_estimated": true, "weight": 0.3, "demand_value": 1.5, "source": "国土数値情報 P14 福祉施設（定員つき）", "synthetic": false, "lon": 139.70345591445914, "lat": 35.69391280633107 }, "geometry": { "type": "Point", "coordinates": [ 139.703455914459141, 35.69391280633107 ] } },
{ "type": "Feature", "properties": { "name": "東京視覚障害者生活支援センター", "kind": "障害福祉サービス事業所", "subclass": "991100", "capacity": 15.0, "capacity_estimated": true, "weight": 0.5, "demand_value": 7.5, "source": "国土数値情報 P14 福祉施設（定員つき）", "synthetic": false, "lon": 139.71727611200311, "lat": 35.698140340304633 }, "geometry": { "type": "Point", "coordinates": [ 139.717276112003105, 35.698140340304633 ] } },
{ "type": "Feature", "properties": { "name": "新宿区立障害者福祉センター", "kind": "地域活動支援センター", "subclass": "991100", "capacity": 20.0, "capacity_estimated": true, "weight": 0.75, "demand_value": 15.0, "source": "国土数値情報 P14 福祉施設（定員つき）", "synthetic": false, "lon": 139.71740345780358, "lat": 35.703727511615512 }, "geometry": { "type": "Point", "coordinates": [ 139.717403457803584, 35.703727511615512 ] } },
{ "type": "Feature", "properties": { "name": "新宿区立新宿福祉作業所", "kind": "就労継続支援B型", "subclass": "991100", "capacity": 20.0, "capacity_estimated": true, "weight": 0.9, "demand_value": 18.0, "source": "国土数値情報 P14 福祉施設（定員つき）", "synthetic": false, "lon": 139.71740345780358, "lat": 35.703727511615512 }, "geometry": { "type": "Point", "coordinates": [ 139.717403457803584, 35.703727511615512 ] } },
{ "type": "Feature", "properties": { "name": "社会福祉法人　家庭授産奨励会　西麻布作業所", "kind": "就労継続支援B型", "subclass": "991200", "capacity": 20.0, "capacity_estimated": true, "weight": 0.9, "demand_value": 18.0, "source": "国土数値情報 P14 福祉施設（定員つき）", "synthetic": false, "lon": 139.72571352086254, "lat": 35.659615895657282 }, "geometry": { "type": "Point", "coordinates": [ 139.725713520862541, 35.659615895657282 ] } },
{ "type": "Feature", "properties": { "name": "西麻布作業所", "kind": "就労継続支援B型", "subclass": "991100", "capacity": 20.0, "capacity_estimated": true, "weight": 0.9, "demand_value": 18.0, "source": "国土数値情報 P14 福祉施設（定員つき）", "synthetic": false, "lon": 139.72571352086254, "lat": 35.659615895657282 }, "geometry": { "type": "Point", "coordinates": [ 139.725713520862541, 35.659615895657282 ] } },
{ "type": "Feature", "properties": { "name": "ひかり作業所", "kind": "就労継続支援B型", "subclass": "991100", "capacity": 20.0, "capacity_estimated": true, "weight": 0.9, "demand_value": 18.0, "source": "国土数値情報 P14 福祉施設（定員つき）", "synthetic": false, "lon": 139.59176790626407, "lat": 35.630055534335725 }, "geometry": { "type": "Point", "coordinates": [ 139.591767906264067, 35.630055534335725 ] } },
{ "type": "Feature", "properties": { "name": "あいとぴあ子ども発達教室”ぱる”", "kind": "児童発達支援", "subclass": "991200", "capacity": 10.0, "capacity_estimated": true, "weight": 1.0, "demand_value": 10.0, "source": "国土数値情報 P14 福祉施設（定員つき）", "synthetic": false, "lon": 139.56783551579667, "lat": 35.633307912730231 }, "geometry": { "type": "Point", "coordinates": [ 139.567835515796673, 35.633307912730231 ] } },
{ "type": "Feature", "properties": { "name": "狛江市特定相談支援事業所サポート", "kind": "計画相談支援", "subclass": "991100", "capacity": 5.0, "capacity_estimated": true, "weight": 0.3, "demand_value": 1.5, "source": "国土数値情報 P14 福祉施設（定員つき）", "synthetic": false, "lon": 139.56783551579667, "lat": 35.633307912730231 }, "geometry": { "type": "Point", "coordinates": [ 139.567835515796673, 35.633307912730231 ] } },
{ "type": "Feature", "properties": { "name": "三鷹ひまわり第三共同作業所", "kind": "就労継続支援B型", "subclass": "991100", "capacity": 20.0, "capacity_estimated": true, "weight": 0.9, "demand_value": 18.0, "source": "国土数値情報 P14 福祉施設（定員つき）", "synthetic": false, "lon": 139.5630130650012, "lat": 35.697502790221677 }, "geometry": { "type": "Point", "coordinates": [ 139.563013065001201, 35.697502790221677 ] } },
{ "type": "Feature", "properties": { "name": "三鷹ひまわり第一共同作業所", "kind": "就労継続支援B型", "subclass": "991100", "capacity": 20.0, "capacity_estimated": true, "weight": 0.9, "demand_value": 18.0, "source": "国土数値情報 P14 福祉施設（定員つき）", "synthetic": false, "lon": 139.56310840964227, "lat": 35.692731750085954 }, "geometry": { "type": "Point", "coordinates": [ 139.563108409642268, 35.692731750085954 ] } },
{ "type": "Feature", "properties": { "name": "相談支援事業所にじアート", "kind": "計画相談支援", "subclass": "991100", "capacity": 5.0, "capacity_estimated": true, "weight": 0.3, "demand_value": 1.5, "source": "国土数値情報 P14 福祉施設（定員つき）", "synthetic": false, "lon": 139.57135246034807, "lat": 35.673191706032526 }, "geometry": { "type": "Point", "coordinates": [ 139.571352460348066, 35.673191706032526 ] } },
{ "type": "Feature", "properties": { "name": "日本赤十字社総合福祉センター　障害者支援施設　レクロス広尾", "kind": "障害福祉サービス事業所", "subclass": "991100", "capacity": 15.0, "capacity_estimated": true, "weight": 0.5, "demand_value": 7.5, "source": "国土数値情報 P14 福祉施設（定員つき）", "synthetic": false, "lon": 139.71901443406921, "lat": 35.654525083565943 }, "geometry": { "type": "Point", "coordinates": [ 139.719014434069209, 35.654525083565943 ] } },
{ "type": "Feature", "properties": { "name": "宮代学園", "kind": "障害福祉サービス事業所", "subclass": "050801", "capacity": 15.0, "capacity_estimated": true, "weight": 0.5, "demand_value": 7.5, "source": "国土数値情報 P14 福祉施設（定員つき）", "synthetic": false, "lon": 139.72199132134256, "lat": 35.6547310400058 }, "geometry": { "type": "Point", "coordinates": [ 139.721991321342557, 35.6547310400058 ] } },
{ "type": "Feature", "properties": { "name": "福祉作業所ふれんど", "kind": "就労継続支援B型", "subclass": "991100", "capacity": 20.0, "capacity_estimated": true, "weight": 0.9, "demand_value": 18.0, "source": "国土数値情報 P14 福祉施設（定員つき）", "synthetic": false, "lon": 139.66392801796394, "lat": 35.675034569789773 }, "geometry": { "type": "Point", "coordinates": [ 139.66392801796394, 35.675034569789773 ] } },
{ "type": "Feature", "properties": { "name": "渋谷区障害者福祉センターはぁとぴあ原宿", "kind": "地域活動支援センター", "subclass": "991100", "capacity": 20.0, "capacity_estimated": true, "weight": 0.75, "demand_value": 15.0, "source": "国土数値情報 P14 福祉施設（定員つき）", "synthetic": false, "lon": 139.70948700192389, "lat": 35.671428448464326 }, "geometry": { "type": "Point", "coordinates": [ 139.70948700192389, 35.671428448464326 ] } },
{ "type": "Feature", "properties": { "name": "渋谷区障害者福祉センターはぁとぴあ原宿", "kind": "地域活動支援センター", "subclass": "991200", "capacity": 20.0, "capacity_estimated": true, "weight": 0.75, "demand_value": 15.0, "source": "国土数値情報 P14 福祉施設（定員つき）", "synthetic": false, "lon": 139.70948700192389, "lat": 35.671428448464326 }, "geometry": { "type": "Point", "coordinates": [ 139.70948700192389, 35.671428448464326 ] } },
{ "type": "Feature", "properties": { "name": "渋谷区立幡ケ谷授産場", "kind": "就労継続支援B型", "subclass": "010400", "capacity": 20.0, "capacity_estimated": true, "weight": 0.9, "demand_value": 18.0, "source": "国土数値情報 P14 福祉施設（定員つき）", "synthetic": false, "lon": 139.67411990431037, "lat": 35.68184016868895 }, "geometry": { "type": "Point", "coordinates": [ 139.674119904310373, 35.68184016868895 ] } },
{ "type": "Feature", "properties": { "name": "西早稲田あした作業所", "kind": "就労継続支援B型", "subclass": "991100", "capacity": 20.0, "capacity_estimated": true, "weight": 0.9, "demand_value": 18.0, "source": "国土数値情報 P14 福祉施設（定員つき）", "synthetic": false, "lon": 139.71230459947799, "lat": 35.709522070187688 }, "geometry": { "type": "Point", "coordinates": [ 139.712304599477989, 35.709522070187688 ] } },
{ "type": "Feature", "properties": { "name": "障害者支援施設　新宿けやき園", "kind": "障害福祉サービス事業所", "subclass": "991100", "capacity": 15.0, "capacity_estimated": true, "weight": 0.5, "demand_value": 7.5, "source": "国土数値情報 P14 福祉施設（定員つき）", "synthetic": false, "lon": 139.69815562598149, "lat": 35.708165605658337 }, "geometry": { "type": "Point", "coordinates": [ 139.698155625981485, 35.708165605658337 ] } },
{ "type": "Feature", "properties": { "name": "杉並区児童発達相談係", "kind": "障害福祉サービス事業所", "subclass": "991100", "capacity": 15.0, "capacity_estimated": true, "weight": 0.5, "demand_value": 7.5, "source": "国土数値情報 P14 福祉施設（定員つき）", "synthetic": false, "lon": 139.63714565434873, "lat": 35.699753559479404 }, "geometry": { "type": "Point", "coordinates": [ 139.637145654348728, 35.699753559479404 ] } },
{ "type": "Feature", "properties": { "name": "相談支援事業所　リリーフ", "kind": "計画相談支援", "subclass": "991100", "capacity": 5.0, "capacity_estimated": true, "weight": 0.3, "demand_value": 1.5, "source": "国土数値情報 P14 福祉施設（定員つき）", "synthetic": false, "lon": 139.63570956204694, "lat": 35.704565123082261 }, "geometry": { "type": "Point", "coordinates": [ 139.635709562046941, 35.704565123082261 ] } },
{ "type": "Feature", "properties": { "name": "指定児童発達支援事業所　ぽるか", "kind": "児童発達支援", "subclass": "991200", "capacity": 10.0, "capacity_estimated": true, "weight": 1.0, "demand_value": 10.0, "source": "国土数値情報 P14 福祉施設（定員つき）", "synthetic": false, "lon": 139.63639132999606, "lat": 35.707398079258212 }, "geometry": { "type": "Point", "coordinates": [ 139.636391329996059, 35.707398079258212 ] } },
{ "type": "Feature", "properties": { "name": "杉並区立こども発達センター", "kind": "児童発達支援", "subclass": "050901", "capacity": 10.0, "capacity_estimated": true, "weight": 1.0, "demand_value": 10.0, "source": "国土数値情報 P14 福祉施設（定員つき）", "synthetic": false, "lon": 139.61979504490569, "lat": 35.682619818849787 }, "geometry": { "type": "Point", "coordinates": [ 139.619795044905686, 35.682619818849787 ] } },
{ "type": "Feature", "properties": { "name": "杉並区立こども発達センター", "kind": "児童発達支援", "subclass": "991200", "capacity": 10.0, "capacity_estimated": true, "weight": 1.0, "demand_value": 10.0, "source": "国土数値情報 P14 福祉施設（定員つき）", "synthetic": false, "lon": 139.61979504490569, "lat": 35.682619818849787 }, "geometry": { "type": "Point", "coordinates": [ 139.619795044905686, 35.682619818849787 ] } },
{ "type": "Feature", "properties": { "name": "杉並区障害者雇用支援センター", "kind": "障害福祉サービス事業所", "subclass": "991100", "capacity": 15.0, "capacity_estimated": true, "weight": 0.5, "demand_value": 7.5, "source": "国土数値情報 P14 福祉施設（定員つき）", "synthetic": false, "lon": 139.6178421454988, "lat": 35.689676359176929 }, "geometry": { "type": "Point", "coordinates": [ 139.617842145498798, 35.689676359176929 ] } },
{ "type": "Feature", "properties": { "name": "朝焼け相談支援事業所", "kind": "計画相談支援", "subclass": "991100", "capacity": 5.0, "capacity_estimated": true, "weight": 0.3, "demand_value": 1.5, "source": "国土数値情報 P14 福祉施設（定員つき）", "synthetic": false, "lon": 139.65442675159363, "lat": 35.701318406819325 }, "geometry": { "type": "Point", "coordinates": [ 139.654426751593633, 35.701318406819325 ] } },
{ "type": "Feature", "properties": { "name": "ＮＰＯ法人　すぎなみ障害者生活支援コーディネートセンター", "kind": "障害福祉サービス事業所", "subclass": "991200", "capacity": 15.0, "capacity_estimated": true, "weight": 0.5, "demand_value": 7.5, "source": "国土数値情報 P14 福祉施設（定員つき）", "synthetic": false, "lon": 139.64979652818749, "lat": 35.70412726476161 }, "geometry": { "type": "Point", "coordinates": [ 139.649796528187494, 35.70412726476161 ] } },
{ "type": "Feature", "properties": { "name": "相談支援事業所　ＨＵＧ　はぐ", "kind": "計画相談支援", "subclass": "991100", "capacity": 5.0, "capacity_estimated": true, "weight": 0.3, "demand_value": 1.5, "source": "国土数値情報 P14 福祉施設（定員つき）", "synthetic": false, "lon": 139.65049264302138, "lat": 35.704936013386487 }, "geometry": { "type": "Point", "coordinates": [ 139.65049264302138, 35.704936013386487 ] } },
{ "type": "Feature", "properties": { "name": "障害者支援施設　マイルドハート高円寺", "kind": "障害福祉サービス事業所", "subclass": "991100", "capacity": 15.0, "capacity_estimated": true, "weight": 0.5, "demand_value": 7.5, "source": "国土数値情報 P14 福祉施設（定員つき）", "synthetic": false, "lon": 139.65777886750095, "lat": 35.708957282452843 }, "geometry": { "type": "Point", "coordinates": [ 139.657778867500951, 35.708957282452843 ] } },
{ "type": "Feature", "properties": { "name": "相談支援事業所　なでしこ", "kind": "計画相談支援", "subclass": "991100", "capacity": 5.0, "capacity_estimated": true, "weight": 0.3, "demand_value": 1.5, "source": "国土数値情報 P14 福祉施設（定員つき）", "synthetic": false, "lon": 139.65777886750095, "lat": 35.708957282452843 }, "geometry": { "type": "Point", "coordinates": [ 139.657778867500951, 35.708957282452843 ] } },
{ "type": "Feature", "properties": { "name": "ひまわり作業所", "kind": "就労継続支援B型", "subclass": "991100", "capacity": 20.0, "capacity_estimated": true, "weight": 0.9, "demand_value": 18.0, "source": "国土数値情報 P14 福祉施設（定員つき）", "synthetic": false, "lon": 139.59272080002518, "lat": 35.69827584205666 }, "geometry": { "type": "Point", "coordinates": [ 139.592720800025177, 35.69827584205666 ] } },
{ "type": "Feature", "properties": { "name": "ゆい企画(就労移行)", "kind": "就労移行支援", "subclass": "991100", "capacity": 20.0, "capacity_estimated": true, "weight": 0.95, "demand_value": 19.0, "source": "国土数値情報 P14 福祉施設（定員つき）", "synthetic": false, "lon": 139.62884768177526, "lat": 35.702130954180461 }, "geometry": { "type": "Point", "coordinates": [ 139.628847681775255, 35.702130954180461 ] } },
{ "type": "Feature", "properties": { "name": "障害児保育園ヘレン", "kind": "障害福祉サービス事業所", "subclass": "991200", "capacity": 15.0, "capacity_estimated": true, "weight": 0.5, "demand_value": 7.5, "source": "国土数値情報 P14 福祉施設（定員つき）", "synthetic": false, "lon": 139.61659337208664, "lat": 35.708352776159813 }, "geometry": { "type": "Point", "coordinates": [ 139.616593372086641, 35.708352776159813 ] } },
{ "type": "Feature", "properties": { "name": "あすなろ作業所", "kind": "就労継続支援B型", "subclass": "991100", "capacity": 20.0, "capacity_estimated": true, "weight": 0.9, "demand_value": 18.0, "source": "国土数値情報 P14 福祉施設（定員つき）", "synthetic": false, "lon": 139.66019192751571, "lat": 35.674043928784499 }, "geometry": { "type": "Point", "coordinates": [ 139.660191927515712, 35.674043928784499 ] } },
{ "type": "Feature", "properties": { "name": "大田区立上池台障害者福祉会館", "kind": "障害福祉サービス事業所", "subclass": "991100", "capacity": 15.0, "capacity_estimated": true, "weight": 0.5, "demand_value": 7.5, "source": "国土数値情報 P14 福祉施設（定員つき）", "synthetic": false, "lon": 139.70159787554167, "lat": 35.595566515882297 }, "geometry": { "type": "Point", "coordinates": [ 139.701597875541665, 35.595566515882297 ] } },
{ "type": "Feature", "properties": { "name": "大田区立上池台障害者福祉会館　身体障害者作業室", "kind": "障害福祉サービス事業所", "subclass": "991100", "capacity": 15.0, "capacity_estimated": true, "weight": 0.5, "demand_value": 7.5, "source": "国土数値情報 P14 福祉施設（定員つき）", "synthetic": false, "lon": 139.70159787554167, "lat": 35.595566515882297 }, "geometry": { "type": "Point", "coordinates": [ 139.701597875541665, 35.595566515882297 ] } },
{ "type": "Feature", "properties": { "name": "大田区立こども発達センターわかばの家", "kind": "児童発達支援", "subclass": "050901", "capacity": 10.0, "capacity_estimated": true, "weight": 1.0, "demand_value": 10.0, "source": "国土数値情報 P14 福祉施設（定員つき）", "synthetic": false, "lon": 139.69036385211041, "lat": 35.573027211237047 }, "geometry": { "type": "Point", "coordinates": [ 139.690363852110409, 35.573027211237047 ] } },
{ "type": "Feature", "properties": { "name": "大田区立こども発達センターわかばの家　児童発達支援事業所", "kind": "児童発達支援", "subclass": "991200", "capacity": 10.0, "capacity_estimated": true, "weight": 1.0, "demand_value": 10.0, "source": "国土数値情報 P14 福祉施設（定員つき）", "synthetic": false, "lon": 139.69036385211041, "lat": 35.573027211237047 }, "geometry": { "type": "Point", "coordinates": [ 139.690363852110409, 35.573027211237047 ] } },
{ "type": "Feature", "properties": { "name": "大田区立こども発達センターわかばの家　相談支援事業所", "kind": "児童発達支援", "subclass": "991100", "capacity": 10.0, "capacity_estimated": true, "weight": 1.0, "demand_value": 10.0, "source": "国土数値情報 P14 福祉施設（定員つき）", "synthetic": false, "lon": 139.69036385211041, "lat": 35.573027211237047 }, "geometry": { "type": "Point", "coordinates": [ 139.690363852110409, 35.573027211237047 ] } },
{ "type": "Feature", "properties": { "name": "大田区立大田福祉作業所", "kind": "就労継続支援B型", "subclass": "991100", "capacity": 20.0, "capacity_estimated": true, "weight": 0.9, "demand_value": 18.0, "source": "国土数値情報 P14 福祉施設（定員つき）", "synthetic": false, "lon": 139.73057544200321, "lat": 35.574968566945927 }, "geometry": { "type": "Point", "coordinates": [ 139.730575442003214, 35.574968566945927 ] } },
{ "type": "Feature", "properties": { "name": "はすの実作業所", "kind": "就労継続支援B型", "subclass": "991100", "capacity": 20.0, "capacity_estimated": true, "weight": 0.9, "demand_value": 18.0, "source": "国土数値情報 P14 福祉施設（定員つき）", "synthetic": false, "lon": 139.71193431261861, "lat": 35.57348335817062 }, "geometry": { "type": "Point", "coordinates": [ 139.71193431261861, 35.57348335817062 ] } },
{ "type": "Feature", "properties": { "name": "大田区立障がい者総合サポートセンター", "kind": "障害福祉サービス事業所", "subclass": "991100", "capacity": 15.0, "capacity_estimated": true, "weight": 0.5, "demand_value": 7.5, "source": "国土数値情報 P14 福祉施設（定員つき）", "synthetic": false, "lon": 139.71832321516695, "lat": 35.579262779448356 }, "geometry": { "type": "Point", "coordinates": [ 139.718323215166947, 35.579262779448356 ] } },
{ "type": "Feature", "properties": { "name": "社会福祉法人中野あいいく会　中部すこやか障害者相談支援事業所", "kind": "計画相談支援", "subclass": "991100", "capacity": 5.0, "capacity_estimated": true, "weight": 0.3, "demand_value": 1.5, "source": "国土数値情報 P14 福祉施設（定員つき）", "synthetic": false, "lon": 139.67422804508851, "lat": 35.700354008930674 }, "geometry": { "type": "Point", "coordinates": [ 139.674228045088512, 35.700354008930674 ] } },
{ "type": "Feature", "properties": { "name": "中野区仲町就労支援事業所", "kind": "就労継続支援B型", "subclass": "991100", "capacity": 20.0, "capacity_estimated": true, "weight": 0.9, "demand_value": 18.0, "source": "国土数値情報 P14 福祉施設（定員つき）", "synthetic": false, "lon": 139.67422804508851, "lat": 35.700354008930674 }, "geometry": { "type": "Point", "coordinates": [ 139.674228045088512, 35.700354008930674 ] } },
{ "type": "Feature", "properties": { "name": "品川区立品川児童学園", "kind": "障害福祉サービス事業所", "subclass": "050901", "capacity": 15.0, "capacity_estimated": true, "weight": 0.5, "demand_value": 7.5, "source": "国土数値情報 P14 福祉施設（定員つき）", "synthetic": false, "lon": 139.74480641298589, "lat": 35.60729368345693 }, "geometry": { "type": "Point", "coordinates": [ 139.744806412985895, 35.60729368345693 ] } },
{ "type": "Feature", "properties": { "name": "目黒区すくすくのびのび園", "kind": "障害福祉サービス事業所", "subclass": "050901", "capacity": 15.0, "capacity_estimated": true, "weight": 0.5, "demand_value": 7.5, "source": "国土数値情報 P14 福祉施設（定員つき）", "synthetic": false, "lon": 139.6909335483449, "lat": 35.630807015931282 }, "geometry": { "type": "Point", "coordinates": [ 139.690933548344901, 35.630807015931282 ] } },
{ "type": "Feature", "properties": { "name": "目黒区児童発達支援センター　相談支援ひまわり", "kind": "児童発達支援", "subclass": "991100", "capacity": 10.0, "capacity_estimated": true, "weight": 1.0, "demand_value": 10.0, "source": "国土数値情報 P14 福祉施設（定員つき）", "synthetic": false, "lon": 139.6909335483449, "lat": 35.630807015931282 }, "geometry": { "type": "Point", "coordinates": [ 139.690933548344901, 35.630807015931282 ] } },
{ "type": "Feature", "properties": { "name": "就労継続支援B型　ガーデン", "kind": "就労継続支援B型", "subclass": "991100", "capacity": 20.0, "capacity_estimated": true, "weight": 0.9, "demand_value": 18.0, "source": "国土数値情報 P14 福祉施設（定員つき）", "synthetic": false, "lon": 139.72207015321533, "lat": 35.633126166939178 }, "geometry": { "type": "Point", "coordinates": [ 139.722070153215327, 35.633126166939178 ] } },
{ "type": "Feature", "properties": { "name": "ふれあい作業所西大井", "kind": "就労継続支援B型", "subclass": "991100", "capacity": 20.0, "capacity_estimated": true, "weight": 0.9, "demand_value": 18.0, "source": "国土数値情報 P14 福祉施設（定員つき）", "synthetic": false, "lon": 139.72028752245149, "lat": 35.596205896085507 }, "geometry": { "type": "Point", "coordinates": [ 139.720287522451486, 35.596205896085507 ] } },
{ "type": "Feature", "properties": { "name": "ふれあい作業所西品川", "kind": "就労継続支援B型", "subclass": "991100", "capacity": 20.0, "capacity_estimated": true, "weight": 0.9, "demand_value": 18.0, "source": "国土数値情報 P14 福祉施設（定員つき）", "synthetic": false, "lon": 139.72767523452467, "lat": 35.609271078597544 }, "geometry": { "type": "Point", "coordinates": [ 139.727675234524668, 35.609271078597544 ] } },
{ "type": "Feature", "properties": { "name": "目黒区高次脳機能障害者支援センターいきいき＊せかんど", "kind": "障害福祉サービス事業所", "subclass": "991100", "capacity": 15.0, "capacity_estimated": true, "weight": 0.5, "demand_value": 7.5, "source": "国土数値情報 P14 福祉施設（定員つき）", "synthetic": false, "lon": 139.68277100198043, "lat": 35.624005804824264 }, "geometry": { "type": "Point", "coordinates": [ 139.682771001980427, 35.624005804824264 ] } },
{ "type": "Feature", "properties": { "name": "世田谷区立世田谷福祉作業所", "kind": "就労継続支援B型", "subclass": "991100", "capacity": 20.0, "capacity_estimated": true, "weight": 0.9, "demand_value": 18.0, "source": "国土数値情報 P14 福祉施設（定員つき）", "synthetic": false, "lon": 139.67883774776419, "lat": 35.643054736287183 }, "geometry": { "type": "Point", "coordinates": [ 139.678837747764192, 35.643054736287183 ] } },
{ "type": "Feature", "properties": { "name": "世田谷区立玉川福祉作業所", "kind": "就労継続支援B型", "subclass": "991100", "capacity": 20.0, "capacity_estimated": true, "weight": 0.9, "demand_value": 18.0, "source": "国土数値情報 P14 福祉施設（定員つき）", "synthetic": false, "lon": 139.62810382822943, "lat": 35.610301503811513 }, "geometry": { "type": "Point", "coordinates": [ 139.628103828229428, 35.610301503811513 ] } },
{ "type": "Feature", "properties": { "name": "ナイスケア世田谷相談支援センター", "kind": "計画相談支援", "subclass": "991100", "capacity": 5.0, "capacity_estimated": true, "weight": 0.3, "demand_value": 1.5, "source": "国土数値情報 P14 福祉施設（定員つき）", "synthetic": false, "lon": 139.65914051752111, "lat": 35.633523241004923 }, "geometry": { "type": "Point", "coordinates": [ 139.659140517521109, 35.633523241004923 ] } },
{ "type": "Feature", "properties": { "name": "あけぼの学園", "kind": "障害福祉サービス事業所", "subclass": "050901", "capacity": 15.0, "capacity_estimated": true, "weight": 0.5, "demand_value": 7.5, "source": "国土数値情報 P14 福祉施設（定員つき）", "synthetic": false, "lon": 139.67294244443849, "lat": 35.650916097000561 }, "geometry": { "type": "Point", "coordinates": [ 139.67294244443849, 35.650916097000561 ] } },
{ "type": "Feature", "properties": { "name": "重症心身障害児療育相談センター", "kind": "計画相談支援", "subclass": "991100", "capacity": 5.0, "capacity_estimated": true, "weight": 0.3, "demand_value": 1.5, "source": "国土数値情報 P14 福祉施設（定員つき）", "synthetic": false, "lon": 139.67294244443849, "lat": 35.650916097000561 }, "geometry": { "type": "Point", "coordinates": [ 139.67294244443849, 35.650916097000561 ] } },
{ "type": "Feature", "properties": { "name": "相談支援センターわんぱく", "kind": "計画相談支援", "subclass": "991100", "capacity": 5.0, "capacity_estimated": true, "weight": 0.3, "demand_value": 1.5, "source": "国土数値情報 P14 福祉施設（定員つき）", "synthetic": false, "lon": 139.66202309019388, "lat": 35.65031446203983 }, "geometry": { "type": "Point", "coordinates": [ 139.662023090193884, 35.65031446203983 ] } },
{ "type": "Feature", "properties": { "name": "白梅福祉作業所", "kind": "就労継続支援B型", "subclass": "991100", "capacity": 20.0, "capacity_estimated": true, "weight": 0.9, "demand_value": 18.0, "source": "国土数値情報 P14 福祉施設（定員つき）", "synthetic": false, "lon": 139.64932753174048, "lat": 35.656214538270433 }, "geometry": { "type": "Point", "coordinates": [ 139.649327531740482, 35.656214538270433 ] } },
{ "type": "Feature", "properties": { "name": "喫茶室パイン作業所Ⅰ", "kind": "就労継続支援B型", "subclass": "991100", "capacity": 20.0, "capacity_estimated": true, "weight": 0.9, "demand_value": 18.0, "source": "国土数値情報 P14 福祉施設（定員つき）", "synthetic": false, "lon": 139.61975698167146, "lat": 35.666932007368985 }, "geometry": { "type": "Point", "coordinates": [ 139.619756981671458, 35.666932007368985 ] } },
{ "type": "Feature", "properties": { "name": "就労支援施設ゆに(ＵＮＩ)", "kind": "就労継続支援B型", "subclass": "991100", "capacity": 20.0, "capacity_estimated": true, "weight": 0.9, "demand_value": 18.0, "source": "国土数値情報 P14 福祉施設（定員つき）", "synthetic": false, "lon": 139.62609755046185, "lat": 35.630299082436864 }, "geometry": { "type": "Point", "coordinates": [ 139.62609755046185, 35.630299082436864 ] } },
{ "type": "Feature", "properties": { "name": "エムツー・サポート指定特定相談支援事業所", "kind": "計画相談支援", "subclass": "991100", "capacity": 5.0, "capacity_estimated": true, "weight": 0.3, "demand_value": 1.5, "source": "国土数値情報 P14 福祉施設（定員つき）", "synthetic": false, "lon": 139.66021956188342, "lat": 35.618589144973271 }, "geometry": { "type": "Point", "coordinates": [ 139.660219561883423, 35.618589144973271 ] } },
{ "type": "Feature", "properties": { "name": "子どもの生活研究所　めばえ学園", "kind": "障害福祉サービス事業所", "subclass": "050901", "capacity": 15.0, "capacity_estimated": true, "weight": 0.5, "demand_value": 7.5, "source": "国土数値情報 P14 福祉施設（定員つき）", "synthetic": false, "lon": 139.62097688627443, "lat": 35.64804323700605 }, "geometry": { "type": "Point", "coordinates": [ 139.620976886274434, 35.64804323700605 ] } },
{ "type": "Feature", "properties": { "name": "世田谷区立障害者就労支援センターすきっぷ", "kind": "就労継続支援B型", "subclass": "991100", "capacity": 20.0, "capacity_estimated": true, "weight": 0.9, "demand_value": 18.0, "source": "国土数値情報 P14 福祉施設（定員つき）", "synthetic": false, "lon": 139.6253821055999, "lat": 35.657375767178166 }, "geometry": { "type": "Point", "coordinates": [ 139.625382105599897, 35.657375767178166 ] } },
{ "type": "Feature", "properties": { "name": "相談支援センターあい", "kind": "計画相談支援", "subclass": "991100", "capacity": 5.0, "capacity_estimated": true, "weight": 0.3, "demand_value": 1.5, "source": "国土数値情報 P14 福祉施設（定員つき）", "synthetic": false, "lon": 139.60469070541205, "lat": 35.642814148754212 }, "geometry": { "type": "Point", "coordinates": [ 139.604690705412054, 35.642814148754212 ] } },
{ "type": "Feature", "properties": { "name": "世田谷区発達障害相談・療育センター", "kind": "障害福祉サービス事業所", "subclass": "991200", "capacity": 15.0, "capacity_estimated": true, "weight": 0.5, "demand_value": 7.5, "source": "国土数値情報 P14 福祉施設（定員つき）", "synthetic": false, "lon": 139.61301886013257, "lat": 35.63468075301455 }, "geometry": { "type": "Point", "coordinates": [ 139.61301886013257, 35.63468075301455 ] } },
{ "type": "Feature", "properties": { "name": "世田谷区発達障害相談・療育センター相談支援事業所", "kind": "計画相談支援", "subclass": "991100", "capacity": 5.0, "capacity_estimated": true, "weight": 0.3, "demand_value": 1.5, "source": "国土数値情報 P14 福祉施設（定員つき）", "synthetic": false, "lon": 139.61301886013257, "lat": 35.63468075301455 }, "geometry": { "type": "Point", "coordinates": [ 139.61301886013257, 35.63468075301455 ] } },
{ "type": "Feature", "properties": { "name": "世田谷区立烏山福祉作業所", "kind": "就労継続支援B型", "subclass": "991100", "capacity": 20.0, "capacity_estimated": true, "weight": 0.9, "demand_value": 18.0, "source": "国土数値情報 P14 福祉施設（定員つき）", "synthetic": false, "lon": 139.60839892946728, "lat": 35.675525908094414 }, "geometry": { "type": "Point", "coordinates": [ 139.608398929467285, 35.675525908094414 ] } },
{ "type": "Feature", "properties": { "name": "用賀福祉作業所", "kind": "就労継続支援B型", "subclass": "991100", "capacity": 20.0, "capacity_estimated": true, "weight": 0.9, "demand_value": 18.0, "source": "国土数値情報 P14 福祉施設（定員つき）", "synthetic": false, "lon": 139.63051305713202, "lat": 35.626922232475295 }, "geometry": { "type": "Point", "coordinates": [ 139.630513057132021, 35.626922232475295 ] } },
{ "type": "Feature", "properties": { "name": "新宿区基幹相談支援センター", "kind": "計画相談支援", "subclass": "991200", "capacity": 5.0, "capacity_estimated": true, "weight": 0.3, "demand_value": 1.5, "source": "国土数値情報 P14 福祉施設（定員つき）", "synthetic": false, "lon": 139.70345591461717, "lat": 35.693912806174922 }, "geometry": { "type": "Point", "coordinates": [ 139.703455914617166, 35.693912806174922 ] } },
{ "type": "Feature", "properties": { "name": "世田谷区発達障害相談・療育センター相談支援事業所", "kind": "計画相談支援", "subclass": "991200", "capacity": 5.0, "capacity_estimated": true, "weight": 0.3, "demand_value": 1.5, "source": "国土数値情報 P14 福祉施設（定員つき）", "synthetic": false, "lon": 139.61301886049387, "lat": 35.63468075325153 }, "geometry": { "type": "Point", "coordinates": [ 139.613018860493867, 35.63468075325153 ] } },
{ "type": "Feature", "properties": { "name": "相談支援センターみずき", "kind": "計画相談支援", "subclass": "991200", "capacity": 5.0, "capacity_estimated": true, "weight": 0.3, "demand_value": 1.5, "source": "国土数値情報 P14 福祉施設（定員つき）", "synthetic": false, "lon": 139.57603220808153, "lat": 35.630430330350407 }, "geometry": { "type": "Point", "coordinates": [ 139.576032208081529, 35.630430330350407 ] } },
{ "type": "Feature", "properties": { "name": "相談支援事業所　なでしこ", "kind": "計画相談支援", "subclass": "991200", "capacity": 5.0, "capacity_estimated": true, "weight": 0.3, "demand_value": 1.5, "source": "国土数値情報 P14 福祉施設（定員つき）", "synthetic": false, "lon": 139.65777886782655, "lat": 35.708957282133838 }, "geometry": { "type": "Point", "coordinates": [ 139.657778867826551, 35.708957282133838 ] } },
{ "type": "Feature", "properties": { "name": "相談支援事業所パルレ", "kind": "計画相談支援", "subclass": "991200", "capacity": 5.0, "capacity_estimated": true, "weight": 0.3, "demand_value": 1.5, "source": "国土数値情報 P14 福祉施設（定員つき）", "synthetic": false, "lon": 139.73592136974264, "lat": 35.607035348940315 }, "geometry": { "type": "Point", "coordinates": [ 139.735921369742641, 35.607035348940315 ] } },
{ "type": "Feature", "properties": { "name": "朝焼け相談支援事業所", "kind": "計画相談支援", "subclass": "991200", "capacity": 5.0, "capacity_estimated": true, "weight": 0.3, "demand_value": 1.5, "source": "国土数値情報 P14 福祉施設（定員つき）", "synthetic": false, "lon": 139.65442675159363, "lat": 35.701318406819325 }, "geometry": { "type": "Point", "coordinates": [ 139.654426751593633, 35.701318406819325 ] } },
{ "type": "Feature", "properties": { "name": "狛江市特定相談支援事業所サポート", "kind": "計画相談支援", "subclass": "991200", "capacity": 5.0, "capacity_estimated": true, "weight": 0.3, "demand_value": 1.5, "source": "国土数値情報 P14 福祉施設（定員つき）", "synthetic": false, "lon": 139.56783551579667, "lat": 35.633307912730231 }, "geometry": { "type": "Point", "coordinates": [ 139.567835515796673, 35.633307912730231 ] } },
{ "type": "Feature", "properties": { "name": "相談支援センターわんぱく", "kind": "計画相談支援", "subclass": "991200", "capacity": 5.0, "capacity_estimated": true, "weight": 0.3, "demand_value": 1.5, "source": "国土数値情報 P14 福祉施設（定員つき）", "synthetic": false, "lon": 139.66202309043445, "lat": 35.650314462007543 }, "geometry": { "type": "Point", "coordinates": [ 139.662023090434445, 35.650314462007543 ] } },
{ "type": "Feature", "properties": { "name": "ナイスケア世田谷相談支援センター", "kind": "計画相談支援", "subclass": "991200", "capacity": 5.0, "capacity_estimated": true, "weight": 0.3, "demand_value": 1.5, "source": "国土数値情報 P14 福祉施設（定員つき）", "synthetic": false, "lon": 139.65914051792572, "lat": 35.633523241348826 }, "geometry": { "type": "Point", "coordinates": [ 139.659140517925721, 35.633523241348826 ] } },
{ "type": "Feature", "properties": { "name": "相談支援センター架け橋", "kind": "計画相談支援", "subclass": "991200", "capacity": 5.0, "capacity_estimated": true, "weight": 0.3, "demand_value": 1.5, "source": "国土数値情報 P14 福祉施設（定員つき）", "synthetic": false, "lon": 139.66623724422709, "lat": 35.634562650525311 }, "geometry": { "type": "Point", "coordinates": [ 139.666237244227091, 35.634562650525311 ] } },
{ "type": "Feature", "properties": { "name": "社会福祉法人中野あいいく会　中部すこやか障害者相談支援事業所", "kind": "計画相談支援", "subclass": "991200", "capacity": 5.0, "capacity_estimated": true, "weight": 0.3, "demand_value": 1.5, "source": "国土数値情報 P14 福祉施設（定員つき）", "synthetic": false, "lon": 139.67422804508863, "lat": 35.700354008930674 }, "geometry": { "type": "Point", "coordinates": [ 139.674228045088626, 35.700354008930674 ] } },
{ "type": "Feature", "properties": { "name": "相談支援事業所ハローワールド", "kind": "計画相談支援", "subclass": "991200", "capacity": 5.0, "capacity_estimated": true, "weight": 0.3, "demand_value": 1.5, "source": "国土数値情報 P14 福祉施設（定員つき）", "synthetic": false, "lon": 139.57509268055446, "lat": 35.702868246335072 }, "geometry": { "type": "Point", "coordinates": [ 139.575092680554462, 35.702868246335072 ] } },
{ "type": "Feature", "properties": { "name": "相談支援事業所ここん", "kind": "計画相談支援", "subclass": "991200", "capacity": 5.0, "capacity_estimated": true, "weight": 0.3, "demand_value": 1.5, "source": "国土数値情報 P14 福祉施設（定員つき）", "synthetic": false, "lon": 139.72422501059441, "lat": 35.580990009746131 }, "geometry": { "type": "Point", "coordinates": [ 139.724225010594409, 35.580990009746131 ] } },
{ "type": "Feature", "properties": { "name": "相談支援　ツナカン", "kind": "計画相談支援", "subclass": "991200", "capacity": 5.0, "capacity_estimated": true, "weight": 0.3, "demand_value": 1.5, "source": "国土数値情報 P14 福祉施設（定員つき）", "synthetic": false, "lon": 139.63377832418018, "lat": 35.619054704727205 }, "geometry": { "type": "Point", "coordinates": [ 139.633778324180184, 35.619054704727205 ] } },
{ "type": "Feature", "properties": { "name": "特定相談支援事業所エンカレッジ", "kind": "計画相談支援", "subclass": "991200", "capacity": 5.0, "capacity_estimated": true, "weight": 0.3, "demand_value": 1.5, "source": "国土数値情報 P14 福祉施設（定員つき）", "synthetic": false, "lon": 139.65400695784683, "lat": 35.698298348904814 }, "geometry": { "type": "Point", "coordinates": [ 139.654006957846832, 35.698298348904814 ] } },
{ "type": "Feature", "properties": { "name": "相談支援アンジュ", "kind": "計画相談支援", "subclass": "991200", "capacity": 5.0, "capacity_estimated": true, "weight": 0.3, "demand_value": 1.5, "source": "国土数値情報 P14 福祉施設（定員つき）", "synthetic": false, "lon": 139.60862146672275, "lat": 35.622775683004022 }, "geometry": { "type": "Point", "coordinates": [ 139.608621466722752, 35.622775683004022 ] } },
{ "type": "Feature", "properties": { "name": "ＴＡＫＵＭＩ　相談支援センター世田谷", "kind": "計画相談支援", "subclass": "991200", "capacity": 5.0, "capacity_estimated": true, "weight": 0.3, "demand_value": 1.5, "source": "国土数値情報 P14 福祉施設（定員つき）", "synthetic": false, "lon": 139.61556855571268, "lat": 35.644601949325079 }, "geometry": { "type": "Point", "coordinates": [ 139.615568555712684, 35.644601949325079 ] } },
{ "type": "Feature", "properties": { "name": "相談支援事業所　ＡＨＩ　ソーシャルサポートオフィス", "kind": "計画相談支援", "subclass": "991200", "capacity": 5.0, "capacity_estimated": true, "weight": 0.3, "demand_value": 1.5, "source": "国土数値情報 P14 福祉施設（定員つき）", "synthetic": false, "lon": 139.69814455122616, "lat": 35.685712502191734 }, "geometry": { "type": "Point", "coordinates": [ 139.698144551226164, 35.685712502191734 ] } },
{ "type": "Feature", "properties": { "name": "渋谷区障がい者基幹相談支援センター", "kind": "計画相談支援", "subclass": "991200", "capacity": 5.0, "capacity_estimated": true, "weight": 0.3, "demand_value": 1.5, "source": "国土数値情報 P14 福祉施設（定員つき）", "synthetic": false, "lon": 139.69851050511875, "lat": 35.664100812591698 }, "geometry": { "type": "Point", "coordinates": [ 139.698510505118747, 35.664100812591698 ] } },
{ "type": "Feature", "properties": { "name": "相談支援事業所　あおぞら", "kind": "計画相談支援", "subclass": "991200", "capacity": 5.0, "capacity_estimated": true, "weight": 0.3, "demand_value": 1.5, "source": "国土数値情報 P14 福祉施設（定員つき）", "synthetic": false, "lon": 139.64925726859337, "lat": 35.697428474993217 }, "geometry": { "type": "Point", "coordinates": [ 139.649257268593374, 35.697428474993217 ] } },
{ "type": "Feature", "properties": { "name": "大田区立障がい者総合サポートセンターＢ棟　障害児相談支援事業所", "kind": "計画相談支援", "subclass": "991200", "capacity": 5.0, "capacity_estimated": true, "weight": 0.3, "demand_value": 1.5, "source": "国土数値情報 P14 福祉施設（定員つき）", "synthetic": false, "lon": 139.71832321516695, "lat": 35.579262779448356 }, "geometry": { "type": "Point", "coordinates": [ 139.718323215166947, 35.579262779448356 ] } },
{ "type": "Feature", "properties": { "name": "相談支援ウイング", "kind": "計画相談支援", "subclass": "991200", "capacity": 5.0, "capacity_estimated": true, "weight": 0.3, "demand_value": 1.5, "source": "国土数値情報 P14 福祉施設（定員つき）", "synthetic": false, "lon": 139.6371540518652, "lat": 35.652199264453884 }, "geometry": { "type": "Point", "coordinates": [ 139.637154051865195, 35.652199264453884 ] } },
{ "type": "Feature", "properties": { "name": "相談支援センターあい", "kind": "計画相談支援", "subclass": "991200", "capacity": 5.0, "capacity_estimated": true, "weight": 0.3, "demand_value": 1.5, "source": "国土数値情報 P14 福祉施設（定員つき）", "synthetic": false, "lon": 139.60469070541217, "lat": 35.642814148754212 }, "geometry": { "type": "Point", "coordinates": [ 139.604690705412168, 35.642814148754212 ] } },
{ "type": "Feature", "properties": { "name": "まつばらけやき相談支援センター", "kind": "計画相談支援", "subclass": "991200", "capacity": 5.0, "capacity_estimated": true, "weight": 0.3, "demand_value": 1.5, "source": "国土数値情報 P14 福祉施設（定員つき）", "synthetic": false, "lon": 139.60824310761336, "lat": 35.642817777415303 }, "geometry": { "type": "Point", "coordinates": [ 139.608243107613362, 35.642817777415303 ] } },
{ "type": "Feature", "properties": { "name": "重症心身障害児療育相談センター", "kind": "計画相談支援", "subclass": "991200", "capacity": 5.0, "capacity_estimated": true, "weight": 0.3, "demand_value": 1.5, "source": "国土数値情報 P14 福祉施設（定員つき）", "synthetic": false, "lon": 139.67294244443849, "lat": 35.650916097000561 }, "geometry": { "type": "Point", "coordinates": [ 139.67294244443849, 35.650916097000561 ] } },
{ "type": "Feature", "properties": { "name": "相談支援事業所　ＨＵＧ　はぐ", "kind": "計画相談支援", "subclass": "991200", "capacity": 5.0, "capacity_estimated": true, "weight": 0.3, "demand_value": 1.5, "source": "国土数値情報 P14 福祉施設（定員つき）", "synthetic": false, "lon": 139.65049264299512, "lat": 35.704936013350448 }, "geometry": { "type": "Point", "coordinates": [ 139.650492642995118, 35.704936013350448 ] } },
{ "type": "Feature", "properties": { "name": "相談支援　ここから", "kind": "計画相談支援", "subclass": "991200", "capacity": 5.0, "capacity_estimated": true, "weight": 0.3, "demand_value": 1.5, "source": "国土数値情報 P14 福祉施設（定員つき）", "synthetic": false, "lon": 139.60246422374132, "lat": 35.673892312366206 }, "geometry": { "type": "Point", "coordinates": [ 139.602464223741322, 35.673892312366206 ] } },
{ "type": "Feature", "properties": { "name": "たんぽぽの会　相談支援", "kind": "計画相談支援", "subclass": "991200", "capacity": 5.0, "capacity_estimated": true, "weight": 0.3, "demand_value": 1.5, "source": "国土数値情報 P14 福祉施設（定員つき）", "synthetic": false, "lon": 139.68131025306946, "lat": 35.629708313210813 }, "geometry": { "type": "Point", "coordinates": [ 139.681310253069455, 35.629708313210813 ] } },
{ "type": "Feature", "properties": { "name": "相談支援事業所　結い", "kind": "計画相談支援", "subclass": "991200", "capacity": 5.0, "capacity_estimated": true, "weight": 0.3, "demand_value": 1.5, "source": "国土数値情報 P14 福祉施設（定員つき）", "synthetic": false, "lon": 139.58433356116734, "lat": 35.691199757015056 }, "geometry": { "type": "Point", "coordinates": [ 139.584333561167341, 35.691199757015056 ] } },
{ "type": "Feature", "properties": { "name": "障がい者相談センター　つなぐ手", "kind": "計画相談支援", "subclass": "991200", "capacity": 5.0, "capacity_estimated": true, "weight": 0.3, "demand_value": 1.5, "source": "国土数値情報 P14 福祉施設（定員つき）", "synthetic": false, "lon": 139.56949206049057, "lat": 35.678271174281065 }, "geometry": { "type": "Point", "coordinates": [ 139.569492060490575, 35.678271174281065 ] } },
{ "type": "Feature", "properties": { "name": "相談支援事業所にじアート", "kind": "計画相談支援", "subclass": "991200", "capacity": 5.0, "capacity_estimated": true, "weight": 0.3, "demand_value": 1.5, "source": "国土数値情報 P14 福祉施設（定員つき）", "synthetic": false, "lon": 139.57135246032442, "lat": 35.67319170621181 }, "geometry": { "type": "Point", "coordinates": [ 139.57135246032442, 35.67319170621181 ] } },
{ "type": "Feature", "properties": { "name": "大田区立こども発達センターわかばの家　相談支援事業所", "kind": "児童発達支援", "subclass": "991200", "capacity": 10.0, "capacity_estimated": true, "weight": 1.0, "demand_value": 10.0, "source": "国土数値情報 P14 福祉施設（定員つき）", "synthetic": false, "lon": 139.69036385211041, "lat": 35.573027211237047 }, "geometry": { "type": "Point", "coordinates": [ 139.690363852110409, 35.573027211237047 ] } },
{ "type": "Feature", "properties": { "name": "エムツー・サポート指定特定相談支援事業所", "kind": "計画相談支援", "subclass": "991200", "capacity": 5.0, "capacity_estimated": true, "weight": 0.3, "demand_value": 1.5, "source": "国土数値情報 P14 福祉施設（定員つき）", "synthetic": false, "lon": 139.66021956188342, "lat": 35.618589144973271 }, "geometry": { "type": "Point", "coordinates": [ 139.660219561883423, 35.618589144973271 ] } },
{ "type": "Feature", "properties": { "name": "相談支援事業所　梅ヶ丘", "kind": "計画相談支援", "subclass": "991200", "capacity": 5.0, "capacity_estimated": true, "weight": 0.3, "demand_value": 1.5, "source": "国土数値情報 P14 福祉施設（定員つき）", "synthetic": false, "lon": 139.65072619712487, "lat": 35.657153388325753 }, "geometry": { "type": "Point", "coordinates": [ 139.650726197124868, 35.657153388325753 ] } },
{ "type": "Feature", "properties": { "name": "相談支援事業所　Ｋａｉｅｎ新宿", "kind": "計画相談支援", "subclass": "991200", "capacity": 5.0, "capacity_estimated": true, "weight": 0.3, "demand_value": 1.5, "source": "国土数値情報 P14 福祉施設（定員つき）", "synthetic": false, "lon": 139.69757223487727, "lat": 35.697080877468579 }, "geometry": { "type": "Point", "coordinates": [ 139.697572234877271, 35.697080877468579 ] } },
{ "type": "Feature", "properties": { "name": "杉並区児童発達相談係", "kind": "障害福祉サービス事業所", "subclass": "991200", "capacity": 15.0, "capacity_estimated": true, "weight": 0.5, "demand_value": 7.5, "source": "国土数値情報 P14 福祉施設（定員つき）", "synthetic": false, "lon": 139.63714565434873, "lat": 35.699753559479404 }, "geometry": { "type": "Point", "coordinates": [ 139.637145654348728, 35.699753559479404 ] } },
{ "type": "Feature", "properties": { "name": "渋谷区子ども発達相談センター", "kind": "児童発達支援", "subclass": "991200", "capacity": 10.0, "capacity_estimated": true, "weight": 1.0, "demand_value": 10.0, "source": "国土数値情報 P14 福祉施設（定員つき）", "synthetic": false, "lon": 139.70364911467937, "lat": 35.661844027071254 }, "geometry": { "type": "Point", "coordinates": [ 139.703649114679365, 35.661844027071254 ] } },
{ "type": "Feature", "properties": { "name": "目黒区児童発達支援センター　相談支援ひまわり", "kind": "児童発達支援", "subclass": "991200", "capacity": 10.0, "capacity_estimated": true, "weight": 1.0, "demand_value": 10.0, "source": "国土数値情報 P14 福祉施設（定員つき）", "synthetic": false, "lon": 139.69093334846707, "lat": 35.630804247051003 }, "geometry": { "type": "Point", "coordinates": [ 139.69093334846707, 35.630804247051003 ] } },
{ "type": "Feature", "properties": { "name": "あかしろきいろ子ども発達相談るーむ", "kind": "児童発達支援", "subclass": "991200", "capacity": 10.0, "capacity_estimated": true, "weight": 1.0, "demand_value": 10.0, "source": "国土数値情報 P14 福祉施設（定員つき）", "synthetic": false, "lon": 139.70518107512282, "lat": 35.57320217395835 }, "geometry": { "type": "Point", "coordinates": [ 139.705181075122823, 35.57320217395835 ] } },
{ "type": "Feature", "properties": { "name": "麻布メンタルヘルス指定相談支援事業所", "kind": "計画相談支援", "subclass": "991200", "capacity": 5.0, "capacity_estimated": true, "weight": 0.3, "demand_value": 1.5, "source": "国土数値情報 P14 福祉施設（定員つき）", "synthetic": false, "lon": 139.72293788554293, "lat": 35.658920293515223 }, "geometry": { "type": "Point", "coordinates": [ 139.722937885542933, 35.658920293515223 ] } },
{ "type": "Feature", "properties": { "name": "相談支援　にこっと", "kind": "計画相談支援", "subclass": "991200", "capacity": 5.0, "capacity_estimated": true, "weight": 0.3, "demand_value": 1.5, "source": "国土数値情報 P14 福祉施設（定員つき）", "synthetic": false, "lon": 139.65030148609105, "lat": 35.703575511325084 }, "geometry": { "type": "Point", "coordinates": [ 139.650301486091053, 35.703575511325084 ] } },
{ "type": "Feature", "properties": { "name": "相談支援センター　かりんとう", "kind": "計画相談支援", "subclass": "991200", "capacity": 5.0, "capacity_estimated": true, "weight": 0.3, "demand_value": 1.5, "source": "国土数値情報 P14 福祉施設（定員つき）", "synthetic": false, "lon": 139.65390436335178, "lat": 35.658748003495248 }, "geometry": { "type": "Point", "coordinates": [ 139.653904363351785, 35.658748003495248 ] } },
{ "type": "Feature", "properties": { "name": "相棒相談支援センター", "kind": "計画相談支援", "subclass": "991200", "capacity": 5.0, "capacity_estimated": true, "weight": 0.3, "demand_value": 1.5, "source": "国土数値情報 P14 福祉施設（定員つき）", "synthetic": false, "lon": 139.65134218318917, "lat": 35.666832558655699 }, "geometry": { "type": "Point", "coordinates": [ 139.651342183189172, 35.666832558655699 ] } },
{ "type": "Feature", "properties": { "name": "相談支援事業所かすみ草", "kind": "計画相談支援", "subclass": "991200", "capacity": 5.0, "capacity_estimated": true, "weight": 0.3, "demand_value": 1.5, "source": "国土数値情報 P14 福祉施設（定員つき）", "synthetic": false, "lon": 139.6477442512512, "lat": 35.677817671409912 }, "geometry": { "type": "Point", "coordinates": [ 139.647744251251197, 35.677817671409912 ] } },
{ "type": "Feature", "properties": { "name": "南部すこやか障害者相談支援事業所", "kind": "計画相談支援", "subclass": "991200", "capacity": 5.0, "capacity_estimated": true, "weight": 0.3, "demand_value": 1.5, "source": "国土数値情報 P14 福祉施設（定員つき）", "synthetic": false, "lon": 139.66850521958838, "lat": 35.688171794492916 }, "geometry": { "type": "Point", "coordinates": [ 139.668505219588383, 35.688171794492916 ] } },
{ "type": "Feature", "properties": { "name": "リトル　コールケア　相談支援事業所", "kind": "計画相談支援", "subclass": "991200", "capacity": 5.0, "capacity_estimated": true, "weight": 0.3, "demand_value": 1.5, "source": "国土数値情報 P14 福祉施設（定員つき）", "synthetic": false, "lon": 139.68482411451873, "lat": 35.589041582117432 }, "geometry": { "type": "Point", "coordinates": [ 139.684824114518733, 35.589041582117432 ] } },
{ "type": "Feature", "properties": { "name": "相談支援センター樹音", "kind": "計画相談支援", "subclass": "991200", "capacity": 5.0, "capacity_estimated": true, "weight": 0.3, "demand_value": 1.5, "source": "国土数値情報 P14 福祉施設（定員つき）", "synthetic": false, "lon": 139.70130377435191, "lat": 35.682942828015996 }, "geometry": { "type": "Point", "coordinates": [ 139.701303774351913, 35.682942828015996 ] } },
{ "type": "Feature", "properties": { "name": "相談支援事業所　青い鳥", "kind": "計画相談支援", "subclass": "991200", "capacity": 5.0, "capacity_estimated": true, "weight": 0.3, "demand_value": 1.5, "source": "国土数値情報 P14 福祉施設（定員つき）", "synthetic": false, "lon": 139.66404696910831, "lat": 35.607319369729396 }, "geometry": { "type": "Point", "coordinates": [ 139.664046969108313, 35.607319369729396 ] } },
{ "type": "Feature", "properties": { "name": "相談支援事業所あいだっく", "kind": "計画相談支援", "subclass": "991200", "capacity": 5.0, "capacity_estimated": true, "weight": 0.3, "demand_value": 1.5, "source": "国土数値情報 P14 福祉施設（定員つき）", "synthetic": false, "lon": 139.67427498645816, "lat": 35.695384086899196 }, "geometry": { "type": "Point", "coordinates": [ 139.674274986458158, 35.695384086899196 ] } },
{ "type": "Feature", "properties": { "name": "宮代学園相談支援センター", "kind": "計画相談支援", "subclass": "991200", "capacity": 5.0, "capacity_estimated": true, "weight": 0.3, "demand_value": 1.5, "source": "国土数値情報 P14 福祉施設（定員つき）", "synthetic": false, "lon": 139.72230920578795, "lat": 35.655158406305077 }, "geometry": { "type": "Point", "coordinates": [ 139.722309205787951, 35.655158406305077 ] } },
{ "type": "Feature", "properties": { "name": "ナイスケア目黒相談支援センター", "kind": "計画相談支援", "subclass": "991200", "capacity": 5.0, "capacity_estimated": true, "weight": 0.3, "demand_value": 1.5, "source": "国土数値情報 P14 福祉施設（定員つき）", "synthetic": false, "lon": 139.68442723140333, "lat": 35.61067506466577 }, "geometry": { "type": "Point", "coordinates": [ 139.684427231403333, 35.61067506466577 ] } },
{ "type": "Feature", "properties": { "name": "特定相談支援事業所　ワークスタッフ鵜の木", "kind": "就労継続支援B型", "subclass": "991200", "capacity": 20.0, "capacity_estimated": true, "weight": 0.9, "demand_value": 18.0, "source": "国土数値情報 P14 福祉施設（定員つき）", "synthetic": false, "lon": 139.67956866122779, "lat": 35.576152771514103 }, "geometry": { "type": "Point", "coordinates": [ 139.67956866122779, 35.576152771514103 ] } },
{ "type": "Feature", "properties": { "name": "永福南社会福祉ガーデン　相談支援事業所", "kind": "計画相談支援", "subclass": "991200", "capacity": 5.0, "capacity_estimated": true, "weight": 0.3, "demand_value": 1.5, "source": "国土数値情報 P14 福祉施設（定員つき）", "synthetic": false, "lon": 139.64335515147229, "lat": 35.669249480436292 }, "geometry": { "type": "Point", "coordinates": [ 139.643355151472292, 35.669249480436292 ] } },
{ "type": "Feature", "properties": { "name": "東京聴覚障害者支援事業所　ＲＯＮＡプラン", "kind": "障害福祉サービス事業所", "subclass": "991200", "capacity": 15.0, "capacity_estimated": true, "weight": 0.5, "demand_value": 7.5, "source": "国土数値情報 P14 福祉施設（定員つき）", "synthetic": false, "lon": 139.70753965885751, "lat": 35.655232423755933 }, "geometry": { "type": "Point", "coordinates": [ 139.707539658857513, 35.655232423755933 ] } },
{ "type": "Feature", "properties": { "name": "障がい者相談センターともに", "kind": "計画相談支援", "subclass": "991200", "capacity": 5.0, "capacity_estimated": true, "weight": 0.3, "demand_value": 1.5, "source": "国土数値情報 P14 福祉施設（定員つき）", "synthetic": false, "lon": 139.56983312013085, "lat": 35.693290161757488 }, "geometry": { "type": "Point", "coordinates": [ 139.569833120130852, 35.693290161757488 ] } },
{ "type": "Feature", "properties": { "name": "相談支援事業所えがお", "kind": "計画相談支援", "subclass": "991200", "capacity": 5.0, "capacity_estimated": true, "weight": 0.3, "demand_value": 1.5, "source": "国土数値情報 P14 福祉施設（定員つき）", "synthetic": false, "lon": 139.70852981307951, "lat": 35.615387705907096 }, "geometry": { "type": "Point", "coordinates": [ 139.708529813079508, 35.615387705907096 ] } },
{ "type": "Feature", "properties": { "name": "相談支援事業所　アプリ北品川", "kind": "計画相談支援", "subclass": "991200", "capacity": 5.0, "capacity_estimated": true, "weight": 0.3, "demand_value": 1.5, "source": "国土数値情報 P14 福祉施設（定員つき）", "synthetic": false, "lon": 139.74145837116134, "lat": 35.618119871066085 }, "geometry": { "type": "Point", "coordinates": [ 139.741458371161343, 35.618119871066085 ] } },
{ "type": "Feature", "properties": { "name": "品川区旗の台障害児者相談支援センター", "kind": "計画相談支援", "subclass": "991200", "capacity": 5.0, "capacity_estimated": true, "weight": 0.3, "demand_value": 1.5, "source": "国土数値情報 P14 福祉施設（定員つき）", "synthetic": false, "lon": 139.70044379108629, "lat": 35.605015268365491 }, "geometry": { "type": "Point", "coordinates": [ 139.700443791086286, 35.605015268365491 ] } },
{ "type": "Feature", "properties": { "name": "品川区南品川障害児者相談支援センター", "kind": "計画相談支援", "subclass": "991200", "capacity": 5.0, "capacity_estimated": true, "weight": 0.3, "demand_value": 1.5, "source": "国土数値情報 P14 福祉施設（定員つき）", "synthetic": false, "lon": 139.74480641330547, "lat": 35.607293683711816 }, "geometry": { "type": "Point", "coordinates": [ 139.744806413305469, 35.607293683711816 ] } },
{ "type": "Feature", "properties": { "name": "なごみ相談支援事業所", "kind": "計画相談支援", "subclass": "991200", "capacity": 5.0, "capacity_estimated": true, "weight": 0.3, "demand_value": 1.5, "source": "国土数値情報 P14 福祉施設（定員つき）", "synthetic": false, "lon": 139.65809908679614, "lat": 35.709945841557499 }, "geometry": { "type": "Point", "coordinates": [ 139.658099086796142, 35.709945841557499 ] } },
{ "type": "Feature", "properties": { "name": "相談支援Ｋ-スタジオ", "kind": "計画相談支援", "subclass": "991200", "capacity": 5.0, "capacity_estimated": true, "weight": 0.3, "demand_value": 1.5, "source": "国土数値情報 P14 福祉施設（定員つき）", "synthetic": false, "lon": 139.73612412798047, "lat": 35.664876432002131 }, "geometry": { "type": "Point", "coordinates": [ 139.736124127980474, 35.664876432002131 ] } },
{ "type": "Feature", "properties": { "name": "相談支援事業所　庵(いおり)", "kind": "計画相談支援", "subclass": "991200", "capacity": 5.0, "capacity_estimated": true, "weight": 0.3, "demand_value": 1.5, "source": "国土数値情報 P14 福祉施設（定員つき）", "synthetic": false, "lon": 139.64534719458106, "lat": 35.697234140568241 }, "geometry": { "type": "Point", "coordinates": [ 139.645347194581063, 35.697234140568241 ] } },
{ "type": "Feature", "properties": { "name": "港区立障害者支援ホーム南麻布", "kind": "障害福祉サービス事業所", "subclass": "991200", "capacity": 15.0, "capacity_estimated": true, "weight": 0.5, "demand_value": 7.5, "source": "国土数値情報 P14 福祉施設（定員つき）", "synthetic": false, "lon": 139.72754005330034, "lat": 35.650421504699921 }, "geometry": { "type": "Point", "coordinates": [ 139.727540053300345, 35.650421504699921 ] } },
{ "type": "Feature", "properties": { "name": "日本リック相談支援りんく中野事業所", "kind": "計画相談支援", "subclass": "991200", "capacity": 5.0, "capacity_estimated": true, "weight": 0.3, "demand_value": 1.5, "source": "国土数値情報 P14 福祉施設（定員つき）", "synthetic": false, "lon": 139.67073111779564, "lat": 35.69993763961827 }, "geometry": { "type": "Point", "coordinates": [ 139.67073111779564, 35.69993763961827 ] } },
{ "type": "Feature", "properties": { "name": "相談支援事業所　クローバー渋谷", "kind": "計画相談支援", "subclass": "991200", "capacity": 5.0, "capacity_estimated": true, "weight": 0.3, "demand_value": 1.5, "source": "国土数値情報 P14 福祉施設（定員つき）", "synthetic": false, "lon": 139.70864799791423, "lat": 35.660451331949162 }, "geometry": { "type": "Point", "coordinates": [ 139.708647997914227, 35.660451331949162 ] } },
{ "type": "Feature", "properties": { "name": "ベビーのための相談支援　ベビーノ", "kind": "計画相談支援", "subclass": "991200", "capacity": 5.0, "capacity_estimated": true, "weight": 0.3, "demand_value": 1.5, "source": "国土数値情報 P14 福祉施設（定員つき）", "synthetic": false, "lon": 139.69449783661139, "lat": 35.696292852841566 }, "geometry": { "type": "Point", "coordinates": [ 139.69449783661139, 35.696292852841566 ] } },
{ "type": "Feature", "properties": { "name": "相談支援事業所しらうめ", "kind": "計画相談支援", "subclass": "991200", "capacity": 5.0, "capacity_estimated": true, "weight": 0.3, "demand_value": 1.5, "source": "国土数値情報 P14 福祉施設（定員つき）", "synthetic": false, "lon": 139.64932753178618, "lat": 35.656214538366044 }, "geometry": { "type": "Point", "coordinates": [ 139.649327531786184, 35.656214538366044 ] } },
{ "type": "Feature", "properties": { "name": "相談支援　ファースト", "kind": "計画相談支援", "subclass": "991200", "capacity": 5.0, "capacity_estimated": true, "weight": 0.3, "demand_value": 1.5, "source": "国土数値情報 P14 福祉施設（定員つき）", "synthetic": false, "lon": 139.65284598043786, "lat": 35.677166271804538 }, "geometry": { "type": "Point", "coordinates": [ 139.65284598043786, 35.677166271804538 ] } },
{ "type": "Feature", "properties": { "name": "亀右衛門相談支援事業所", "kind": "計画相談支援", "subclass": "991200", "capacity": 5.0, "capacity_estimated": true, "weight": 0.3, "demand_value": 1.5, "source": "国土数値情報 P14 福祉施設（定員つき）", "synthetic": false, "lon": 139.67297637819922, "lat": 35.641888643448226 }, "geometry": { "type": "Point", "coordinates": [ 139.672976378199223, 35.641888643448226 ] } },
{ "type": "Feature", "properties": { "name": "相談支援事業所　このこのリーフ戸越公園", "kind": "計画相談支援", "subclass": "991200", "capacity": 5.0, "capacity_estimated": true, "weight": 0.3, "demand_value": 1.5, "source": "国土数値情報 P14 福祉施設（定員つき）", "synthetic": false, "lon": 139.71990095438423, "lat": 35.609000444230162 }, "geometry": { "type": "Point", "coordinates": [ 139.719900954384229, 35.609000444230162 ] } },
{ "type": "Feature", "properties": { "name": "相談支援ぴっと東京", "kind": "計画相談支援", "subclass": "991200", "capacity": 5.0, "capacity_estimated": true, "weight": 0.3, "demand_value": 1.5, "source": "国土数値情報 P14 福祉施設（定員つき）", "synthetic": false, "lon": 139.65562910756842, "lat": 35.59440830517309 }, "geometry": { "type": "Point", "coordinates": [ 139.655629107568416, 35.59440830517309 ] } },
{ "type": "Feature", "properties": { "name": "相談支援　クロスロード", "kind": "計画相談支援", "subclass": "991200", "capacity": 5.0, "capacity_estimated": true, "weight": 0.3, "demand_value": 1.5, "source": "国土数値情報 P14 福祉施設（定員つき）", "synthetic": false, "lon": 139.60839892964634, "lat": 35.675525908392501 }, "geometry": { "type": "Point", "coordinates": [ 139.608398929646341, 35.675525908392501 ] } },
{ "type": "Feature", "properties": { "name": "世田谷区相談支援　ポミエ", "kind": "計画相談支援", "subclass": "991200", "capacity": 5.0, "capacity_estimated": true, "weight": 0.3, "demand_value": 1.5, "source": "国土数値情報 P14 福祉施設（定員つき）", "synthetic": false, "lon": 139.60625852439841, "lat": 35.64648347704059 }, "geometry": { "type": "Point", "coordinates": [ 139.606258524398413, 35.64648347704059 ] } },
{ "type": "Feature", "properties": { "name": "相談支援事業所虹の木", "kind": "計画相談支援", "subclass": "991200", "capacity": 5.0, "capacity_estimated": true, "weight": 0.3, "demand_value": 1.5, "source": "国土数値情報 P14 福祉施設（定員つき）", "synthetic": false, "lon": 139.68382507547926, "lat": 35.706643371706321 }, "geometry": { "type": "Point", "coordinates": [ 139.683825075479263, 35.706643371706321 ] } },
{ "type": "Feature", "properties": { "name": "指定相談支援アットコレット都立大", "kind": "計画相談支援", "subclass": "991200", "capacity": 5.0, "capacity_estimated": true, "weight": 0.3, "demand_value": 1.5, "source": "国土数値情報 P14 福祉施設（定員つき）", "synthetic": false, "lon": 139.67670330762724, "lat": 35.619827809566573 }, "geometry": { "type": "Point", "coordinates": [ 139.676703307627236, 35.619827809566573 ] } }
]
}
