{"type":"FeatureCollection","features":[{"type":"Feature","geometry":{"type":"Polygon","coordinates":[[[139.653125,35.589583],[139.65625,35.589583],[139.65625,35.591667],[139.653125,35.591667],[139.653125,35.589583]]]},"properties":{"c":"5339350234","n_welfare_capacity":0.0627,"n_sped_school":0.7671,"n_station_flow":0.0,"n_clinic":0.0009,"n_zoning":0.6874,"n_noise":0.5,"n_crowding":0.0108,"n_green":0.0,"demand":0.1747,"load":0.4628,"priority":0.2969,"host":"玉堤地区会館","host_kind":"区民センター","host_ward":"世田谷区","host_d":596,"f_welfare_n":7,"f_welfare_cap":40,"f_school_n":1,"f_station_riders":21510,"f_station_dist":1274,"f_noise_db":69.6,"f_station_name":"多摩川"}},{"type":"Feature","geometry":{"type":"Polygon","coordinates":[[[139.65,35.591667],[139.653125,35.591667],[139.653125,35.59375],[139.65,35.59375],[139.65,35.591667]]]},"properties":{"c":"5339351211","n_welfare_capacity":0.0771,"n_sped_school":0.7964,"n_station_flow":0.0,"n_clinic":0.0027,"n_zoning":0.6874,"n_noise":0.0,"n_crowding":0.0975,"n_green":0.5944,"demand":0.1909,"load":0.07,"priority":0.0879,"host":"玉堤地区会館","host_kind":"区民センター","host_ward":"世田谷区","host_d":334,"f_welfare_n":11,"f_welfare_cap":89,"f_school_n":1,"f_noise_db":62.0,"f_green_pct":2.1}},{"type":"Feature","geometry":{"type":"Polygon","coordinates":[[[139.653125,35.591667],[139.65625,35.591667],[139.65625,35.59375],[139.653125,35.59375],[139.653125,35.591667]]]},"properties":{"c":"5339351212","n_welfare_capacity":0.0269,"n_sped_school":0.8089,"n_station_flow":0.0,"n_clinic":0.0188,"n_zoning":0.5045,"n_noise":0.5,"n_crowding":0.0975,"n_green":0.0,"demand":0.1801,"load":0.3839,"priority":0.2628,"host":"玉堤地区会館","host_kind":"区民センター","host_ward":"世田谷区","host_d":389,"f_welfare_n":7,"f_welfare_cap":40,"f_school_n":1,"f_station_riders":30210,"f_station_dist":1250,"f_noise_db":69.6,"f_station_name":"田園調布","f_zoning_name":"第一種中高層住居専用地域"}},{"type":"Feature","geometry":{"type":"Polygon","coordinates":[[[139.675,35.591667],[139.678125,35.591667],[139.678125,35.59375],[139.675,35.59375],[139.675,35.591667]]]},"properties":{"c":"5339351411","n_welfare_capacity":0.0529,"n_sped_school":0.1548,"n_station_flow":0.3119,"n_clinic":0.2186,"n_zoning":0.3238,"n_noise":0.6332,"n_crowding":0.7572,"n_green":0.0,"demand":0.1362,"load":0.6906,"priority":0.3211,"host":"東玉川地区会館（複合施設）","host_kind":"区民センター","host_ward":"世田谷区","host_d":535,"f_welfare_n":12,"f_welfare_cap":95,"f_clinic_n":3,"f_station_riders":22365,"f_station_dist":422,"f_noise_db":70.0,"f_station_name":"雪が谷大塚","f_zoning_name":"第一種低層住居専用地域"}},{"type":"Feature","geometry":{"type":"Polygon","coordinates":[[[139.65,35.59375],[139.653125,35.59375],[139.653125,35.595833],[139.65,35.595833],[139.65,35.59375]]]},"properties":{"c":"5339351213","n_welfare_capacity":0.0923,"n_sped_school":0.8075,"n_station_flow":0.0,"n_clinic":0.0206,"n_zoning":0.4834,"n_noise":0.1202,"n_crowding":0.0975,"n_green":0.9284,"demand":0.2025,"load":0.0161,"priority":0.0359,"host":"玉堤地区会館","host_kind":"区民センター","host_ward":"世田谷区","host_d":119,"f_welfare_n":10,"f_welfare_cap":79,"f_school_n":1,"f_station_riders":30971,"f_station_dist":1367,"f_noise_db":67.1,"f_green_pct":41.4,"f_station_name":"尾山台","f_zoning_name":"第一種中高層住居専用地域"}},{"type":"Feature","geometry":{"type":"Polygon","coordinates":[[[139.675,35.59375],[139.678125,35.59375],[139.678125,35.595833],[139.675,35.595833],[139.675,35.59375]]]},"properties":{"c":"5339351413","n_welfare_capacity":0.052,"n_sped_school":0.1618,"n_station_flow":0.2792,"n_clinic":0.3414,"n_zoning":0.0345,"n_noise":0.6332,"n_crowding":0.7572,"n_green":0.0,"demand":0.1505,"load":0.5121,"priority":0.2843,"host":"東玉川地区会館（複合施設）","host_kind":"区民センター","host_ward":"世田谷区","host_d":332,"f_welfare_n":21,"f_welfare_cap":165,"f_clinic_n":2,"f_station_riders":22365,"f_station_dist":519,"f_noise_db":70.0,"f_station_name":"雪が谷大塚","f_zoning_name":"第一種低層住居専用地域"}},{"type":"Feature","geometry":{"type":"Polygon","coordinates":[[[139.678125,35.59375],[139.68125,35.59375],[139.68125,35.595833],[139.678125,35.595833],[139.678125,35.59375]]]},"properties":{"c":"5339351414","n_welfare_capacity":0.1111,"n_sped_school":0.0628,"n_station_flow":0.2871,"n_clinic":0.2957,"n_zoning":0.3632,"n_noise":0.6332,"n_crowding":0.7572,"n_green":0.0,"demand":0.1371,"load":0.7148,"priority":0.33,"host":"東玉川地区会館（複合施設）","host_kind":"区民センター","host_ward":"世田谷区","host_d":277,"f_welfare_n":22,"f_welfare_cap":160,"f_clinic_n":2,"f_station_riders":22365,"f_station_dist":340,"f_noise_db":70.0,"f_station_name":"雪が谷大塚","f_zoning_name":"第一種低層住居専用地域"}},{"type":"Feature","geometry":{"type":"Polygon","coordinates":[[[139.646875,35.595833],[139.65,35.595833],[139.65,35.597917],[139.646875,35.597917],[139.646875,35.595833]]]},"properties":{"c":"5339351142","n_welfare_capacity":0.2124,"n_sped_school":0.7601,"n_station_flow":0.0,"n_clinic":0.0197,"n_zoning":0.5045,"n_noise":0.139,"n_crowding":0.3177,"n_green":0.0,"demand":0.2473,"load":0.2906,"priority":0.2709,"host":"玉堤地区会館","host_kind":"区民センター","host_ward":"世田谷区","host_d":380,"f_welfare_n":15,"f_welfare_cap":149,"f_school_n":1,"f_station_riders":30971,"f_station_dist":1229,"f_noise_db":67.4,"f_station_name":"尾山台","f_zoning_name":"第一種中高層住居専用地域"}},{"type":"Feature","geometry":{"type":"Polygon","coordinates":[[[139.65,35.595833],[139.653125,35.595833],[139.653125,35.597917],[139.65,35.597917],[139.65,35.595833]]]},"properties":{"c":"5339351231","n_welfare_capacity":0.1837,"n_sped_school":0.8033,"n_station_flow":0.0089,"n_clinic":0.0403,"n_zoning":0.4843,"n_noise":0.1327,"n_crowding":0.6255,"n_green":0.0,"demand":0.2563,"load":0.4341,"priority":0.3561,"host":"玉堤地区会館","host_kind":"区民センター","host_ward":"世田谷区","host_d":154,"f_welfare_n":10,"f_welfare_cap":79,"f_school_n":1,"f_station_riders":30971,"f_station_dist":1140,"f_noise_db":67.3,"f_station_name":"尾山台","f_zoning_name":"第一種中高層住居専用地域"}},{"type":"Feature","geometry":{"type":"Polygon","coordinates":[[[139.671875,35.595833],[139.675,35.595833],[139.675,35.597917],[139.671875,35.597917],[139.671875,35.595833]]]},"properties":{"c":"5339351342","n_welfare_capacity":0.0197,"n_sped_school":0.2469,"n_station_flow":0.2752,"n_clinic":0.5197,"n_zoning":0.2897,"n_noise":0.6332,"n_crowding":0.3709,"n_green":0.0,"demand":0.1944,"load":0.4709,"priority":0.3202,"host":"（旧）奥沢まちづくりセンター","host_kind":"出張所","host_ward":"世田谷区","host_d":344,"f_welfare_n":17,"f_welfare_cap":115,"f_clinic_n":4,"f_station_riders":30210,"f_station_dist":559,"f_noise_db":70.0,"f_station_name":"田園調布","f_zoning_name":"第一種低層住居専用地域"}},{"type":"Feature","geometry":{"type":"Polygon","coordinates":[[[139.675,35.595833],[139.678125,35.595833],[139.678125,35.597917],[139.675,35.597917],[139.675,35.595833]]]},"properties":{"c":"5339351431","n_welfare_capacity":0.0448,"n_sped_school":0.1604,"n_station_flow":0.2545,"n_clinic":0.5063,"n_zoning":0.0345,"n_noise":0.6332,"n_crowding":0.1006,"n_green":0.2763,"demand":0.164,"load":0.104,"priority":0.1085,"host":"東玉川地区会館（複合施設）","host_kind":"区民センター","host_ward":"世田谷区","host_d":203,"f_welfare_n":24,"f_welfare_cap":180,"f_clinic_n":2,"f_station_riders":22365,"f_station_dist":684,"f_noise_db":70.0,"f_green_pct":0.6,"f_station_name":"雪が谷大塚","f_zoning_name":"第一種低層住居専用地域"}},{"type":"Feature","geometry":{"type":"Polygon","coordinates":[[[139.678125,35.595833],[139.68125,35.595833],[139.68125,35.597917],[139.678125,35.597917],[139.678125,35.595833]]]},"properties":{"c":"5339351432","n_welfare_capacity":0.0744,"n_sped_school":0.0558,"n_station_flow":0.2416,"n_clinic":0.4462,"n_zoning":0.1812,"n_noise":0.6332,"n_crowding":0.1006,"n_green":0.4095,"demand":0.1308,"load":0.1318,"priority":0.1112,"host":"東玉川地区会館（複合施設）","host_kind":"区民センター","host_ward":"世田谷区","host_d":89,"f_welfare_n":17,"f_welfare_cap":130,"f_station_riders":14877,"f_station_dist":490,"f_noise_db":70.0,"f_green_pct":1.1,"f_station_name":"石川台","f_zoning_name":"第一種低層住居専用地域"}},{"type":"Feature","geometry":{"type":"Polygon","coordinates":[[[139.640625,35.597917],[139.64375,35.597917],[139.64375,35.6],[139.640625,35.6],[139.640625,35.597917]]]},"properties":{"c":"5339351134","n_welfare_capacity":0.3504,"n_sped_school":0.53,"n_station_flow":0.004,"n_clinic":0.0233,"n_zoning":0.5045,"n_noise":0.0108,"n_crowding":0.1047,"n_green":0.9225,"demand":0.2159,"load":0.0099,"priority":0.026,"f_welfare_n":10,"f_welfare_cap":139,"f_station_riders":27098,"f_station_dist":1168,"f_noise_db":65.0,"f_green_pct":39.0,"f_station_name":"等々力","f_zoning_name":"第一種中高層住居専用地域"}},{"type":"Feature","geometry":{"type":"Polygon","coordinates":[[[139.64375,35.597917],[139.646875,35.597917],[139.646875,35.6],[139.64375,35.6],[139.64375,35.597917]]]},"properties":{"c":"5339351143","n_welfare_capacity":0.353,"n_sped_school":0.6527,"n_station_flow":0.0267,"n_clinic":0.026,"n_zoning":0.5045,"n_noise":0.0717,"n_crowding":0.3177,"n_green":0.9662,"demand":0.293,"load":0.0305,"priority":0.0673,"f_welfare_n":15,"f_welfare_cap":209,"f_school_n":1,"f_station_riders":27098,"f_station_dist":1071,"f_noise_db":66.5,"f_green_pct":75.6,"f_station_name":"等々力","f_zoning_name":"第一種中高層住居専用地域"}},{"type":"Feature","geometry":{"type":"Polygon","coordinates":[[[139.646875,35.597917],[139.65,35.597917],[139.65,35.6],[139.646875,35.6],[139.646875,35.597917]]]},"properties":{"c":"5339351144","n_welfare_capacity":0.3136,"n_sped_school":0.728,"n_station_flow":0.0564,"n_clinic":0.0358,"n_zoning":0.4861,"n_noise":0.165,"n_crowding":0.3177,"n_green":0.0,"demand":0.3118,"load":0.2924,"priority":0.3193,"host":"玉堤地区会館","host_kind":"区民センター","host_ward":"世田谷区","host_d":510,"f_welfare_n":17,"f_welfare_cap":183,"f_school_n":1,"f_clinic_n":1,"f_station_riders":30971,"f_station_dist":1024,"f_noise_db":67.7,"f_station_name":"尾山台","f_zoning_name":"第一種中高層住居専用地域"}},{"type":"Feature","geometry":{"type":"Polygon","coordinates":[[[139.65,35.597917],[139.653125,35.597917],[139.653125,35.6],[139.65,35.6],[139.65,35.597917]]]},"properties":{"c":"5339351233","n_welfare_capacity":0.2805,"n_sped_school":0.7727,"n_station_flow":0.0802,"n_clinic":0.0609,"n_zoning":0.4215,"n_noise":0.2852,"n_crowding":0.6255,"n_green":0.0,"demand":0.3351,"load":0.4861,"priority":0.435,"host":"玉堤地区会館","host_kind":"区民センター","host_ward":"世田谷区","host_d":374,"f_welfare_n":17,"f_welfare_cap":138,"f_school_n":1,"f_clinic_n":1,"f_station_riders":30971,"f_station_dist":915,"f_noise_db":68.3,"f_station_name":"尾山台","f_zoning_name":"第一種中高層住居専用地域"}},{"type":"Feature","geometry":{"type":"Polygon","coordinates":[[[139.653125,35.597917],[139.65625,35.597917],[139.65625,35.6],[139.653125,35.6],[139.653125,35.597917]]]},"properties":{"c":"5339351234","n_welfare_capacity":0.2285,"n_sped_school":0.7922,"n_station_flow":0.0941,"n_clinic":0.1523,"n_zoning":0.1937,"n_noise":0.2825,"n_crowding":0.6255,"n_green":0.0,"demand":0.3441,"load":0.3291,"priority":0.3596,"host":"玉堤地区会館","host_kind":"区民センター","host_ward":"世田谷区","host_d":424,"f_welfare_n":12,"f_welfare_cap":99,"f_school_n":1,"f_clinic_n":1,"f_station_riders":30971,"f_station_dist":886,"f_noise_db":68.3,"f_station_name":"尾山台","f_zoning_name":"第一種低層住居専用地域"}},{"type":"Feature","geometry":{"type":"Polygon","coordinates":[[[139.665625,35.597917],[139.66875,35.597917],[139.66875,35.6],[139.665625,35.6],[139.665625,35.597917]]]},"properties":{"c":"5339351334","n_welfare_capacity":0.0421,"n_sped_school":0.5328,"n_station_flow":0.6168,"n_clinic":0.6416,"n_zoning":0.365,"n_noise":0.5,"n_crowding":0.62,"n_green":0.0,"demand":0.5125,"load":0.5785,"priority":0.6027,"host":"（旧）奥沢まちづくりセンター","host_kind":"出張所","host_ward":"世田谷区","host_d":550,"f_welfare_n":16,"f_welfare_cap":135,"f_clinic_n":6,"f_station_riders":30210,"f_station_dist":185,"f_noise_db":69.6,"f_station_name":"田園調布","f_zoning_name":"第一種低層住居専用地域"}},{"type":"Feature","geometry":{"type":"Polygon","coordinates":[[[139.66875,35.597917],[139.671875,35.597917],[139.671875,35.6],[139.66875,35.6],[139.66875,35.597917]]]},"properties":{"c":"5339351343","n_welfare_capacity":0.0376,"n_sped_school":0.3821,"n_station_flow":0.6129,"n_clinic":0.6568,"n_zoning":0.774,"n_noise":0.5,"n_crowding":0.3709,"n_green":0.0,"demand":0.4507,"load":0.7013,"priority":0.6269,"host":"奥沢図書館（複合施設）","host_kind":"図書館","host_ward":"世田谷区","host_d":551,"f_welfare_n":18,"f_welfare_cap":110,"f_clinic_n":5,"f_station_riders":30210,"f_station_dist":331,"f_noise_db":69.6,"f_station_name":"田園調布","f_zoning_name":"第一種低層住居専用地域"}},{"type":"Feature","geometry":{"type":"Polygon","coordinates":[[[139.671875,35.597917],[139.675,35.597917],[139.675,35.6],[139.671875,35.6],[139.671875,35.597917]]]},"properties":{"c":"5339351344","n_welfare_capacity":0.0242,"n_sped_school":0.2385,"n_station_flow":0.5386,"n_clinic":0.655,"n_zoning":0.4682,"n_noise":0.6332,"n_crowding":0.3709,"n_green":0.0,"demand":0.3459,"load":0.591,"priority":0.4933,"host":"奥沢図書館（複合施設）","host_kind":"図書館","host_ward":"世田谷区","host_d":526,"f_welfare_n":19,"f_welfare_cap":120,"f_clinic_n":4,"f_station_riders":12146,"f_station_dist":561,"f_noise_db":70.0,"f_station_name":"奥沢","f_zoning_name":"第一種低層住居専用地域"}},{"type":"Feature","geometry":{"type":"Polygon","coordinates":[[[139.675,35.597917],[139.678125,35.597917],[139.678125,35.6],[139.675,35.6],[139.675,35.597917]]]},"properties":{"c":"5339351433","n_welfare_capacity":0.0323,"n_sped_school":0.1506,"n_station_flow":0.4545,"n_clinic":0.6201,"n_zoning":0.2126,"n_noise":0.6332,"n_crowding":0.1006,"n_green":0.334,"demand":0.2643,"load":0.1623,"priority":0.1964,"host":"奥沢図書館（複合施設）","host_kind":"図書館","host_ward":"世田谷区","host_d":641,"f_welfare_n":21,"f_welfare_cap":145,"f_clinic_n":2,"f_station_riders":12146,"f_station_dist":669,"f_noise_db":70.0,"f_green_pct":0.8,"f_station_name":"奥沢","f_zoning_name":"第一種低層住居専用地域"}},{"type":"Feature","geometry":{"type":"Polygon","coordinates":[[[139.678125,35.597917],[139.68125,35.597917],[139.68125,35.6],[139.678125,35.6],[139.678125,35.597917]]]},"properties":{"c":"5339351434","n_welfare_capacity":0.0538,"n_sped_school":0.0404,"n_station_flow":0.3208,"n_clinic":0.5618,"n_zoning":0.1964,"n_noise":0.6332,"n_crowding":0.1006,"n_green":0.0,"demand":0.1649,"load":0.2664,"priority":0.1982,"host":"東玉川地区会館（複合施設）","host_kind":"区民センター","host_ward":"世田谷区","host_d":214,"f_welfare_n":13,"f_welfare_cap":95,"f_clinic_n":1,"f_station_riders":14877,"f_station_dist":542,"f_noise_db":70.0,"f_station_name":"石川台","f_zoning_name":"第一種低層住居専用地域"}},{"type":"Feature","geometry":{"type":"Polygon","coordinates":[[[139.6375,35.6],[139.640625,35.6],[139.640625,35.602083],[139.6375,35.602083],[139.6375,35.6]]]},"properties":{"c":"5339352111","n_welfare_capacity":0.4023,"n_sped_school":0.3305,"n_station_flow":0.0059,"n_clinic":0.0305,"n_zoning":0.5045,"n_noise":0.0036,"n_crowding":0.1882,"n_green":0.0,"demand":0.181,"load":0.1578,"priority":0.1561,"f_welfare_n":7,"f_welfare_cap":100,"f_station_riders":27098,"f_station_dist":1145,"f_noise_db":64.7,"f_station_name":"等々力","f_zoning_name":"第一種中高層住居専用地域"}},{"type":"Feature","geometry":{"type":"Polygon","coordinates":[[[139.640625,35.6],[139.64375,35.6],[139.64375,35.602083],[139.640625,35.602083],[139.640625,35.6]]]},"properties":{"c":"5339352112","n_welfare_capacity":0.3934,"n_sped_school":0.4854,"n_station_flow":0.0178,"n_clinic":0.0349,"n_zoning":0.2583,"n_noise":0.0009,"n_crowding":0.1882,"n_green":0.0855,"demand":0.2375,"load":0.0538,"priority":0.0861,"f_welfare_n":15,"f_welfare_cap":219,"f_station_riders":27098,"f_station_dist":967,"f_noise_db":63.5,"f_green_pct":0.2,"f_station_name":"等々力","f_zoning_name":"第一種低層住居専用地域"}},{"type":"Feature","geometry":{"type":"Polygon","coordinates":[[[139.64375,35.6],[139.646875,35.6],[139.646875,35.602083],[139.64375,35.602083],[139.64375,35.6]]]},"properties":{"c":"5339352121","n_welfare_capacity":0.4328,"n_sped_school":0.5914,"n_station_flow":0.0792,"n_clinic":0.0439,"n_zoning":0.1767,"n_noise":0.0843,"n_crowding":0.0708,"n_green":0.6421,"demand":0.3324,"load":0.0054,"priority":0.0215,"f_welfare_n":18,"f_welfare_cap":203,"f_school_n":1,"f_clinic_n":1,"f_station_riders":27098,"f_station_dist":848,"f_noise_db":66.9,"f_green_pct":2.5,"f_station_name":"等々力","f_zoning_name":"第一種低層住居専用地域"}},{"type":"Feature","geometry":{"type":"Polygon","coordinates":[[[139.646875,35.6],[139.65,35.6],[139.65,35.602083],[139.646875,35.602083],[139.646875,35.6]]]},"properties":{"c":"5339352122","n_welfare_capacity":0.4256,"n_sped_school":0.6932,"n_station_flow":0.1158,"n_clinic":0.0502,"n_zoning":0.2377,"n_noise":0.2789,"n_crowding":0.0708,"n_green":0.1551,"demand":0.3925,"load":0.0825,"priority":0.1731,"host":"尾山台図書館（複合施設）","host_kind":"図書館","host_ward":"世田谷区","host_d":634,"f_welfare_n":23,"f_welfare_cap":243,"f_school_n":1,"f_clinic_n":2,"f_station_riders":27098,"f_station_dist":814,"f_noise_db":68.3,"f_green_pct":0.3,"f_station_name":"等々力","f_zoning_name":"第一種低層住居専用地域"}},{"type":"Feature","geometry":{"type":"Polygon","coordinates":[[[139.65,35.6],[139.653125,35.6],[139.653125,35.602083],[139.65,35.602083],[139.65,35.6]]]},"properties":{"c":"5339352211","n_welfare_capacity":0.3889,"n_sped_school":0.7266,"n_station_flow":0.1594,"n_clinic":0.1147,"n_zoning":0.0345,"n_noise":0.3543,"n_crowding":0.2495,"n_green":0.0,"demand":0.4194,"load":0.1175,"priority":0.2161,"host":"尾山台図書館（複合施設）","host_kind":"図書館","host_ward":"世田谷区","host_d":529,"f_welfare_n":23,"f_welfare_cap":243,"f_school_n":1,"f_clinic_n":2,"f_station_riders":30971,"f_station_dist":694,"f_noise_db":68.7,"f_station_name":"尾山台","f_zoning_name":"第一種低層住居専用地域"}},{"type":"Feature","geometry":{"type":"Polygon","coordinates":[[[139.653125,35.6],[139.65625,35.6],[139.65625,35.602083],[139.653125,35.602083],[139.653125,35.6]]]},"properties":{"c":"5339352212","n_welfare_capacity":0.3396,"n_sped_school":0.7503,"n_station_flow":0.1653,"n_clinic":0.2536,"n_zoning":0.0345,"n_noise":0.3336,"n_crowding":0.2495,"n_green":0.0,"demand":0.4462,"load":0.1112,"priority":0.217,"host":"尾山台図書館（複合施設）","host_kind":"図書館","host_ward":"世田谷区","host_d":563,"f_welfare_n":19,"f_welfare_cap":173,"f_school_n":1,"f_clinic_n":2,"f_station_riders":30971,"f_station_dist":656,"f_noise_db":68.6,"f_station_name":"尾山台","f_zoning_name":"第一種低層住居専用地域"}},{"type":"Feature","geometry":{"type":"Polygon","coordinates":[[[139.65625,35.6],[139.659375,35.6],[139.659375,35.602083],[139.65625,35.602083],[139.65625,35.6]]]},"properties":{"c":"5339352221","n_welfare_capacity":0.2446,"n_sped_school":0.7294,"n_station_flow":0.1802,"n_clinic":0.448,"n_zoning":0.2888,"n_noise":0.7695,"n_crowding":0.3678,"n_green":0.0,"demand":0.4435,"load":0.5534,"priority":0.5426,"host":"九品仏地区会館","host_kind":"区民センター","host_ward":"世田谷区","host_d":676,"f_welfare_n":16,"f_welfare_cap":157,"f_school_n":1,"f_clinic_n":4,"f_station_riders":12729,"f_station_dist":561,"f_noise_db":71.1,"f_station_name":"九品仏","f_zoning_name":"第一種低層住居専用地域"}},{"type":"Feature","geometry":{"type":"Polygon","coordinates":[[[139.659375,35.6],[139.6625,35.6],[139.6625,35.602083],[139.659375,35.602083],[139.659375,35.6]]]},"properties":{"c":"5339352222","n_welfare_capacity":0.1909,"n_sped_school":0.6946,"n_station_flow":0.5277,"n_clinic":0.6039,"n_zoning":0.6448,"n_noise":0.3964,"n_crowding":0.3678,"n_green":0.0,"demand":0.578,"load":0.5677,"priority":0.6395,"host":"九品仏地区会館","host_kind":"区民センター","host_ward":"世田谷区","host_d":576,"f_welfare_n":13,"f_welfare_cap":142,"f_school_n":1,"f_clinic_n":5,"f_station_riders":12729,"f_station_dist":481,"f_noise_db":69.0,"f_station_name":"九品仏","f_zoning_name":"第一種中高層住居専用地域"}},{"type":"Feature","geometry":{"type":"Polygon","coordinates":[[[139.6625,35.6],[139.665625,35.6],[139.665625,35.602083],[139.6625,35.602083],[139.6625,35.6]]]},"properties":{"c":"5339352311","n_welfare_capacity":0.1057,"n_sped_school":0.5955,"n_station_flow":0.6683,"n_clinic":0.6846,"n_zoning":0.5372,"n_noise":0.5,"n_crowding":0.486,"n_green":0.0,"demand":0.5815,"load":0.617,"priority":0.6709,"host":"九品仏地区会館","host_kind":"区民センター","host_ward":"世田谷区","host_d":606,"f_welfare_n":22,"f_welfare_cap":165,"f_school_n":1,"f_clinic_n":7,"f_station_riders":30210,"f_station_dist":508,"f_noise_db":69.6,"f_station_name":"田園調布","f_zoning_name":"第一種低層住居専用地域"}},{"type":"Feature","geometry":{"type":"Polygon","coordinates":[[[139.665625,35.6],[139.66875,35.6],[139.66875,35.602083],[139.665625,35.602083],[139.665625,35.6]]]},"properties":{"c":"5339352312","n_welfare_capacity":0.0609,"n_sped_school":0.4868,"n_station_flow":0.7,"n_clinic":0.7679,"n_zoning":0.3417,"n_noise":0.8408,"n_crowding":0.486,"n_green":0.0,"demand":0.5663,"load":0.6816,"priority":0.6942,"host":"奥沢図書館（複合施設）","host_kind":"図書館","host_ward":"世田谷区","host_d":552,"f_welfare_n":23,"f_welfare_cap":170,"f_clinic_n":11,"f_station_riders":30210,"f_station_dist":416,"f_noise_db":72.0,"f_station_name":"田園調布","f_zoning_name":"第一種低層住居専用地域"}},{"type":"Feature","geometry":{"type":"Polygon","coordinates":[[[139.66875,35.6],[139.671875,35.6],[139.671875,35.602083],[139.66875,35.602083],[139.66875,35.6]]]},"properties":{"c":"5339352321","n_welfare_capacity":0.0439,"n_sped_school":0.3361,"n_station_flow":0.699,"n_clinic":0.7814,"n_zoning":0.3623,"n_noise":0.8408,"n_crowding":0.6115,"n_green":0.0,"demand":0.5054,"load":0.7507,"priority":0.6861,"host":"奥沢図書館（複合施設）","host_kind":"図書館","host_ward":"世田谷区","host_d":343,"f_welfare_n":18,"f_welfare_cap":145,"f_clinic_n":11,"f_station_riders":12146,"f_station_dist":374,"f_noise_db":72.0,"f_station_name":"奥沢","f_zoning_name":"第一種低層住居専用地域"}},{"type":"Feature","geometry":{"type":"Polygon","coordinates":[[[139.671875,35.6],[139.675,35.6],[139.675,35.602083],[139.671875,35.602083],[139.671875,35.6]]]},"properties":{"c":"5339352322","n_welfare_capacity":0.0493,"n_sped_school":0.2148,"n_station_flow":0.6267,"n_clinic":0.75,"n_zoning":0.4395,"n_noise":0.6332,"n_crowding":0.6115,"n_green":0.0,"demand":0.4104,"load":0.6888,"priority":0.5785,"host":"奥沢図書館（複合施設）","host_kind":"図書館","host_ward":"世田谷区","host_d":302,"f_welfare_n":14,"f_welfare_cap":95,"f_clinic_n":9,"f_station_riders":12146,"f_station_dist":335,"f_noise_db":70.0,"f_station_name":"奥沢","f_zoning_name":"第一種低層住居専用地域"}},{"type":"Feature","geometry":{"type":"Polygon","coordinates":[[[139.675,35.6],[139.678125,35.6],[139.678125,35.602083],[139.675,35.602083],[139.675,35.6]]]},"properties":{"c":"5339352411","n_welfare_capacity":0.0475,"n_sped_school":0.1227,"n_station_flow":0.5871,"n_clinic":0.6927,"n_zoning":0.0345,"n_noise":0.6332,"n_crowding":0.1277,"n_green":0.0,"demand":0.3432,"load":0.1874,"priority":0.2529,"host":"奥沢図書館（複合施設）","host_kind":"図書館","host_ward":"世田谷区","host_d":474,"f_welfare_n":14,"f_welfare_cap":95,"f_clinic_n":4,"f_station_riders":12146,"f_station_dist":495,"f_noise_db":70.0,"f_station_name":"奥沢","f_zoning_name":"第一種低層住居専用地域"}},{"type":"Feature","geometry":{"type":"Polygon","coordinates":[[[139.678125,35.6],[139.68125,35.6],[139.68125,35.602083],[139.678125,35.602083],[139.678125,35.6]]]},"properties":{"c":"5339352412","n_welfare_capacity":0.0502,"n_sped_school":0.0223,"n_station_flow":0.3663,"n_clinic":0.6335,"n_zoning":0.0345,"n_noise":0.6332,"n_crowding":0.1277,"n_green":0.5964,"demand":0.1891,"load":0.0502,"priority":0.0709,"host":"東玉川地区会館（複合施設）","host_kind":"区民センター","host_ward":"世田谷区","host_d":437,"f_welfare_n":11,"f_welfare_cap":85,"f_clinic_n":3,"f_station_riders":10090,"f_station_dist":605,"f_noise_db":70.0,"f_green_pct":2.1,"f_station_name":"緑が丘","f_zoning_name":"第一種低層住居専用地域"}},{"type":"Feature","geometry":{"type":"Polygon","coordinates":[[[139.6375,35.602083],[139.640625,35.602083],[139.640625,35.604167],[139.6375,35.604167],[139.6375,35.602083]]]},"properties":{"c":"5339352113","n_welfare_capacity":0.422,"n_sped_school":0.2664,"n_station_flow":0.0545,"n_clinic":0.0547,"n_zoning":0.4386,"n_noise":0.122,"n_crowding":0.1882,"n_green":0.1193,"demand":0.1864,"load":0.1444,"priority":0.1516,"f_welfare_n":12,"f_welfare_cap":140,"f_clinic_n":1,"f_station_riders":22230,"f_station_dist":983,"f_noise_db":67.1,"f_green_pct":0.3,"f_station_name":"上野毛","f_zoning_name":"第一種中高層住居専用地域"}},{"type":"Feature","geometry":{"type":"Polygon","coordinates":[[[139.640625,35.602083],[139.64375,35.602083],[139.64375,35.604167],[139.640625,35.604167],[139.640625,35.602083]]]},"properties":{"c":"5339352114","n_welfare_capacity":0.4677,"n_sped_school":0.4128,"n_station_flow":0.1069,"n_clinic":0.0457,"n_zoning":0.1426,"n_noise":0.0547,"n_crowding":0.1882,"n_green":0.0,"demand":0.2957,"load":0.0493,"priority":0.0933,"f_welfare_n":15,"f_welfare_cap":188,"f_clinic_n":1,"f_station_riders":27098,"f_station_dist":782,"f_noise_db":66.2,"f_station_name":"等々力","f_zoning_name":"第一種低層住居専用地域"}},{"type":"Feature","geometry":{"type":"Polygon","coordinates":[[[139.64375,35.602083],[139.646875,35.602083],[139.646875,35.604167],[139.64375,35.604167],[139.64375,35.602083]]]},"properties":{"c":"5339352123","n_welfare_capacity":0.4606,"n_sped_school":0.5258,"n_station_flow":0.1644,"n_clinic":0.0565,"n_zoning":0.0345,"n_noise":0.4152,"n_crowding":0.0708,"n_green":0.8091,"demand":0.3602,"load":0.0081,"priority":0.0341,"host":"等々力まちづくりセンター（複合施設）","host_kind":"出張所","host_ward":"世田谷区","host_d":669,"f_welfare_n":20,"f_welfare_cap":252,"f_clinic_n":2,"f_station_riders":27098,"f_station_dist":629,"f_noise_db":69.1,"f_green_pct":7.8,"f_station_name":"等々力","f_zoning_name":"第一種低層住居専用地域"}},{"type":"Feature","geometry":{"type":"Polygon","coordinates":[[[139.646875,35.602083],[139.65,35.602083],[139.65,35.604167],[139.646875,35.604167],[139.646875,35.602083]]]},"properties":{"c":"5339352124","n_welfare_capacity":0.5018,"n_sped_school":0.6067,"n_station_flow":0.2119,"n_clinic":0.0815,"n_zoning":0.2242,"n_noise":0.426,"n_crowding":0.0708,"n_green":0.1451,"demand":0.4471,"load":0.1238,"priority":0.2359,"host":"尾山台図書館（複合施設）","host_kind":"図書館","host_ward":"世田谷区","host_d":462,"f_welfare_n":22,"f_welfare_cap":272,"f_school_n":1,"f_clinic_n":3,"f_station_riders":27098,"f_station_dist":583,"f_noise_db":69.3,"f_green_pct":0.3,"f_station_name":"等々力","f_zoning_name":"第一種低層住居専用地域"}},{"type":"Feature","geometry":{"type":"Polygon","coordinates":[[[139.65,35.602083],[139.653125,35.602083],[139.653125,35.604167],[139.65,35.604167],[139.65,35.602083]]]},"properties":{"c":"5339352213","n_welfare_capacity":0.4803,"n_sped_school":0.6709,"n_station_flow":0.2614,"n_clinic":0.1676,"n_zoning":0.4063,"n_noise":0.4161,"n_crowding":0.2495,"n_green":0.0,"demand":0.5108,"load":0.3543,"priority":0.4565,"host":"尾山台図書館（複合施設）","host_kind":"図書館","host_ward":"世田谷区","host_d":302,"f_welfare_n":24,"f_welfare_cap":267,"f_school_n":1,"f_clinic_n":3,"f_station_riders":30971,"f_station_dist":482,"f_noise_db":69.2,"f_station_name":"尾山台","f_zoning_name":"第一種低層住居専用地域"}},{"type":"Feature","geometry":{"type":"Polygon","coordinates":[[[139.653125,35.602083],[139.65625,35.602083],[139.65625,35.604167],[139.653125,35.604167],[139.653125,35.602083]]]},"properties":{"c":"5339352214","n_welfare_capacity":0.4391,"n_sped_school":0.6806,"n_station_flow":0.2644,"n_clinic":0.3324,"n_zoning":0.5327,"n_noise":0.3857,"n_crowding":0.2495,"n_green":0.0,"demand":0.5305,"load":0.4161,"priority":0.5139,"host":"尾山台図書館（複合施設）","host_kind":"図書館","host_ward":"世田谷区","host_d":358,"f_welfare_n":20,"f_welfare_cap":265,"f_school_n":1,"f_clinic_n":3,"f_station_riders":30971,"f_station_dist":426,"f_noise_db":68.9,"f_station_name":"尾山台","f_zoning_name":"第一種低層住居専用地域"}},{"type":"Feature","geometry":{"type":"Polygon","coordinates":[[[139.65625,35.602083],[139.659375,35.602083],[139.659375,35.604167],[139.65625,35.604167],[139.65625,35.602083]]]},"properties":{"c":"5339352223","n_welfare_capacity":0.3423,"n_sped_school":0.6722,"n_station_flow":0.5059,"n_clinic":0.5466,"n_zoning":0.322,"n_noise":0.7444,"n_crowding":0.3678,"n_green":0.4254,"demand":0.6057,"load":0.3821,"priority":0.5274,"host":"尾山台図書館（複合施設）","host_kind":"図書館","host_ward":"世田谷区","host_d":571,"f_welfare_n":14,"f_welfare_cap":191,"f_school_n":1,"f_clinic_n":4,"f_station_riders":12729,"f_station_dist":382,"f_noise_db":70.8,"f_green_pct":1.1,"f_station_name":"九品仏","f_zoning_name":"第一種低層住居専用地域"}},{"type":"Feature","geometry":{"type":"Polygon","coordinates":[[[139.659375,35.602083],[139.6625,35.602083],[139.6625,35.604167],[139.659375,35.604167],[139.659375,35.602083]]]},"properties":{"c":"5339352224","n_welfare_capacity":0.2688,"n_sped_school":0.6081,"n_station_flow":0.6475,"n_clinic":0.6658,"n_zoning":0.4233,"n_noise":0.6816,"n_crowding":0.3678,"n_green":0.0,"demand":0.6299,"load":0.5901,"priority":0.6798,"host":"九品仏地区会館","host_kind":"区民センター","host_ward":"世田谷区","host_d":348,"f_welfare_n":16,"f_welfare_cap":157,"f_school_n":1,"f_clinic_n":7,"f_station_riders":12729,"f_station_dist":250,"f_noise_db":70.2,"f_station_name":"九品仏","f_zoning_name":"第一種低層住居専用地域"}},{"type":"Feature","geometry":{"type":"Polygon","coordinates":[[[139.6625,35.602083],[139.665625,35.602083],[139.665625,35.604167],[139.6625,35.604167],[139.6625,35.602083]]]},"properties":{"c":"5339352313","n_welfare_capacity":0.1819,"n_sped_school":0.5286,"n_station_flow":0.7297,"n_clinic":0.7841,"n_zoning":0.1471,"n_noise":0.7157,"n_crowding":0.486,"n_green":0.0,"demand":0.6237,"load":0.487,"priority":0.6117,"host":"九品仏地区会館","host_kind":"区民センター","host_ward":"世田谷区","host_d":397,"f_welfare_n":26,"f_welfare_cap":222,"f_clinic_n":11,"f_station_riders":12729,"f_station_dist":373,"f_noise_db":70.6,"f_station_name":"九品仏","f_zoning_name":"第一種低層住居専用地域"}},{"type":"Feature","geometry":{"type":"Polygon","coordinates":[[[139.665625,35.602083],[139.66875,35.602083],[139.66875,35.604167],[139.665625,35.604167],[139.665625,35.602083]]]},"properties":{"c":"5339352314","n_welfare_capacity":0.0977,"n_sped_school":0.4156,"n_station_flow":0.7564,"n_clinic":0.8208,"n_zoning":0.0987,"n_noise":0.8408,"n_crowding":0.486,"n_green":0.0,"demand":0.5762,"load":0.5283,"priority":0.6126,"host":"奥沢図書館（複合施設）","host_kind":"図書館","host_ward":"世田谷区","host_d":475,"f_welfare_n":25,"f_welfare_cap":180,"f_clinic_n":14,"f_station_riders":136588,"f_station_dist":480,"f_noise_db":72.0,"f_station_name":"自由が丘","f_zoning_name":"第一種低層住居専用地域"}},{"type":"Feature","geometry":{"type":"Polygon","coordinates":[[[139.66875,35.602083],[139.671875,35.602083],[139.671875,35.604167],[139.66875,35.604167],[139.66875,35.602083]]]},"properties":{"c":"5339352323","n_welfare_capacity":0.0753,"n_sped_school":0.272,"n_station_flow":0.7515,"n_clinic":0.8486,"n_zoning":0.5507,"n_noise":0.8408,"n_crowding":0.6115,"n_green":0.0,"demand":0.5323,"load":0.8439,"priority":0.7498,"host":"奥沢図書館（複合施設）","host_kind":"図書館","host_ward":"世田谷区","host_d":197,"f_welfare_n":23,"f_welfare_cap":170,"f_clinic_n":14,"f_station_riders":12146,"f_station_dist":211,"f_noise_db":72.0,"f_station_name":"奥沢","f_zoning_name":"第一種低層住居専用地域"}},{"type":"Feature","geometry":{"type":"Polygon","coordinates":[[[139.671875,35.602083],[139.675,35.602083],[139.675,35.604167],[139.671875,35.604167],[139.671875,35.602083]]]},"properties":{"c":"5339352324","n_welfare_capacity":0.0618,"n_sped_school":0.1827,"n_station_flow":0.7277,"n_clinic":0.8235,"n_zoning":0.8197,"n_noise":0.7659,"n_crowding":0.6115,"n_green":0.0,"demand":0.4776,"load":0.9139,"priority":0.7417,"host":"奥沢図書館（複合施設）","host_kind":"図書館","host_ward":"世田谷区","host_d":109,"f_welfare_n":21,"f_welfare_cap":165,"f_clinic_n":14,"f_station_riders":12146,"f_station_dist":130,"f_noise_db":71.0,"f_station_name":"奥沢","f_zoning_name":"第一種低層住居専用地域"}},{"type":"Feature","geometry":{"type":"Polygon","coordinates":[[[139.675,35.602083],[139.678125,35.602083],[139.678125,35.604167],[139.675,35.604167],[139.675,35.602083]]]},"properties":{"c":"5339352413","n_welfare_capacity":0.0403,"n_sped_school":0.0934,"n_station_flow":0.6624,"n_clinic":0.7948,"n_zoning":0.4592,"n_noise":0.7372,"n_crowding":0.1277,"n_green":0.0,"demand":0.3916,"load":0.5193,"priority":0.4897,"host":"奥沢図書館（複合施設）","host_kind":"図書館","host_ward":"世田谷区","host_d":381,"f_welfare_n":13,"f_welfare_cap":85,"f_clinic_n":7,"f_station_riders":12146,"f_station_dist":387,"f_noise_db":70.7,"f_station_name":"奥沢","f_zoning_name":"第一種低層住居専用地域"}},{"type":"Feature","geometry":{"type":"Polygon","coordinates":[[[139.678125,35.602083],[139.68125,35.602083],[139.68125,35.604167],[139.678125,35.604167],[139.678125,35.602083]]]},"properties":{"c":"5339352414","n_welfare_capacity":0.043,"n_sped_school":0.0,"n_station_flow":0.5644,"n_clinic":0.6944,"n_zoning":0.3202,"n_noise":0.5991,"n_crowding":0.1277,"n_green":0.2326,"demand":0.2814,"load":0.2493,"priority":0.2655,"host":"奥沢図書館（複合施設）","host_kind":"図書館","host_ward":"世田谷区","host_d":663,"f_welfare_n":11,"f_welfare_cap":75,"f_clinic_n":4,"f_station_riders":10090,"f_station_dist":375,"f_noise_db":70.0,"f_green_pct":0.5,"f_station_name":"緑が丘","f_zoning_name":"第一種低層住居専用地域"}},{"type":"Feature","geometry":{"type":"Polygon","coordinates":[[[139.63125,35.604167],[139.634375,35.604167],[139.634375,35.60625],[139.63125,35.60625],[139.63125,35.604167]]]},"properties":{"c":"5339352041","n_welfare_capacity":0.4077,"n_sped_school":0.053,"n_station_flow":0.4248,"n_clinic":0.1846,"n_zoning":0.5045,"n_noise":0.4619,"n_crowding":0.0311,"n_green":0.0,"demand":0.2993,"load":0.3265,"priority":0.3291,"host":"図書館カウンター二子玉川","host_kind":"図書館","host_ward":"世田谷区","host_d":634,"f_welfare_n":11,"f_welfare_cap":141,"f_clinic_n":2,"f_station_riders":140353,"f_station_dist":902,"f_noise_db":69.5,"f_station_name":"二子玉川","f_zoning_name":"第一種中高層住居専用地域"}},{"type":"Feature","geometry":{"type":"Polygon","coordinates":[[[139.634375,35.604167],[139.6375,35.604167],[139.6375,35.60625],[139.634375,35.60625],[139.634375,35.604167]]]},"properties":{"c":"5339352042","n_welfare_capacity":0.4032,"n_sped_school":0.1437,"n_station_flow":0.2436,"n_clinic":0.155,"n_zoning":0.4762,"n_noise":0.5516,"n_crowding":0.0311,"n_green":0.2922,"demand":0.2357,"load":0.2502,"priority":0.2395,"f_welfare_n":5,"f_welfare_cap":55,"f_clinic_n":2,"f_station_riders":22230,"f_station_dist":799,"f_noise_db":69.7,"f_green_pct":0.7,"f_station_name":"上野毛","f_zoning_name":"第一種中高層住居専用地域"}},{"type":"Feature","geometry":{"type":"Polygon","coordinates":[[[139.6375,35.604167],[139.640625,35.604167],[139.640625,35.60625],[139.6375,35.60625],[139.6375,35.604167]]]},"properties":{"c":"5339352131","n_welfare_capacity":0.3987,"n_sped_school":0.219,"n_station_flow":0.095,"n_clinic":0.1272,"n_zoning":0.1919,"n_noise":0.4413,"n_crowding":0.0239,"n_green":0.0,"demand":0.1935,"load":0.1417,"priority":0.1534,"f_welfare_n":14,"f_welfare_cap":155,"f_clinic_n":1,"f_station_riders":22230,"f_station_dist":752,"f_noise_db":69.4,"f_station_name":"上野毛","f_zoning_name":"第一種低層住居専用地域"}},{"type":"Feature","geometry":{"type":"Polygon","coordinates":[[[139.640625,35.604167],[139.64375,35.604167],[139.64375,35.60625],[139.640625,35.60625],[139.640625,35.604167]]]},"properties":{"c":"5339352132","n_welfare_capacity":0.4462,"n_sped_school":0.318,"n_station_flow":0.1723,"n_clinic":0.0538,"n_zoning":0.4054,"n_noise":0.87,"n_crowding":0.0239,"n_green":0.9125,"demand":0.2733,"load":0.1614,"priority":0.1991,"host":"等々力まちづくりセンター（複合施設）","host_kind":"出張所","host_ward":"世田谷区","host_d":681,"f_welfare_n":16,"f_welfare_cap":191,"f_clinic_n":2,"f_station_riders":27098,"f_station_dist":630,"f_noise_db":72.3,"f_green_pct":30.8,"f_station_name":"等々力","f_zoning_name":"第一種中高層住居専用地域"}},{"type":"Feature","geometry":{"type":"Polygon","coordinates":[[[139.64375,35.604167],[139.646875,35.604167],[139.646875,35.60625],[139.64375,35.60625],[139.64375,35.604167]]]},"properties":{"c":"5339352141","n_welfare_capacity":0.4615,"n_sped_school":0.4351,"n_station_flow":0.2495,"n_clinic":0.0842,"n_zoning":0.4771,"n_noise":0.8439,"n_crowding":0.5068,"n_green":0.9324,"demand":0.371,"load":0.4197,"priority":0.4233,"host":"尾山台図書館（複合施設）","host_kind":"図書館","host_ward":"世田谷区","host_d":645,"f_welfare_n":20,"f_welfare_cap":236,"f_clinic_n":3,"f_station_riders":27098,"f_station_dist":425,"f_noise_db":72.0,"f_green_pct":48.0,"f_station_name":"等々力","f_zoning_name":"第一種低層住居専用地域"}},{"type":"Feature","geometry":{"type":"Polygon","coordinates":[[[139.646875,35.604167],[139.65,35.604167],[139.65,35.60625],[139.646875,35.60625],[139.646875,35.604167]]]},"properties":{"c":"5339352142","n_welfare_capacity":0.5394,"n_sped_school":0.516,"n_station_flow":0.3337,"n_clinic":0.129,"n_zoning":0.6529,"n_noise":0.6798,"n_crowding":0.5068,"n_green":0.7674,"demand":0.4955,"load":0.5112,"priority":0.5507,"host":"尾山台図書館（複合施設）","host_kind":"図書館","host_ward":"世田谷区","host_d":364,"f_welfare_n":22,"f_welfare_cap":255,"f_clinic_n":3,"f_station_riders":27098,"f_station_dist":353,"f_noise_db":70.2,"f_green_pct":4.9,"f_station_name":"等々力","f_zoning_name":"第一種低層住居専用地域"}},{"type":"Feature","geometry":{"type":"Polygon","coordinates":[[[139.65,35.604167],[139.653125,35.604167],[139.653125,35.60625],[139.65,35.60625],[139.65,35.604167]]]},"properties":{"c":"5339352231","n_welfare_capacity":0.5475,"n_sped_school":0.5565,"n_station_flow":0.3644,"n_clinic":0.2034,"n_zoning":0.609,"n_noise":0.4529,"n_crowding":0.7423,"n_green":0.0,"demand":0.5484,"load":0.7525,"priority":0.7211,"host":"尾山台図書館（複合施設）","host_kind":"図書館","host_ward":"世田谷区","host_d":97,"f_welfare_n":22,"f_welfare_cap":294,"f_school_n":1,"f_clinic_n":3,"f_station_riders":30971,"f_station_dist":301,"f_noise_db":69.5,"f_station_name":"尾山台","f_zoning_name":"第一種低層住居専用地域"}},{"type":"Feature","geometry":{"type":"Polygon","coordinates":[[[139.653125,35.604167],[139.65625,35.604167],[139.65625,35.60625],[139.653125,35.60625],[139.653125,35.604167]]]},"properties":{"c":"5339352232","n_welfare_capacity":0.4892,"n_sped_school":0.5718,"n_station_flow":0.3535,"n_clinic":0.3781,"n_zoning":0.4377,"n_noise":0.4117,"n_crowding":0.7423,"n_green":0.2565,"demand":0.5636,"load":0.5336,"priority":0.6072,"host":"尾山台図書館（複合施設）","host_kind":"図書館","host_ward":"世田谷区","host_d":216,"f_welfare_n":19,"f_welfare_cap":255,"f_school_n":1,"f_clinic_n":4,"f_station_riders":30971,"f_station_dist":198,"f_noise_db":69.1,"f_green_pct":0.6,"f_station_name":"尾山台","f_zoning_name":"第一種中高層住居専用地域"}},{"type":"Feature","geometry":{"type":"Polygon","coordinates":[[[139.65625,35.604167],[139.659375,35.604167],[139.659375,35.60625],[139.65625,35.60625],[139.65625,35.604167]]]},"properties":{"c":"5339352241","n_welfare_capacity":0.4113,"n_sped_school":0.5593,"n_station_flow":0.5703,"n_clinic":0.578,"n_zoning":0.2717,"n_noise":0.7345,"n_crowding":0.2721,"n_green":0.0,"demand":0.6263,"load":0.4682,"priority":0.5982,"host":"尾山台図書館（複合施設）","host_kind":"図書館","host_ward":"世田谷区","host_d":495,"f_welfare_n":16,"f_welfare_cap":201,"f_school_n":1,"f_clinic_n":4,"f_station_riders":12729,"f_station_dist":290,"f_noise_db":70.7,"f_station_name":"九品仏","f_zoning_name":"第一種低層住居専用地域"}},{"type":"Feature","geometry":{"type":"Polygon","coordinates":[[[139.659375,35.604167],[139.6625,35.604167],[139.6625,35.60625],[139.659375,35.60625],[139.659375,35.604167]]]},"properties":{"c":"5339352242","n_welfare_capacity":0.3297,"n_sped_school":0.5174,"n_station_flow":0.6941,"n_clinic":0.7034,"n_zoning":0.6646,"n_noise":0.6825,"n_crowding":0.2721,"n_green":0.3757,"demand":0.6425,"load":0.5498,"priority":0.6673,"host":"九品仏地区会館","host_kind":"区民センター","host_ward":"世田谷区","host_d":134,"f_welfare_n":23,"f_welfare_cap":227,"f_clinic_n":6,"f_station_riders":12729,"f_station_dist":20,"f_noise_db":70.2,"f_green_pct":1.0,"f_station_name":"九品仏","f_zoning_name":"第一種低層住居専用地域"}},{"type":"Feature","geometry":{"type":"Polygon","coordinates":[[[139.6625,35.604167],[139.665625,35.604167],[139.665625,35.60625],[139.6625,35.60625],[139.6625,35.604167]]]},"properties":{"c":"5339352331","n_welfare_capacity":0.2303,"n_sped_school":0.4393,"n_station_flow":0.7584,"n_clinic":0.8038,"n_zoning":0.6099,"n_noise":0.7327,"n_crowding":0.88,"n_green":0.0,"demand":0.6272,"load":0.9013,"priority":0.8251,"host":"九品仏地区会館","host_kind":"区民センター","host_ward":"世田谷区","host_d":232,"f_welfare_n":23,"f_welfare_cap":202,"f_clinic_n":13,"f_station_riders":12729,"f_station_dist":277,"f_noise_db":70.7,"f_station_name":"九品仏","f_zoning_name":"第一種低層住居専用地域"}},{"type":"Feature","geometry":{"type":"Polygon","coordinates":[[[139.665625,35.604167],[139.66875,35.604167],[139.66875,35.60625],[139.665625,35.60625],[139.665625,35.604167]]]},"properties":{"c":"5339352332","n_welfare_capacity":0.147,"n_sped_school":0.3222,"n_station_flow":0.8069,"n_clinic":0.8593,"n_zoning":0.6054,"n_noise":0.7399,"n_crowding":0.88,"n_green":0.0,"demand":0.5905,"load":0.9022,"priority":0.7973,"host":"奥沢図書館（複合施設）","host_kind":"図書館","host_ward":"世田谷区","host_d":504,"f_welfare_n":27,"f_welfare_cap":200,"f_clinic_n":16,"f_station_riders":136588,"f_station_dist":267,"f_noise_db":70.8,"f_station_name":"自由が丘","f_zoning_name":"第一種低層住居専用地域"}},{"type":"Feature","geometry":{"type":"Polygon","coordinates":[[[139.66875,35.604167],[139.671875,35.604167],[139.671875,35.60625],[139.66875,35.60625],[139.66875,35.604167]]]},"properties":{"c":"5339352341","n_welfare_capacity":0.1129,"n_sped_school":0.2232,"n_station_flow":0.799,"n_clinic":0.8638,"n_zoning":0.3785,"n_noise":0.7785,"n_crowding":0.8565,"n_green":0.0,"demand":0.5573,"load":0.8242,"priority":0.7578,"host":"奥沢図書館（複合施設）","host_kind":"図書館","host_ward":"世田谷区","host_d":258,"f_welfare_n":26,"f_welfare_cap":195,"f_clinic_n":15,"f_station_riders":12146,"f_station_dist":236,"f_noise_db":71.3,"f_station_name":"奥沢","f_zoning_name":"第一種低層住居専用地域"}},{"type":"Feature","geometry":{"type":"Polygon","coordinates":[[[139.671875,35.604167],[139.675,35.604167],[139.675,35.60625],[139.671875,35.60625],[139.671875,35.604167]]]},"properties":{"c":"5339352342","n_welfare_capacity":0.0797,"n_sped_school":0.1464,"n_station_flow":0.7634,"n_clinic":0.8611,"n_zoning":0.6547,"n_noise":0.7516,"n_crowding":0.8565,"n_green":0.0,"demand":0.4937,"load":0.9211,"priority":0.7552,"host":"奥沢図書館（複合施設）","host_kind":"図書館","host_ward":"世田谷区","host_d":199,"f_welfare_n":19,"f_welfare_cap":150,"f_clinic_n":13,"f_station_riders":12146,"f_station_dist":168,"f_noise_db":70.9,"f_station_name":"奥沢","f_zoning_name":"第一種低層住居専用地域"}},{"type":"Feature","geometry":{"type":"Polygon","coordinates":[[[139.675,35.604167],[139.678125,35.604167],[139.678125,35.60625],[139.675,35.60625],[139.675,35.604167]]]},"properties":{"c":"5339352431","n_welfare_capacity":0.0457,"n_sped_school":0.06,"n_station_flow":0.6921,"n_clinic":0.8432,"n_zoning":0.4135,"n_noise":0.73,"n_crowding":0.2189,"n_green":0.0,"demand":0.4005,"load":0.53,"priority":0.504,"host":"奥沢図書館（複合施設）","host_kind":"図書館","host_ward":"世田谷区","host_d":416,"f_welfare_n":9,"f_welfare_cap":55,"f_clinic_n":10,"f_station_riders":10090,"f_station_dist":273,"f_noise_db":70.7,"f_station_name":"緑が丘","f_zoning_name":"第一種低層住居専用地域"}},{"type":"Feature","geometry":{"type":"Polygon","coordinates":[[[139.63125,35.60625],[139.634375,35.60625],[139.634375,35.608333],[139.63125,35.608333],[139.63125,35.60625]]]},"properties":{"c":"5339352043","n_welfare_capacity":0.2939,"n_sped_school":0.0014,"n_station_flow":0.6069,"n_clinic":0.2679,"n_zoning":0.652,"n_noise":0.5848,"n_crowding":0.0311,"n_green":0.0,"demand":0.3208,"load":0.504,"priority":0.4323,"host":"図書館カウンター二子玉川","host_kind":"図書館","host_ward":"世田谷区","host_d":430,"f_welfare_n":10,"f_welfare_cap":116,"f_clinic_n":2,"f_station_riders":140353,"f_station_dist":742,"f_noise_db":69.9,"f_station_name":"二子玉川","f_zoning_name":"第一種中高層住居専用地域"}},{"type":"Feature","geometry":{"type":"Polygon","coordinates":[[[139.634375,35.60625],[139.6375,35.60625],[139.6375,35.608333],[139.634375,35.608333],[139.634375,35.60625]]]},"properties":{"c":"5339352044","n_welfare_capacity":0.3351,"n_sped_school":0.0948,"n_station_flow":0.4287,"n_clinic":0.2294,"n_zoning":0.4018,"n_noise":0.5785,"n_crowding":0.0311,"n_green":0.1093,"demand":0.2912,"load":0.287,"priority":0.3013,"host":"図書館カウンター二子玉川","host_kind":"図書館","host_ward":"世田谷区","host_d":636,"f_welfare_n":10,"f_welfare_cap":131,"f_clinic_n":2,"f_station_riders":22230,"f_station_dist":587,"f_noise_db":69.8,"f_green_pct":0.2,"f_station_name":"上野毛","f_zoning_name":"第一種中高層住居専用地域"}},{"type":"Feature","geometry":{"type":"Polygon","coordinates":[[[139.6375,35.60625],[139.640625,35.60625],[139.640625,35.608333],[139.6375,35.608333],[139.6375,35.60625]]]},"properties":{"c":"5339352133","n_welfare_capacity":0.3584,"n_sped_school":0.1688,"n_station_flow":0.1347,"n_clinic":0.1694,"n_zoning":0.3758,"n_noise":0.6807,"n_crowding":0.0239,"n_green":0.3936,"demand":0.1837,"load":0.2197,"priority":0.1892,"host":"上野毛まちづくりセンター（複合施設）","host_kind":"出張所","host_ward":"世田谷区","host_d":490,"f_welfare_n":18,"f_welfare_cap":188,"f_clinic_n":2,"f_station_riders":22230,"f_station_dist":521,"f_noise_db":70.2,"f_green_pct":1.0,"f_station_name":"上野毛","f_zoning_name":"第一種低層住居専用地域"}},{"type":"Feature","geometry":{"type":"Polygon","coordinates":[[[139.640625,35.60625],[139.64375,35.60625],[139.64375,35.608333],[139.640625,35.608333],[139.640625,35.60625]]]},"properties":{"c":"5339352134","n_welfare_capacity":0.4131,"n_sped_school":0.2357,"n_station_flow":0.2337,"n_clinic":0.1317,"n_zoning":0.5229,"n_noise":0.8466,"n_crowding":0.0239,"n_green":0.835,"demand":0.2679,"load":0.2395,"priority":0.252,"host":"上野毛まちづくりセンター（複合施設）","host_kind":"出張所","host_ward":"世田谷区","host_d":468,"f_welfare_n":22,"f_welfare_cap":246,"f_clinic_n":2,"f_station_riders":27098,"f_station_dist":536,"f_noise_db":72.1,"f_green_pct":9.6,"f_station_name":"等々力","f_zoning_name":"第一種低層住居専用地域"}},{"type":"Feature","geometry":{"type":"Polygon","coordinates":[[[139.64375,35.60625],[139.646875,35.60625],[139.646875,35.608333],[139.64375,35.608333],[139.64375,35.60625]]]},"properties":{"c":"5339352143","n_welfare_capacity":0.4821,"n_sped_school":0.3166,"n_station_flow":0.3099,"n_clinic":0.0995,"n_zoning":0.1722,"n_noise":0.8269,"n_crowding":0.5068,"n_green":0.7594,"demand":0.3638,"load":0.2789,"priority":0.3354,"host":"尾山台図書館（複合施設）","host_kind":"図書館","host_ward":"世田谷区","host_d":664,"f_welfare_n":21,"f_welfare_cap":251,"f_clinic_n":3,"f_station_riders":27098,"f_station_dist":268,"f_noise_db":71.9,"f_green_pct":4.7,"f_station_name":"等々力","f_zoning_name":"第一種低層住居専用地域"}},{"type":"Feature","geometry":{"type":"Polygon","coordinates":[[[139.646875,35.60625],[139.65,35.60625],[139.65,35.608333],[139.646875,35.608333],[139.646875,35.60625]]]},"properties":{"c":"5339352144","n_welfare_capacity":0.5296,"n_sped_school":0.3989,"n_station_flow":0.4,"n_clinic":0.1201,"n_zoning":0.8018,"n_noise":0.6843,"n_crowding":0.5068,"n_green":0.0,"demand":0.4731,"load":0.8484,"priority":0.7121,"host":"尾山台図書館（複合施設）","host_kind":"図書館","host_ward":"世田谷区","host_d":397,"f_welfare_n":20,"f_welfare_cap":231,"f_clinic_n":3,"f_station_riders":27098,"f_station_dist":127,"f_noise_db":70.2,"f_station_name":"等々力","f_zoning_name":"近隣商業地域"}},{"type":"Feature","geometry":{"type":"Polygon","coordinates":[[[139.65,35.60625],[139.653125,35.60625],[139.653125,35.608333],[139.65,35.608333],[139.65,35.60625]]]},"properties":{"c":"5339352233","n_welfare_capacity":0.5341,"n_sped_school":0.4533,"n_station_flow":0.4059,"n_clinic":0.1935,"n_zoning":0.7534,"n_noise":0.4368,"n_crowding":0.7423,"n_green":0.0,"demand":0.5161,"load":0.8135,"priority":0.7265,"host":"尾山台図書館（複合施設）","host_kind":"図書館","host_ward":"世田谷区","host_d":186,"f_welfare_n":21,"f_welfare_cap":263,"f_clinic_n":3,"f_station_riders":30971,"f_station_dist":235,"f_noise_db":69.4,"f_station_name":"尾山台","f_zoning_name":"近隣商業地域"}},{"type":"Feature","geometry":{"type":"Polygon","coordinates":[[[139.653125,35.60625],[139.65625,35.60625],[139.65625,35.608333],[139.653125,35.608333],[139.653125,35.60625]]]},"properties":{"c":"5339352234","n_welfare_capacity":0.4848,"n_sped_school":0.4742,"n_station_flow":0.3931,"n_clinic":0.3566,"n_zoning":0.8,"n_noise":0.4314,"n_crowding":0.7423,"n_green":0.0,"demand":0.5332,"load":0.8305,"priority":0.7444,"host":"尾山台図書館（複合施設）","host_kind":"図書館","host_ward":"世田谷区","host_d":269,"f_welfare_n":19,"f_welfare_cap":255,"f_clinic_n":4,"f_station_riders":30971,"f_station_dist":65,"f_noise_db":69.4,"f_station_name":"尾山台","f_zoning_name":"近隣商業地域"}},{"type":"Feature","geometry":{"type":"Polygon","coordinates":[[[139.65625,35.60625],[139.659375,35.60625],[139.659375,35.608333],[139.65625,35.608333],[139.65625,35.60625]]]},"properties":{"c":"5339352243","n_welfare_capacity":0.4158,"n_sped_school":0.4561,"n_station_flow":0.603,"n_clinic":0.5789,"n_zoning":0.3139,"n_noise":0.6951,"n_crowding":0.2721,"n_green":0.0,"demand":0.6075,"load":0.4717,"priority":0.5812,"host":"尾山台図書館（複合施設）","host_kind":"図書館","host_ward":"世田谷区","host_d":520,"f_welfare_n":18,"f_welfare_cap":216,"f_clinic_n":3,"f_station_riders":30971,"f_station_dist":337,"f_noise_db":70.4,"f_station_name":"尾山台","f_zoning_name":"第一種低層住居専用地域"}},{"type":"Feature","geometry":{"type":"Polygon","coordinates":[[[139.659375,35.60625],[139.6625,35.60625],[139.6625,35.608333],[139.659375,35.608333],[139.659375,35.60625]]]},"properties":{"c":"5339352244","n_welfare_capacity":0.3441,"n_sped_school":0.4017,"n_station_flow":0.697,"n_clinic":0.7061,"n_zoning":0.1614,"n_noise":0.6861,"n_crowding":0.2721,"n_green":0.3062,"demand":0.6219,"load":0.2448,"priority":0.4197,"host":"九品仏まちづくりセンター（複合施設）","host_kind":"出張所","host_ward":"世田谷区","host_d":86,"f_welfare_n":23,"f_welfare_cap":237,"f_clinic_n":7,"f_station_riders":12729,"f_station_dist":213,"f_noise_db":70.3,"f_green_pct":0.7,"f_station_name":"九品仏","f_zoning_name":"第一種低層住居専用地域"}},{"type":"Feature","geometry":{"type":"Polygon","coordinates":[[[139.6625,35.60625],[139.665625,35.60625],[139.665625,35.608333],[139.6625,35.608333],[139.6625,35.60625]]]},"properties":{"c":"5339352333","n_welfare_capacity":0.25,"n_sped_school":0.3194,"n_station_flow":0.7673,"n_clinic":0.836,"n_zoning":0.1166,"n_noise":0.7318,"n_crowding":0.88,"n_green":0.0,"demand":0.6084,"load":0.6753,"priority":0.7193,"host":"九品仏まちづくりセンター（複合施設）","host_kind":"出張所","host_ward":"世田谷区","host_d":212,"f_welfare_n":22,"f_welfare_cap":197,"f_clinic_n":12,"f_station_riders":12729,"f_station_dist":349,"f_noise_db":70.7,"f_station_name":"九品仏","f_zoning_name":"第一種低層住居専用地域"}},{"type":"Feature","geometry":{"type":"Polygon","coordinates":[[[139.671875,35.60625],[139.675,35.60625],[139.675,35.608333],[139.671875,35.608333],[139.671875,35.60625]]]},"properties":{"c":"5339352344","n_welfare_capacity":0.1344,"n_sped_school":0.099,"n_station_flow":0.7614,"n_clinic":0.8728,"n_zoning":0.1049,"n_noise":0.7731,"n_crowding":0.8565,"n_green":0.4851,"demand":0.509,"load":0.4987,"priority":0.5516,"host":"奥沢図書館（複合施設）","host_kind":"図書館","host_ward":"世田谷区","host_d":418,"f_welfare_n":19,"f_welfare_cap":150,"f_clinic_n":12,"f_station_riders":12146,"f_station_dist":383,"f_noise_db":71.2,"f_green_pct":1.4,"f_station_name":"奥沢","f_zoning_name":"第一種低層住居専用地域"}},{"type":"Feature","geometry":{"type":"Polygon","coordinates":[[[139.675,35.60625],[139.678125,35.60625],[139.678125,35.608333],[139.675,35.608333],[139.675,35.60625]]]},"properties":{"c":"5339352433","n_welfare_capacity":0.0699,"n_sped_school":0.007,"n_station_flow":0.7188,"n_clinic":0.8602,"n_zoning":0.4717,"n_noise":0.7256,"n_crowding":0.2189,"n_green":0.0,"demand":0.405,"load":0.5731,"priority":0.53,"host":"奥沢図書館（複合施設）","host_kind":"図書館","host_ward":"世田谷区","host_d":555,"f_welfare_n":9,"f_welfare_cap":75,"f_clinic_n":11,"f_station_riders":10090,"f_station_dist":251,"f_noise_db":70.7,"f_station_name":"緑が丘","f_zoning_name":"第一種低層住居専用地域"}},{"type":"Feature","geometry":{"type":"Polygon","coordinates":[[[139.625,35.608333],[139.628125,35.608333],[139.628125,35.610417],[139.625,35.610417],[139.625,35.608333]]]},"properties":{"c":"5339353011","n_welfare_capacity":0.4991,"n_sped_school":0.0,"n_station_flow":0.8079,"n_clinic":0.3996,"n_zoning":0.7717,"n_noise":0.8942,"n_crowding":0.9445,"n_green":0.7913,"demand":0.5502,"load":0.8601,"priority":0.7686,"host":"図書館カウンター二子玉川","host_kind":"図書館","host_ward":"世田谷区","host_d":343,"f_welfare_n":16,"f_welfare_cap":151,"f_clinic_n":8,"f_station_riders":140353,"f_station_dist":223,"f_noise_db":72.7,"f_green_pct":6.4,"f_station_name":"二子玉川","f_zoning_name":"第一種住居地域"}},{"type":"Feature","geometry":{"type":"Polygon","coordinates":[[[139.628125,35.608333],[139.63125,35.608333],[139.63125,35.610417],[139.628125,35.610417],[139.628125,35.608333]]]},"properties":{"c":"5339353012","n_welfare_capacity":0.3002,"n_sped_school":0.0,"n_station_flow":0.7554,"n_clinic":0.3746,"n_zoning":0.8404,"n_noise":0.7507,"n_crowding":0.9445,"n_green":0.0,"demand":0.4176,"load":0.9848,"priority":0.7202,"host":"図書館カウンター二子玉川","host_kind":"図書館","host_ward":"世田谷区","host_d":128,"f_welfare_n":14,"f_welfare_cap":131,"f_clinic_n":7,"f_station_riders":140353,"f_station_dist":377,"f_noise_db":70.9,"f_station_name":"二子玉川","f_zoning_name":"第一種住居地域"}},{"type":"Feature","geometry":{"type":"Polygon","coordinates":[[[139.63125,35.608333],[139.634375,35.608333],[139.634375,35.610417],[139.63125,35.610417],[139.63125,35.608333]]]},"properties":{"c":"5339353021","n_welfare_capacity":0.2518,"n_sped_school":0.0,"n_station_flow":0.6822,"n_clinic":0.328,"n_zoning":0.8036,"n_noise":0.7058,"n_crowding":0.4571,"n_green":0.1292,"demand":0.3477,"load":0.8081,"priority":0.5767,"host":"図書館カウンター二子玉川","host_kind":"図書館","host_ward":"世田谷区","host_d":275,"f_welfare_n":11,"f_welfare_cap":121,"f_clinic_n":6,"f_station_riders":22230,"f_station_dist":625,"f_noise_db":70.5,"f_green_pct":0.3,"f_station_name":"上野毛","f_zoning_name":"第一種住居地域"}},{"type":"Feature","geometry":{"type":"Polygon","coordinates":[[[139.634375,35.608333],[139.6375,35.608333],[139.6375,35.610417],[139.634375,35.610417],[139.634375,35.608333]]]},"properties":{"c":"5339353022","n_welfare_capacity":0.2554,"n_sped_school":0.0321,"n_station_flow":0.503,"n_clinic":0.2742,"n_zoning":0.3399,"n_noise":0.6879,"n_crowding":0.4571,"n_green":0.8608,"demand":0.2634,"load":0.2413,"priority":0.2493,"host":"図書館カウンター二子玉川","host_kind":"図書館","host_ward":"世田谷区","host_d":543,"f_welfare_n":13,"f_welfare_cap":131,"f_clinic_n":2,"f_station_riders":22230,"f_station_dist":397,"f_noise_db":70.3,"f_green_pct":13.9,"f_station_name":"上野毛","f_zoning_name":"第一種低層住居専用地域"}},{"type":"Feature","geometry":{"type":"Polygon","coordinates":[[[139.6375,35.608333],[139.640625,35.608333],[139.640625,35.610417],[139.6375,35.610417],[139.6375,35.608333]]]},"properties":{"c":"5339353111","n_welfare_capacity":0.2849,"n_sped_school":0.1116,"n_station_flow":0.3554,"n_clinic":0.2168,"n_zoning":0.557,"n_noise":0.704,"n_crowding":0.4192,"n_green":0.0,"demand":0.2276,"load":0.7058,"priority":0.4296,"host":"上野毛まちづくりセンター（複合施設）","host_kind":"出張所","host_ward":"世田谷区","host_d":287,"f_welfare_n":11,"f_welfare_cap":103,"f_clinic_n":3,"f_station_riders":22230,"f_station_dist":290,"f_noise_db":70.4,"f_station_name":"上野毛","f_zoning_name":"第一種低層住居専用地域"}},{"type":"Feature","geometry":{"type":"Polygon","coordinates":[[[139.640625,35.608333],[139.64375,35.608333],[139.64375,35.610417],[139.640625,35.610417],[139.640625,35.608333]]]},"properties":{"c":"5339353112","n_welfare_capacity":0.3271,"n_sped_school":0.1743,"n_station_flow":0.2624,"n_clinic":0.1613,"n_zoning":0.0951,"n_noise":0.7677,"n_crowding":0.4192,"n_green":0.2584,"demand":0.2133,"load":0.3408,"priority":0.2735,"host":"上野毛まちづくりセンター（複合施設）","host_kind":"出張所","host_ward":"世田谷区","host_d":248,"f_welfare_n":20,"f_welfare_cap":236,"f_clinic_n":2,"f_station_riders":22230,"f_station_dist":413,"f_noise_db":71.1,"f_green_pct":0.6,"f_station_name":"上野毛","f_zoning_name":"第一種低層住居専用地域"}},{"type":"Feature","geometry":{"type":"Polygon","coordinates":[[[139.64375,35.608333],[139.646875,35.608333],[139.646875,35.610417],[139.64375,35.610417],[139.64375,35.608333]]]},"properties":{"c":"5339353121","n_welfare_capacity":0.3952,"n_sped_school":0.2259,"n_station_flow":0.3307,"n_clinic":0.1057,"n_zoning":0.3318,"n_noise":0.739,"n_crowding":0.6611,"n_green":0.4573,"demand":0.3002,"load":0.5363,"priority":0.4305,"host":"等々力まちづくりセンター（複合施設）","host_kind":"出張所","host_ward":"世田谷区","host_d":299,"f_welfare_n":24,"f_welfare_cap":261,"f_clinic_n":1,"f_station_riders":27098,"f_station_dist":265,"f_noise_db":70.8,"f_green_pct":1.3,"f_station_name":"等々力","f_zoning_name":"第一種低層住居専用地域"}},{"type":"Feature","geometry":{"type":"Polygon","coordinates":[[[139.646875,35.608333],[139.65,35.608333],[139.65,35.610417],[139.646875,35.610417],[139.646875,35.608333]]]},"properties":{"c":"5339353122","n_welfare_capacity":0.4409,"n_sped_school":0.265,"n_station_flow":0.3802,"n_clinic":0.1039,"n_zoning":0.8054,"n_noise":0.5668,"n_crowding":0.6611,"n_green":0.0,"demand":0.3539,"load":0.8547,"priority":0.6099,"host":"尾山台図書館（複合施設）","host_kind":"図書館","host_ward":"世田谷区","host_d":538,"f_welfare_n":17,"f_welfare_cap":216,"f_clinic_n":3,"f_station_riders":27098,"f_station_dist":120,"f_noise_db":69.7,"f_station_name":"等々力","f_zoning_name":"近隣商業地域"}},{"type":"Feature","geometry":{"type":"Polygon","coordinates":[[[139.65,35.608333],[139.653125,35.608333],[139.653125,35.610417],[139.65,35.610417],[139.65,35.608333]]]},"properties":{"c":"5339353211","n_welfare_capacity":0.4686,"n_sped_school":0.3096,"n_station_flow":0.403,"n_clinic":0.1703,"n_zoning":0.5166,"n_noise":0.4143,"n_crowding":0.4499,"n_green":0.0,"demand":0.414,"load":0.5354,"priority":0.5157,"host":"尾山台図書館（複合施設）","host_kind":"図書館","host_ward":"世田谷区","host_d":408,"f_welfare_n":17,"f_welfare_cap":243,"f_clinic_n":3,"f_station_riders":27098,"f_station_dist":345,"f_noise_db":69.1,"f_station_name":"等々力","f_zoning_name":"第一種低層住居専用地域"}},{"type":"Feature","geometry":{"type":"Polygon","coordinates":[[[139.653125,35.608333],[139.65625,35.608333],[139.65625,35.610417],[139.653125,35.610417],[139.653125,35.608333]]]},"properties":{"c":"5339353212","n_welfare_capacity":0.4211,"n_sped_school":0.3264,"n_station_flow":0.3436,"n_clinic":0.3235,"n_zoning":0.2574,"n_noise":0.4197,"n_crowding":0.4499,"n_green":0.0,"demand":0.4059,"load":0.3623,"priority":0.4117,"host":"尾山台図書館（複合施設）","host_kind":"図書館","host_ward":"世田谷区","host_d":452,"f_welfare_n":15,"f_welfare_cap":190,"f_clinic_n":4,"f_station_riders":30971,"f_station_dist":276,"f_noise_db":69.2,"f_station_name":"尾山台","f_zoning_name":"第一種低層住居専用地域"}},{"type":"Feature","geometry":{"type":"Polygon","coordinates":[[[139.65625,35.608333],[139.659375,35.608333],[139.659375,35.610417],[139.65625,35.610417],[139.65625,35.608333]]]},"properties":{"c":"5339353221","n_welfare_capacity":0.3701,"n_sped_school":0.311,"n_station_flow":0.5495,"n_clinic":0.5323,"n_zoning":0.1202,"n_noise":0.6726,"n_crowding":0.1349,"n_green":0.5249,"demand":0.526,"load":0.1031,"priority":0.2332,"host":"尾山台図書館（複合施設）","host_kind":"図書館","host_ward":"世田谷区","host_d":634,"f_welfare_n":18,"f_welfare_cap":207,"f_clinic_n":3,"f_station_riders":30971,"f_station_dist":430,"f_noise_db":70.1,"f_green_pct":1.6,"f_station_name":"尾山台","f_zoning_name":"第一種低層住居専用地域"}},{"type":"Feature","geometry":{"type":"Polygon","coordinates":[[[139.659375,35.608333],[139.6625,35.608333],[139.6625,35.610417],[139.659375,35.610417],[139.659375,35.608333]]]},"properties":{"c":"5339353222","n_welfare_capacity":0.3199,"n_sped_school":0.2678,"n_station_flow":0.6594,"n_clinic":0.6828,"n_zoning":0.1085,"n_noise":0.6915,"n_crowding":0.1349,"n_green":0.6581,"demand":0.5672,"load":0.0816,"priority":0.2054,"host":"九品仏まちづくりセンター（複合施設）","host_kind":"出張所","host_ward":"世田谷区","host_d":283,"f_welfare_n":22,"f_welfare_cap":227,"f_clinic_n":6,"f_station_riders":12729,"f_station_dist":444,"f_noise_db":70.3,"f_green_pct":2.7,"f_station_name":"九品仏","f_zoning_name":"第一種低層住居専用地域"}},{"type":"Feature","geometry":{"type":"Polygon","coordinates":[[[139.621875,35.610417],[139.625,35.610417],[139.625,35.6125],[139.621875,35.6125],[139.621875,35.610417]]]},"properties":{"c":"5339343924","n_welfare_capacity":0.5143,"n_sped_school":0.0,"n_station_flow":0.7891,"n_clinic":0.4149,"n_zoning":0.9951,"n_noise":0.9291,"n_crowding":0.0045,"n_green":0.9026,"demand":0.552,"load":0.5659,"priority":0.6233,"host":"図書館カウンター二子玉川","host_kind":"図書館","host_ward":"世田谷区","host_d":613,"f_welfare_n":18,"f_welfare_cap":156,"f_clinic_n":6,"f_station_riders":140353,"f_station_dist":262,"f_noise_db":73.5,"f_green_pct":28.5,"f_station_name":"二子玉川","f_zoning_name":"商業地域"}},{"type":"Feature","geometry":{"type":"Polygon","coordinates":[[[139.625,35.610417],[139.628125,35.610417],[139.628125,35.6125],[139.625,35.6125],[139.625,35.610417]]]},"properties":{"c":"5339353013","n_welfare_capacity":0.2912,"n_sped_school":0.0,"n_station_flow":0.8129,"n_clinic":0.4668,"n_zoning":0.9587,"n_noise":0.9274,"n_crowding":0.9445,"n_green":0.9523,"demand":0.4651,"load":0.9031,"priority":0.7274,"host":"図書館カウンター二子玉川","host_kind":"図書館","host_ward":"世田谷区","host_d":338,"f_welfare_n":19,"f_welfare_cap":156,"f_clinic_n":7,"f_station_riders":140353,"f_station_dist":23,"f_noise_db":73.5,"f_green_pct":61.0,"f_station_name":"二子玉川","f_zoning_name":"商業地域"}},{"type":"Feature","geometry":{"type":"Polygon","coordinates":[[[139.628125,35.610417],[139.63125,35.610417],[139.63125,35.6125],[139.628125,35.6125],[139.628125,35.610417]]]},"properties":{"c":"5339353014","n_welfare_capacity":0.19,"n_sped_school":0.0,"n_station_flow":0.7743,"n_clinic":0.4418,"n_zoning":0.9507,"n_noise":0.8332,"n_crowding":0.9445,"n_green":0.0,"demand":0.3907,"load":0.9964,"priority":0.7031,"host":"図書館カウンター二子玉川","host_kind":"図書館","host_ward":"世田谷区","host_d":115,"f_welfare_n":12,"f_welfare_cap":116,"f_clinic_n":8,"f_station_riders":140353,"f_station_dist":305,"f_noise_db":72.0,"f_station_name":"二子玉川","f_zoning_name":"近隣商業地域"}},{"type":"Feature","geometry":{"type":"Polygon","coordinates":[[[139.63125,35.610417],[139.634375,35.610417],[139.634375,35.6125],[139.63125,35.6125],[139.63125,35.610417]]]},"properties":{"c":"5339353023","n_welfare_capacity":0.1694,"n_sped_school":0.0,"n_station_flow":0.702,"n_clinic":0.3772,"n_zoning":0.748,"n_noise":0.7892,"n_crowding":0.4571,"n_green":0.0,"demand":0.3297,"load":0.8502,"priority":0.574,"host":"図書館カウンター二子玉川","host_kind":"図書館","host_ward":"世田谷区","host_d":269,"f_welfare_n":14,"f_welfare_cap":136,"f_clinic_n":7,"f_station_riders":22230,"f_station_dist":557,"f_noise_db":71.4,"f_station_name":"上野毛","f_zoning_name":"第一種住居地域"}},{"type":"Feature","geometry":{"type":"Polygon","coordinates":[[[139.634375,35.610417],[139.6375,35.610417],[139.6375,35.6125],[139.634375,35.6125],[139.634375,35.610417]]]},"properties":{"c":"5339353024","n_welfare_capacity":0.1676,"n_sped_school":0.0,"n_station_flow":0.5416,"n_clinic":0.2885,"n_zoning":0.1238,"n_noise":0.7435,"n_crowding":0.4571,"n_green":0.1769,"demand":0.2231,"load":0.4,"priority":0.3166,"host":"図書館カウンター二子玉川","host_kind":"図書館","host_ward":"世田谷区","host_d":540,"f_welfare_n":15,"f_welfare_cap":151,"f_clinic_n":3,"f_station_riders":22230,"f_station_dist":277,"f_noise_db":70.8,"f_green_pct":0.4,"f_station_name":"上野毛","f_zoning_name":"第一種低層住居専用地域"}},{"type":"Feature","geometry":{"type":"Polygon","coordinates":[[[139.6375,35.610417],[139.640625,35.610417],[139.640625,35.6125],[139.6375,35.6125],[139.6375,35.610417]]]},"properties":{"c":"5339353113","n_welfare_capacity":0.2007,"n_sped_school":0.0432,"n_station_flow":0.3871,"n_clinic":0.2285,"n_zoning":0.6709,"n_noise":0.7193,"n_crowding":0.4192,"n_green":0.0,"demand":0.1819,"load":0.7704,"priority":0.4045,"host":"上野毛まちづくりセンター（複合施設）","host_kind":"出張所","host_ward":"世田谷区","host_d":178,"f_welfare_n":12,"f_welfare_cap":93,"f_clinic_n":2,"f_station_riders":22230,"f_station_dist":59,"f_noise_db":70.6,"f_station_name":"上野毛","f_zoning_name":"第一種低層住居専用地域"}},{"type":"Feature","geometry":{"type":"Polygon","coordinates":[[[139.640625,35.610417],[139.64375,35.610417],[139.64375,35.6125],[139.640625,35.6125],[139.640625,35.610417]]]},"properties":{"c":"5339353114","n_welfare_capacity":0.267,"n_sped_school":0.1074,"n_station_flow":0.2505,"n_clinic":0.1586,"n_zoning":0.1274,"n_noise":0.7238,"n_crowding":0.4192,"n_green":0.4433,"demand":0.1667,"load":0.27,"priority":0.2009,"host":"上野毛まちづくりセンター（複合施設）","host_kind":"出張所","host_ward":"世田谷区","host_d":105,"f_welfare_n":12,"f_welfare_cap":147,"f_clinic_n":2,"f_station_riders":22230,"f_station_dist":301,"f_noise_db":70.6,"f_green_pct":1.2,"f_station_name":"上野毛","f_zoning_name":"第一種低層住居専用地域"}},{"type":"Feature","geometry":{"type":"Polygon","coordinates":[[[139.64375,35.610417],[139.646875,35.610417],[139.646875,35.6125],[139.64375,35.6125],[139.64375,35.610417]]]},"properties":{"c":"5339353123","n_welfare_capacity":0.3163,"n_sped_school":0.159,"n_station_flow":0.2842,"n_clinic":0.069,"n_zoning":0.0345,"n_noise":0.67,"n_crowding":0.6611,"n_green":0.0,"demand":0.1971,"load":0.478,"priority":0.322,"host":"上野毛まちづくりセンター（複合施設）","host_kind":"出張所","host_ward":"世田谷区","host_d":388,"f_welfare_n":17,"f_welfare_cap":201,"f_clinic_n":1,"f_station_riders":27098,"f_station_dist":418,"f_noise_db":70.0,"f_station_name":"等々力","f_zoning_name":"第一種低層住居専用地域"}},{"type":"Feature","geometry":{"type":"Polygon","coordinates":[[[139.646875,35.610417],[139.65,35.610417],[139.65,35.6125],[139.646875,35.6125],[139.646875,35.610417]]]},"properties":{"c":"5339353124","n_welfare_capacity":0.3306,"n_sped_school":0.1883,"n_station_flow":0.301,"n_clinic":0.0806,"n_zoning":0.4323,"n_noise":0.4457,"n_crowding":0.6611,"n_green":0.0,"demand":0.2177,"load":0.609,"priority":0.3955,"host":"等々力地区会館（複合施設）","host_kind":"区民センター","host_ward":"世田谷区","host_d":140,"f_welfare_n":17,"f_welfare_cap":216,"f_clinic_n":2,"f_station_riders":27098,"f_station_dist":345,"f_noise_db":69.4,"f_station_name":"等々力","f_zoning_name":"第一種低層住居専用地域"}},{"type":"Feature","geometry":{"type":"Polygon","coordinates":[[[139.65,35.610417],[139.653125,35.610417],[139.653125,35.6125],[139.65,35.6125],[139.65,35.610417]]]},"properties":{"c":"5339353213","n_welfare_capacity":0.3737,"n_sped_school":0.212,"n_station_flow":0.302,"n_clinic":0.1308,"n_zoning":0.357,"n_noise":0.4036,"n_crowding":0.4499,"n_green":0.0,"demand":0.2715,"load":0.417,"priority":0.3587,"host":"尾山台図書館（複合施設）","host_kind":"図書館","host_ward":"世田谷区","host_d":637,"f_welfare_n":20,"f_welfare_cap":273,"f_clinic_n":3,"f_station_riders":27098,"f_station_dist":473,"f_noise_db":69.0,"f_station_name":"等々力","f_zoning_name":"第一種低層住居専用地域"}},{"type":"Feature","geometry":{"type":"Polygon","coordinates":[[[139.653125,35.610417],[139.65625,35.610417],[139.65625,35.6125],[139.653125,35.6125],[139.653125,35.610417]]]},"properties":{"c":"5339353214","n_welfare_capacity":0.3315,"n_sped_school":0.2204,"n_station_flow":0.2525,"n_clinic":0.2581,"n_zoning":0.3211,"n_noise":0.4269,"n_crowding":0.4499,"n_green":0.0,"demand":0.2608,"load":0.4063,"priority":0.3444,"host":"尾山台図書館（複合施設）","host_kind":"図書館","host_ward":"世田谷区","host_d":666,"f_welfare_n":14,"f_welfare_cap":195,"f_clinic_n":2,"f_station_riders":30971,"f_station_dist":504,"f_noise_db":69.3,"f_station_name":"尾山台","f_zoning_name":"第一種低層住居専用地域"}},{"type":"Feature","geometry":{"type":"Polygon","coordinates":[[[139.65625,35.610417],[139.659375,35.610417],[139.659375,35.6125],[139.65625,35.6125],[139.65625,35.610417]]]},"properties":{"c":"5339353223","n_welfare_capacity":0.2823,"n_sped_school":0.2134,"n_station_flow":0.4277,"n_clinic":0.3961,"n_zoning":0.2108,"n_noise":0.6691,"n_crowding":0.1349,"n_green":0.0895,"demand":0.3486,"load":0.2798,"priority":0.3283,"host":"九品仏まちづくりセンター（複合施設）","host_kind":"出張所","host_ward":"世田谷区","host_d":618,"f_welfare_n":14,"f_welfare_cap":162,"f_clinic_n":2,"f_station_riders":30971,"f_station_dist":603,"f_noise_db":70.0,"f_green_pct":0.2,"f_station_name":"尾山台","f_zoning_name":"第一種低層住居専用地域"}},{"type":"Feature","geometry":{"type":"Polygon","coordinates":[[[139.659375,35.610417],[139.6625,35.610417],[139.6625,35.6125],[139.659375,35.6125],[139.659375,35.610417]]]},"properties":{"c":"5339353224","n_welfare_capacity":0.2984,"n_sped_school":0.1911,"n_station_flow":0.5188,"n_clinic":0.6272,"n_zoning":0.148,"n_noise":0.7049,"n_crowding":0.1349,"n_green":0.2306,"demand":0.4552,"load":0.2072,"priority":0.3229,"host":"九品仏まちづくりセンター（複合施設）","host_kind":"出張所","host_ward":"世田谷区","host_d":509,"f_welfare_n":21,"f_welfare_cap":197,"f_clinic_n":4,"f_station_riders":12729,"f_station_dist":675,"f_noise_db":70.5,"f_green_pct":0.5,"f_station_name":"九品仏","f_zoning_name":"第一種低層住居専用地域"}},{"type":"Feature","geometry":{"type":"Polygon","coordinates":[[[139.61875,35.6125],[139.621875,35.6125],[139.621875,35.614583],[139.61875,35.614583],[139.61875,35.6125]]]},"properties":{"c":"5339343941","n_welfare_capacity":0.4525,"n_sped_school":0.0,"n_station_flow":0.6851,"n_clinic":0.3306,"n_zoning":0.6874,"n_noise":0.9901,"n_crowding":0.2829,"n_green":0.8231,"demand":0.4561,"load":0.5776,"priority":0.5578,"host":"二子玉川地区会館別館（複合施設）","host_kind":"区民センター","host_ward":"世田谷区","host_d":364,"f_welfare_n":13,"f_welfare_cap":166,"f_clinic_n":7,"f_station_riders":140353,"f_station_dist":595,"f_noise_db":75.0,"f_green_pct":8.5,"f_station_name":"二子玉川"}},{"type":"Feature","geometry":{"type":"Polygon","coordinates":[[[139.621875,35.6125],[139.625,35.6125],[139.625,35.614583],[139.621875,35.614583],[139.621875,35.6125]]]},"properties":{"c":"5339343942","n_welfare_capacity":0.2966,"n_sped_school":0.0,"n_station_flow":0.7465,"n_clinic":0.4328,"n_zoning":0.8888,"n_noise":0.9901,"n_crowding":0.2829,"n_green":0.4195,"demand":0.4292,"load":0.8197,"priority":0.6646,"host":"図書館カウンター二子玉川","host_kind":"図書館","host_ward":"世田谷区","host_d":693,"f_welfare_n":14,"f_welfare_cap":131,"f_clinic_n":6,"f_station_riders":140353,"f_station_dist":355,"f_noise_db":75.0,"f_green_pct":1.1,"f_station_name":"二子玉川","f_zoning_name":"第一種住居地域"}},{"type":"Feature","geometry":{"type":"Polygon","coordinates":[[[139.625,35.6125],[139.628125,35.6125],[139.628125,35.614583],[139.625,35.614583],[139.625,35.6125]]]},"properties":{"c":"5339353031","n_welfare_capacity":0.2267,"n_sped_school":0.0,"n_station_flow":0.7802,"n_clinic":0.491,"n_zoning":0.9785,"n_noise":0.9596,"n_crowding":0.903,"n_green":0.666,"demand":0.422,"load":0.9668,"priority":0.7166,"host":"図書館カウンター二子玉川","host_kind":"図書館","host_ward":"世田谷区","host_d":467,"f_welfare_n":14,"f_welfare_cap":126,"f_clinic_n":7,"f_station_riders":140353,"f_station_dist":241,"f_noise_db":74.2,"f_green_pct":2.7,"f_station_name":"二子玉川","f_zoning_name":"商業地域"}},{"type":"Feature","geometry":{"type":"Polygon","coordinates":[[[139.628125,35.6125],[139.63125,35.6125],[139.63125,35.614583],[139.628125,35.614583],[139.628125,35.6125]]]},"properties":{"c":"5339353032","n_welfare_capacity":0.1487,"n_sped_school":0.0,"n_station_flow":0.7446,"n_clinic":0.5179,"n_zoning":0.8924,"n_noise":0.957,"n_crowding":0.903,"n_green":0.0,"demand":0.3728,"load":0.9973,"priority":0.6807,"host":"図書館カウンター二子玉川","host_kind":"図書館","host_ward":"世田谷区","host_d":342,"f_welfare_n":20,"f_welfare_cap":151,"f_clinic_n":8,"f_station_riders":140353,"f_station_dist":388,"f_noise_db":74.2,"f_station_name":"二子玉川","f_zoning_name":"近隣商業地域"}},{"type":"Feature","geometry":{"type":"Polygon","coordinates":[[[139.63125,35.6125],[139.634375,35.6125],[139.634375,35.614583],[139.63125,35.614583],[139.63125,35.6125]]]},"properties":{"c":"5339353041","n_welfare_capacity":0.1416,"n_sped_school":0.0,"n_station_flow":0.6762,"n_clinic":0.4489,"n_zoning":0.1955,"n_noise":0.9354,"n_crowding":0.3145,"n_green":0.0676,"demand":0.319,"load":0.5345,"priority":0.4475,"host":"図書館カウンター二子玉川","host_kind":"図書館","host_ward":"世田谷区","host_d":420,"f_welfare_n":22,"f_welfare_cap":176,"f_clinic_n":7,"f_station_riders":22230,"f_station_dist":581,"f_noise_db":73.8,"f_green_pct":0.2,"f_station_name":"上野毛","f_zoning_name":"第一種低層住居専用地域"}},{"type":"Feature","geometry":{"type":"Polygon","coordinates":[[[139.634375,35.6125],[139.6375,35.6125],[139.6375,35.614583],[139.634375,35.614583],[139.634375,35.6125]]]},"properties":{"c":"5339353042","n_welfare_capacity":0.1577,"n_sped_school":0.0,"n_station_flow":0.4673,"n_clinic":0.3423,"n_zoning":0.4942,"n_noise":0.8224,"n_crowding":0.3145,"n_green":0.0,"demand":0.2034,"load":0.6798,"priority":0.4009,"host":"図書館カウンター二子玉川","host_kind":"図書館","host_ward":"世田谷区","host_d":629,"f_welfare_n":18,"f_welfare_cap":125,"f_clinic_n":3,"f_station_riders":22230,"f_station_dist":322,"f_noise_db":71.8,"f_station_name":"上野毛","f_zoning_name":"第一種低層住居専用地域"}},{"type":"Feature","geometry":{"type":"Polygon","coordinates":[[[139.6375,35.6125],[139.640625,35.6125],[139.640625,35.614583],[139.6375,35.614583],[139.6375,35.6125]]]},"properties":{"c":"5339353131","n_welfare_capacity":0.1434,"n_sped_school":0.0,"n_station_flow":0.3317,"n_clinic":0.2446,"n_zoning":0.8744,"n_noise":0.7552,"n_crowding":0.4535,"n_green":0.0,"demand":0.1344,"load":0.8834,"priority":0.3695,"host":"上野毛まちづくりセンター（複合施設）","host_kind":"出張所","host_ward":"世田谷区","host_d":297,"f_welfare_n":21,"f_welfare_cap":138,"f_clinic_n":2,"f_station_riders":22230,"f_station_dist":173,"f_noise_db":71.0,"f_station_name":"上野毛","f_zoning_name":"第一種住居地域"}},{"type":"Feature","geometry":{"type":"Polygon","coordinates":[[[139.640625,35.6125],[139.64375,35.6125],[139.64375,35.614583],[139.640625,35.614583],[139.640625,35.6125]]]},"properties":{"c":"5339353132","n_welfare_capacity":0.1631,"n_sped_school":0.0293,"n_station_flow":0.1733,"n_clinic":0.1532,"n_zoning":0.3435,"n_noise":0.7175,"n_crowding":0.4535,"n_green":0.0378,"demand":0.0977,"load":0.5892,"priority":0.2386,"host":"上野毛まちづくりセンター（複合施設）","host_kind":"出張所","host_ward":"世田谷区","host_d":259,"f_welfare_n":15,"f_welfare_cap":127,"f_clinic_n":2,"f_station_riders":22230,"f_station_dist":342,"f_noise_db":70.6,"f_green_pct":0.1,"f_station_name":"上野毛","f_zoning_name":"第一種低層住居専用地域"}},{"type":"Feature","geometry":{"type":"Polygon","coordinates":[[[139.64375,35.6125],[139.646875,35.6125],[139.646875,35.614583],[139.64375,35.614583],[139.64375,35.6125]]]},"properties":{"c":"5339353141","n_welfare_capacity":0.1756,"n_sped_school":0.0823,"n_station_flow":0.2089,"n_clinic":0.0573,"n_zoning":0.2413,"n_noise":0.5596,"n_crowding":0.6151,"n_green":0.0358,"demand":0.1057,"load":0.5148,"priority":0.2341,"host":"上野毛まちづくりセンター（複合施設）","host_kind":"出張所","host_ward":"世田谷区","host_d":455,"f_welfare_n":15,"f_welfare_cap":122,"f_clinic_n":1,"f_station_riders":22230,"f_station_dist":603,"f_noise_db":69.7,"f_green_pct":0.1,"f_station_name":"上野毛","f_zoning_name":"第一種低層住居専用地域"}},{"type":"Feature","geometry":{"type":"Polygon","coordinates":[[[139.646875,35.6125],[139.65,35.6125],[139.65,35.614583],[139.646875,35.614583],[139.646875,35.6125]]]},"properties":{"c":"5339353142","n_welfare_capacity":0.2088,"n_sped_school":0.113,"n_station_flow":0.202,"n_clinic":0.0511,"n_zoning":0.7166,"n_noise":0.4341,"n_crowding":0.6151,"n_green":0.0,"demand":0.1165,"load":0.748,"priority":0.3094,"host":"等々力地区会館（複合施設）","host_kind":"区民センター","host_ward":"世田谷区","host_d":278,"f_welfare_n":13,"f_welfare_cap":97,"f_clinic_n":1,"f_station_riders":27098,"f_station_dist":575,"f_noise_db":69.4,"f_station_name":"等々力","f_zoning_name":"第一種低層住居専用地域"}},{"type":"Feature","geometry":{"type":"Polygon","coordinates":[[[139.65,35.6125],[139.653125,35.6125],[139.653125,35.614583],[139.65,35.614583],[139.65,35.6125]]]},"properties":{"c":"5339353231","n_welfare_capacity":0.2357,"n_sped_school":0.1367,"n_station_flow":0.1832,"n_clinic":0.06,"n_zoning":0.3973,"n_noise":0.4395,"n_crowding":0.3028,"n_green":0.0,"demand":0.129,"load":0.3865,"priority":0.2179,"host":"等々力地区会館（複合施設）","host_kind":"区民センター","host_ward":"世田谷区","host_d":281,"f_welfare_n":13,"f_welfare_cap":142,"f_clinic_n":2,"f_station_riders":27098,"f_station_dist":660,"f_noise_db":69.4,"f_station_name":"等々力","f_zoning_name":"第一種中高層住居専用地域"}},{"type":"Feature","geometry":{"type":"Polygon","coordinates":[[[139.653125,35.6125],[139.65625,35.6125],[139.65625,35.614583],[139.653125,35.614583],[139.653125,35.6125]]]},"properties":{"c":"5339353232","n_welfare_capacity":0.2106,"n_sped_school":0.145,"n_station_flow":0.1535,"n_clinic":0.1765,"n_zoning":0.2816,"n_noise":0.5354,"n_crowding":0.3028,"n_green":0.0,"demand":0.1299,"load":0.3659,"priority":0.2081,"host":"等々力地区会館（複合施設）","host_kind":"区民センター","host_ward":"世田谷区","host_d":490,"f_welfare_n":12,"f_welfare_cap":166,"f_clinic_n":1,"f_station_riders":30971,"f_station_dist":735,"f_noise_db":69.6,"f_station_name":"尾山台","f_zoning_name":"第一種低層住居専用地域"}},{"type":"Feature","geometry":{"type":"Polygon","coordinates":[[[139.65625,35.6125],[139.659375,35.6125],[139.659375,35.614583],[139.65625,35.614583],[139.65625,35.6125]]]},"properties":{"c":"5339353241","n_welfare_capacity":0.2115,"n_sped_school":0.1381,"n_station_flow":0.1099,"n_clinic":0.2858,"n_zoning":0.5354,"n_noise":0.583,"n_crowding":0.6837,"n_green":0.2386,"demand":0.1322,"load":0.6673,"priority":0.3121,"host":"深沢地区会館","host_kind":"区民センター","host_ward":"世田谷区","host_d":543,"f_welfare_n":7,"f_welfare_cap":102,"f_station_riders":30971,"f_station_dist":806,"f_noise_db":69.8,"f_green_pct":0.5,"f_station_name":"尾山台","f_zoning_name":"第一種低層住居専用地域"}},{"type":"Feature","geometry":{"type":"Polygon","coordinates":[[[139.659375,35.6125],[139.6625,35.6125],[139.6625,35.614583],[139.659375,35.614583],[139.659375,35.6125]]]},"properties":{"c":"5339353242","n_welfare_capacity":0.2204,"n_sped_school":0.1144,"n_station_flow":0.3248,"n_clinic":0.5511,"n_zoning":0.5785,"n_noise":0.7184,"n_crowding":0.6837,"n_green":0.2227,"demand":0.2706,"load":0.7641,"priority":0.4996,"host":"深沢地区会館","host_kind":"区民センター","host_ward":"世田谷区","host_d":458,"f_welfare_n":12,"f_welfare_cap":132,"f_clinic_n":2,"f_station_riders":12729,"f_station_dist":906,"f_noise_db":70.6,"f_green_pct":0.5,"f_station_name":"九品仏","f_zoning_name":"第一種住居地域"}},{"type":"Feature","geometry":{"type":"Polygon","coordinates":[[[139.6125,35.614583],[139.615625,35.614583],[139.615625,35.616667],[139.6125,35.616667],[139.6125,35.614583]]]},"properties":{"c":"5339343933","n_welfare_capacity":0.3127,"n_sped_school":0.0,"n_station_flow":0.0,"n_clinic":0.0914,"n_zoning":0.5045,"n_noise":0.9901,"n_crowding":0.0014,"n_green":0.0,"demand":0.0851,"load":0.6359,"priority":0.2323,"f_welfare_n":14,"f_welfare_cap":163,"f_clinic_n":1,"f_station_riders":140353,"f_station_dist":1207,"f_noise_db":75.0,"f_station_name":"二子玉川","f_zoning_name":"第一種中高層住居専用地域"}},{"type":"Feature","geometry":{"type":"Polygon","coordinates":[[[139.615625,35.614583],[139.61875,35.614583],[139.61875,35.616667],[139.615625,35.616667],[139.615625,35.614583]]]},"properties":{"c":"5339343934","n_welfare_capacity":0.2733,"n_sped_school":0.0,"n_station_flow":0.2861,"n_clinic":0.2025,"n_zoning":0.5045,"n_noise":0.9901,"n_crowding":0.0014,"n_green":0.9503,"demand":0.1595,"load":0.2547,"priority":0.191,"host":"二子玉川地区会館別館（複合施設）","host_kind":"区民センター","host_ward":"世田谷区","host_d":664,"f_welfare_n":11,"f_welfare_cap":118,"f_clinic_n":3,"f_station_riders":140353,"f_station_dist":953,"f_noise_db":75.0,"f_green_pct":59.9,"f_station_name":"二子玉川","f_zoning_name":"第一種中高層住居専用地域"}},{"type":"Feature","geometry":{"type":"Polygon","coordinates":[[[139.61875,35.614583],[139.621875,35.614583],[139.621875,35.616667],[139.61875,35.616667],[139.61875,35.614583]]]},"properties":{"c":"5339343943","n_welfare_capacity":0.2625,"n_sped_school":0.0,"n_station_flow":0.5505,"n_clinic":0.3082,"n_zoning":0.7516,"n_noise":0.9901,"n_crowding":0.2829,"n_green":0.9781,"demand":0.2921,"load":0.5596,"priority":0.4359,"host":"二子玉川地区会館別館（複合施設）","host_kind":"区民センター","host_ward":"世田谷区","host_d":397,"f_welfare_n":12,"f_welfare_cap":78,"f_clinic_n":7,"f_station_riders":140353,"f_station_dist":720,"f_noise_db":75.0,"f_green_pct":89.0,"f_station_name":"二子玉川","f_zoning_name":"第一種住居地域"}},{"type":"Feature","geometry":{"type":"Polygon","coordinates":[[[139.621875,35.614583],[139.625,35.614583],[139.625,35.616667],[139.621875,35.616667],[139.621875,35.614583]]]},"properties":{"c":"5339343944","n_welfare_capacity":0.2616,"n_sped_school":0.0,"n_station_flow":0.6812,"n_clinic":0.4579,"n_zoning":0.7444,"n_noise":0.9901,"n_crowding":0.2829,"n_green":0.7435,"demand":0.3871,"load":0.6439,"priority":0.5462,"host":"二子玉川地区会館別館（複合施設）","host_kind":"区民センター","host_ward":"世田谷区","host_d":185,"f_welfare_n":14,"f_welfare_cap":126,"f_clinic_n":6,"f_station_riders":140353,"f_station_dist":539,"f_noise_db":75.0,"f_green_pct":4.3,"f_station_name":"二子玉川","f_zoning_name":"第一種住居地域"}},{"type":"Feature","geometry":{"type":"Polygon","coordinates":[[[139.625,35.614583],[139.628125,35.614583],[139.628125,35.616667],[139.625,35.616667],[139.625,35.614583]]]},"properties":{"c":"5339353033","n_welfare_capacity":0.2016,"n_sped_school":0.0,"n_station_flow":0.7158,"n_clinic":0.5215,"n_zoning":0.9211,"n_noise":0.9901,"n_crowding":0.903,"n_green":0.1968,"demand":0.3898,"load":0.9946,"priority":0.6978,"host":"図書館カウンター二子玉川","host_kind":"図書館","host_ward":"世田谷区","host_d":655,"f_welfare_n":23,"f_welfare_cap":181,"f_clinic_n":6,"f_station_riders":140353,"f_station_dist":472,"f_noise_db":75.0,"f_green_pct":0.4,"f_station_name":"二子玉川","f_zoning_name":"第一種中高層住居専用地域"}},{"type":"Feature","geometry":{"type":"Polygon","coordinates":[[[139.628125,35.614583],[139.63125,35.614583],[139.63125,35.616667],[139.628125,35.616667],[139.628125,35.614583]]]},"properties":{"c":"5339353034","n_welfare_capacity":0.1855,"n_sped_school":0.0,"n_station_flow":0.6871,"n_clinic":0.5134,"n_zoning":0.383,"n_noise":0.9776,"n_crowding":0.903,"n_green":0.0,"demand":0.3629,"load":0.9094,"priority":0.6404,"host":"図書館カウンター二子玉川","host_kind":"図書館","host_ward":"世田谷区","host_d":572,"f_welfare_n":20,"f_welfare_cap":151,"f_clinic_n":7,"f_station_riders":140353,"f_station_dist":561,"f_noise_db":74.8,"f_station_name":"二子玉川","f_zoning_name":"第一種中高層住居専用地域"}},{"type":"Feature","geometry":{"type":"Polygon","coordinates":[[[139.63125,35.614583],[139.634375,35.614583],[139.634375,35.616667],[139.63125,35.616667],[139.63125,35.614583]]]},"properties":{"c":"5339353043","n_welfare_capacity":0.1228,"n_sped_school":0.0,"n_station_flow":0.5564,"n_clinic":0.4597,"n_zoning":0.0345,"n_noise":0.9695,"n_crowding":0.3145,"n_green":0.0,"demand":0.2545,"load":0.4735,"priority":0.3731,"host":"図書館カウンター二子玉川","host_kind":"図書館","host_ward":"世田谷区","host_d":622,"f_welfare_n":24,"f_welfare_cap":196,"f_clinic_n":7,"f_station_riders":22230,"f_station_dist":686,"f_noise_db":74.5,"f_station_name":"上野毛","f_zoning_name":"第一種低層住居専用地域"}},{"type":"Feature","geometry":{"type":"Polygon","coordinates":[[[139.634375,35.614583],[139.6375,35.614583],[139.6375,35.616667],[139.634375,35.616667],[139.634375,35.614583]]]},"properties":{"c":"5339353044","n_welfare_capacity":0.1263,"n_sped_school":0.0,"n_station_flow":0.3673,"n_clinic":0.3468,"n_zoning":0.6655,"n_noise":0.9381,"n_crowding":0.3145,"n_green":0.0,"demand":0.1586,"load":0.8224,"priority":0.3901,"host":"上野毛まちづくりセンター（複合施設）","host_kind":"出張所","host_ward":"世田谷区","host_d":657,"f_welfare_n":22,"f_welfare_cap":145,"f_clinic_n":3,"f_station_riders":22230,"f_station_dist":487,"f_noise_db":73.9,"f_station_name":"上野毛","f_zoning_name":"第一種低層住居専用地域"}},{"type":"Feature","geometry":{"type":"Polygon","coordinates":[[[139.6375,35.614583],[139.640625,35.614583],[139.640625,35.616667],[139.6375,35.616667],[139.6375,35.614583]]]},"properties":{"c":"5339353133","n_welfare_capacity":0.1165,"n_sped_school":0.0,"n_station_flow":0.1129,"n_clinic":0.2437,"n_zoning":0.6,"n_noise":0.8897,"n_crowding":0.4535,"n_green":0.2286,"demand":0.078,"load":0.7578,"priority":0.2404,"host":"上野毛まちづくりセンター（複合施設）","host_kind":"出張所","host_ward":"世田谷区","host_d":501,"f_welfare_n":22,"f_welfare_cap":143,"f_clinic_n":1,"f_station_riders":22230,"f_station_dist":404,"f_noise_db":72.7,"f_green_pct":0.5,"f_station_name":"上野毛","f_zoning_name":"第一種住居地域"}},{"type":"Feature","geometry":{"type":"Polygon","coordinates":[[[139.640625,35.614583],[139.64375,35.614583],[139.64375,35.616667],[139.640625,35.616667],[139.640625,35.614583]]]},"properties":{"c":"5339353134","n_welfare_capacity":0.1362,"n_sped_school":0.0,"n_station_flow":0.1208,"n_clinic":0.1783,"n_zoning":0.1462,"n_noise":0.843,"n_crowding":0.4535,"n_green":0.0,"demand":0.0771,"load":0.548,"priority":0.1937,"host":"上野毛まちづくりセンター（複合施設）","host_kind":"出張所","host_ward":"世田谷区","host_d":480,"f_welfare_n":11,"f_welfare_cap":78,"f_station_riders":22230,"f_station_dist":500,"f_noise_db":72.0,"f_station_name":"上野毛","f_zoning_name":"第一種低層住居専用地域"}},{"type":"Feature","geometry":{"type":"Polygon","coordinates":[[[139.64375,35.614583],[139.646875,35.614583],[139.646875,35.616667],[139.64375,35.616667],[139.64375,35.614583]]]},"properties":{"c":"5339353143","n_welfare_capacity":0.1335,"n_sped_school":0.0,"n_station_flow":0.1059,"n_clinic":0.0529,"n_zoning":0.2152,"n_noise":0.783,"n_crowding":0.6151,"n_green":0.4394,"demand":0.0627,"load":0.4655,"priority":0.1614,"host":"上野毛まちづくりセンター（複合施設）","host_kind":"出張所","host_ward":"世田谷区","host_d":608,"f_welfare_n":13,"f_welfare_cap":112,"f_station_riders":22230,"f_station_dist":705,"f_noise_db":71.3,"f_green_pct":1.2,"f_station_name":"上野毛","f_zoning_name":"第一種低層住居専用地域"}},{"type":"Feature","geometry":{"type":"Polygon","coordinates":[[[139.646875,35.614583],[139.65,35.614583],[139.65,35.616667],[139.646875,35.616667],[139.646875,35.614583]]]},"properties":{"c":"5339353144","n_welfare_capacity":0.1192,"n_sped_school":0.0265,"n_station_flow":0.1198,"n_clinic":0.0376,"n_zoning":0.4924,"n_noise":0.6789,"n_crowding":0.6151,"n_green":0.0,"demand":0.0645,"load":0.7453,"priority":0.2108,"host":"等々力地区会館（複合施設）","host_kind":"区民センター","host_ward":"世田谷区","host_d":492,"f_welfare_n":10,"f_welfare_cap":97,"f_clinic_n":1,"f_station_riders":27098,"f_station_dist":806,"f_noise_db":70.2,"f_station_name":"等々力","f_zoning_name":"第一種低層住居専用地域"}},{"type":"Feature","geometry":{"type":"Polygon","coordinates":[[[139.65,35.614583],[139.653125,35.614583],[139.653125,35.616667],[139.65,35.616667],[139.65,35.614583]]]},"properties":{"c":"5339353233","n_welfare_capacity":0.112,"n_sped_school":0.0502,"n_station_flow":0.0822,"n_clinic":0.0448,"n_zoning":0.2646,"n_noise":0.5713,"n_crowding":0.3028,"n_green":0.7237,"demand":0.06,"load":0.1327,"priority":0.0619,"host":"深沢図書館（複合施設）","host_kind":"図書館","host_ward":"世田谷区","host_d":548,"f_welfare_n":8,"f_welfare_cap":92,"f_station_riders":27098,"f_station_dist":869,"f_noise_db":69.8,"f_green_pct":3.7,"f_station_name":"等々力","f_zoning_name":"第一種低層住居専用地域"}},{"type":"Feature","geometry":{"type":"Polygon","coordinates":[[[139.653125,35.614583],[139.65625,35.614583],[139.65625,35.616667],[139.653125,35.616667],[139.653125,35.614583]]]},"properties":{"c":"5339353234","n_welfare_capacity":0.1425,"n_sped_school":0.0656,"n_station_flow":0.0683,"n_clinic":0.0618,"n_zoning":0.0969,"n_noise":0.4726,"n_crowding":0.3028,"n_green":0.5686,"demand":0.0699,"load":0.0753,"priority":0.0475,"host":"深沢図書館（複合施設）","host_kind":"図書館","host_ward":"世田谷区","host_d":512,"f_welfare_n":5,"f_welfare_cap":50,"f_station_riders":30971,"f_station_dist":965,"f_noise_db":69.5,"f_green_pct":1.8,"f_station_name":"尾山台","f_zoning_name":"第一種低層住居専用地域"}},{"type":"Feature","geometry":{"type":"Polygon","coordinates":[[[139.65625,35.614583],[139.659375,35.614583],[139.659375,35.616667],[139.65625,35.616667],[139.65625,35.614583]]]},"properties":{"c":"5339353243","n_welfare_capacity":0.172,"n_sped_school":0.0516,"n_station_flow":0.0248,"n_clinic":0.276,"n_zoning":0.5614,"n_noise":0.6717,"n_crowding":0.6837,"n_green":0.6958,"demand":0.0896,"load":0.5668,"priority":0.2206,"host":"深沢図書館（複合施設）","host_kind":"図書館","host_ward":"世田谷区","host_d":620,"f_welfare_n":6,"f_welfare_cap":55,"f_station_riders":30971,"f_station_dist":1020,"f_noise_db":70.1,"f_green_pct":3.1,"f_station_name":"尾山台","f_zoning_name":"第一種低層住居専用地域"}},{"type":"Feature","geometry":{"type":"Polygon","coordinates":[[[139.659375,35.614583],[139.6625,35.614583],[139.6625,35.616667],[139.659375,35.616667],[139.659375,35.614583]]]},"properties":{"c":"5339353244","n_welfare_capacity":0.1828,"n_sped_school":0.0279,"n_station_flow":0.1564,"n_clinic":0.5242,"n_zoning":0.4951,"n_noise":0.7336,"n_crowding":0.6837,"n_green":0.0,"demand":0.1514,"load":0.7964,"priority":0.3749,"host":"深沢地区会館","host_kind":"区民センター","host_ward":"世田谷区","host_d":227,"f_welfare_n":6,"f_welfare_cap":55,"f_clinic_n":1,"f_station_riders":12729,"f_station_dist":1137,"f_noise_db":70.7,"f_station_name":"九品仏","f_zoning_name":"第一種低層住居専用地域"}},{"type":"Feature","geometry":{"type":"Polygon","coordinates":[[[139.590625,35.616667],[139.59375,35.616667],[139.59375,35.61875],[139.590625,35.61875],[139.590625,35.616667]]]},"properties":{"c":"5339344712","n_welfare_capacity":0.0143,"n_sped_school":0.0,"n_station_flow":0.0485,"n_clinic":0.0018,"n_zoning":0.6874,"n_noise":0.5,"n_crowding":0.0032,"n_green":0.0,"demand":0.0197,"load":0.4583,"priority":0.0682,"f_welfare_n":9,"f_welfare_cap":91,"f_station_riders":26960,"f_station_dist":847,"f_noise_db":69.6,"f_station_name":"久地"}},{"type":"Feature","geometry":{"type":"Polygon","coordinates":[[[139.6,35.616667],[139.603125,35.616667],[139.603125,35.61875],[139.6,35.61875],[139.6,35.616667]]]},"properties":{"c":"5339344811","n_welfare_capacity":0.0287,"n_sped_school":0.0,"n_station_flow":0.0069,"n_clinic":0.0036,"n_zoning":0.0345,"n_noise":0.5,"n_crowding":0.0347,"n_green":0.0,"demand":0.0152,"load":0.1018,"priority":0.017,"host":"宇奈根地区会館","host_kind":"区民センター","host_ward":"世田谷区","host_d":640,"f_welfare_n":13,"f_welfare_cap":117,"f_station_riders":26960,"f_station_dist":1141,"f_noise_db":69.6,"f_station_name":"久地","f_zoning_name":"第一種低層住居専用地域"}},{"type":"Feature","geometry":{"type":"Polygon","coordinates":[[[139.603125,35.616667],[139.60625,35.616667],[139.60625,35.61875],[139.603125,35.61875],[139.603125,35.616667]]]},"properties":{"c":"5339344812","n_welfare_capacity":0.0663,"n_sped_school":0.0,"n_station_flow":0.0,"n_clinic":0.0045,"n_zoning":0.0345,"n_noise":0.5,"n_crowding":0.0347,"n_green":0.0,"demand":0.0224,"load":0.1018,"priority":0.0269,"host":"宇奈根地区会館","host_kind":"区民センター","host_ward":"世田谷区","host_d":660,"f_welfare_n":12,"f_welfare_cap":102,"f_station_riders":26960,"f_station_dist":1348,"f_noise_db":69.6,"f_station_name":"久地","f_zoning_name":"第一種低層住居専用地域"}},{"type":"Feature","geometry":{"type":"Polygon","coordinates":[[[139.60625,35.616667],[139.609375,35.616667],[139.609375,35.61875],[139.60625,35.61875],[139.60625,35.616667]]]},"properties":{"c":"5339344821","n_welfare_capacity":0.0896,"n_sped_school":0.0,"n_station_flow":0.0,"n_clinic":0.0134,"n_zoning":0.4484,"n_noise":0.5,"n_crowding":0.1755,"n_green":0.9145,"demand":0.0278,"load":0.0951,"priority":0.0314,"f_welfare_n":10,"f_welfare_cap":90,"f_clinic_n":1,"f_noise_db":69.6,"f_green_pct":34.5,"f_zoning_name":"第一種中高層住居専用地域"}},{"type":"Feature","geometry":{"type":"Polygon","coordinates":[[[139.609375,35.616667],[139.6125,35.616667],[139.6125,35.61875],[139.609375,35.61875],[139.609375,35.616667]]]},"properties":{"c":"5339344822","n_welfare_capacity":0.1183,"n_sped_school":0.0,"n_station_flow":0.0,"n_clinic":0.0394,"n_zoning":0.5045,"n_noise":0.5,"n_crowding":0.1755,"n_green":0.5089,"demand":0.0349,"load":0.2314,"priority":0.0628,"host":"鎌田図書館（複合施設）","host_kind":"図書館","host_ward":"世田谷区","host_d":559,"f_welfare_n":10,"f_welfare_cap":146,"f_clinic_n":1,"f_noise_db":69.6,"f_green_pct":1.6,"f_zoning_name":"第一種中高層住居専用地域"}},{"type":"Feature","geometry":{"type":"Polygon","coordinates":[[[139.6125,35.616667],[139.615625,35.616667],[139.615625,35.61875],[139.6125,35.61875],[139.6125,35.616667]]]},"properties":{"c":"5339344911","n_welfare_capacity":0.1944,"n_sped_school":0.0,"n_station_flow":0.0,"n_clinic":0.0726,"n_zoning":0.5045,"n_noise":0.9901,"n_crowding":0.4463,"n_green":0.0,"demand":0.0556,"load":0.8188,"priority":0.2018,"host":"鎌田図書館（複合施設）","host_kind":"図書館","host_ward":"世田谷区","host_d":510,"f_welfare_n":21,"f_welfare_cap":262,"f_clinic_n":1,"f_station_riders":140353,"f_station_dist":1315,"f_noise_db":75.0,"f_station_name":"二子玉川","f_zoning_name":"第一種中高層住居専用地域"}},{"type":"Feature","geometry":{"type":"Polygon","coordinates":[[[139.615625,35.616667],[139.61875,35.616667],[139.61875,35.61875],[139.615625,35.61875],[139.615625,35.616667]]]},"properties":{"c":"5339344912","n_welfare_capacity":0.2177,"n_sped_school":0.0,"n_station_flow":0.1525,"n_clinic":0.1649,"n_zoning":0.5291,"n_noise":0.9901,"n_crowding":0.4463,"n_green":0.9264,"demand":0.1022,"load":0.5175,"priority":0.2251,"host":"鎌田図書館（複合施設）","host_kind":"図書館","host_ward":"世田谷区","host_d":607,"f_welfare_n":19,"f_welfare_cap":177,"f_clinic_n":2,"f_station_riders":140353,"f_station_dist":1086,"f_noise_db":75.0,"f_green_pct":41.4,"f_station_name":"二子玉川","f_zoning_name":"第一種中高層住居専用地域"}},{"type":"Feature","geometry":{"type":"Polygon","coordinates":[[[139.61875,35.616667],[139.621875,35.616667],[139.621875,35.61875],[139.61875,35.61875],[139.61875,35.616667]]]},"properties":{"c":"5339344921","n_welfare_capacity":0.2294,"n_sped_school":0.0,"n_station_flow":0.3426,"n_clinic":0.2787,"n_zoning":0.5821,"n_noise":0.9901,"n_crowding":0.6539,"n_green":0.9583,"demand":0.1756,"load":0.6484,"priority":0.3614,"host":"二子玉川地区会館別館（複合施設）","host_kind":"区民センター","host_ward":"世田谷区","host_d":537,"f_welfare_n":19,"f_welfare_cap":177,"f_clinic_n":5,"f_station_riders":140353,"f_station_dist":889,"f_noise_db":75.0,"f_green_pct":66.4,"f_station_name":"二子玉川","f_zoning_name":"第一種住居地域"}},{"type":"Feature","geometry":{"type":"Polygon","coordinates":[[[139.621875,35.616667],[139.625,35.616667],[139.625,35.61875],[139.621875,35.61875],[139.621875,35.616667]]]},"properties":{"c":"5339344922","n_welfare_capacity":0.259,"n_sped_school":0.0,"n_station_flow":0.497,"n_clinic":0.4095,"n_zoning":0.1821,"n_noise":0.9901,"n_crowding":0.6539,"n_green":0.0,"demand":0.2903,"load":0.7471,"priority":0.5094,"host":"二子玉川出張所（複合施設）","host_kind":"出張所","host_ward":"世田谷区","host_d":387,"f_welfare_n":16,"f_welfare_cap":113,"f_clinic_n":7,"f_station_riders":140353,"f_station_dist":750,"f_noise_db":75.0,"f_station_name":"二子玉川","f_zoning_name":"第一種低層住居専用地域"}},{"type":"Feature","geometry":{"type":"Polygon","coordinates":[[[139.625,35.616667],[139.628125,35.616667],[139.628125,35.61875],[139.625,35.61875],[139.625,35.616667]]]},"properties":{"c":"5339354011","n_welfare_capacity":0.241,"n_sped_school":0.0,"n_station_flow":0.5198,"n_clinic":0.4848,"n_zoning":0.7256,"n_noise":0.9901,"n_crowding":0.412,"n_green":0.0,"demand":0.3091,"load":0.8933,"priority":0.5704,"host":"二子玉川出張所（複合施設）","host_kind":"出張所","host_ward":"世田谷区","host_d":249,"f_welfare_n":21,"f_welfare_cap":135,"f_clinic_n":6,"f_station_riders":140353,"f_station_dist":703,"f_noise_db":75.0,"f_station_name":"二子玉川","f_zoning_name":"第一種中高層住居専用地域"}},{"type":"Feature","geometry":{"type":"Polygon","coordinates":[[[139.628125,35.616667],[139.63125,35.616667],[139.63125,35.61875],[139.628125,35.61875],[139.628125,35.616667]]]},"properties":{"c":"5339354012","n_welfare_capacity":0.2079,"n_sped_school":0.0,"n_station_flow":0.596,"n_clinic":0.4884,"n_zoning":0.6789,"n_noise":0.9901,"n_crowding":0.412,"n_green":0.0,"demand":0.328,"load":0.8789,"priority":0.5848,"host":"玉川台図書館（複合施設）","host_kind":"図書館","host_ward":"世田谷区","host_d":655,"f_welfare_n":18,"f_welfare_cap":105,"f_clinic_n":6,"f_station_riders":140353,"f_station_dist":766,"f_noise_db":75.0,"f_station_name":"二子玉川","f_zoning_name":"第一種中高層住居専用地域"}},{"type":"Feature","geometry":{"type":"Polygon","coordinates":[[[139.63125,35.616667],[139.634375,35.616667],[139.634375,35.61875],[139.63125,35.61875],[139.63125,35.616667]]]},"properties":{"c":"5339354021","n_welfare_capacity":0.1774,"n_sped_school":0.0,"n_station_flow":0.502,"n_clinic":0.4265,"n_zoning":0.287,"n_noise":0.9901,"n_crowding":0.495,"n_green":0.0,"demand":0.2491,"load":0.7309,"priority":0.4574,"host":"玉川台図書館（複合施設）","host_kind":"図書館","host_ward":"世田谷区","host_d":580,"f_welfare_n":19,"f_welfare_cap":125,"f_clinic_n":1,"f_station_riders":22230,"f_station_dist":843,"f_noise_db":75.0,"f_station_name":"上野毛","f_zoning_name":"第一種低層住居専用地域"}},{"type":"Feature","geometry":{"type":"Polygon","coordinates":[[[139.634375,35.616667],[139.6375,35.616667],[139.6375,35.61875],[139.634375,35.61875],[139.634375,35.616667]]]},"properties":{"c":"5339354022","n_welfare_capacity":0.1048,"n_sped_school":0.0,"n_station_flow":0.3713,"n_clinic":0.3495,"n_zoning":0.6798,"n_noise":0.9632,"n_crowding":0.495,"n_green":0.2425,"demand":0.1541,"load":0.8448,"priority":0.3892,"host":"玉川台図書館（複合施設）","host_kind":"図書館","host_ward":"世田谷区","host_d":636,"f_welfare_n":22,"f_welfare_cap":135,"f_clinic_n":1,"f_station_riders":22230,"f_station_dist":691,"f_noise_db":74.2,"f_green_pct":0.5,"f_station_name":"上野毛","f_zoning_name":"第一種低層住居専用地域"}},{"type":"Feature","geometry":{"type":"Polygon","coordinates":[[[139.6375,35.616667],[139.640625,35.616667],[139.640625,35.61875],[139.6375,35.61875],[139.6375,35.616667]]]},"properties":{"c":"5339354111","n_welfare_capacity":0.0995,"n_sped_school":0.0,"n_station_flow":0.1307,"n_clinic":0.2715,"n_zoning":0.2314,"n_noise":0.9058,"n_crowding":0.3353,"n_green":0.7197,"demand":0.0824,"load":0.2888,"priority":0.1318,"host":"森の児童館","host_kind":"児童館","host_ward":"世田谷区","host_d":93,"f_welfare_n":18,"f_welfare_cap":115,"f_clinic_n":1,"f_station_riders":22230,"f_station_dist":635,"f_noise_db":72.9,"f_green_pct":3.6,"f_station_name":"上野毛","f_zoning_name":"第一種低層住居専用地域"}},{"type":"Feature","geometry":{"type":"Polygon","coordinates":[[[139.640625,35.616667],[139.64375,35.616667],[139.64375,35.61875],[139.640625,35.61875],[139.640625,35.616667]]]},"properties":{"c":"5339354112","n_welfare_capacity":0.0968,"n_sped_school":0.0,"n_station_flow":0.0693,"n_clinic":0.1864,"n_zoning":0.4269,"n_noise":0.904,"n_crowding":0.3353,"n_green":0.0,"demand":0.0618,"load":0.6937,"priority":0.1955,"host":"森の児童館","host_kind":"児童館","host_ward":"世田谷区","host_d":318,"f_welfare_n":15,"f_welfare_cap":98,"f_clinic_n":1,"f_station_riders":22230,"f_station_dist":700,"f_noise_db":72.9,"f_station_name":"上野毛","f_zoning_name":"第一種低層住居専用地域"}},{"type":"Feature","geometry":{"type":"Polygon","coordinates":[[[139.64375,35.616667],[139.646875,35.616667],[139.646875,35.61875],[139.64375,35.61875],[139.64375,35.616667]]]},"properties":{"c":"5339354121","n_welfare_capacity":0.0815,"n_sped_school":0.0,"n_station_flow":0.0594,"n_clinic":0.0932,"n_zoning":0.1112,"n_noise":0.8726,"n_crowding":0.06,"n_green":0.0,"demand":0.0457,"load":0.3247,"priority":0.0942,"host":"森の児童館","host_kind":"児童館","host_ward":"世田谷区","host_d":595,"f_welfare_n":12,"f_welfare_cap":88,"f_clinic_n":1,"f_station_riders":22230,"f_station_dist":859,"f_noise_db":72.3,"f_station_name":"上野毛","f_zoning_name":"第一種低層住居専用地域"}},{"type":"Feature","geometry":{"type":"Polygon","coordinates":[[[139.646875,35.616667],[139.65,35.616667],[139.65,35.61875],[139.646875,35.61875],[139.646875,35.616667]]]},"properties":{"c":"5339354122","n_welfare_capacity":0.0681,"n_sped_school":0.0,"n_station_flow":0.0327,"n_clinic":0.0466,"n_zoning":0.0798,"n_noise":0.7758,"n_crowding":0.06,"n_green":0.0,"demand":0.0323,"load":0.2529,"priority":0.0646,"host":"深沢図書館（複合施設）","host_kind":"図書館","host_ward":"世田谷区","host_d":564,"f_welfare_n":7,"f_welfare_cap":65,"f_station_riders":27098,"f_station_dist":1037,"f_noise_db":71.2,"f_station_name":"等々力","f_zoning_name":"第一種低層住居専用地域"}},{"type":"Feature","geometry":{"type":"Polygon","coordinates":[[[139.65,35.616667],[139.653125,35.616667],[139.653125,35.61875],[139.65,35.61875],[139.65,35.616667]]]},"properties":{"c":"5339354211","n_welfare_capacity":0.0466,"n_sped_school":0.0,"n_station_flow":0.0109,"n_clinic":0.0412,"n_zoning":0.5632,"n_noise":0.6924,"n_crowding":0.5609,"n_green":0.3479,"demand":0.0251,"load":0.6511,"priority":0.1049,"host":"深沢図書館（複合施設）","host_kind":"図書館","host_ward":"世田谷区","host_d":346,"f_welfare_n":7,"f_welfare_cap":55,"f_station_riders":27098,"f_station_dist":1086,"f_noise_db":70.3,"f_green_pct":0.8,"f_station_name":"等々力","f_zoning_name":"第一種低層住居専用地域"}},{"type":"Feature","geometry":{"type":"Polygon","coordinates":[[[139.653125,35.616667],[139.65625,35.616667],[139.65625,35.61875],[139.653125,35.61875],[139.653125,35.616667]]]},"properties":{"c":"5339354212","n_welfare_capacity":0.0565,"n_sped_school":0.0,"n_station_flow":0.005,"n_clinic":0.0654,"n_zoning":0.1803,"n_noise":0.7247,"n_crowding":0.5609,"n_green":0.0,"demand":0.0269,"load":0.557,"priority":0.0969,"host":"深沢図書館（複合施設）","host_kind":"図書館","host_ward":"世田谷区","host_d":286,"f_welfare_n":6,"f_welfare_cap":60,"f_station_riders":30971,"f_station_dist":1196,"f_noise_db":70.7,"f_station_name":"尾山台","f_zoning_name":"第一種低層住居専用地域"}},{"type":"Feature","geometry":{"type":"Polygon","coordinates":[[[139.65625,35.616667],[139.659375,35.616667],[139.659375,35.61875],[139.65625,35.61875],[139.65625,35.616667]]]},"properties":{"c":"5339354221","n_welfare_capacity":0.0959,"n_sped_school":0.0,"n_station_flow":0.0,"n_clinic":0.2572,"n_zoning":0.5543,"n_noise":0.7417,"n_crowding":0.1846,"n_green":0.8489,"demand":0.0538,"load":0.2762,"priority":0.0951,"host":"深沢図書館（複合施設）","host_kind":"図書館","host_ward":"世田谷区","host_d":451,"f_welfare_n":7,"f_welfare_cap":65,"f_clinic_n":1,"f_station_riders":30971,"f_station_dist":1241,"f_noise_db":70.8,"f_green_pct":11.6,"f_station_name":"尾山台","f_zoning_name":"第一種低層住居専用地域"}},{"type":"Feature","geometry":{"type":"Polygon","coordinates":[[[139.659375,35.616667],[139.6625,35.616667],[139.6625,35.61875],[139.659375,35.61875],[139.659375,35.616667]]]},"properties":{"c":"5339354222","n_welfare_capacity":0.129,"n_sped_school":0.0,"n_station_flow":0.0,"n_clinic":0.4722,"n_zoning":0.3991,"n_noise":0.6897,"n_crowding":0.1846,"n_green":0.3857,"demand":0.0878,"load":0.3193,"priority":0.1552,"host":"深沢図書館（複合施設）","host_kind":"図書館","host_ward":"世田谷区","host_d":697,"f_welfare_n":6,"f_welfare_cap":55,"f_clinic_n":1,"f_station_riders":30971,"f_station_dist":1345,"f_noise_db":70.3,"f_green_pct":1.0,"f_station_name":"尾山台","f_zoning_name":"第一種低層住居専用地域"}},{"type":"Feature","geometry":{"type":"Polygon","coordinates":[[[139.6625,35.616667],[139.665625,35.616667],[139.665625,35.61875],[139.6625,35.61875],[139.6625,35.616667]]]},"properties":{"c":"5339354311","n_welfare_capacity":0.1918,"n_sped_school":0.0,"n_station_flow":0.0208,"n_clinic":0.6102,"n_zoning":0.0345,"n_noise":0.7265,"n_crowding":0.1949,"n_green":0.7893,"demand":0.1192,"load":0.0592,"priority":0.0538,"host":"深沢地区会館","host_kind":"区民センター","host_ward":"世田谷区","host_d":274,"f_welfare_n":17,"f_welfare_cap":140,"f_clinic_n":1,"f_station_riders":46393,"f_station_dist":1121,"f_noise_db":70.7,"f_green_pct":6.3,"f_station_name":"都立大学","f_zoning_name":"第一種低層住居専用地域"}},{"type":"Feature","geometry":{"type":"Polygon","coordinates":[[[139.590625,35.61875],[139.59375,35.61875],[139.59375,35.620833],[139.590625,35.620833],[139.590625,35.61875]]]},"properties":{"c":"5339344714","n_welfare_capacity":0.0063,"n_sped_school":0.0,"n_station_flow":0.0129,"n_clinic":0.009,"n_zoning":0.2323,"n_noise":0.5,"n_crowding":0.0032,"n_green":0.0,"demand":0.0108,"load":0.1749,"priority":0.0233,"host":"喜多見児童館","host_kind":"児童館","host_ward":"世田谷区","host_d":594,"f_welfare_n":4,"f_welfare_cap":25,"f_clinic_n":1,"f_station_riders":26960,"f_station_dist":1078,"f_noise_db":69.6,"f_station_name":"久地","f_zoning_name":"第一種低層住居専用地域"}},{"type":"Feature","geometry":{"type":"Polygon","coordinates":[[[139.59375,35.61875],[139.596875,35.61875],[139.596875,35.620833],[139.59375,35.620833],[139.59375,35.61875]]]},"properties":{"c":"5339344723","n_welfare_capacity":0.009,"n_sped_school":0.0,"n_station_flow":0.0099,"n_clinic":0.0054,"n_zoning":0.9238,"n_noise":0.5,"n_crowding":0.0059,"n_green":0.0,"demand":0.0072,"load":0.6215,"priority":0.0422,"host":"喜多見児童館","host_kind":"児童館","host_ward":"世田谷区","host_d":551,"f_welfare_n":8,"f_welfare_cap":57,"f_clinic_n":1,"f_station_riders":26960,"f_station_dist":1094,"f_noise_db":69.6,"f_station_name":"久地","f_zoning_name":"準住居地域"}},{"type":"Feature","geometry":{"type":"Polygon","coordinates":[[[139.596875,35.61875],[139.6,35.61875],[139.6,35.620833],[139.596875,35.620833],[139.596875,35.61875]]]},"properties":{"c":"5339344724","n_welfare_capacity":0.0036,"n_sped_school":0.0,"n_station_flow":0.003,"n_clinic":0.0081,"n_zoning":0.4332,"n_noise":0.5,"n_crowding":0.0059,"n_green":0.0,"demand":0.0027,"load":0.2915,"priority":0.0126,"host":"宇奈根地区会館","host_kind":"区民センター","host_ward":"世田谷区","host_d":552,"f_welfare_n":9,"f_welfare_cap":57,"f_station_riders":26960,"f_station_dist":1179,"f_noise_db":69.6,"f_station_name":"久地","f_zoning_name":"第二種低層住居専用地域"}},{"type":"Feature","geometry":{"type":"Polygon","coordinates":[[[139.6,35.61875],[139.603125,35.61875],[139.603125,35.620833],[139.6,35.620833],[139.6,35.61875]]]},"properties":{"c":"5339344813","n_welfare_capacity":0.0161,"n_sped_school":0.0,"n_station_flow":0.0,"n_clinic":0.0063,"n_zoning":0.2744,"n_noise":0.5,"n_crowding":0.0347,"n_green":0.8151,"demand":0.0063,"load":0.0323,"priority":0.0027,"host":"宇奈根地区会館","host_kind":"区民センター","host_ward":"世田谷区","host_d":413,"f_welfare_n":10,"f_welfare_cap":62,"f_station_riders":26960,"f_station_dist":1321,"f_noise_db":69.6,"f_green_pct":8.3,"f_station_name":"久地","f_zoning_name":"第二種低層住居専用地域"}},{"type":"Feature","geometry":{"type":"Polygon","coordinates":[[[139.603125,35.61875],[139.60625,35.61875],[139.60625,35.620833],[139.603125,35.620833],[139.603125,35.61875]]]},"properties":{"c":"5339344814","n_welfare_capacity":0.0215,"n_sped_school":0.0,"n_station_flow":0.0,"n_clinic":0.0099,"n_zoning":0.1058,"n_noise":0.5,"n_crowding":0.0347,"n_green":0.0,"demand":0.0125,"load":0.1291,"priority":0.0188,"host":"宇奈根地区会館","host_kind":"区民センター","host_ward":"世田谷区","host_d":443,"f_welfare_n":8,"f_welfare_cap":52,"f_noise_db":69.6,"f_zoning_name":"第一種低層住居専用地域"}},{"type":"Feature","geometry":{"type":"Polygon","coordinates":[[[139.60625,35.61875],[139.609375,35.61875],[139.609375,35.620833],[139.60625,35.620833],[139.60625,35.61875]]]},"properties":{"c":"5339344823","n_welfare_capacity":0.0394,"n_sped_school":0.0,"n_station_flow":0.0,"n_clinic":0.0143,"n_zoning":0.443,"n_noise":0.5,"n_crowding":0.1755,"n_green":0.0,"demand":0.0179,"load":0.3857,"priority":0.0529,"host":"鎌田図書館（複合施設）","host_kind":"図書館","host_ward":"世田谷区","host_d":586,"f_welfare_n":11,"f_welfare_cap":100,"f_clinic_n":1,"f_noise_db":69.6,"f_zoning_name":"第一種中高層住居専用地域"}},{"type":"Feature","geometry":{"type":"Polygon","coordinates":[[[139.609375,35.61875],[139.6125,35.61875],[139.6125,35.620833],[139.609375,35.620833],[139.609375,35.61875]]]},"properties":{"c":"5339344824","n_welfare_capacity":0.0735,"n_sped_school":0.0,"n_station_flow":0.0,"n_clinic":0.0251,"n_zoning":0.522,"n_noise":0.5,"n_crowding":0.1755,"n_green":0.3976,"demand":0.026,"load":0.2816,"priority":0.0574,"host":"鎌田図書館（複合施設）","host_kind":"図書館","host_ward":"世田谷区","host_d":362,"f_welfare_n":12,"f_welfare_cap":130,"f_clinic_n":1,"f_noise_db":69.6,"f_green_pct":1.0,"f_zoning_name":"第一種中高層住居専用地域"}},{"type":"Feature","geometry":{"type":"Polygon","coordinates":[[[139.6125,35.61875],[139.615625,35.61875],[139.615625,35.620833],[139.6125,35.620833],[139.6125,35.61875]]]},"properties":{"c":"5339344913","n_welfare_capacity":0.1407,"n_sped_school":0.0,"n_station_flow":0.0,"n_clinic":0.0591,"n_zoning":0.5247,"n_noise":0.9901,"n_crowding":0.4463,"n_green":0.0,"demand":0.0439,"load":0.8278,"priority":0.1821,"host":"鎌田図書館（複合施設）","host_kind":"図書館","host_ward":"世田谷区","host_d":281,"f_welfare_n":17,"f_welfare_cap":167,"f_clinic_n":1,"f_station_riders":140353,"f_station_dist":1451,"f_noise_db":75.0,"f_station_name":"二子玉川","f_zoning_name":"第一種中高層住居専用地域"}},{"type":"Feature","geometry":{"type":"Polygon","coordinates":[[[139.615625,35.61875],[139.61875,35.61875],[139.61875,35.620833],[139.615625,35.620833],[139.615625,35.61875]]]},"properties":{"c":"5339344914","n_welfare_capacity":0.2133,"n_sped_school":0.0,"n_station_flow":0.0,"n_clinic":0.1156,"n_zoning":0.3453,"n_noise":0.9901,"n_crowding":0.4463,"n_green":0.6282,"demand":0.0672,"load":0.5166,"priority":0.1776,"host":"鎌田図書館（複合施設）","host_kind":"図書館","host_ward":"世田谷区","host_d":433,"f_welfare_n":17,"f_welfare_cap":167,"f_clinic_n":2,"f_station_riders":140353,"f_station_dist":1248,"f_noise_db":75.0,"f_green_pct":2.4,"f_station_name":"二子玉川","f_zoning_name":"第二種低層住居専用地域"}},{"type":"Feature","geometry":{"type":"Polygon","coordinates":[[[139.61875,35.61875],[139.621875,35.61875],[139.621875,35.620833],[139.61875,35.620833],[139.61875,35.61875]]]},"properties":{"c":"5339344923","n_welfare_capacity":0.2608,"n_sped_school":0.0,"n_station_flow":0.1554,"n_clinic":0.2509,"n_zoning":0.0762,"n_noise":0.922,"n_crowding":0.6539,"n_green":0.1571,"demand":0.1219,"load":0.5919,"priority":0.2717,"host":"鎌田図書館（複合施設）","host_kind":"図書館","host_ward":"世田谷区","host_d":675,"f_welfare_n":19,"f_welfare_cap":177,"f_clinic_n":2,"f_station_riders":140353,"f_station_dist":1081,"f_noise_db":73.3,"f_green_pct":0.3,"f_station_name":"二子玉川","f_zoning_name":"第一種低層住居専用地域"}},{"type":"Feature","geometry":{"type":"Polygon","coordinates":[[[139.621875,35.61875],[139.625,35.61875],[139.625,35.620833],[139.621875,35.620833],[139.621875,35.61875]]]},"properties":{"c":"5339344924","n_welfare_capacity":0.2814,"n_sped_school":0.0,"n_station_flow":0.2366,"n_clinic":0.3387,"n_zoning":0.3184,"n_noise":0.9408,"n_crowding":0.6539,"n_green":0.328,"demand":0.1685,"load":0.6843,"priority":0.3641,"host":"瀬田地区会館","host_kind":"区民センター","host_ward":"世田谷区","host_d":396,"f_welfare_n":23,"f_welfare_cap":212,"f_clinic_n":4,"f_station_riders":140353,"f_station_dist":970,"f_noise_db":74.0,"f_green_pct":0.8,"f_station_name":"二子玉川","f_zoning_name":"第一種中高層住居専用地域"}},{"type":"Feature","geometry":{"type":"Polygon","coordinates":[[[139.625,35.61875],[139.628125,35.61875],[139.628125,35.620833],[139.625,35.620833],[139.625,35.61875]]]},"properties":{"c":"5339354013","n_welfare_capacity":0.3091,"n_sped_school":0.0,"n_station_flow":0.4149,"n_clinic":0.4158,"n_zoning":0.157,"n_noise":0.9731,"n_crowding":0.412,"n_green":0.0,"demand":0.2769,"load":0.6099,"priority":0.4457,"host":"玉川台図書館（複合施設）","host_kind":"図書館","host_ward":"世田谷区","host_d":683,"f_welfare_n":20,"f_welfare_cap":130,"f_clinic_n":5,"f_station_riders":140353,"f_station_dist":934,"f_noise_db":74.6,"f_station_name":"二子玉川","f_zoning_name":"第一種低層住居専用地域"}},{"type":"Feature","geometry":{"type":"Polygon","coordinates":[[[139.628125,35.61875],[139.63125,35.61875],[139.63125,35.620833],[139.628125,35.620833],[139.628125,35.61875]]]},"properties":{"c":"5339354014","n_welfare_capacity":0.2599,"n_sped_school":0.0,"n_station_flow":0.4396,"n_clinic":0.4355,"n_zoning":0.7229,"n_noise":0.9785,"n_crowding":0.412,"n_green":0.0,"demand":0.2661,"load":0.8888,"priority":0.5354,"host":"玉川台図書館（複合施設）","host_kind":"図書館","host_ward":"世田谷区","host_d":463,"f_welfare_n":23,"f_welfare_cap":147,"f_clinic_n":2,"f_station_riders":65061,"f_station_dist":862,"f_noise_db":74.9,"f_station_name":"用賀","f_zoning_name":"第一種低層住居専用地域"}},{"type":"Feature","geometry":{"type":"Polygon","coordinates":[[[139.63125,35.61875],[139.634375,35.61875],[139.634375,35.620833],[139.63125,35.620833],[139.63125,35.61875]]]},"properties":{"c":"5339354023","n_welfare_capacity":0.2231,"n_sped_school":0.0,"n_station_flow":0.4386,"n_clinic":0.4203,"n_zoning":0.7767,"n_noise":0.9901,"n_crowding":0.495,"n_green":0.0,"demand":0.2455,"load":0.9345,"priority":0.5256,"host":"玉川台図書館（複合施設）","host_kind":"図書館","host_ward":"世田谷区","host_d":349,"f_welfare_n":20,"f_welfare_cap":120,"f_clinic_n":2,"f_station_riders":65061,"f_station_dist":771,"f_noise_db":75.0,"f_station_name":"用賀","f_zoning_name":"第一種中高層住居専用地域"}},{"type":"Feature","geometry":{"type":"Polygon","coordinates":[[[139.634375,35.61875],[139.6375,35.61875],[139.6375,35.620833],[139.634375,35.620833],[139.634375,35.61875]]]},"properties":{"c":"5339354024","n_welfare_capacity":0.1568,"n_sped_school":0.0,"n_station_flow":0.205,"n_clinic":0.371,"n_zoning":0.5874,"n_noise":0.9901,"n_crowding":0.495,"n_green":0.0,"demand":0.1237,"load":0.87,"priority":0.3489,"host":"玉川台図書館（複合施設）","host_kind":"図書館","host_ward":"世田谷区","host_d":436,"f_welfare_n":21,"f_welfare_cap":120,"f_clinic_n":3,"f_station_riders":65061,"f_station_dist":779,"f_noise_db":75.0,"f_station_name":"用賀","f_zoning_name":"第一種低層住居専用地域"}},{"type":"Feature","geometry":{"type":"Polygon","coordinates":[[[139.6375,35.61875],[139.640625,35.61875],[139.640625,35.620833],[139.6375,35.620833],[139.6375,35.61875]]]},"properties":{"c":"5339354113","n_welfare_capacity":0.1147,"n_sped_school":0.0,"n_station_flow":0.1703,"n_clinic":0.3136,"n_zoning":0.4206,"n_noise":0.9758,"n_crowding":0.3353,"n_green":0.3121,"demand":0.1004,"load":0.626,"priority":0.2475,"host":"玉川台図書館（複合施設）","host_kind":"図書館","host_ward":"世田谷区","host_d":647,"f_welfare_n":21,"f_welfare_cap":125,"f_clinic_n":1,"f_station_riders":22230,"f_station_dist":866,"f_noise_db":74.7,"f_green_pct":0.7,"f_station_name":"上野毛","f_zoning_name":"第一種低層住居専用地域"}},{"type":"Feature","geometry":{"type":"Polygon","coordinates":[[[139.640625,35.61875],[139.64375,35.61875],[139.64375,35.620833],[139.640625,35.620833],[139.640625,35.61875]]]},"properties":{"c":"5339354114","n_welfare_capacity":0.0556,"n_sped_school":0.0,"n_station_flow":0.103,"n_clinic":0.1944,"n_zoning":0.7596,"n_noise":0.9076,"n_crowding":0.3353,"n_green":0.674,"demand":0.0582,"load":0.6592,"priority":0.1857,"host":"森の児童館","host_kind":"児童館","host_ward":"世田谷区","host_d":443,"f_welfare_n":11,"f_welfare_cap":65,"f_clinic_n":1,"f_station_riders":22230,"f_station_dist":915,"f_noise_db":73.0,"f_green_pct":2.8,"f_station_name":"上野毛","f_zoning_name":"第一種低層住居専用地域"}},{"type":"Feature","geometry":{"type":"Polygon","coordinates":[[[139.64375,35.61875],[139.646875,35.61875],[139.646875,35.620833],[139.64375,35.620833],[139.64375,35.61875]]]},"properties":{"c":"5339354123","n_welfare_capacity":0.0645,"n_sped_school":0.0,"n_station_flow":0.0079,"n_clinic":0.1138,"n_zoning":0.2332,"n_noise":0.8807,"n_crowding":0.06,"n_green":0.0,"demand":0.0332,"load":0.4143,"priority":0.0897,"host":"森の児童館","host_kind":"児童館","host_ward":"世田谷区","host_d":670,"f_welfare_n":6,"f_welfare_cap":45,"f_clinic_n":1,"f_station_riders":22230,"f_station_dist":1041,"f_noise_db":72.4,"f_station_name":"上野毛","f_zoning_name":"第一種低層住居専用地域"}},{"type":"Feature","geometry":{"type":"Polygon","coordinates":[[[139.646875,35.61875],[139.65,35.61875],[139.65,35.620833],[139.646875,35.620833],[139.646875,35.61875]]]},"properties":{"c":"5339354124","n_welfare_capacity":0.0367,"n_sped_school":0.0,"n_station_flow":0.0,"n_clinic":0.0627,"n_zoning":0.2054,"n_noise":0.7901,"n_crowding":0.06,"n_green":0.0,"demand":0.0215,"load":0.3381,"priority":0.0565,"host":"深沢図書館（複合施設）","host_kind":"図書館","host_ward":"世田谷区","host_d":494,"f_welfare_n":6,"f_welfare_cap":50,"f_clinic_n":1,"f_station_riders":22230,"f_station_dist":1221,"f_noise_db":71.4,"f_station_name":"上野毛","f_zoning_name":"第一種低層住居専用地域"}},{"type":"Feature","geometry":{"type":"Polygon","coordinates":[[[139.65,35.61875],[139.653125,35.61875],[139.653125,35.620833],[139.65,35.620833],[139.65,35.61875]]]},"properties":{"c":"5339354213","n_welfare_capacity":0.0188,"n_sped_school":0.0,"n_station_flow":0.0,"n_clinic":0.112,"n_zoning":0.4161,"n_noise":0.7794,"n_crowding":0.5609,"n_green":0.7614,"demand":0.0242,"load":0.4377,"priority":0.0762,"host":"深沢図書館（複合施設）","host_kind":"図書館","host_ward":"世田谷区","host_d":214,"f_welfare_n":7,"f_welfare_cap":70,"f_station_riders":27098,"f_station_dist":1308,"f_noise_db":71.3,"f_green_pct":4.8,"f_station_name":"等々力","f_zoning_name":"第一種低層住居専用地域"}},{"type":"Feature","geometry":{"type":"Polygon","coordinates":[[[139.653125,35.61875],[139.65625,35.61875],[139.65625,35.620833],[139.653125,35.620833],[139.653125,35.61875]]]},"properties":{"c":"5339354214","n_welfare_capacity":0.0332,"n_sped_school":0.0,"n_station_flow":0.0,"n_clinic":0.1568,"n_zoning":0.3283,"n_noise":0.7865,"n_crowding":0.5609,"n_green":0.4811,"demand":0.0314,"load":0.5004,"priority":0.1022,"host":"深沢図書館（複合施設）","host_kind":"図書館","host_ward":"世田谷区","host_d":86,"f_welfare_n":4,"f_welfare_cap":60,"f_station_riders":27098,"f_station_dist":1406,"f_noise_db":71.4,"f_green_pct":1.4,"f_station_name":"等々力","f_zoning_name":"第一種低層住居専用地域"}},{"type":"Feature","geometry":{"type":"Polygon","coordinates":[[[139.65625,35.61875],[139.659375,35.61875],[139.659375,35.620833],[139.65625,35.620833],[139.65625,35.61875]]]},"properties":{"c":"5339354223","n_welfare_capacity":0.0484,"n_sped_school":0.0,"n_station_flow":0.0,"n_clinic":0.2401,"n_zoning":0.0717,"n_noise":0.7274,"n_crowding":0.1846,"n_green":0.0,"demand":0.043,"load":0.2825,"priority":0.0843,"host":"深沢図書館（複合施設）","host_kind":"図書館","host_ward":"世田谷区","host_d":360,"f_welfare_n":5,"f_welfare_cap":55,"f_clinic_n":1,"f_station_riders":30971,"f_station_dist":1465,"f_noise_db":70.7,"f_station_name":"尾山台","f_zoning_name":"第一種低層住居専用地域"}},{"type":"Feature","geometry":{"type":"Polygon","coordinates":[[[139.659375,35.61875],[139.6625,35.61875],[139.6625,35.620833],[139.659375,35.620833],[139.659375,35.61875]]]},"properties":{"c":"5339354224","n_welfare_capacity":0.0851,"n_sped_school":0.0,"n_station_flow":0.0,"n_clinic":0.4543,"n_zoning":0.1874,"n_noise":0.7139,"n_crowding":0.1846,"n_green":0.0,"demand":0.0744,"load":0.3516,"priority":0.1471,"host":"深沢図書館（複合施設）","host_kind":"図書館","host_ward":"世田谷区","host_d":642,"f_welfare_n":5,"f_welfare_cap":50,"f_clinic_n":1,"f_station_riders":46393,"f_station_dist":1421,"f_noise_db":70.6,"f_station_name":"都立大学","f_zoning_name":"第一種低層住居専用地域"}},{"type":"Feature","geometry":{"type":"Polygon","coordinates":[[[139.6625,35.61875],[139.665625,35.61875],[139.665625,35.620833],[139.6625,35.620833],[139.6625,35.61875]]]},"properties":{"c":"5339354313","n_welfare_capacity":0.1882,"n_sped_school":0.0,"n_station_flow":0.0188,"n_clinic":0.6129,"n_zoning":0.2879,"n_noise":0.6906,"n_crowding":0.1949,"n_green":0.0,"demand":0.1174,"load":0.4072,"priority":0.2099,"host":"深沢地区会館","host_kind":"区民センター","host_ward":"世田谷区","host_d":361,"f_welfare_n":11,"f_welfare_cap":100,"f_clinic_n":1,"f_station_riders":46393,"f_station_dist":1142,"f_noise_db":70.3,"f_station_name":"都立大学","f_zoning_name":"第一種低層住居専用地域"}},{"type":"Feature","geometry":{"type":"Polygon","coordinates":[[[139.590625,35.620833],[139.59375,35.620833],[139.59375,35.622917],[139.590625,35.622917],[139.590625,35.620833]]]},"properties":{"c":"5339344732","n_welfare_capacity":0.0108,"n_sped_school":0.0,"n_station_flow":0.0,"n_clinic":0.0152,"n_zoning":0.078,"n_noise":0.4628,"n_crowding":0.056,"n_green":0.0,"demand":0.0054,"load":0.1121,"priority":0.0099,"host":"喜多見児童館","host_kind":"児童館","host_ward":"世田谷区","host_d":391,"f_welfare_n":3,"f_welfare_cap":15,"f_clinic_n":1,"f_station_riders":26960,"f_station_dist":1308,"f_noise_db":69.5,"f_station_name":"久地","f_zoning_name":"第一種低層住居専用地域"}},{"type":"Feature","geometry":{"type":"Polygon","coordinates":[[[139.59375,35.620833],[139.596875,35.620833],[139.596875,35.622917],[139.59375,35.622917],[139.59375,35.620833]]]},"properties":{"c":"5339344741","n_welfare_capacity":0.0054,"n_sped_school":0.0,"n_station_flow":0.0,"n_clinic":0.0125,"n_zoning":0.313,"n_noise":0.6332,"n_crowding":0.4986,"n_green":0.0,"demand":0.0036,"load":0.5587,"priority":0.0242,"host":"宇奈根地区会館","host_kind":"区民センター","host_ward":"世田谷区","host_d":684,"f_welfare_n":7,"f_welfare_cap":47,"f_clinic_n":1,"f_station_riders":26960,"f_station_dist":1321,"f_noise_db":70.0,"f_station_name":"久地","f_zoning_name":"第一種低層住居専用地域"}},{"type":"Feature","geometry":{"type":"Polygon","coordinates":[[[139.596875,35.620833],[139.6,35.620833],[139.6,35.622917],[139.596875,35.622917],[139.596875,35.620833]]]},"properties":{"c":"5339344742","n_welfare_capacity":0.0018,"n_sped_school":0.0,"n_station_flow":0.0,"n_clinic":0.0072,"n_zoning":0.348,"n_noise":0.6332,"n_crowding":0.4986,"n_green":0.5547,"demand":0.0009,"load":0.3561,"priority":0.0063,"host":"宇奈根地区会館","host_kind":"区民センター","host_ward":"世田谷区","host_d":416,"f_welfare_n":7,"f_welfare_cap":47,"f_clinic_n":1,"f_station_riders":26960,"f_station_dist":1393,"f_noise_db":70.0,"f_green_pct":1.8,"f_station_name":"久地","f_zoning_name":"第一種低層住居専用地域"}},{"type":"Feature","geometry":{"type":"Polygon","coordinates":[[[139.6,35.620833],[139.603125,35.620833],[139.603125,35.622917],[139.6,35.622917],[139.6,35.620833]]]},"properties":{"c":"5339344831","n_welfare_capacity":0.0072,"n_sped_school":0.0,"n_station_flow":0.0,"n_clinic":0.0108,"n_zoning":0.1883,"n_noise":0.6332,"n_crowding":0.1385,"n_green":0.5586,"demand":0.0045,"load":0.1103,"priority":0.0081,"host":"宇奈根地区会館","host_kind":"区民センター","host_ward":"世田谷区","host_d":196,"f_welfare_n":9,"f_welfare_cap":62,"f_noise_db":70.0,"f_green_pct":1.8,"f_zoning_name":"第一種低層住居専用地域"}},{"type":"Feature","geometry":{"type":"Polygon","coordinates":[[[139.603125,35.620833],[139.60625,35.620833],[139.60625,35.622917],[139.603125,35.622917],[139.603125,35.620833]]]},"properties":{"c":"5339344832","n_welfare_capacity":0.017,"n_sped_school":0.0,"n_station_flow":0.0,"n_clinic":0.0161,"n_zoning":0.1534,"n_noise":0.5,"n_crowding":0.1385,"n_green":0.5209,"demand":0.0116,"load":0.0673,"priority":0.0117,"host":"宇奈根地区会館","host_kind":"区民センター","host_ward":"世田谷区","host_d":253,"f_welfare_n":9,"f_welfare_cap":62,"f_noise_db":69.6,"f_green_pct":1.6,"f_zoning_name":"第一種低層住居専用地域"}},{"type":"Feature","geometry":{"type":"Polygon","coordinates":[[[139.60625,35.620833],[139.609375,35.620833],[139.609375,35.622917],[139.60625,35.622917],[139.60625,35.620833]]]},"properties":{"c":"5339344841","n_welfare_capacity":0.0349,"n_sped_school":0.0,"n_station_flow":0.0,"n_clinic":0.0215,"n_zoning":0.2502,"n_noise":0.5,"n_crowding":0.3795,"n_green":0.5984,"demand":0.017,"load":0.1498,"priority":0.0296,"host":"鎌田図書館（複合施設）","host_kind":"図書館","host_ward":"世田谷区","host_d":518,"f_welfare_n":10,"f_welfare_cap":70,"f_clinic_n":1,"f_noise_db":69.6,"f_green_pct":2.1,"f_zoning_name":"第一種低層住居専用地域"}},{"type":"Feature","geometry":{"type":"Polygon","coordinates":[[[139.609375,35.620833],[139.6125,35.620833],[139.6125,35.622917],[139.609375,35.622917],[139.609375,35.620833]]]},"properties":{"c":"5339344842","n_welfare_capacity":0.1505,"n_sped_school":0.0,"n_station_flow":0.0,"n_clinic":0.0269,"n_zoning":0.3274,"n_noise":0.5,"n_crowding":0.3795,"n_green":0.0,"demand":0.0403,"load":0.4179,"priority":0.1076,"host":"鎌田図書館（複合施設）","host_kind":"図書館","host_ward":"世田谷区","host_d":238,"f_welfare_n":12,"f_welfare_cap":130,"f_clinic_n":1,"f_noise_db":69.6,"f_zoning_name":"第一種低層住居専用地域"}},{"type":"Feature","geometry":{"type":"Polygon","coordinates":[[[139.6125,35.620833],[139.615625,35.620833],[139.615625,35.622917],[139.6125,35.622917],[139.6125,35.620833]]]},"properties":{"c":"5339344931","n_welfare_capacity":0.2536,"n_sped_school":0.0,"n_station_flow":0.0,"n_clinic":0.0493,"n_zoning":0.3552,"n_noise":0.8359,"n_crowding":0.1521,"n_green":0.7256,"demand":0.0681,"load":0.235,"priority":0.1031,"host":"鎌田図書館（複合施設）","host_kind":"図書館","host_ward":"世田谷区","host_d":67,"f_welfare_n":14,"f_welfare_cap":152,"f_clinic_n":1,"f_noise_db":72.0,"f_green_pct":3.7,"f_zoning_name":"第一種中高層住居専用地域"}},{"type":"Feature","geometry":{"type":"Polygon","coordinates":[[[139.615625,35.620833],[139.61875,35.620833],[139.61875,35.622917],[139.615625,35.622917],[139.615625,35.620833]]]},"properties":{"c":"5339344932","n_welfare_capacity":0.3342,"n_sped_school":0.0,"n_station_flow":0.0,"n_clinic":0.1407,"n_zoning":0.2135,"n_noise":0.8646,"n_crowding":0.1521,"n_green":0.8926,"demand":0.0959,"load":0.1247,"priority":0.0825,"host":"鎌田図書館（複合施設）","host_kind":"図書館","host_ward":"世田谷区","host_d":336,"f_welfare_n":18,"f_welfare_cap":172,"f_clinic_n":1,"f_station_riders":140353,"f_station_dist":1429,"f_noise_db":72.2,"f_green_pct":25.6,"f_station_name":"二子玉川","f_zoning_name":"第二種低層住居専用地域"}},{"type":"Feature","geometry":{"type":"Polygon","coordinates":[[[139.61875,35.620833],[139.621875,35.620833],[139.621875,35.622917],[139.61875,35.622917],[139.61875,35.620833]]]},"properties":{"c":"5339344941","n_welfare_capacity":0.3459,"n_sped_school":0.0,"n_station_flow":0.0,"n_clinic":0.2115,"n_zoning":0.0345,"n_noise":0.8547,"n_crowding":0.0781,"n_green":0.9105,"demand":0.1039,"load":0.0466,"priority":0.0448,"host":"鎌田図書館（複合施設）","host_kind":"図書館","host_ward":"世田谷区","host_d":618,"f_welfare_n":21,"f_welfare_cap":192,"f_clinic_n":1,"f_station_riders":140353,"f_station_dist":1286,"f_noise_db":72.1,"f_green_pct":29.7,"f_station_name":"二子玉川","f_zoning_name":"第一種低層住居専用地域"}},{"type":"Feature","geometry":{"type":"Polygon","coordinates":[[[139.621875,35.620833],[139.625,35.620833],[139.625,35.622917],[139.621875,35.622917],[139.621875,35.620833]]]},"properties":{"c":"5339344942","n_welfare_capacity":0.3432,"n_sped_school":0.0,"n_station_flow":0.1782,"n_clinic":0.2625,"n_zoning":0.1659,"n_noise":0.8996,"n_crowding":0.0781,"n_green":0.3956,"demand":0.1613,"load":0.2386,"priority":0.1865,"host":"瀬田地区会館","host_kind":"区民センター","host_ward":"世田谷区","host_d":356,"f_welfare_n":25,"f_welfare_cap":237,"f_clinic_n":1,"f_station_riders":65061,"f_station_dist":1105,"f_noise_db":72.8,"f_green_pct":1.0,"f_station_name":"用賀","f_zoning_name":"第一種低層住居専用地域"}},{"type":"Feature","geometry":{"type":"Polygon","coordinates":[[[139.625,35.620833],[139.628125,35.620833],[139.628125,35.622917],[139.625,35.622917],[139.625,35.620833]]]},"properties":{"c":"5339354031","n_welfare_capacity":0.3817,"n_sped_school":0.0,"n_station_flow":0.2851,"n_clinic":0.3459,"n_zoning":0.122,"n_noise":0.939,"n_crowding":0.5483,"n_green":0.0,"demand":0.233,"load":0.6404,"priority":0.4161,"host":"玉川台図書館（複合施設）","host_kind":"図書館","host_ward":"世田谷区","host_d":599,"f_welfare_n":24,"f_welfare_cap":167,"f_clinic_n":2,"f_station_riders":65061,"f_station_dist":867,"f_noise_db":74.0,"f_station_name":"用賀","f_zoning_name":"第一種低層住居専用地域"}},{"type":"Feature","geometry":{"type":"Polygon","coordinates":[[[139.628125,35.620833],[139.63125,35.620833],[139.63125,35.622917],[139.628125,35.622917],[139.628125,35.620833]]]},"properties":{"c":"5339354032","n_welfare_capacity":0.3862,"n_sped_school":0.0,"n_station_flow":0.2059,"n_clinic":0.3916,"n_zoning":0.8161,"n_noise":0.9659,"n_crowding":0.5483,"n_green":0.0,"demand":0.2079,"load":0.957,"priority":0.4825,"host":"玉川台図書館（複合施設）","host_kind":"図書館","host_ward":"世田谷区","host_d":326,"f_welfare_n":24,"f_welfare_cap":187,"f_clinic_n":4,"f_station_riders":65061,"f_station_dist":666,"f_noise_db":74.3,"f_station_name":"用賀","f_zoning_name":"近隣商業地域"}},{"type":"Feature","geometry":{"type":"Polygon","coordinates":[[[139.63125,35.620833],[139.634375,35.620833],[139.634375,35.622917],[139.63125,35.622917],[139.63125,35.620833]]]},"properties":{"c":"5339354041","n_welfare_capacity":0.3593,"n_sped_school":0.0,"n_station_flow":0.2723,"n_clinic":0.4301,"n_zoning":0.8099,"n_noise":0.9605,"n_crowding":0.6891,"n_green":0.161,"demand":0.2401,"load":0.9596,"priority":0.5265,"host":"玉川台図書館（複合施設）","host_kind":"図書館","host_ward":"世田谷区","host_d":120,"f_welfare_n":25,"f_welfare_cap":187,"f_clinic_n":4,"f_station_riders":65061,"f_station_dist":544,"f_noise_db":74.2,"f_green_pct":0.3,"f_station_name":"用賀","f_zoning_name":"近隣商業地域"}},{"type":"Feature","geometry":{"type":"Polygon","coordinates":[[[139.634375,35.620833],[139.6375,35.620833],[139.6375,35.622917],[139.634375,35.622917],[139.634375,35.620833]]]},"properties":{"c":"5339354042","n_welfare_capacity":0.2419,"n_sped_school":0.0,"n_station_flow":0.303,"n_clinic":0.4077,"n_zoning":0.2915,"n_noise":0.9901,"n_crowding":0.6891,"n_green":0.499,"demand":0.1927,"load":0.6547,"priority":0.3839,"host":"玉川台図書館（複合施設）","host_kind":"図書館","host_ward":"世田谷区","host_d":287,"f_welfare_n":27,"f_welfare_cap":212,"f_clinic_n":5,"f_station_riders":65061,"f_station_dist":555,"f_noise_db":75.0,"f_green_pct":1.5,"f_station_name":"用賀","f_zoning_name":"第一種低層住居専用地域"}},{"type":"Feature","geometry":{"type":"Polygon","coordinates":[[[139.6375,35.620833],[139.640625,35.620833],[139.640625,35.622917],[139.6375,35.622917],[139.6375,35.620833]]]},"properties":{"c":"5339354131","n_welfare_capacity":0.1613,"n_sped_school":0.0,"n_station_flow":0.2287,"n_clinic":0.3396,"n_zoning":0.6807,"n_noise":0.974,"n_crowding":0.6358,"n_green":0.0,"demand":0.1272,"load":0.9381,"priority":0.3704,"host":"玉川台図書館（複合施設）","host_kind":"図書館","host_ward":"世田谷区","host_d":557,"f_welfare_n":22,"f_welfare_cap":140,"f_clinic_n":3,"f_station_riders":65061,"f_station_dist":693,"f_noise_db":74.6,"f_station_name":"用賀","f_zoning_name":"第一種住居地域"}},{"type":"Feature","geometry":{"type":"Polygon","coordinates":[[[139.640625,35.620833],[139.64375,35.620833],[139.64375,35.622917],[139.640625,35.622917],[139.640625,35.620833]]]},"properties":{"c":"5339354132","n_welfare_capacity":0.1093,"n_sped_school":0.0,"n_station_flow":0.2178,"n_clinic":0.2312,"n_zoning":0.1345,"n_noise":0.9686,"n_crowding":0.6358,"n_green":0.0,"demand":0.0995,"load":0.6969,"priority":0.2637,"host":"用賀出張所（複合施設）","host_kind":"出張所","host_ward":"世田谷区","host_d":665,"f_welfare_n":6,"f_welfare_cap":30,"f_clinic_n":1,"f_station_riders":65061,"f_station_dist":902,"f_noise_db":74.4,"f_station_name":"用賀","f_zoning_name":"第一種低層住居専用地域"}},{"type":"Feature","geometry":{"type":"Polygon","coordinates":[[[139.64375,35.620833],[139.646875,35.620833],[139.646875,35.622917],[139.64375,35.622917],[139.64375,35.620833]]]},"properties":{"c":"5339354141","n_welfare_capacity":0.0654,"n_sped_school":0.0,"n_station_flow":0.1238,"n_clinic":0.181,"n_zoning":0.0345,"n_noise":0.9085,"n_crowding":0.4021,"n_green":0.0,"demand":0.0654,"load":0.4843,"priority":0.1686,"host":"玉川土木・公園管理事務所","host_kind":"公園管理施設","host_ward":"世田谷区","host_d":645,"f_welfare_n":5,"f_welfare_cap":30,"f_clinic_n":1,"f_station_riders":68296,"f_station_dist":1093,"f_noise_db":73.0,"f_station_name":"桜新町","f_zoning_name":"第一種低層住居専用地域"}},{"type":"Feature","geometry":{"type":"Polygon","coordinates":[[[139.646875,35.620833],[139.65,35.620833],[139.65,35.622917],[139.646875,35.622917],[139.646875,35.620833]]]},"properties":{"c":"5339354142","n_welfare_capacity":0.0358,"n_sped_school":0.0,"n_station_flow":0.0416,"n_clinic":0.1756,"n_zoning":0.3112,"n_noise":0.8789,"n_crowding":0.4021,"n_green":0.0,"demand":0.0394,"load":0.6502,"priority":0.1417,"host":"深沢図書館（複合施設）","host_kind":"図書館","host_ward":"世田谷区","host_d":526,"f_welfare_n":6,"f_welfare_cap":50,"f_clinic_n":1,"f_station_riders":68296,"f_station_dist":1126,"f_noise_db":72.4,"f_station_name":"桜新町","f_zoning_name":"第一種中高層住居専用地域"}},{"type":"Feature","geometry":{"type":"Polygon","coordinates":[[[139.65,35.620833],[139.653125,35.620833],[139.653125,35.622917],[139.65,35.622917],[139.65,35.620833]]]},"properties":{"c":"5339354231","n_welfare_capacity":0.0233,"n_sped_school":0.0,"n_station_flow":0.0,"n_clinic":0.2124,"n_zoning":0.3148,"n_noise":0.8753,"n_crowding":0.2423,"n_green":0.0,"demand":0.0341,"load":0.5695,"priority":0.1229,"host":"深沢図書館（複合施設）","host_kind":"図書館","host_ward":"世田谷区","host_d":280,"f_welfare_n":4,"f_welfare_cap":60,"f_station_riders":68296,"f_station_dist":1225,"f_noise_db":72.3,"f_station_name":"桜新町","f_zoning_name":"第一種中高層住居専用地域"}},{"type":"Feature","geometry":{"type":"Polygon","coordinates":[[[139.653125,35.620833],[139.65625,35.620833],[139.65625,35.622917],[139.653125,35.622917],[139.653125,35.620833]]]},"properties":{"c":"5339354232","n_welfare_capacity":0.0296,"n_sped_school":0.0,"n_station_flow":0.0,"n_clinic":0.2769,"n_zoning":0.6314,"n_noise":0.8511,"n_crowding":0.2423,"n_green":0.3559,"demand":0.0421,"load":0.6197,"priority":0.1462,"host":"深沢図書館（複合施設）","host_kind":"図書館","host_ward":"世田谷区","host_d":201,"f_welfare_n":4,"f_welfare_cap":60,"f_station_riders":74266,"f_station_dist":1362,"f_noise_db":72.1,"f_green_pct":0.9,"f_station_name":"駒沢大学","f_zoning_name":"第一種低層住居専用地域"}},{"type":"Feature","geometry":{"type":"Polygon","coordinates":[[[139.65625,35.620833],[139.659375,35.620833],[139.659375,35.622917],[139.65625,35.622917],[139.65625,35.620833]]]},"properties":{"c":"5339354241","n_welfare_capacity":0.0842,"n_sped_school":0.0,"n_station_flow":0.0,"n_clinic":0.3271,"n_zoning":0.1857,"n_noise":0.7525,"n_crowding":0.4653,"n_green":0.9423,"demand":0.0591,"load":0.165,"priority":0.0717,"host":"深沢図書館（複合施設）","host_kind":"図書館","host_ward":"世田谷区","host_d":403,"f_welfare_n":3,"f_welfare_cap":50,"f_clinic_n":2,"f_station_riders":74266,"f_station_dist":1271,"f_noise_db":70.9,"f_green_pct":55.8,"f_station_name":"駒沢大学","f_zoning_name":"第一種低層住居専用地域"}},{"type":"Feature","geometry":{"type":"Polygon","coordinates":[[[139.659375,35.620833],[139.6625,35.620833],[139.6625,35.622917],[139.659375,35.622917],[139.659375,35.620833]]]},"properties":{"c":"5339354242","n_welfare_capacity":0.1371,"n_sped_school":0.0,"n_station_flow":0.0,"n_clinic":0.4866,"n_zoning":0.2762,"n_noise":0.7148,"n_crowding":0.4653,"n_green":0.9761,"demand":0.0923,"load":0.1865,"priority":0.1103,"host":"深沢図書館（複合施設）","host_kind":"図書館","host_ward":"世田谷区","host_d":667,"f_welfare_n":3,"f_welfare_cap":35,"f_clinic_n":5,"f_station_riders":74266,"f_station_dist":1238,"f_noise_db":70.6,"f_green_pct":87.8,"f_station_name":"駒沢大学","f_zoning_name":"第一種低層住居専用地域"}},{"type":"Feature","geometry":{"type":"Polygon","coordinates":[[[139.6625,35.620833],[139.665625,35.620833],[139.665625,35.622917],[139.6625,35.622917],[139.6625,35.620833]]]},"properties":{"c":"5339354331","n_welfare_capacity":0.2195,"n_sped_school":0.0,"n_station_flow":0.0,"n_clinic":0.6317,"n_zoning":0.4816,"n_noise":0.7013,"n_crowding":0.1182,"n_green":0.8728,"demand":0.1254,"load":0.1722,"priority":0.1265,"host":"深沢地区会館","host_kind":"区民センター","host_ward":"世田谷区","host_d":541,"f_welfare_n":10,"f_welfare_cap":107,"f_clinic_n":6,"f_station_riders":46393,"f_station_dist":1207,"f_noise_db":70.4,"f_green_pct":18.2,"f_station_name":"都立大学","f_zoning_name":"第一種中高層住居専用地域"}},{"type":"Feature","geometry":{"type":"Polygon","coordinates":[[[139.59375,35.622917],[139.596875,35.622917],[139.596875,35.625],[139.59375,35.625],[139.59375,35.622917]]]},"properties":{"c":"5339344743","n_welfare_capacity":0.0099,"n_sped_school":0.0,"n_station_flow":0.0,"n_clinic":0.0242,"n_zoning":0.0668,"n_noise":0.6332,"n_crowding":0.4986,"n_green":0.8429,"demand":0.0099,"load":0.1085,"priority":0.0135,"host":"宇奈根地区会館","host_kind":"区民センター","host_ward":"世田谷区","host_d":665,"f_welfare_n":9,"f_welfare_cap":94,"f_clinic_n":1,"f_noise_db":70.0,"f_green_pct":10.6,"f_zoning_name":"第一種低層住居専用地域"}},{"type":"Feature","geometry":{"type":"Polygon","coordinates":[[[139.596875,35.622917],[139.6,35.622917],[139.6,35.625],[139.596875,35.625],[139.596875,35.622917]]]},"properties":{"c":"5339344744","n_welfare_capacity":0.0027,"n_sped_school":0.0,"n_station_flow":0.0,"n_clinic":0.0116,"n_zoning":0.2027,"n_noise":0.6332,"n_crowding":0.4986,"n_green":0.6402,"demand":0.0018,"load":0.2287,"priority":0.0072,"host":"宇奈根地区会館","host_kind":"区民センター","host_ward":"世田谷区","host_d":384,"f_welfare_n":9,"f_welfare_cap":72,"f_clinic_n":1,"f_noise_db":70.0,"f_green_pct":2.5,"f_zoning_name":"第一種低層住居専用地域"}},{"type":"Feature","geometry":{"type":"Polygon","coordinates":[[[139.6,35.622917],[139.603125,35.622917],[139.603125,35.625],[139.6,35.625],[139.6,35.622917]]]},"properties":{"c":"5339344833","n_welfare_capacity":0.0125,"n_sped_school":0.0,"n_station_flow":0.0,"n_clinic":0.017,"n_zoning":0.3085,"n_noise":0.6332,"n_crowding":0.1385,"n_green":0.0,"demand":0.0081,"load":0.3614,"priority":0.035,"host":"宇奈根地区会館","host_kind":"区民センター","host_ward":"世田谷区","host_d":114,"f_welfare_n":10,"f_welfare_cap":77,"f_noise_db":70.0,"f_zoning_name":"第一種低層住居専用地域"}},{"type":"Feature","geometry":{"type":"Polygon","coordinates":[[[139.603125,35.622917],[139.60625,35.622917],[139.60625,35.625],[139.603125,35.625],[139.603125,35.622917]]]},"properties":{"c":"5339344834","n_welfare_capacity":0.026,"n_sped_school":0.0,"n_station_flow":0.0,"n_clinic":0.0179,"n_zoning":0.0771,"n_noise":0.6332,"n_crowding":0.1385,"n_green":0.1531,"demand":0.0143,"load":0.1641,"priority":0.0287,"host":"宇奈根地区会館","host_kind":"区民センター","host_ward":"世田谷区","host_d":196,"f_welfare_n":9,"f_welfare_cap":62,"f_noise_db":70.0,"f_green_pct":0.3,"f_zoning_name":"第一種低層住居専用地域"}},{"type":"Feature","geometry":{"type":"Polygon","coordinates":[[[139.60625,35.622917],[139.609375,35.622917],[139.609375,35.625],[139.60625,35.625],[139.60625,35.622917]]]},"properties":{"c":"5339344843","n_welfare_capacity":0.0905,"n_sped_school":0.0,"n_station_flow":0.0,"n_clinic":0.0224,"n_zoning":0.2439,"n_noise":0.6332,"n_crowding":0.3795,"n_green":0.0,"demand":0.0287,"load":0.4413,"priority":0.0852,"host":"鎌田図書館（複合施設）","host_kind":"図書館","host_ward":"世田谷区","host_d":549,"f_welfare_n":7,"f_welfare_cap":52,"f_noise_db":70.0,"f_zoning_name":"第一種低層住居専用地域"}},{"type":"Feature","geometry":{"type":"Polygon","coordinates":[[[139.609375,35.622917],[139.6125,35.622917],[139.6125,35.625],[139.609375,35.625],[139.609375,35.622917]]]},"properties":{"c":"5339344844","n_welfare_capacity":0.2034,"n_sped_school":0.0,"n_station_flow":0.0,"n_clinic":0.0278,"n_zoning":0.0726,"n_noise":0.5,"n_crowding":0.3795,"n_green":0.0,"demand":0.052,"load":0.2538,"priority":0.087,"host":"鎌田図書館（複合施設）","host_kind":"図書館","host_ward":"世田谷区","host_d":298,"f_welfare_n":11,"f_welfare_cap":122,"f_clinic_n":1,"f_noise_db":69.6,"f_zoning_name":"第一種低層住居専用地域"}},{"type":"Feature","geometry":{"type":"Polygon","coordinates":[[[139.6125,35.622917],[139.615625,35.622917],[139.615625,35.625],[139.6125,35.625],[139.6125,35.622917]]]},"properties":{"c":"5339344933","n_welfare_capacity":0.3244,"n_sped_school":0.0,"n_station_flow":0.0,"n_clinic":0.0367,"n_zoning":0.1677,"n_noise":0.4439,"n_crowding":0.1521,"n_green":0.7078,"demand":0.0797,"load":0.0341,"priority":0.0323,"host":"鎌田図書館（複合施設）","host_kind":"図書館","host_ward":"世田谷区","host_d":192,"f_welfare_n":11,"f_welfare_cap":122,"f_clinic_n":1,"f_noise_db":69.4,"f_green_pct":3.4,"f_zoning_name":"第一種低層住居専用地域"}},{"type":"Feature","geometry":{"type":"Polygon","coordinates":[[[139.615625,35.622917],[139.61875,35.622917],[139.61875,35.625],[139.615625,35.625],[139.615625,35.622917]]]},"properties":{"c":"5339344934","n_welfare_capacity":0.4059,"n_sped_school":0.0,"n_station_flow":0.0,"n_clinic":0.1004,"n_zoning":0.0345,"n_noise":0.7704,"n_crowding":0.1521,"n_green":0.7058,"demand":0.1048,"load":0.0771,"priority":0.0637,"host":"鎌田図書館（複合施設）","host_kind":"図書館","host_ward":"世田谷区","host_d":381,"f_welfare_n":15,"f_welfare_cap":142,"f_clinic_n":1,"f_noise_db":71.1,"f_green_pct":3.4,"f_zoning_name":"第一種低層住居専用地域"}},{"type":"Feature","geometry":{"type":"Polygon","coordinates":[[[139.61875,35.622917],[139.621875,35.622917],[139.621875,35.625],[139.61875,35.625],[139.61875,35.622917]]]},"properties":{"c":"5339344943","n_welfare_capacity":0.4767,"n_sped_school":0.0,"n_station_flow":0.0,"n_clinic":0.1828,"n_zoning":0.0345,"n_noise":0.7821,"n_crowding":0.0781,"n_green":0.66,"demand":0.138,"load":0.0682,"priority":0.0691,"host":"鎌田図書館（複合施設）","host_kind":"図書館","host_ward":"世田谷区","host_d":643,"f_welfare_n":17,"f_welfare_cap":172,"f_clinic_n":1,"f_station_riders":65061,"f_station_dist":1288,"f_noise_db":71.3,"f_green_pct":2.7,"f_station_name":"用賀","f_zoning_name":"第一種低層住居専用地域"}},{"type":"Feature","geometry":{"type":"Polygon","coordinates":[[[139.621875,35.622917],[139.625,35.622917],[139.625,35.625],[139.621875,35.625],[139.621875,35.622917]]]},"properties":{"c":"5339344944","n_welfare_capacity":0.5332,"n_sped_school":0.0,"n_station_flow":0.0703,"n_clinic":0.2375,"n_zoning":0.0345,"n_noise":0.8099,"n_crowding":0.0781,"n_green":0.5726,"demand":0.19,"load":0.0915,"priority":0.1166,"host":"岡本地区会館","host_kind":"区民センター","host_ward":"世田谷区","host_d":379,"f_welfare_n":22,"f_welfare_cap":266,"f_station_riders":65061,"f_station_dist":1014,"f_noise_db":71.7,"f_green_pct":1.9,"f_station_name":"用賀","f_zoning_name":"第一種低層住居専用地域"}},{"type":"Feature","geometry":{"type":"Polygon","coordinates":[[[139.625,35.622917],[139.628125,35.622917],[139.628125,35.625],[139.625,35.625],[139.625,35.622917]]]},"properties":{"c":"5339354033","n_welfare_capacity":0.4453,"n_sped_school":0.0,"n_station_flow":0.1693,"n_clinic":0.2814,"n_zoning":0.5435,"n_noise":0.8744,"n_crowding":0.5483,"n_green":0.0,"demand":0.1989,"load":0.826,"priority":0.4368,"host":"玉川台図書館（複合施設）","host_kind":"図書館","host_ward":"世田谷区","host_d":598,"f_welfare_n":20,"f_welfare_cap":212,"f_clinic_n":3,"f_station_riders":65061,"f_station_dist":749,"f_noise_db":72.3,"f_station_name":"用賀","f_zoning_name":"第一種低層住居専用地域"}},{"type":"Feature","geometry":{"type":"Polygon","coordinates":[[[139.628125,35.622917],[139.63125,35.622917],[139.63125,35.625],[139.628125,35.625],[139.628125,35.622917]]]},"properties":{"c":"5339354034","n_welfare_capacity":0.4812,"n_sped_school":0.0,"n_station_flow":0.298,"n_clinic":0.3808,"n_zoning":0.4529,"n_noise":0.8978,"n_crowding":0.5483,"n_green":0.3897,"demand":0.3065,"load":0.6691,"priority":0.4942,"host":"玉川台図書館（複合施設）","host_kind":"図書館","host_ward":"世田谷区","host_d":325,"f_welfare_n":32,"f_welfare_cap":282,"f_clinic_n":4,"f_station_riders":65061,"f_station_dist":502,"f_noise_db":72.8,"f_green_pct":1.0,"f_station_name":"用賀","f_zoning_name":"第二種低層住居専用地域"}},{"type":"Feature","geometry":{"type":"Polygon","coordinates":[[[139.63125,35.622917],[139.634375,35.622917],[139.634375,35.625],[139.63125,35.625],[139.63125,35.622917]]]},"properties":{"c":"5339354043","n_welfare_capacity":0.474,"n_sped_school":0.0,"n_station_flow":0.4129,"n_clinic":0.4211,"n_zoning":0.4565,"n_noise":0.9247,"n_crowding":0.6891,"n_green":0.0,"demand":0.3584,"load":0.8538,"priority":0.6143,"host":"玉川台図書館（複合施設）","host_kind":"図書館","host_ward":"世田谷区","host_d":116,"f_welfare_n":27,"f_welfare_cap":227,"f_clinic_n":4,"f_station_riders":65061,"f_station_dist":322,"f_noise_db":73.4,"f_station_name":"用賀","f_zoning_name":"第二種低層住居専用地域"}},{"type":"Feature","geometry":{"type":"Polygon","coordinates":[[[139.634375,35.622917],[139.6375,35.622917],[139.6375,35.625],[139.634375,35.625],[139.634375,35.622917]]]},"properties":{"c":"5339354044","n_welfare_capacity":0.3414,"n_sped_school":0.0,"n_station_flow":0.401,"n_clinic":0.405,"n_zoning":0.7489,"n_noise":0.9265,"n_crowding":0.6891,"n_green":0.1412,"demand":0.2894,"load":0.9283,"priority":0.5614,"host":"玉川台図書館（複合施設）","host_kind":"図書館","host_ward":"世田谷区","host_d":285,"f_welfare_n":25,"f_welfare_cap":202,"f_clinic_n":5,"f_station_riders":65061,"f_station_dist":341,"f_noise_db":73.4,"f_green_pct":0.3,"f_station_name":"用賀","f_zoning_name":"第一種住居地域"}},{"type":"Feature","geometry":{"type":"Polygon","coordinates":[[[139.6375,35.622917],[139.640625,35.622917],[139.640625,35.625],[139.6375,35.625],[139.6375,35.622917]]]},"properties":{"c":"5339354133","n_welfare_capacity":0.2697,"n_sped_school":0.0,"n_station_flow":0.4317,"n_clinic":0.3297,"n_zoning":0.6135,"n_noise":0.9713,"n_crowding":0.6358,"n_green":0.4076,"demand":0.2428,"load":0.8179,"priority":0.4807,"host":"玉川台図書館（複合施設）","host_kind":"図書館","host_ward":"世田谷区","host_d":557,"f_welfare_n":27,"f_welfare_cap":204,"f_clinic_n":6,"f_station_riders":65061,"f_station_dist":537,"f_noise_db":74.5,"f_green_pct":1.1,"f_station_name":"用賀","f_zoning_name":"第一種低層住居専用地域"}},{"type":"Feature","geometry":{"type":"Polygon","coordinates":[[[139.640625,35.622917],[139.64375,35.622917],[139.64375,35.625],[139.640625,35.625],[139.640625,35.622917]]]},"properties":{"c":"5339354134","n_welfare_capacity":0.1353,"n_sped_school":0.0,"n_station_flow":0.3347,"n_clinic":0.2867,"n_zoning":0.0345,"n_noise":0.9668,"n_crowding":0.6358,"n_green":0.4414,"demand":0.1416,"load":0.4664,"priority":0.2574,"host":"用賀出張所（複合施設）","host_kind":"出張所","host_ward":"世田谷区","host_d":551,"f_welfare_n":17,"f_welfare_cap":139,"f_clinic_n":3,"f_station_riders":65061,"f_station_dist":788,"f_noise_db":74.3,"f_green_pct":1.2,"f_station_name":"用賀","f_zoning_name":"第一種低層住居専用地域"}},{"type":"Feature","geometry":{"type":"Polygon","coordinates":[[[139.64375,35.622917],[139.646875,35.622917],[139.646875,35.625],[139.64375,35.625],[139.64375,35.622917]]]},"properties":{"c":"5339354143","n_welfare_capacity":0.121,"n_sped_school":0.0,"n_station_flow":0.2376,"n_clinic":0.2697,"n_zoning":0.0345,"n_noise":0.948,"n_crowding":0.4021,"n_green":0.6044,"demand":0.1102,"load":0.2655,"priority":0.1623,"host":"新町地区会館","host_kind":"区民センター","host_ward":"世田谷区","host_d":686,"f_welfare_n":11,"f_welfare_cap":94,"f_clinic_n":2,"f_station_riders":68296,"f_station_dist":862,"f_noise_db":74.0,"f_green_pct":2.2,"f_station_name":"桜新町","f_zoning_name":"第一種低層住居専用地域"}},{"type":"Feature","geometry":{"type":"Polygon","coordinates":[[[139.646875,35.622917],[139.65,35.622917],[139.65,35.625],[139.646875,35.625],[139.646875,35.622917]]]},"properties":{"c":"5339354144","n_welfare_capacity":0.0708,"n_sped_school":0.0,"n_station_flow":0.1109,"n_clinic":0.2823,"n_zoning":0.2404,"n_noise":0.9202,"n_crowding":0.4021,"n_green":0.7992,"demand":0.0726,"load":0.3049,"priority":0.1274,"host":"深沢図書館（複合施設）","host_kind":"図書館","host_ward":"世田谷区","host_d":645,"f_welfare_n":11,"f_welfare_cap":94,"f_clinic_n":2,"f_station_riders":68296,"f_station_dist":903,"f_noise_db":73.2,"f_green_pct":7.1,"f_station_name":"桜新町","f_zoning_name":"第一種低層住居専用地域"}},{"type":"Feature","geometry":{"type":"Polygon","coordinates":[[[139.65,35.622917],[139.653125,35.622917],[139.653125,35.625],[139.65,35.625],[139.65,35.622917]]]},"properties":{"c":"5339354233","n_welfare_capacity":0.0511,"n_sped_school":0.0,"n_station_flow":0.0713,"n_clinic":0.31,"n_zoning":0.1076,"n_noise":0.9184,"n_crowding":0.2423,"n_green":0.0,"demand":0.0663,"load":0.4484,"priority":0.1632,"host":"深沢図書館（複合施設）","host_kind":"図書館","host_ward":"世田谷区","host_d":467,"f_welfare_n":7,"f_welfare_cap":60,"f_station_riders":68296,"f_station_dist":1024,"f_noise_db":73.1,"f_station_name":"桜新町","f_zoning_name":"第一種低層住居専用地域"}},{"type":"Feature","geometry":{"type":"Polygon","coordinates":[[[139.653125,35.622917],[139.65625,35.622917],[139.65625,35.625],[139.653125,35.625],[139.653125,35.622917]]]},"properties":{"c":"5339354234","n_welfare_capacity":0.0547,"n_sped_school":0.0,"n_station_flow":0.0396,"n_clinic":0.388,"n_zoning":0.4628,"n_noise":0.9031,"n_crowding":0.2423,"n_green":0.2744,"demand":0.069,"load":0.5749,"priority":0.1874,"host":"深沢図書館（複合施設）","host_kind":"図書館","host_ward":"世田谷区","host_d":424,"f_welfare_n":7,"f_welfare_cap":70,"f_clinic_n":1,"f_station_riders":74266,"f_station_dist":1156,"f_noise_db":72.9,"f_green_pct":0.6,"f_station_name":"駒沢大学","f_zoning_name":"第一種低層住居専用地域"}},{"type":"Feature","geometry":{"type":"Polygon","coordinates":[[[139.65625,35.622917],[139.659375,35.622917],[139.659375,35.625],[139.65625,35.625],[139.65625,35.622917]]]},"properties":{"c":"5339354243","n_welfare_capacity":0.1174,"n_sped_school":0.0,"n_station_flow":0.0733,"n_clinic":0.4946,"n_zoning":0.278,"n_noise":0.8691,"n_crowding":0.4653,"n_green":0.9841,"demand":0.1013,"load":0.2637,"priority":0.1498,"host":"深沢図書館（複合施設）","host_kind":"図書館","host_ward":"世田谷区","host_d":549,"f_welfare_n":3,"f_welfare_cap":50,"f_clinic_n":2,"f_station_riders":74266,"f_station_dist":1047,"f_noise_db":72.3,"f_green_pct":98.6,"f_station_name":"駒沢大学","f_zoning_name":"第一種低層住居専用地域"}},{"type":"Feature","geometry":{"type":"Polygon","coordinates":[[[139.659375,35.622917],[139.6625,35.622917],[139.6625,35.625],[139.659375,35.625],[139.659375,35.622917]]]},"properties":{"c":"5339354244","n_welfare_capacity":0.1649,"n_sped_school":0.0,"n_station_flow":0.0881,"n_clinic":0.5914,"n_zoning":0.4852,"n_noise":0.7767,"n_crowding":0.4653,"n_green":0.996,"demand":0.1281,"load":0.3354,"priority":0.1973,"host":"深沢地区会館","host_kind":"区民センター","host_ward":"世田谷区","host_d":698,"f_welfare_n":4,"f_welfare_cap":72,"f_clinic_n":7,"f_station_riders":74266,"f_station_dist":1007,"f_noise_db":71.2,"f_green_pct":100.0,"f_station_name":"駒沢大学","f_zoning_name":"第一種中高層住居専用地域"}},{"type":"Feature","geometry":{"type":"Polygon","coordinates":[[[139.59375,35.625],[139.596875,35.625],[139.596875,35.627083],[139.59375,35.627083],[139.59375,35.625]]]},"properties":{"c":"5339345721","n_welfare_capacity":0.0134,"n_sped_school":0.0,"n_station_flow":0.0,"n_clinic":0.0385,"n_zoning":0.0018,"n_noise":0.5587,"n_crowding":0.0636,"n_green":0.7356,"demand":0.0134,"load":0.017,"priority":0.0036,"host":"喜多見まちづくりセンター（複合施設）","host_kind":"出張所","host_ward":"世田谷区","host_d":622,"f_welfare_n":10,"f_welfare_cap":104,"f_clinic_n":1,"f_station_riders":30793,"f_station_dist":1394,"f_noise_db":69.7,"f_green_pct":4.1,"f_station_name":"喜多見","f_zoning_name":"第一種低層住居専用地域"}},{"type":"Feature","geometry":{"type":"Polygon","coordinates":[[[139.596875,35.625],[139.6,35.625],[139.6,35.627083],[139.596875,35.627083],[139.596875,35.625]]]},"properties":{"c":"5339345722","n_welfare_capacity":0.0045,"n_sped_school":0.0,"n_station_flow":0.0,"n_clinic":0.0332,"n_zoning":0.104,"n_noise":0.6332,"n_crowding":0.0636,"n_green":0.0,"demand":0.009,"load":0.1937,"priority":0.0202,"host":"喜多見まちづくりセンター（複合施設）","host_kind":"出張所","host_ward":"世田谷区","host_d":406,"f_welfare_n":10,"f_welfare_cap":104,"f_clinic_n":1,"f_noise_db":70.0,"f_zoning_name":"第一種低層住居専用地域"}},{"type":"Feature","geometry":{"type":"Polygon","coordinates":[[[139.6,35.625],[139.603125,35.625],[139.603125,35.627083],[139.6,35.627083],[139.6,35.625]]]},"properties":{"c":"5339345811","n_welfare_capacity":0.0251,"n_sped_school":0.0,"n_station_flow":0.0,"n_clinic":0.0296,"n_zoning":0.3857,"n_noise":0.6332,"n_crowding":0.2162,"n_green":0.0,"demand":0.0161,"load":0.4493,"priority":0.0556,"host":"宇奈根地区会館","host_kind":"区民センター","host_ward":"世田谷区","host_d":307,"f_welfare_n":10,"f_welfare_cap":77,"f_noise_db":70.0,"f_zoning_name":"第一種中高層住居専用地域"}},{"type":"Feature","geometry":{"type":"Polygon","coordinates":[[[139.603125,35.625],[139.60625,35.625],[139.60625,35.627083],[139.603125,35.627083],[139.603125,35.625]]]},"properties":{"c":"5339345812","n_welfare_capacity":0.0582,"n_sped_school":0.0,"n_station_flow":0.0,"n_clinic":0.0323,"n_zoning":0.4574,"n_noise":0.6332,"n_crowding":0.2162,"n_green":0.0159,"demand":0.0233,"load":0.4951,"priority":0.0816,"host":"宇奈根地区会館","host_kind":"区民センター","host_ward":"世田谷区","host_d":346,"f_welfare_n":7,"f_welfare_cap":52,"f_noise_db":70.0,"f_zoning_name":"第二種中高層住居専用地域"}},{"type":"Feature","geometry":{"type":"Polygon","coordinates":[[[139.60625,35.625],[139.609375,35.625],[139.609375,35.627083],[139.60625,35.627083],[139.60625,35.625]]]},"properties":{"c":"5339345821","n_welfare_capacity":0.1246,"n_sped_school":0.0,"n_station_flow":0.0,"n_clinic":0.0314,"n_zoning":0.3004,"n_noise":0.6332,"n_crowding":0.0429,"n_green":0.7018,"demand":0.0358,"load":0.0942,"priority":0.0368,"host":"鎌田図書館（複合施設）","host_kind":"図書館","host_ward":"世田谷区","host_d":663,"f_welfare_n":4,"f_welfare_cap":33,"f_noise_db":70.0,"f_green_pct":3.2,"f_zoning_name":"第一種低層住居専用地域"}},{"type":"Feature","geometry":{"type":"Polygon","coordinates":[[[139.609375,35.625],[139.6125,35.625],[139.6125,35.627083],[139.609375,35.627083],[139.609375,35.625]]]},"properties":{"c":"5339345822","n_welfare_capacity":0.2375,"n_sped_school":0.0,"n_station_flow":0.0,"n_clinic":0.0287,"n_zoning":0.1408,"n_noise":0.4556,"n_crowding":0.0429,"n_green":0.3141,"demand":0.0609,"load":0.0664,"priority":0.0386,"host":"鎌田図書館（複合施設）","host_kind":"図書館","host_ward":"世田谷区","host_d":478,"f_welfare_n":11,"f_welfare_cap":127,"f_noise_db":69.5,"f_green_pct":0.7,"f_zoning_name":"第一種低層住居専用地域"}},{"type":"Feature","geometry":{"type":"Polygon","coordinates":[[[139.6125,35.625],[139.615625,35.625],[139.615625,35.627083],[139.6125,35.627083],[139.6125,35.625]]]},"properties":{"c":"5339345911","n_welfare_capacity":0.3799,"n_sped_school":0.0,"n_station_flow":0.0,"n_clinic":0.0341,"n_zoning":0.0345,"n_noise":0.4448,"n_crowding":0.1241,"n_green":0.2843,"demand":0.095,"load":0.0556,"priority":0.0484,"host":"鎌田図書館（複合施設）","host_kind":"図書館","host_ward":"世田谷区","host_d":420,"f_welfare_n":11,"f_welfare_cap":122,"f_clinic_n":1,"f_noise_db":69.4,"f_green_pct":0.6,"f_zoning_name":"第一種低層住居専用地域"}},{"type":"Feature","geometry":{"type":"Polygon","coordinates":[[[139.615625,35.625],[139.61875,35.625],[139.61875,35.627083],[139.615625,35.627083],[139.615625,35.625]]]},"properties":{"c":"5339345912","n_welfare_capacity":0.4642,"n_sped_school":0.0,"n_station_flow":0.0,"n_clinic":0.0556,"n_zoning":0.0345,"n_noise":0.7121,"n_crowding":0.1241,"n_green":0.0298,"demand":0.1138,"load":0.2117,"priority":0.1345,"host":"鎌田図書館（複合施設）","host_kind":"図書館","host_ward":"世田谷区","host_d":533,"f_welfare_n":11,"f_welfare_cap":122,"f_clinic_n":1,"f_noise_db":70.6,"f_green_pct":0.1,"f_zoning_name":"第一種低層住居専用地域"}},{"type":"Feature","geometry":{"type":"Polygon","coordinates":[[[139.61875,35.625],[139.621875,35.625],[139.621875,35.627083],[139.61875,35.627083],[139.61875,35.625]]]},"properties":{"c":"5339345921","n_welfare_capacity":0.5986,"n_sped_school":0.0,"n_station_flow":0.0,"n_clinic":0.1496,"n_zoning":0.0345,"n_noise":0.7112,"n_crowding":0.0167,"n_green":0.9245,"demand":0.1729,"load":0.0197,"priority":0.0377,"host":"岡本地区会館","host_kind":"区民センター","host_ward":"世田谷区","host_d":134,"f_welfare_n":17,"f_welfare_cap":217,"f_station_riders":65061,"f_station_dist":1254,"f_noise_db":70.5,"f_green_pct":39.7,"f_station_name":"用賀","f_zoning_name":"第一種低層住居専用地域"}},{"type":"Feature","geometry":{"type":"Polygon","coordinates":[[[139.621875,35.625],[139.625,35.625],[139.625,35.627083],[139.621875,35.627083],[139.621875,35.625]]]},"properties":{"c":"5339345922","n_welfare_capacity":0.6344,"n_sped_school":0.0,"n_station_flow":0.0851,"n_clinic":0.207,"n_zoning":0.07,"n_noise":0.7211,"n_crowding":0.0167,"n_green":0.9205,"demand":0.2348,"load":0.0233,"priority":0.0493,"host":"岡本地区会館","host_kind":"区民センター","host_ward":"世田谷区","host_d":376,"f_welfare_n":18,"f_welfare_cap":246,"f_station_riders":65061,"f_station_dist":972,"f_noise_db":70.6,"f_green_pct":38.8,"f_station_name":"用賀","f_zoning_name":"第一種低層住居専用地域"}},{"type":"Feature","geometry":{"type":"Polygon","coordinates":[[[139.625,35.625],[139.628125,35.625],[139.628125,35.627083],[139.625,35.627083],[139.625,35.625]]]},"properties":{"c":"5339355011","n_welfare_capacity":0.6093,"n_sped_school":0.0,"n_station_flow":0.1921,"n_clinic":0.2688,"n_zoning":0.6224,"n_noise":0.7605,"n_crowding":0.6927,"n_green":0.0,"demand":0.2948,"load":0.8646,"priority":0.5543,"host":"玉川台図書館（複合施設）","host_kind":"図書館","host_ward":"世田谷区","host_d":681,"f_welfare_n":17,"f_welfare_cap":197,"f_clinic_n":4,"f_station_riders":65061,"f_station_dist":690,"f_noise_db":71.0,"f_station_name":"用賀","f_zoning_name":"第一種低層住居専用地域"}},{"type":"Feature","geometry":{"type":"Polygon","coordinates":[[[139.628125,35.625],[139.63125,35.625],[139.63125,35.627083],[139.628125,35.627083],[139.628125,35.625]]]},"properties":{"c":"5339355012","n_welfare_capacity":0.5609,"n_sped_school":0.0,"n_station_flow":0.3624,"n_clinic":0.3584,"n_zoning":0.4117,"n_noise":0.7928,"n_crowding":0.6927,"n_green":0.4334,"demand":0.3647,"load":0.6475,"priority":0.5345,"host":"玉川台図書館（複合施設）","host_kind":"図書館","host_ward":"世田谷区","host_d":460,"f_welfare_n":27,"f_welfare_cap":272,"f_clinic_n":4,"f_station_riders":65061,"f_station_dist":409,"f_noise_db":71.5,"f_green_pct":1.2,"f_station_name":"用賀","f_zoning_name":"第一種低層住居専用地域"}},{"type":"Feature","geometry":{"type":"Polygon","coordinates":[[[139.63125,35.625],[139.634375,35.625],[139.634375,35.627083],[139.63125,35.627083],[139.63125,35.625]]]},"properties":{"c":"5339355021","n_welfare_capacity":0.5421,"n_sped_school":0.0,"n_station_flow":0.4604,"n_clinic":0.3853,"n_zoning":0.8978,"n_noise":0.8197,"n_crowding":0.9255,"n_green":0.0656,"demand":0.4032,"load":0.9901,"priority":0.7085,"host":"玉川台図書館（複合施設）","host_kind":"図書館","host_ward":"世田谷区","host_d":345,"f_welfare_n":31,"f_welfare_cap":292,"f_clinic_n":4,"f_station_riders":65061,"f_station_dist":138,"f_noise_db":71.8,"f_green_pct":0.2,"f_station_name":"用賀","f_zoning_name":"近隣商業地域"}},{"type":"Feature","geometry":{"type":"Polygon","coordinates":[[[139.634375,35.625],[139.6375,35.625],[139.6375,35.627083],[139.634375,35.627083],[139.634375,35.625]]]},"properties":{"c":"5339355022","n_welfare_capacity":0.4355,"n_sped_school":0.0,"n_station_flow":0.5663,"n_clinic":0.4167,"n_zoning":0.7964,"n_noise":0.9067,"n_crowding":0.9255,"n_green":0.1133,"demand":0.4068,"load":0.9865,"priority":0.7112,"host":"玉川台図書館（複合施設）","host_kind":"図書館","host_ward":"世田谷区","host_d":433,"f_welfare_n":22,"f_welfare_cap":187,"f_clinic_n":5,"f_station_riders":65061,"f_station_dist":177,"f_noise_db":72.9,"f_green_pct":0.3,"f_station_name":"用賀","f_zoning_name":"第一種住居地域"}},{"type":"Feature","geometry":{"type":"Polygon","coordinates":[[[139.6375,35.625],[139.640625,35.625],[139.640625,35.627083],[139.6375,35.627083],[139.6375,35.625]]]},"properties":{"c":"5339355111","n_welfare_capacity":0.3674,"n_sped_school":0.0,"n_station_flow":0.5446,"n_clinic":0.4005,"n_zoning":0.2664,"n_noise":0.9677,"n_crowding":0.8172,"n_green":0.0,"demand":0.3611,"load":0.8404,"priority":0.6108,"host":"玉川台図書館（複合施設）","host_kind":"図書館","host_ward":"世田谷区","host_d":645,"f_welfare_n":22,"f_welfare_cap":196,"f_clinic_n":7,"f_station_riders":65061,"f_station_dist":451,"f_noise_db":74.4,"f_station_name":"用賀","f_zoning_name":"第一種低層住居専用地域"}},{"type":"Feature","geometry":{"type":"Polygon","coordinates":[[[139.640625,35.625],[139.64375,35.625],[139.64375,35.627083],[139.640625,35.627083],[139.640625,35.625]]]},"properties":{"c":"5339355112","n_welfare_capacity":0.2858,"n_sped_school":0.0,"n_station_flow":0.4762,"n_clinic":0.3754,"n_zoning":0.583,"n_noise":0.9623,"n_crowding":0.8172,"n_green":0.0,"demand":0.2858,"load":0.9516,"priority":0.5659,"host":"用賀出張所（複合施設）","host_kind":"出張所","host_ward":"世田谷区","host_d":522,"f_welfare_n":25,"f_welfare_cap":199,"f_clinic_n":5,"f_station_riders":68296,"f_station_dist":697,"f_noise_db":74.2,"f_station_name":"桜新町","f_zoning_name":"第一種低層住居専用地域"}},{"type":"Feature","geometry":{"type":"Polygon","coordinates":[[[139.64375,35.625],[139.646875,35.625],[139.646875,35.627083],[139.64375,35.627083],[139.64375,35.625]]]},"properties":{"c":"5339355121","n_welfare_capacity":0.1747,"n_sped_school":0.0,"n_station_flow":0.399,"n_clinic":0.3405,"n_zoning":0.2233,"n_noise":0.948,"n_crowding":0.5699,"n_green":0.0,"demand":0.1846,"load":0.7103,"priority":0.3919,"host":"新町地区会館","host_kind":"区民センター","host_ward":"世田谷区","host_d":479,"f_welfare_n":17,"f_welfare_cap":144,"f_clinic_n":5,"f_station_riders":68296,"f_station_dist":631,"f_noise_db":74.0,"f_station_name":"桜新町","f_zoning_name":"第一種低層住居専用地域"}},{"type":"Feature","geometry":{"type":"Polygon","coordinates":[[[139.646875,35.625],[139.65,35.625],[139.65,35.627083],[139.646875,35.627083],[139.646875,35.625]]]},"properties":{"c":"5339355122","n_welfare_capacity":0.1084,"n_sped_school":0.0,"n_station_flow":0.2109,"n_clinic":0.379,"n_zoning":0.0345,"n_noise":0.948,"n_crowding":0.5699,"n_green":0.0,"demand":0.1129,"load":0.5937,"priority":0.2601,"host":"新町地区会館","host_kind":"区民センター","host_ward":"世田谷区","host_d":407,"f_welfare_n":11,"f_welfare_cap":114,"f_clinic_n":5,"f_station_riders":68296,"f_station_dist":686,"f_noise_db":74.0,"f_station_name":"桜新町","f_zoning_name":"第一種低層住居専用地域"}},{"type":"Feature","geometry":{"type":"Polygon","coordinates":[[[139.65,35.625],[139.653125,35.625],[139.653125,35.627083],[139.65,35.627083],[139.65,35.625]]]},"properties":{"c":"5339355211","n_welfare_capacity":0.1013,"n_sped_school":0.0,"n_station_flow":0.2267,"n_clinic":0.4274,"n_zoning":0.0345,"n_noise":0.948,"n_crowding":0.3921,"n_green":0.0,"demand":0.1201,"load":0.5031,"priority":0.243,"host":"深沢図書館（複合施設）","host_kind":"図書館","host_ward":"世田谷区","host_d":682,"f_welfare_n":8,"f_welfare_cap":79,"f_clinic_n":2,"f_station_riders":68296,"f_station_dist":838,"f_noise_db":74.0,"f_station_name":"桜新町","f_zoning_name":"第一種低層住居専用地域"}},{"type":"Feature","geometry":{"type":"Polygon","coordinates":[[[139.653125,35.625],[139.65625,35.625],[139.65625,35.627083],[139.653125,35.627083],[139.653125,35.625]]]},"properties":{"c":"5339355212","n_welfare_capacity":0.1237,"n_sped_school":0.0,"n_station_flow":0.2099,"n_clinic":0.5251,"n_zoning":0.4637,"n_noise":0.948,"n_crowding":0.3921,"n_green":0.0,"demand":0.1407,"load":0.7614,"priority":0.348,"host":"深沢図書館（複合施設）","host_kind":"図書館","host_ward":"世田谷区","host_d":653,"f_welfare_n":13,"f_welfare_cap":85,"f_clinic_n":3,"f_station_riders":74266,"f_station_dist":962,"f_noise_db":74.0,"f_station_name":"駒沢大学","f_zoning_name":"第一種低層住居専用地域"}},{"type":"Feature","geometry":{"type":"Polygon","coordinates":[[[139.65625,35.625],[139.659375,35.625],[139.659375,35.627083],[139.65625,35.627083],[139.65625,35.625]]]},"properties":{"c":"5339355221","n_welfare_capacity":0.1586,"n_sped_school":0.0,"n_station_flow":0.1614,"n_clinic":0.5941,"n_zoning":0.4915,"n_noise":0.8852,"n_crowding":0.6223,"n_green":0.9642,"demand":0.1487,"load":0.5085,"priority":0.2807,"host":"深沢まちづくりセンター（複合施設）","host_kind":"出張所","host_ward":"世田谷区","host_d":512,"f_welfare_n":11,"f_welfare_cap":90,"f_clinic_n":6,"f_station_riders":74266,"f_station_dist":827,"f_noise_db":72.6,"f_green_pct":75.6,"f_station_name":"駒沢大学","f_zoning_name":"第一種中高層住居専用地域"}},{"type":"Feature","geometry":{"type":"Polygon","coordinates":[[[139.659375,35.625],[139.6625,35.625],[139.6625,35.627083],[139.659375,35.627083],[139.659375,35.625]]]},"properties":{"c":"5339355222","n_welfare_capacity":0.224,"n_sped_school":0.0,"n_station_flow":0.1842,"n_clinic":0.6478,"n_zoning":0.5045,"n_noise":0.7874,"n_crowding":0.6223,"n_green":0.9861,"demand":0.1882,"load":0.4439,"priority":0.3004,"f_welfare_n":9,"f_welfare_cap":112,"f_clinic_n":8,"f_station_riders":74266,"f_station_dist":776,"f_noise_db":71.4,"f_green_pct":99.4,"f_station_name":"駒沢大学","f_zoning_name":"第一種中高層住居専用地域"}},{"type":"Feature","geometry":{"type":"Polygon","coordinates":[[[139.678125,35.625],[139.68125,35.625],[139.68125,35.627083],[139.678125,35.627083],[139.678125,35.625]]]},"properties":{"c":"5339355412","n_welfare_capacity":0.8459,"n_sped_school":0.2078,"n_station_flow":0.4257,"n_clinic":0.8584,"n_zoning":0.1991,"n_noise":0.313,"n_crowding":0.4052,"n_green":0.7177,"demand":0.6658,"load":0.0601,"priority":0.1883,"host":"下馬南地区会館","host_kind":"区民センター","host_ward":"世田谷区","host_d":693,"f_welfare_n":40,"f_welfare_cap":289,"f_clinic_n":11,"f_station_riders":72696,"f_station_dist":587,"f_noise_db":68.5,"f_green_pct":3.6,"f_station_name":"学芸大学","f_zoning_name":"第一種低層住居専用地域"}},{"type":"Feature","geometry":{"type":"Polygon","coordinates":[[[139.59375,35.627083],[139.596875,35.627083],[139.596875,35.629167],[139.59375,35.629167],[139.59375,35.627083]]]},"properties":{"c":"5339345723","n_welfare_capacity":0.0224,"n_sped_school":0.0,"n_station_flow":0.0,"n_clinic":0.078,"n_zoning":0.0345,"n_noise":0.5749,"n_crowding":0.0636,"n_green":0.0179,"demand":0.0206,"load":0.1354,"priority":0.0332,"host":"喜多見まちづくりセンター（複合施設）","host_kind":"出張所","host_ward":"世田谷区","host_d":541,"f_welfare_n":6,"f_welfare_cap":75,"f_clinic_n":1,"f_station_riders":30793,"f_station_dist":1209,"f_noise_db":69.8,"f_station_name":"喜多見","f_zoning_name":"第一種低層住居専用地域"}},{"type":"Feature","geometry":{"type":"Polygon","coordinates":[[[139.596875,35.627083],[139.6,35.627083],[139.6,35.629167],[139.596875,35.629167],[139.596875,35.627083]]]},"properties":{"c":"5339345724","n_welfare_capacity":0.0206,"n_sped_school":0.0,"n_station_flow":0.0,"n_clinic":0.0645,"n_zoning":0.0345,"n_noise":0.6332,"n_crowding":0.0636,"n_green":0.4553,"demand":0.0188,"load":0.061,"priority":0.0152,"host":"喜多見まちづくりセンター（複合施設）","host_kind":"出張所","host_ward":"世田谷区","host_d":266,"f_welfare_n":5,"f_welfare_cap":75,"f_clinic_n":1,"f_station_riders":80513,"f_station_dist":1334,"f_noise_db":70.0,"f_green_pct":1.3,"f_station_name":"成城学園前","f_zoning_name":"第一種低層住居専用地域"}},{"type":"Feature","geometry":{"type":"Polygon","coordinates":[[[139.6,35.627083],[139.603125,35.627083],[139.603125,35.629167],[139.6,35.629167],[139.6,35.627083]]]},"properties":{"c":"5339345813","n_welfare_capacity":0.0726,"n_sped_school":0.0,"n_station_flow":0.0,"n_clinic":0.0636,"n_zoning":0.2215,"n_noise":0.6332,"n_crowding":0.2162,"n_green":0.0,"demand":0.0296,"load":0.3372,"priority":0.0735,"host":"喜多見まちづくりセンター（複合施設）","host_kind":"出張所","host_ward":"世田谷区","host_d":93,"f_welfare_n":5,"f_welfare_cap":49,"f_station_riders":80513,"f_station_dist":1351,"f_noise_db":70.0,"f_station_name":"成城学園前","f_zoning_name":"第一種低層住居専用地域"}},{"type":"Feature","geometry":{"type":"Polygon","coordinates":[[[139.603125,35.627083],[139.60625,35.627083],[139.60625,35.629167],[139.603125,35.629167],[139.603125,35.627083]]]},"properties":{"c":"5339345814","n_welfare_capacity":0.1201,"n_sped_school":0.0,"n_station_flow":0.0,"n_clinic":0.0582,"n_zoning":0.1327,"n_noise":0.6332,"n_crowding":0.2162,"n_green":0.4891,"demand":0.0367,"load":0.1274,"priority":0.043,"host":"喜多見まちづくりセンター（複合施設）","host_kind":"出張所","host_ward":"世田谷区","host_d":327,"f_welfare_n":4,"f_welfare_cap":40,"f_station_riders":80513,"f_station_dist":1426,"f_noise_db":70.0,"f_green_pct":1.5,"f_station_name":"成城学園前","f_zoning_name":"第一種低層住居専用地域"}},{"type":"Feature","geometry":{"type":"Polygon","coordinates":[[[139.60625,35.627083],[139.609375,35.627083],[139.609375,35.629167],[139.60625,35.629167],[139.60625,35.627083]]]},"properties":{"c":"5339345823","n_welfare_capacity":0.1962,"n_sped_school":0.0,"n_station_flow":0.0,"n_clinic":0.0475,"n_zoning":0.1121,"n_noise":0.6332,"n_crowding":0.0429,"n_green":0.7932,"demand":0.0529,"load":0.0296,"priority":0.0179,"host":"喜多見まちづくりセンター（複合施設）","host_kind":"出張所","host_ward":"世田谷区","host_d":605,"f_welfare_n":3,"f_welfare_cap":26,"f_clinic_n":1,"f_noise_db":70.0,"f_green_pct":6.5,"f_zoning_name":"第一種低層住居専用地域"}},{"type":"Feature","geometry":{"type":"Polygon","coordinates":[[[139.609375,35.627083],[139.6125,35.627083],[139.6125,35.629167],[139.609375,35.629167],[139.609375,35.627083]]]},"properties":{"c":"5339345824","n_welfare_capacity":0.3378,"n_sped_school":0.0,"n_station_flow":0.0,"n_clinic":0.0421,"n_zoning":0.5309,"n_noise":0.5435,"n_crowding":0.0429,"n_green":0.9046,"demand":0.086,"load":0.1004,"priority":0.0664,"host":"鎌田図書館（複合施設）","host_kind":"図書館","host_ward":"世田谷区","host_d":689,"f_welfare_n":14,"f_welfare_cap":195,"f_clinic_n":2,"f_noise_db":69.6,"f_green_pct":29.2,"f_zoning_name":"第一種中高層住居専用地域"}},{"type":"Feature","geometry":{"type":"Polygon","coordinates":[[[139.6125,35.627083],[139.615625,35.627083],[139.615625,35.629167],[139.6125,35.629167],[139.6125,35.627083]]]},"properties":{"c":"5339345913","n_welfare_capacity":0.4444,"n_sped_school":0.0,"n_station_flow":0.0,"n_clinic":0.043,"n_zoning":0.3874,"n_noise":0.4511,"n_crowding":0.1241,"n_green":0.8946,"demand":0.1084,"load":0.0511,"priority":0.0502,"host":"鎌田図書館（複合施設）","host_kind":"図書館","host_ward":"世田谷区","host_d":650,"f_welfare_n":13,"f_welfare_cap":185,"f_clinic_n":2,"f_noise_db":69.5,"f_green_pct":26.3,"f_zoning_name":"第一種低層住居専用地域"}},{"type":"Feature","geometry":{"type":"Polygon","coordinates":[[[139.615625,35.627083],[139.61875,35.627083],[139.61875,35.629167],[139.615625,35.629167],[139.615625,35.627083]]]},"properties":{"c":"5339345914","n_welfare_capacity":0.621,"n_sped_school":0.0,"n_station_flow":0.0,"n_clinic":0.0484,"n_zoning":0.339,"n_noise":0.4404,"n_crowding":0.1241,"n_green":0.8867,"demand":0.1622,"load":0.0439,"priority":0.0547,"host":"岡本地区会館","host_kind":"区民センター","host_ward":"世田谷区","host_d":399,"f_welfare_n":11,"f_welfare_cap":125,"f_clinic_n":1,"f_noise_db":69.4,"f_green_pct":23.8,"f_zoning_name":"第一種中高層住居専用地域"}},{"type":"Feature","geometry":{"type":"Polygon","coordinates":[[[139.61875,35.627083],[139.621875,35.627083],[139.621875,35.629167],[139.61875,35.629167],[139.61875,35.627083]]]},"properties":{"c":"5339345923","n_welfare_capacity":0.6962,"n_sped_school":0.0,"n_station_flow":0.0,"n_clinic":0.0977,"n_zoning":0.4197,"n_noise":0.5928,"n_crowding":0.0167,"n_green":0.996,"demand":0.2007,"load":0.0574,"priority":0.0807,"host":"岡本地区会館","host_kind":"区民センター","host_ward":"世田谷区","host_d":350,"f_welfare_n":15,"f_welfare_cap":199,"f_station_riders":65061,"f_station_dist":1263,"f_noise_db":69.9,"f_green_pct":100.0,"f_station_name":"用賀","f_zoning_name":"第一種中高層住居専用地域"}},{"type":"Feature","geometry":{"type":"Polygon","coordinates":[[[139.621875,35.627083],[139.625,35.627083],[139.625,35.629167],[139.621875,35.629167],[139.621875,35.627083]]]},"properties":{"c":"5339345924","n_welfare_capacity":0.7061,"n_sped_school":0.0,"n_station_flow":0.0772,"n_clinic":0.1461,"n_zoning":0.47,"n_noise":0.5803,"n_crowding":0.0167,"n_green":0.9821,"demand":0.2527,"load":0.0726,"priority":0.122,"host":"玉川区民会館別館（上用賀アートホール）（複合施設）","host_kind":"区民センター","host_ward":"世田谷区","host_d":309,"f_welfare_n":19,"f_welfare_cap":256,"f_station_riders":65061,"f_station_dist":983,"f_noise_db":69.8,"f_green_pct":98.5,"f_station_name":"用賀","f_zoning_name":"第一種中高層住居専用地域"}},{"type":"Feature","geometry":{"type":"Polygon","coordinates":[[[139.625,35.627083],[139.628125,35.627083],[139.628125,35.629167],[139.625,35.629167],[139.625,35.627083]]]},"properties":{"c":"5339355013","n_welfare_capacity":0.6909,"n_sped_school":0.0,"n_station_flow":0.1871,"n_clinic":0.2258,"n_zoning":0.6915,"n_noise":0.6673,"n_crowding":0.6927,"n_green":0.8171,"demand":0.3163,"load":0.6018,"priority":0.47,"host":"玉川区民会館別館（上用賀アートホール）（複合施設）","host_kind":"区民センター","host_ward":"世田谷区","host_d":228,"f_welfare_n":21,"f_welfare_cap":227,"f_clinic_n":4,"f_station_riders":65061,"f_station_dist":705,"f_noise_db":70.0,"f_green_pct":8.3,"f_station_name":"用賀","f_zoning_name":"第一種低層住居専用地域"}},{"type":"Feature","geometry":{"type":"Polygon","coordinates":[[[139.628125,35.627083],[139.63125,35.627083],[139.63125,35.629167],[139.628125,35.629167],[139.628125,35.627083]]]},"properties":{"c":"5339355014","n_welfare_capacity":0.6308,"n_sped_school":0.0,"n_station_flow":0.3455,"n_clinic":0.2805,"n_zoning":0.5283,"n_noise":0.7076,"n_crowding":0.6927,"n_green":0.0,"demand":0.3763,"load":0.8036,"priority":0.609,"host":"玉川台図書館（複合施設）","host_kind":"図書館","host_ward":"世田谷区","host_d":651,"f_welfare_n":26,"f_welfare_cap":277,"f_clinic_n":4,"f_station_riders":65061,"f_station_dist":435,"f_noise_db":70.5,"f_station_name":"用賀","f_zoning_name":"第一種低層住居専用地域"}},{"type":"Feature","geometry":{"type":"Polygon","coordinates":[[[139.63125,35.627083],[139.634375,35.627083],[139.634375,35.629167],[139.63125,35.629167],[139.63125,35.627083]]]},"properties":{"c":"5339355023","n_welfare_capacity":0.5905,"n_sped_school":0.0,"n_station_flow":0.4475,"n_clinic":0.3719,"n_zoning":0.8538,"n_noise":0.757,"n_crowding":0.9255,"n_green":0.3877,"demand":0.4256,"load":0.9265,"priority":0.7058,"host":"玉川台図書館（複合施設）","host_kind":"図書館","host_ward":"世田谷区","host_d":576,"f_welfare_n":27,"f_welfare_cap":282,"f_clinic_n":4,"f_station_riders":65061,"f_station_dist":203,"f_noise_db":71.0,"f_green_pct":1.0,"f_station_name":"用賀","f_zoning_name":"第一種住居地域"}},{"type":"Feature","geometry":{"type":"Polygon","coordinates":[[[139.634375,35.627083],[139.6375,35.627083],[139.6375,35.629167],[139.634375,35.629167],[139.634375,35.627083]]]},"properties":{"c":"5339355024","n_welfare_capacity":0.4964,"n_sped_school":0.0,"n_station_flow":0.5931,"n_clinic":0.4588,"n_zoning":0.9067,"n_noise":0.835,"n_crowding":0.9255,"n_green":0.5507,"demand":0.4686,"load":0.939,"priority":0.7435,"host":"玉川台図書館（複合施設）","host_kind":"図書館","host_ward":"世田谷区","host_d":632,"f_welfare_n":24,"f_welfare_cap":206,"f_clinic_n":7,"f_station_riders":65061,"f_station_dist":230,"f_noise_db":72.0,"f_green_pct":1.8,"f_station_name":"用賀","f_zoning_name":"近隣商業地域"}},{"type":"Feature","geometry":{"type":"Polygon","coordinates":[[[139.6375,35.627083],[139.640625,35.627083],[139.640625,35.629167],[139.6375,35.629167],[139.6375,35.627083]]]},"properties":{"c":"5339355113","n_welfare_capacity":0.405,"n_sped_school":0.0,"n_station_flow":0.6079,"n_clinic":0.4812,"n_zoning":0.226,"n_noise":0.9103,"n_crowding":0.8172,"n_green":0.0,"demand":0.4337,"load":0.7946,"priority":0.6574,"host":"用賀出張所（複合施設）","host_kind":"出張所","host_ward":"世田谷区","host_d":366,"f_welfare_n":30,"f_welfare_cap":266,"f_clinic_n":8,"f_station_riders":65061,"f_station_dist":475,"f_noise_db":73.0,"f_station_name":"用賀","f_zoning_name":"第一種低層住居専用地域"}},{"type":"Feature","geometry":{"type":"Polygon","coordinates":[[[139.640625,35.627083],[139.64375,35.627083],[139.64375,35.629167],[139.640625,35.629167],[139.640625,35.627083]]]},"properties":{"c":"5339355114","n_welfare_capacity":0.3333,"n_sped_school":0.0,"n_station_flow":0.5851,"n_clinic":0.4749,"n_zoning":0.0852,"n_noise":0.948,"n_crowding":0.8172,"n_green":0.3718,"demand":0.3862,"load":0.6135,"priority":0.5363,"host":"新町地区会館","host_kind":"区民センター","host_ward":"世田谷区","host_d":565,"f_welfare_n":32,"f_welfare_cap":244,"f_clinic_n":6,"f_station_riders":68296,"f_station_dist":498,"f_noise_db":74.0,"f_green_pct":1.0,"f_station_name":"桜新町","f_zoning_name":"第一種低層住居専用地域"}},{"type":"Feature","geometry":{"type":"Polygon","coordinates":[[[139.64375,35.627083],[139.646875,35.627083],[139.646875,35.629167],[139.64375,35.629167],[139.64375,35.627083]]]},"properties":{"c":"5339355123","n_welfare_capacity":0.2159,"n_sped_school":0.0,"n_station_flow":0.5149,"n_clinic":0.4776,"n_zoning":0.6771,"n_noise":0.948,"n_crowding":0.5699,"n_green":0.0457,"demand":0.2966,"load":0.896,"priority":0.5596,"host":"新町地区会館","host_kind":"区民センター","host_ward":"世田谷区","host_d":308,"f_welfare_n":18,"f_welfare_cap":159,"f_clinic_n":5,"f_station_riders":68296,"f_station_dist":400,"f_noise_db":74.0,"f_green_pct":0.1,"f_station_name":"桜新町","f_zoning_name":"第一種低層住居専用地域"}},{"type":"Feature","geometry":{"type":"Polygon","coordinates":[[[139.646875,35.627083],[139.65,35.627083],[139.65,35.629167],[139.646875,35.629167],[139.646875,35.627083]]]},"properties":{"c":"5339355124","n_welfare_capacity":0.1783,"n_sped_school":0.0,"n_station_flow":0.3406,"n_clinic":0.4659,"n_zoning":0.5561,"n_noise":0.948,"n_crowding":0.5699,"n_green":0.0,"demand":0.1918,"load":0.8655,"priority":0.4404,"host":"新町地区会館","host_kind":"区民センター","host_ward":"世田谷区","host_d":177,"f_welfare_n":15,"f_welfare_cap":134,"f_clinic_n":4,"f_station_riders":68296,"f_station_dist":482,"f_noise_db":74.0,"f_station_name":"桜新町","f_zoning_name":"第一種低層住居専用地域"}},{"type":"Feature","geometry":{"type":"Polygon","coordinates":[[[139.65,35.627083],[139.653125,35.627083],[139.653125,35.629167],[139.65,35.629167],[139.65,35.627083]]]},"properties":{"c":"5339355213","n_welfare_capacity":0.1711,"n_sped_school":0.0,"n_station_flow":0.3911,"n_clinic":0.517,"n_zoning":0.1498,"n_noise":0.9422,"n_crowding":0.3921,"n_green":0.4712,"demand":0.2106,"load":0.3776,"priority":0.2897,"host":"深沢まちづくりセンター（複合施設）","host_kind":"出張所","host_ward":"世田谷区","host_d":101,"f_welfare_n":16,"f_welfare_cap":139,"f_clinic_n":4,"f_station_riders":68296,"f_station_dist":682,"f_noise_db":74.0,"f_green_pct":1.4,"f_station_name":"桜新町","f_zoning_name":"第一種低層住居専用地域"}},{"type":"Feature","geometry":{"type":"Polygon","coordinates":[[[139.653125,35.627083],[139.65625,35.627083],[139.65625,35.629167],[139.653125,35.629167],[139.653125,35.627083]]]},"properties":{"c":"5339355214","n_welfare_capacity":0.1846,"n_sped_school":0.0,"n_station_flow":0.3743,"n_clinic":0.5905,"n_zoning":0.3193,"n_noise":0.9422,"n_crowding":0.3921,"n_green":0.0,"demand":0.2384,"load":0.678,"priority":0.4314,"host":"深沢まちづくりセンター（複合施設）","host_kind":"出張所","host_ward":"世田谷区","host_d":186,"f_welfare_n":17,"f_welfare_cap":155,"f_clinic_n":3,"f_station_riders":74266,"f_station_dist":787,"f_noise_db":74.0,"f_station_name":"駒沢大学","f_zoning_name":"第一種低層住居専用地域"}},{"type":"Feature","geometry":{"type":"Polygon","coordinates":[[[139.65625,35.627083],[139.659375,35.627083],[139.659375,35.629167],[139.65625,35.629167],[139.65625,35.627083]]]},"properties":{"c":"5339355223","n_welfare_capacity":0.1935,"n_sped_school":0.0,"n_station_flow":0.3881,"n_clinic":0.6487,"n_zoning":0.5857,"n_noise":0.887,"n_crowding":0.6223,"n_green":0.6918,"demand":0.2616,"load":0.67,"priority":0.4547,"host":"深沢まちづくりセンター（複合施設）","host_kind":"出張所","host_ward":"世田谷区","host_d":468,"f_welfare_n":17,"f_welfare_cap":155,"f_clinic_n":9,"f_station_riders":74266,"f_station_dist":615,"f_noise_db":72.6,"f_green_pct":3.1,"f_station_name":"駒沢大学","f_zoning_name":"第一種中高層住居専用地域"}},{"type":"Feature","geometry":{"type":"Polygon","coordinates":[[[139.659375,35.627083],[139.6625,35.627083],[139.6625,35.629167],[139.659375,35.629167],[139.659375,35.627083]]]},"properties":{"c":"5339355224","n_welfare_capacity":0.2706,"n_sped_school":0.0,"n_station_flow":0.3376,"n_clinic":0.7294,"n_zoning":0.3157,"n_noise":0.8278,"n_crowding":0.6223,"n_green":0.8529,"demand":0.3056,"load":0.3937,"priority":0.3722,"f_welfare_n":15,"f_welfare_cap":157,"f_clinic_n":11,"f_station_riders":74266,"f_station_dist":545,"f_noise_db":71.9,"f_green_pct":12.4,"f_station_name":"駒沢大学","f_zoning_name":"第一種中高層住居専用地域"}},{"type":"Feature","geometry":{"type":"Polygon","coordinates":[[[139.675,35.627083],[139.678125,35.627083],[139.678125,35.629167],[139.675,35.629167],[139.675,35.627083]]]},"properties":{"c":"5339355413","n_welfare_capacity":0.7751,"n_sped_school":0.251,"n_station_flow":0.2386,"n_clinic":0.8477,"n_zoning":0.8108,"n_noise":0.5955,"n_crowding":0.4052,"n_green":0.6879,"demand":0.6093,"load":0.5417,"priority":0.6413,"host":"下馬南地区会館","host_kind":"区民センター","host_ward":"世田谷区","host_d":512,"f_welfare_n":34,"f_welfare_cap":276,"f_clinic_n":10,"f_station_riders":72696,"f_station_dist":789,"f_noise_db":70.0,"f_green_pct":3.1,"f_station_name":"学芸大学","f_zoning_name":"第一種住居地域"}},{"type":"Feature","geometry":{"type":"Polygon","coordinates":[[[139.678125,35.627083],[139.68125,35.627083],[139.68125,35.629167],[139.678125,35.629167],[139.678125,35.627083]]]},"properties":{"c":"5339355414","n_welfare_capacity":0.9104,"n_sped_school":0.304,"n_station_flow":0.4188,"n_clinic":0.8548,"n_zoning":0.6601,"n_noise":0.3462,"n_crowding":0.4052,"n_green":0.0,"demand":0.7025,"load":0.5686,"priority":0.7103,"host":"下馬南地区会館","host_kind":"区民センター","host_ward":"世田谷区","host_d":463,"f_welfare_n":38,"f_welfare_cap":274,"f_clinic_n":9,"f_station_riders":72696,"f_station_dist":508,"f_noise_db":68.7,"f_station_name":"学芸大学","f_zoning_name":"第一種低層住居専用地域"}},{"type":"Feature","geometry":{"type":"Polygon","coordinates":[[[139.59375,35.629167],[139.596875,35.629167],[139.596875,35.63125],[139.59375,35.63125],[139.59375,35.629167]]]},"properties":{"c":"5339345741","n_welfare_capacity":0.0932,"n_sped_school":0.0,"n_station_flow":0.097,"n_clinic":0.1604,"n_zoning":0.0345,"n_noise":0.5865,"n_crowding":0.1719,"n_green":0.0,"demand":0.0636,"load":0.1785,"priority":0.0789,"host":"喜多見まちづくりセンター（複合施設）","host_kind":"出張所","host_ward":"世田谷区","host_d":553,"f_welfare_n":15,"f_welfare_cap":140,"f_clinic_n":1,"f_station_riders":30793,"f_station_dist":1042,"f_noise_db":69.9,"f_station_name":"喜多見","f_zoning_name":"第一種低層住居専用地域"}},{"type":"Feature","geometry":{"type":"Polygon","coordinates":[[[139.596875,35.629167],[139.6,35.629167],[139.6,35.63125],[139.596875,35.63125],[139.596875,35.629167]]]},"properties":{"c":"5339345742","n_welfare_capacity":0.1559,"n_sped_school":0.0,"n_station_flow":0.0644,"n_clinic":0.1855,"n_zoning":0.0345,"n_noise":0.6332,"n_crowding":0.1719,"n_green":0.8907,"demand":0.0717,"load":0.0242,"priority":0.0202,"host":"喜多見まちづくりセンター（複合施設）","host_kind":"出張所","host_ward":"世田谷区","host_d":289,"f_welfare_n":8,"f_welfare_cap":105,"f_clinic_n":1,"f_station_riders":80513,"f_station_dist":1103,"f_noise_db":70.0,"f_green_pct":24.2,"f_station_name":"成城学園前","f_zoning_name":"第一種低層住居専用地域"}},{"type":"Feature","geometry":{"type":"Polygon","coordinates":[[[139.6,35.629167],[139.603125,35.629167],[139.603125,35.63125],[139.6,35.63125],[139.6,35.629167]]]},"properties":{"c":"5339345831","n_welfare_capacity":0.2186,"n_sped_school":0.0,"n_station_flow":0.0604,"n_clinic":0.164,"n_zoning":0.2422,"n_noise":0.6332,"n_crowding":0.4607,"n_green":0.7137,"demand":0.0833,"load":0.2081,"priority":0.1148,"host":"喜多見まちづくりセンター（複合施設）","host_kind":"出張所","host_ward":"世田谷区","host_d":147,"f_welfare_n":4,"f_welfare_cap":35,"f_station_riders":80513,"f_station_dist":1124,"f_noise_db":70.0,"f_green_pct":3.6,"f_station_name":"成城学園前","f_zoning_name":"第一種低層住居専用地域"}},{"type":"Feature","geometry":{"type":"Polygon","coordinates":[[[139.603125,35.629167],[139.60625,35.629167],[139.60625,35.63125],[139.603125,35.63125],[139.603125,35.629167]]]},"properties":{"c":"5339345832","n_welfare_capacity":0.3038,"n_sped_school":0.0,"n_station_flow":0.0,"n_clinic":0.147,"n_zoning":0.0345,"n_noise":0.6332,"n_crowding":0.4607,"n_green":0.0,"demand":0.0914,"load":0.3453,"priority":0.1668,"host":"喜多見まちづくりセンター（複合施設）","host_kind":"出張所","host_ward":"世田谷区","host_d":346,"f_welfare_n":2,"f_welfare_cap":25,"f_station_riders":80513,"f_station_dist":1213,"f_noise_db":70.0,"f_station_name":"成城学園前","f_zoning_name":"第一種低層住居専用地域"}},{"type":"Feature","geometry":{"type":"Polygon","coordinates":[[[139.60625,35.629167],[139.609375,35.629167],[139.609375,35.63125],[139.60625,35.63125],[139.60625,35.629167]]]},"properties":{"c":"5339345841","n_welfare_capacity":0.4122,"n_sped_school":0.0,"n_station_flow":0.0,"n_clinic":0.1174,"n_zoning":0.2359,"n_noise":0.5704,"n_crowding":0.0519,"n_green":0.0,"demand":0.1111,"load":0.2323,"priority":0.1435,"host":"大蔵地区会館","host_kind":"区民センター","host_ward":"世田谷区","host_d":590,"f_welfare_n":7,"f_welfare_cap":111,"f_clinic_n":2,"f_station_riders":80513,"f_station_dist":1356,"f_noise_db":69.8,"f_station_name":"成城学園前","f_zoning_name":"第一種低層住居専用地域"}},{"type":"Feature","geometry":{"type":"Polygon","coordinates":[[[139.609375,35.629167],[139.6125,35.629167],[139.6125,35.63125],[139.609375,35.63125],[139.609375,35.629167]]]},"properties":{"c":"5339345842","n_welfare_capacity":0.552,"n_sped_school":0.0,"n_station_flow":0.0,"n_clinic":0.0762,"n_zoning":0.7058,"n_noise":0.5471,"n_crowding":0.0519,"n_green":0.9483,"demand":0.1461,"load":0.1659,"priority":0.1354,"host":"大蔵地区会館","host_kind":"区民センター","host_ward":"世田谷区","host_d":524,"f_welfare_n":12,"f_welfare_cap":254,"f_clinic_n":2,"f_station_riders":47616,"f_station_dist":1452,"f_noise_db":69.7,"f_green_pct":59.6,"f_station_name":"祖師ヶ谷大蔵","f_zoning_name":"第一種住居地域"}},{"type":"Feature","geometry":{"type":"Polygon","coordinates":[[[139.6125,35.629167],[139.615625,35.629167],[139.615625,35.63125],[139.6125,35.63125],[139.6125,35.629167]]]},"properties":{"c":"5339345931","n_welfare_capacity":0.6541,"n_sped_school":0.0,"n_station_flow":0.0,"n_clinic":0.052,"n_zoning":0.6556,"n_noise":0.4592,"n_crowding":0.0203,"n_green":0.9622,"demand":0.1783,"load":0.0978,"priority":0.1175,"host":"大蔵地区会館","host_kind":"区民センター","host_ward":"世田谷区","host_d":601,"f_welfare_n":20,"f_welfare_cap":353,"f_clinic_n":2,"f_station_riders":47616,"f_station_dist":1499,"f_noise_db":69.5,"f_green_pct":74.0,"f_station_name":"祖師ヶ谷大蔵","f_zoning_name":"第一種中高層住居専用地域"}},{"type":"Feature","geometry":{"type":"Polygon","coordinates":[[[139.615625,35.629167],[139.61875,35.629167],[139.61875,35.63125],[139.615625,35.63125],[139.615625,35.629167]]]},"properties":{"c":"5339345932","n_welfare_capacity":0.7231,"n_sped_school":0.0,"n_station_flow":0.0,"n_clinic":0.0699,"n_zoning":0.5045,"n_noise":0.4466,"n_crowding":0.0203,"n_green":0.8847,"demand":0.207,"load":0.0646,"priority":0.0888,"host":"岡本地区会館","host_kind":"区民センター","host_ward":"世田谷区","host_d":609,"f_welfare_n":21,"f_welfare_cap":358,"f_clinic_n":2,"f_noise_db":69.4,"f_green_pct":23.3,"f_zoning_name":"第一種中高層住居専用地域"}},{"type":"Feature","geometry":{"type":"Polygon","coordinates":[[[139.61875,35.629167],[139.621875,35.629167],[139.621875,35.63125],[139.61875,35.63125],[139.61875,35.629167]]]},"properties":{"c":"5339345941","n_welfare_capacity":0.7554,"n_sped_school":0.0,"n_station_flow":0.0,"n_clinic":0.0905,"n_zoning":0.5045,"n_noise":0.4287,"n_crowding":0.3208,"n_green":0.996,"demand":0.2258,"load":0.1166,"priority":0.148,"host":"玉川区民会館別館（上用賀アートホール）（複合施設）","host_kind":"区民センター","host_ward":"世田谷区","host_d":501,"f_welfare_n":16,"f_welfare_cap":210,"f_clinic_n":1,"f_station_riders":65061,"f_station_dist":1313,"f_noise_db":69.3,"f_green_pct":100.0,"f_station_name":"用賀","f_zoning_name":"第一種中高層住居専用地域"}},{"type":"Feature","geometry":{"type":"Polygon","coordinates":[[[139.621875,35.629167],[139.625,35.629167],[139.625,35.63125],[139.621875,35.63125],[139.621875,35.629167]]]},"properties":{"c":"5339345942","n_welfare_capacity":0.741,"n_sped_school":0.0,"n_station_flow":0.0614,"n_clinic":0.1478,"n_zoning":0.5399,"n_noise":0.4278,"n_crowding":0.3208,"n_green":0.9801,"demand":0.2625,"load":0.1363,"priority":0.1812,"host":"玉川区民会館別館（上用賀アートホール）（複合施設）","host_kind":"区民センター","host_ward":"世田谷区","host_d":218,"f_welfare_n":12,"f_welfare_cap":147,"f_station_riders":65061,"f_station_dist":1046,"f_noise_db":69.3,"f_green_pct":98.2,"f_station_name":"用賀","f_zoning_name":"第一種中高層住居専用地域"}},{"type":"Feature","geometry":{"type":"Polygon","coordinates":[[[139.625,35.629167],[139.628125,35.629167],[139.628125,35.63125],[139.625,35.63125],[139.625,35.629167]]]},"properties":{"c":"5339355031","n_welfare_capacity":0.7249,"n_sped_school":0.0,"n_station_flow":0.1515,"n_clinic":0.2231,"n_zoning":0.6233,"n_noise":0.4574,"n_crowding":0.2866,"n_green":0.8191,"demand":0.3181,"load":0.2206,"priority":0.2664,"host":"玉川区民会館別館（上用賀アートホール）（複合施設）","host_kind":"区民センター","host_ward":"世田谷区","host_d":66,"f_welfare_n":19,"f_welfare_cap":247,"f_clinic_n":4,"f_station_riders":65061,"f_station_dist":791,"f_noise_db":69.5,"f_green_pct":8.4,"f_station_name":"用賀","f_zoning_name":"第一種低層住居専用地域"}},{"type":"Feature","geometry":{"type":"Polygon","coordinates":[[[139.628125,35.629167],[139.63125,35.629167],[139.63125,35.63125],[139.628125,35.63125],[139.628125,35.629167]]]},"properties":{"c":"5339355032","n_welfare_capacity":0.6819,"n_sped_school":0.0,"n_station_flow":0.2653,"n_clinic":0.3002,"n_zoning":0.0879,"n_noise":0.591,"n_crowding":0.2866,"n_green":0.5865,"demand":0.3674,"load":0.096,"priority":0.1794,"host":"用賀地区会館（複合施設）","host_kind":"区民センター","host_ward":"世田谷区","host_d":35,"f_welfare_n":30,"f_welfare_cap":332,"f_clinic_n":4,"f_station_riders":65061,"f_station_dist":564,"f_noise_db":69.9,"f_green_pct":2.0,"f_station_name":"用賀","f_zoning_name":"第一種低層住居専用地域"}},{"type":"Feature","geometry":{"type":"Polygon","coordinates":[[[139.63125,35.629167],[139.634375,35.629167],[139.634375,35.63125],[139.63125,35.63125],[139.63125,35.629167]]]},"properties":{"c":"5339355041","n_welfare_capacity":0.5735,"n_sped_school":0.0,"n_station_flow":0.4515,"n_clinic":0.3862,"n_zoning":0.5587,"n_noise":0.7004,"n_crowding":0.4896,"n_green":0.1491,"demand":0.4203,"load":0.6834,"priority":0.583,"host":"用賀地区会館（複合施設）","host_kind":"区民センター","host_ward":"世田谷区","host_d":291,"f_welfare_n":30,"f_welfare_cap":327,"f_clinic_n":4,"f_station_riders":65061,"f_station_dist":412,"f_noise_db":70.4,"f_green_pct":0.3,"f_station_name":"用賀","f_zoning_name":"第一種低層住居専用地域"}},{"type":"Feature","geometry":{"type":"Polygon","coordinates":[[[139.634375,35.629167],[139.6375,35.629167],[139.6375,35.63125],[139.634375,35.63125],[139.634375,35.629167]]]},"properties":{"c":"5339355042","n_welfare_capacity":0.5233,"n_sped_school":0.0,"n_station_flow":0.5465,"n_clinic":0.4704,"n_zoning":0.6744,"n_noise":0.8009,"n_crowding":0.4896,"n_green":0.0,"demand":0.4624,"load":0.835,"priority":0.6951,"host":"用賀出張所（複合施設）","host_kind":"出張所","host_ward":"世田谷区","host_d":512,"f_welfare_n":31,"f_welfare_cap":261,"f_clinic_n":7,"f_station_riders":65061,"f_station_dist":427,"f_noise_db":71.6,"f_station_name":"用賀","f_zoning_name":"第一種中高層住居専用地域"}},{"type":"Feature","geometry":{"type":"Polygon","coordinates":[[[139.6375,35.629167],[139.640625,35.629167],[139.640625,35.63125],[139.6375,35.63125],[139.6375,35.629167]]]},"properties":{"c":"5339355131","n_welfare_capacity":0.4794,"n_sped_school":0.0,"n_station_flow":0.598,"n_clinic":0.4937,"n_zoning":0.7543,"n_noise":0.8717,"n_crowding":0.7956,"n_green":0.0,"demand":0.4722,"load":0.9704,"priority":0.757,"host":"用賀出張所（複合施設）","host_kind":"出張所","host_ward":"世田谷区","host_d":562,"f_welfare_n":32,"f_welfare_cap":259,"f_clinic_n":8,"f_station_riders":65061,"f_station_dist":595,"f_noise_db":72.3,"f_station_name":"用賀","f_zoning_name":"第一種中高層住居専用地域"}},{"type":"Feature","geometry":{"type":"Polygon","coordinates":[[[139.640625,35.629167],[139.64375,35.629167],[139.64375,35.63125],[139.640625,35.63125],[139.640625,35.629167]]]},"properties":{"c":"5339355132","n_welfare_capacity":0.4149,"n_sped_school":0.0,"n_station_flow":0.6139,"n_clinic":0.5045,"n_zoning":0.4511,"n_noise":0.948,"n_crowding":0.7956,"n_green":0.0,"demand":0.448,"load":0.8915,"priority":0.7094,"host":"新町地区会館","host_kind":"区民センター","host_ward":"世田谷区","host_d":540,"f_welfare_n":29,"f_welfare_cap":224,"f_clinic_n":5,"f_station_riders":68296,"f_station_dist":341,"f_noise_db":74.0,"f_station_name":"桜新町","f_zoning_name":"第一種低層住居専用地域"}},{"type":"Feature","geometry":{"type":"Polygon","coordinates":[[[139.64375,35.629167],[139.646875,35.629167],[139.646875,35.63125],[139.64375,35.63125],[139.64375,35.629167]]]},"properties":{"c":"5339355141","n_welfare_capacity":0.3011,"n_sped_school":0.0,"n_station_flow":0.5832,"n_clinic":0.5385,"n_zoning":0.3587,"n_noise":0.948,"n_crowding":0.7306,"n_green":0.0,"demand":0.3844,"load":0.843,"priority":0.635,"host":"新町地区会館","host_kind":"区民センター","host_ward":"世田谷区","host_d":260,"f_welfare_n":23,"f_welfare_cap":184,"f_clinic_n":4,"f_station_riders":68296,"f_station_dist":169,"f_noise_db":74.0,"f_station_name":"桜新町","f_zoning_name":"第一種低層住居専用地域"}},{"type":"Feature","geometry":{"type":"Polygon","coordinates":[[[139.646875,35.629167],[139.65,35.629167],[139.65,35.63125],[139.646875,35.63125],[139.646875,35.629167]]]},"properties":{"c":"5339355142","n_welfare_capacity":0.2258,"n_sped_school":0.0,"n_station_flow":0.5168,"n_clinic":0.569,"n_zoning":0.1256,"n_noise":0.9372,"n_crowding":0.7306,"n_green":0.7555,"demand":0.3217,"load":0.4305,"priority":0.4018,"host":"新町地区会館","host_kind":"区民センター","host_ward":"世田谷区","host_d":64,"f_welfare_n":21,"f_welfare_cap":174,"f_clinic_n":4,"f_station_riders":68296,"f_station_dist":318,"f_noise_db":73.9,"f_green_pct":4.5,"f_station_name":"桜新町","f_zoning_name":"第一種低層住居専用地域"}},{"type":"Feature","geometry":{"type":"Polygon","coordinates":[[[139.65,35.629167],[139.653125,35.629167],[139.653125,35.63125],[139.65,35.63125],[139.65,35.629167]]]},"properties":{"c":"5339355231","n_welfare_capacity":0.2428,"n_sped_school":0.0,"n_station_flow":0.4881,"n_clinic":0.586,"n_zoning":0.8484,"n_noise":0.9336,"n_crowding":0.6503,"n_green":0.0,"demand":0.3199,"load":0.9749,"priority":0.6215,"host":"深沢まちづくりセンター（複合施設）","host_kind":"出張所","host_ward":"世田谷区","host_d":272,"f_welfare_n":22,"f_welfare_cap":219,"f_clinic_n":7,"f_station_riders":68296,"f_station_dist":577,"f_noise_db":73.8,"f_station_name":"桜新町","f_zoning_name":"近隣商業地域"}},{"type":"Feature","geometry":{"type":"Polygon","coordinates":[[[139.653125,35.629167],[139.65625,35.629167],[139.65625,35.63125],[139.653125,35.63125],[139.653125,35.629167]]]},"properties":{"c":"5339355232","n_welfare_capacity":0.2142,"n_sped_school":0.0,"n_station_flow":0.4842,"n_clinic":0.6425,"n_zoning":0.826,"n_noise":0.9238,"n_crowding":0.6503,"n_green":0.0,"demand":0.3154,"load":0.9713,"priority":0.6152,"host":"駒沢地区会館","host_kind":"区民センター","host_ward":"世田谷区","host_d":142,"f_welfare_n":16,"f_welfare_cap":145,"f_clinic_n":8,"f_station_riders":74266,"f_station_dist":649,"f_noise_db":73.3,"f_station_name":"駒沢大学","f_zoning_name":"第一種低層住居専用地域"}},{"type":"Feature","geometry":{"type":"Polygon","coordinates":[[[139.65625,35.629167],[139.659375,35.629167],[139.659375,35.63125],[139.65625,35.63125],[139.65625,35.629167]]]},"properties":{"c":"5339355241","n_welfare_capacity":0.2769,"n_sped_school":0.0,"n_station_flow":0.5079,"n_clinic":0.6971,"n_zoning":0.7049,"n_noise":0.8628,"n_crowding":0.7838,"n_green":0.4235,"demand":0.3772,"load":0.8592,"priority":0.6359,"host":"駒沢地区会館","host_kind":"区民センター","host_ward":"世田谷区","host_d":351,"f_welfare_n":17,"f_welfare_cap":165,"f_clinic_n":8,"f_station_riders":74266,"f_station_dist":424,"f_noise_db":72.2,"f_green_pct":1.1,"f_station_name":"駒沢大学","f_zoning_name":"第一種中高層住居専用地域"}},{"type":"Feature","geometry":{"type":"Polygon","coordinates":[[[139.659375,35.629167],[139.6625,35.629167],[139.6625,35.63125],[139.659375,35.63125],[139.659375,35.629167]]]},"properties":{"c":"5339355242","n_welfare_capacity":0.3208,"n_sped_school":0.0,"n_station_flow":0.4713,"n_clinic":0.7796,"n_zoning":0.1444,"n_noise":0.8816,"n_crowding":0.7838,"n_green":0.4036,"demand":0.3996,"load":0.5839,"priority":0.5318,"host":"上馬まちづくりセンター（複合施設）","host_kind":"出張所","host_ward":"世田谷区","host_d":555,"f_welfare_n":24,"f_welfare_cap":252,"f_clinic_n":11,"f_station_riders":74266,"f_station_dist":314,"f_noise_db":72.4,"f_green_pct":1.1,"f_station_name":"駒沢大学","f_zoning_name":"第一種低層住居専用地域"}},{"type":"Feature","geometry":{"type":"Polygon","coordinates":[[[139.671875,35.629167],[139.675,35.629167],[139.675,35.63125],[139.671875,35.63125],[139.671875,35.629167]]]},"properties":{"c":"5339355342","n_welfare_capacity":0.7652,"n_sped_school":0.2845,"n_station_flow":0.1327,"n_clinic":0.8522,"n_zoning":0.4789,"n_noise":0.6996,"n_crowding":0.4829,"n_green":0.0,"demand":0.5869,"load":0.687,"priority":0.713,"host":"野沢地区会館（複合施設）","host_kind":"区民センター","host_ward":"世田谷区","host_d":542,"f_welfare_n":26,"f_welfare_cap":222,"f_clinic_n":7,"f_station_riders":72696,"f_station_dist":1081,"f_noise_db":70.4,"f_station_name":"学芸大学","f_zoning_name":"第一種低層住居専用地域"}},{"type":"Feature","geometry":{"type":"Polygon","coordinates":[[[139.675,35.629167],[139.678125,35.629167],[139.678125,35.63125],[139.675,35.63125],[139.675,35.629167]]]},"properties":{"c":"5339355431","n_welfare_capacity":0.8333,"n_sped_school":0.3626,"n_station_flow":0.1683,"n_clinic":0.8539,"n_zoning":0.2538,"n_noise":0.5937,"n_crowding":0.1313,"n_green":0.0,"demand":0.6371,"load":0.2942,"priority":0.4655,"host":"下馬南地区会館","host_kind":"区民センター","host_ward":"世田谷区","host_d":320,"f_welfare_n":29,"f_welfare_cap":207,"f_clinic_n":9,"f_station_riders":72696,"f_station_dist":802,"f_noise_db":70.0,"f_station_name":"学芸大学","f_zoning_name":"第一種低層住居専用地域"}},{"type":"Feature","geometry":{"type":"Polygon","coordinates":[[[139.678125,35.629167],[139.68125,35.629167],[139.68125,35.63125],[139.678125,35.63125],[139.678125,35.629167]]]},"properties":{"c":"5339355432","n_welfare_capacity":0.9561,"n_sped_school":0.4463,"n_station_flow":0.3396,"n_clinic":0.8369,"n_zoning":0.3247,"n_noise":0.3067,"n_crowding":0.1313,"n_green":0.0,"demand":0.7222,"load":0.1857,"priority":0.3973,"host":"下馬南地区会館","host_kind":"区民センター","host_ward":"世田谷区","host_d":236,"f_welfare_n":37,"f_welfare_cap":264,"f_clinic_n":10,"f_station_riders":72696,"f_station_dist":528,"f_noise_db":68.4,"f_station_name":"学芸大学","f_zoning_name":"第一種低層住居専用地域"}},{"type":"Feature","geometry":{"type":"Polygon","coordinates":[[[139.590625,35.63125],[139.59375,35.63125],[139.59375,35.633333],[139.590625,35.633333],[139.590625,35.63125]]]},"properties":{"c":"5339345734","n_welfare_capacity":0.2867,"n_sped_school":0.0,"n_station_flow":0.1881,"n_clinic":0.2554,"n_zoning":0.235,"n_noise":0.4251,"n_crowding":0.1949,"n_green":0.0,"demand":0.1434,"load":0.2215,"priority":0.1695,"host":"喜多見地区会館","host_kind":"区民センター","host_ward":"世田谷区","host_d":553,"f_welfare_n":25,"f_welfare_cap":235,"f_clinic_n":3,"f_station_riders":30793,"f_station_dist":677,"f_noise_db":69.3,"f_station_name":"喜多見","f_zoning_name":"第一種低層住居専用地域"}},{"type":"Feature","geometry":{"type":"Polygon","coordinates":[[[139.59375,35.63125],[139.596875,35.63125],[139.596875,35.633333],[139.59375,35.633333],[139.59375,35.63125]]]},"properties":{"c":"5339345743","n_welfare_capacity":0.2151,"n_sped_school":0.0,"n_station_flow":0.1931,"n_clinic":0.2751,"n_zoning":0.0345,"n_noise":0.5919,"n_crowding":0.1719,"n_green":0.0,"demand":0.1228,"load":0.1839,"priority":0.1283,"host":"喜多見まちづくりセンター（複合施設）","host_kind":"出張所","host_ward":"世田谷区","host_d":652,"f_welfare_n":26,"f_welfare_cap":225,"f_clinic_n":2,"f_station_riders":30793,"f_station_dist":903,"f_noise_db":69.9,"f_station_name":"喜多見","f_zoning_name":"第一種低層住居専用地域"}},{"type":"Feature","geometry":{"type":"Polygon","coordinates":[[[139.596875,35.63125],[139.6,35.63125],[139.6,35.633333],[139.596875,35.633333],[139.596875,35.63125]]]},"properties":{"c":"5339345744","n_welfare_capacity":0.2643,"n_sped_school":0.0,"n_station_flow":0.1901,"n_clinic":0.2733,"n_zoning":0.461,"n_noise":0.6332,"n_crowding":0.1719,"n_green":0.8986,"demand":0.1398,"load":0.1453,"priority":0.1256,"host":"喜多見まちづくりセンター（複合施設）","host_kind":"出張所","host_ward":"世田谷区","host_d":451,"f_welfare_n":12,"f_welfare_cap":130,"f_clinic_n":2,"f_station_riders":80513,"f_station_dist":872,"f_noise_db":70.0,"f_green_pct":27.7,"f_station_name":"成城学園前","f_zoning_name":"第一種低層住居専用地域"}},{"type":"Feature","geometry":{"type":"Polygon","coordinates":[[[139.6,35.63125],[139.603125,35.63125],[139.603125,35.633333],[139.6,35.633333],[139.6,35.63125]]]},"properties":{"c":"5339345833","n_welfare_capacity":0.3145,"n_sped_school":0.0,"n_station_flow":0.1366,"n_clinic":0.2527,"n_zoning":0.678,"n_noise":0.6332,"n_crowding":0.4607,"n_green":0.7455,"demand":0.1322,"load":0.4816,"priority":0.2502,"host":"喜多見まちづくりセンター（複合施設）","host_kind":"出張所","host_ward":"世田谷区","host_d":376,"f_welfare_n":5,"f_welfare_cap":45,"f_clinic_n":1,"f_station_riders":80513,"f_station_dist":899,"f_noise_db":70.0,"f_green_pct":4.3,"f_station_name":"成城学園前","f_zoning_name":"第一種住居地域"}},{"type":"Feature","geometry":{"type":"Polygon","coordinates":[[[139.603125,35.63125],[139.60625,35.63125],[139.60625,35.633333],[139.603125,35.633333],[139.603125,35.63125]]]},"properties":{"c":"5339345834","n_welfare_capacity":0.4722,"n_sped_school":0.0,"n_station_flow":0.1,"n_clinic":0.2159,"n_zoning":0.696,"n_noise":0.6332,"n_crowding":0.4607,"n_green":0.1869,"demand":0.172,"load":0.7031,"priority":0.3758,"host":"喜多見まちづくりセンター（複合施設）","host_kind":"出張所","host_ward":"世田谷区","host_d":489,"f_welfare_n":13,"f_welfare_cap":141,"f_clinic_n":2,"f_station_riders":80513,"f_station_dist":1008,"f_noise_db":70.0,"f_green_pct":0.4,"f_station_name":"成城学園前","f_zoning_name":"第一種住居地域"}},{"type":"Feature","geometry":{"type":"Polygon","coordinates":[[[139.60625,35.63125],[139.609375,35.63125],[139.609375,35.633333],[139.60625,35.633333],[139.60625,35.63125]]]},"properties":{"c":"5339345843","n_welfare_capacity":0.5995,"n_sped_school":0.0,"n_station_flow":0.0436,"n_clinic":0.19,"n_zoning":0.4072,"n_noise":0.574,"n_crowding":0.0519,"n_green":0.831,"demand":0.1962,"load":0.087,"priority":0.1094,"host":"大蔵地区会館","host_kind":"区民センター","host_ward":"世田谷区","host_d":399,"f_welfare_n":18,"f_welfare_cap":284,"f_clinic_n":2,"f_station_riders":80513,"f_station_dist":1176,"f_noise_db":69.8,"f_green_pct":9.6,"f_station_name":"成城学園前","f_zoning_name":"第一種中高層住居専用地域"}},{"type":"Feature","geometry":{"type":"Polygon","coordinates":[[[139.609375,35.63125],[139.6125,35.63125],[139.6125,35.633333],[139.609375,35.633333],[139.609375,35.63125]]]},"properties":{"c":"5339345844","n_welfare_capacity":0.7168,"n_sped_school":0.0,"n_station_flow":0.0,"n_clinic":0.1559,"n_zoning":0.5516,"n_noise":0.5534,"n_crowding":0.0519,"n_green":0.4751,"demand":0.2195,"load":0.2404,"priority":0.2242,"host":"大蔵地区会館","host_kind":"区民センター","host_ward":"世田谷区","host_d":293,"f_welfare_n":20,"f_welfare_cap":289,"f_clinic_n":2,"f_station_riders":47616,"f_station_dist":1222,"f_noise_db":69.7,"f_green_pct":1.4,"f_station_name":"祖師ヶ谷大蔵","f_zoning_name":"第一種中高層住居専用地域"}},{"type":"Feature","geometry":{"type":"Polygon","coordinates":[[[139.6125,35.63125],[139.615625,35.63125],[139.615625,35.633333],[139.6125,35.633333],[139.6125,35.63125]]]},"properties":{"c":"5339345933","n_welfare_capacity":0.7796,"n_sped_school":0.0,"n_station_flow":0.0,"n_clinic":0.0887,"n_zoning":0.5381,"n_noise":0.5318,"n_crowding":0.0203,"n_green":0.9165,"demand":0.2437,"load":0.0933,"priority":0.1309,"host":"大蔵地区会館","host_kind":"区民センター","host_ward":"世田谷区","host_d":415,"f_welfare_n":16,"f_welfare_cap":269,"f_clinic_n":2,"f_station_riders":47616,"f_station_dist":1277,"f_noise_db":69.6,"f_green_pct":34.6,"f_station_name":"祖師ヶ谷大蔵","f_zoning_name":"第一種中高層住居専用地域"}},{"type":"Feature","geometry":{"type":"Polygon","coordinates":[[[139.615625,35.63125],[139.61875,35.63125],[139.61875,35.633333],[139.615625,35.633333],[139.615625,35.63125]]]},"properties":{"c":"5339345934","n_welfare_capacity":0.7841,"n_sped_school":0.0,"n_station_flow":0.0,"n_clinic":0.0753,"n_zoning":0.5045,"n_noise":0.4664,"n_crowding":0.0203,"n_green":0.0099,"demand":0.2419,"load":0.3157,"priority":0.2825,"host":"大蔵地区会館","host_kind":"区民センター","host_ward":"世田谷区","host_d":647,"f_welfare_n":13,"f_welfare_cap":254,"f_clinic_n":2,"f_station_riders":47616,"f_station_dist":1389,"f_noise_db":69.5,"f_station_name":"祖師ヶ谷大蔵","f_zoning_name":"第一種中高層住居専用地域"}},{"type":"Feature","geometry":{"type":"Polygon","coordinates":[[[139.61875,35.63125],[139.621875,35.63125],[139.621875,35.633333],[139.61875,35.633333],[139.61875,35.63125]]]},"properties":{"c":"5339345943","n_welfare_capacity":0.7894,"n_sped_school":0.0,"n_station_flow":0.0,"n_clinic":0.1129,"n_zoning":0.7471,"n_noise":0.4484,"n_crowding":0.3208,"n_green":0.9185,"demand":0.2509,"load":0.2744,"priority":0.261,"host":"玉川区民会館別館（上用賀アートホール）（複合施設）","host_kind":"区民センター","host_ward":"世田谷区","host_d":557,"f_welfare_n":19,"f_welfare_cap":344,"f_clinic_n":3,"f_station_riders":65061,"f_station_dist":1400,"f_noise_db":69.4,"f_green_pct":38.0,"f_station_name":"用賀","f_zoning_name":"第一種中高層住居専用地域"}},{"type":"Feature","geometry":{"type":"Polygon","coordinates":[[[139.621875,35.63125],[139.625,35.63125],[139.625,35.633333],[139.621875,35.633333],[139.621875,35.63125]]]},"properties":{"c":"5339345944","n_welfare_capacity":0.7616,"n_sped_school":0.0,"n_station_flow":0.0307,"n_clinic":0.138,"n_zoning":0.8655,"n_noise":0.409,"n_crowding":0.3208,"n_green":0.9066,"demand":0.2572,"load":0.3274,"priority":0.3022,"host":"玉川区民会館別館（上用賀アートホール）（複合施設）","host_kind":"区民センター","host_ward":"世田谷区","host_d":327,"f_welfare_n":14,"f_welfare_cap":185,"f_clinic_n":1,"f_station_riders":65061,"f_station_dist":1153,"f_noise_db":69.1,"f_green_pct":29.2,"f_station_name":"用賀","f_zoning_name":"第一種中高層住居専用地域"}},{"type":"Feature","geometry":{"type":"Polygon","coordinates":[[[139.625,35.63125],[139.628125,35.63125],[139.628125,35.633333],[139.625,35.633333],[139.625,35.63125]]]},"properties":{"c":"5339355033","n_welfare_capacity":0.7043,"n_sped_school":0.0,"n_station_flow":0.099,"n_clinic":0.1909,"n_zoning":0.2511,"n_noise":0.4206,"n_crowding":0.2866,"n_green":0.0,"demand":0.276,"load":0.2753,"priority":0.2816,"host":"玉川区民会館別館（上用賀アートホール）（複合施設）","host_kind":"区民センター","host_ward":"世田谷区","host_d":252,"f_welfare_n":18,"f_welfare_cap":237,"f_clinic_n":2,"f_station_riders":65061,"f_station_dist":928,"f_noise_db":69.2,"f_station_name":"用賀","f_zoning_name":"第一種低層住居専用地域"}},{"type":"Feature","geometry":{"type":"Polygon","coordinates":[[[139.628125,35.63125],[139.63125,35.63125],[139.63125,35.633333],[139.628125,35.633333],[139.628125,35.63125]]]},"properties":{"c":"5339355034","n_welfare_capacity":0.6774,"n_sped_school":0.0,"n_station_flow":0.1713,"n_clinic":0.2939,"n_zoning":0.0345,"n_noise":0.4305,"n_crowding":0.2866,"n_green":0.0,"demand":0.3235,"load":0.1543,"priority":0.2188,"host":"用賀地区会館（複合施設）","host_kind":"区民センター","host_ward":"世田谷区","host_d":265,"f_welfare_n":21,"f_welfare_cap":277,"f_clinic_n":4,"f_station_riders":65061,"f_station_dist":744,"f_noise_db":69.4,"f_station_name":"用賀","f_zoning_name":"第一種低層住居専用地域"}},{"type":"Feature","geometry":{"type":"Polygon","coordinates":[[[139.63125,35.63125],[139.634375,35.63125],[139.634375,35.633333],[139.63125,35.633333],[139.63125,35.63125]]]},"properties":{"c":"5339355043","n_welfare_capacity":0.5009,"n_sped_school":0.0,"n_station_flow":0.3287,"n_clinic":0.3629,"n_zoning":0.33,"n_noise":0.4386,"n_crowding":0.4896,"n_green":0.3459,"demand":0.3226,"load":0.304,"priority":0.3309,"host":"用賀地区会館（複合施設）","host_kind":"区民センター","host_ward":"世田谷区","host_d":392,"f_welfare_n":31,"f_welfare_cap":332,"f_clinic_n":5,"f_station_riders":65061,"f_station_dist":637,"f_noise_db":69.4,"f_green_pct":0.8,"f_station_name":"用賀","f_zoning_name":"第一種中高層住居専用地域"}},{"type":"Feature","geometry":{"type":"Polygon","coordinates":[[[139.634375,35.63125],[139.6375,35.63125],[139.6375,35.633333],[139.634375,35.633333],[139.634375,35.63125]]]},"properties":{"c":"5339355044","n_welfare_capacity":0.4884,"n_sped_school":0.0,"n_station_flow":0.4416,"n_clinic":0.4382,"n_zoning":0.5758,"n_noise":0.7354,"n_crowding":0.4896,"n_green":0.0,"demand":0.3889,"load":0.7605,"priority":0.6018,"host":"用賀地区会館（複合施設）","host_kind":"区民センター","host_ward":"世田谷区","host_d":630,"f_welfare_n":29,"f_welfare_cap":272,"f_clinic_n":8,"f_station_riders":65061,"f_station_dist":646,"f_noise_db":70.7,"f_station_name":"用賀","f_zoning_name":"第一種中高層住居専用地域"}},{"type":"Feature","geometry":{"type":"Polygon","coordinates":[[[139.6375,35.63125],[139.640625,35.63125],[139.640625,35.633333],[139.6375,35.633333],[139.6375,35.63125]]]},"properties":{"c":"5339355133","n_welfare_capacity":0.4839,"n_sped_school":0.0,"n_station_flow":0.5228,"n_clinic":0.5018,"n_zoning":0.9489,"n_noise":0.8063,"n_crowding":0.7956,"n_green":0.0,"demand":0.44,"load":0.9892,"priority":0.7408,"f_welfare_n":26,"f_welfare_cap":209,"f_clinic_n":6,"f_station_riders":68296,"f_station_dist":583,"f_noise_db":71.7,"f_station_name":"桜新町","f_zoning_name":"準工業地域"}},{"type":"Feature","geometry":{"type":"Polygon","coordinates":[[[139.640625,35.63125],[139.64375,35.63125],[139.64375,35.633333],[139.640625,35.633333],[139.640625,35.63125]]]},"properties":{"c":"5339355134","n_welfare_capacity":0.4005,"n_sped_school":0.0,"n_station_flow":0.5802,"n_clinic":0.5116,"n_zoning":0.9632,"n_noise":0.948,"n_crowding":0.7956,"n_green":0.0,"demand":0.4247,"load":0.9955,"priority":0.7291,"host":"中央図書館（複合施設）","host_kind":"図書館","host_ward":"世田谷区","host_d":629,"f_welfare_n":27,"f_welfare_cap":204,"f_clinic_n":4,"f_station_riders":68296,"f_station_dist":303,"f_noise_db":74.0,"f_station_name":"桜新町","f_zoning_name":"準工業地域"}},{"type":"Feature","geometry":{"type":"Polygon","coordinates":[[[139.64375,35.63125],[139.646875,35.63125],[139.646875,35.633333],[139.64375,35.633333],[139.64375,35.63125]]]},"properties":{"c":"5339355143","n_welfare_capacity":0.3226,"n_sped_school":0.0,"n_station_flow":0.5713,"n_clinic":0.5806,"n_zoning":0.6753,"n_noise":0.9112,"n_crowding":0.7306,"n_green":0.6322,"demand":0.3978,"load":0.7955,"priority":0.6278,"host":"中央図書館（複合施設）","host_kind":"図書館","host_ward":"世田谷区","host_d":606,"f_welfare_n":22,"f_welfare_cap":164,"f_clinic_n":4,"f_station_riders":68296,"f_station_dist":64,"f_noise_db":73.0,"f_green_pct":2.5,"f_station_name":"桜新町","f_zoning_name":"第一種低層住居専用地域"}},{"type":"Feature","geometry":{"type":"Polygon","coordinates":[[[139.646875,35.63125],[139.65,35.63125],[139.65,35.633333],[139.646875,35.633333],[139.646875,35.63125]]]},"properties":{"c":"5339355144","n_welfare_capacity":0.2778,"n_sped_school":0.0,"n_station_flow":0.5455,"n_clinic":0.6084,"n_zoning":0.6323,"n_noise":0.9256,"n_crowding":0.7306,"n_green":0.0,"demand":0.3683,"load":0.9291,"priority":0.6547,"host":"新町地区会館","host_kind":"区民センター","host_ward":"世田谷区","host_d":289,"f_welfare_n":25,"f_welfare_cap":229,"f_clinic_n":4,"f_station_riders":68296,"f_station_dist":276,"f_noise_db":73.4,"f_station_name":"桜新町","f_zoning_name":"第一種低層住居専用地域"}},{"type":"Feature","geometry":{"type":"Polygon","coordinates":[[[139.65,35.63125],[139.653125,35.63125],[139.653125,35.633333],[139.65,35.633333],[139.65,35.63125]]]},"properties":{"c":"5339355233","n_welfare_capacity":0.3073,"n_sped_school":0.0,"n_station_flow":0.5238,"n_clinic":0.629,"n_zoning":0.4879,"n_noise":0.9229,"n_crowding":0.6503,"n_green":0.7694,"demand":0.3835,"load":0.6188,"priority":0.5381,"host":"駒沢地区会館","host_kind":"区民センター","host_ward":"世田谷区","host_d":260,"f_welfare_n":22,"f_welfare_cap":219,"f_clinic_n":6,"f_station_riders":68296,"f_station_dist":556,"f_noise_db":73.3,"f_green_pct":5.0,"f_station_name":"桜新町","f_zoning_name":"第一種低層住居専用地域"}},{"type":"Feature","geometry":{"type":"Polygon","coordinates":[[[139.653125,35.63125],[139.65625,35.63125],[139.65625,35.633333],[139.653125,35.633333],[139.653125,35.63125]]]},"properties":{"c":"5339355234","n_welfare_capacity":0.3065,"n_sped_school":0.0,"n_station_flow":0.5327,"n_clinic":0.6792,"n_zoning":0.2305,"n_noise":0.9022,"n_crowding":0.6503,"n_green":0.8688,"demand":0.397,"load":0.391,"priority":0.4215,"host":"駒沢地区会館","host_kind":"区民センター","host_ward":"世田谷区","host_d":104,"f_welfare_n":16,"f_welfare_cap":145,"f_clinic_n":7,"f_station_riders":74266,"f_station_dist":575,"f_noise_db":72.9,"f_green_pct":17.6,"f_station_name":"駒沢大学","f_zoning_name":"第一種低層住居専用地域"}},{"type":"Feature","geometry":{"type":"Polygon","coordinates":[[[139.65625,35.63125],[139.659375,35.63125],[139.659375,35.633333],[139.65625,35.633333],[139.65625,35.63125]]]},"properties":{"c":"5339355243","n_welfare_capacity":0.3082,"n_sped_school":0.0,"n_station_flow":0.5733,"n_clinic":0.7446,"n_zoning":0.7695,"n_noise":0.8762,"n_crowding":0.7838,"n_green":0.3042,"demand":0.4355,"load":0.9157,"priority":0.7076,"host":"駒沢地区会館","host_kind":"区民センター","host_ward":"世田谷区","host_d":338,"f_welfare_n":19,"f_welfare_cap":170,"f_clinic_n":8,"f_station_riders":74266,"f_station_dist":297,"f_noise_db":72.3,"f_green_pct":0.7,"f_station_name":"駒沢大学","f_zoning_name":"第一種中高層住居専用地域"}},{"type":"Feature","geometry":{"type":"Polygon","coordinates":[[[139.659375,35.63125],[139.6625,35.63125],[139.6625,35.633333],[139.659375,35.633333],[139.659375,35.63125]]]},"properties":{"c":"5339355244","n_welfare_capacity":0.379,"n_sped_school":0.0195,"n_station_flow":0.5436,"n_clinic":0.8073,"n_zoning":0.8897,"n_noise":0.8843,"n_crowding":0.7838,"n_green":0.1173,"demand":0.4821,"load":0.9812,"priority":0.7677,"host":"上馬まちづくりセンター（複合施設）","host_kind":"出張所","host_ward":"世田谷区","host_d":338,"f_welfare_n":21,"f_welfare_cap":200,"f_clinic_n":9,"f_station_riders":74266,"f_station_dist":83,"f_noise_db":72.6,"f_green_pct":0.3,"f_station_name":"駒沢大学","f_zoning_name":"第一種住居地域"}},{"type":"Feature","geometry":{"type":"Polygon","coordinates":[[[139.6625,35.63125],[139.665625,35.63125],[139.665625,35.633333],[139.6625,35.633333],[139.6625,35.63125]]]},"properties":{"c":"5339355333","n_welfare_capacity":0.4749,"n_sped_school":0.1102,"n_station_flow":0.4802,"n_clinic":0.8217,"n_zoning":0.2852,"n_noise":0.896,"n_crowding":0.1819,"n_green":0.0,"demand":0.5421,"load":0.5256,"priority":0.5794,"host":"上馬まちづくりセンター（複合施設）","host_kind":"出張所","host_ward":"世田谷区","host_d":334,"f_welfare_n":19,"f_welfare_cap":222,"f_clinic_n":11,"f_station_riders":74266,"f_station_dist":292,"f_noise_db":72.7,"f_station_name":"駒沢大学","f_zoning_name":"第一種低層住居専用地域"}},{"type":"Feature","geometry":{"type":"Polygon","coordinates":[[[139.665625,35.63125],[139.66875,35.63125],[139.66875,35.633333],[139.665625,35.633333],[139.665625,35.63125]]]},"properties":{"c":"5339355334","n_welfare_capacity":0.5726,"n_sped_school":0.1897,"n_station_flow":0.3178,"n_clinic":0.8271,"n_zoning":0.3776,"n_noise":0.8457,"n_crowding":0.1819,"n_green":0.0,"demand":0.5493,"load":0.5605,"priority":0.6179,"host":"野沢地区会館（複合施設）","host_kind":"区民センター","host_ward":"世田谷区","host_d":440,"f_welfare_n":21,"f_welfare_cap":202,"f_clinic_n":12,"f_station_riders":74266,"f_station_dist":570,"f_noise_db":72.0,"f_station_name":"駒沢大学","f_zoning_name":"第一種低層住居専用地域"}},{"type":"Feature","geometry":{"type":"Polygon","coordinates":[[[139.66875,35.63125],[139.671875,35.63125],[139.671875,35.633333],[139.66875,35.633333],[139.66875,35.63125]]]},"properties":{"c":"5339355343","n_welfare_capacity":0.6694,"n_sped_school":0.2706,"n_station_flow":0.1505,"n_clinic":0.8414,"n_zoning":0.6897,"n_noise":0.7283,"n_crowding":0.4829,"n_green":0.6362,"demand":0.5565,"load":0.5991,"priority":0.6448,"host":"野沢地区会館（複合施設）","host_kind":"区民センター","host_ward":"世田谷区","host_d":275,"f_welfare_n":17,"f_welfare_cap":182,"f_clinic_n":9,"f_station_riders":74266,"f_station_dist":851,"f_noise_db":70.7,"f_green_pct":2.5,"f_station_name":"駒沢大学","f_zoning_name":"第一種中高層住居専用地域"}},{"type":"Feature","geometry":{"type":"Polygon","coordinates":[[[139.671875,35.63125],[139.675,35.63125],[139.675,35.633333],[139.671875,35.633333],[139.671875,35.63125]]]},"properties":{"c":"5339355344","n_welfare_capacity":0.7984,"n_sped_school":0.3919,"n_station_flow":0.1257,"n_clinic":0.8468,"n_zoning":0.113,"n_noise":0.6753,"n_crowding":0.4829,"n_green":0.0,"demand":0.6228,"load":0.435,"priority":0.5641,"host":"野沢地区会館（複合施設）","host_kind":"区民センター","host_ward":"世田谷区","host_d":343,"f_welfare_n":23,"f_welfare_cap":202,"f_clinic_n":5,"f_station_riders":74266,"f_station_dist":1133,"f_noise_db":70.2,"f_station_name":"駒沢大学","f_zoning_name":"第一種低層住居専用地域"}},{"type":"Feature","geometry":{"type":"Polygon","coordinates":[[[139.675,35.63125],[139.678125,35.63125],[139.678125,35.633333],[139.675,35.633333],[139.675,35.63125]]]},"properties":{"c":"5339355433","n_welfare_capacity":0.8566,"n_sped_school":0.4923,"n_station_flow":0.1287,"n_clinic":0.8441,"n_zoning":0.1982,"n_noise":0.53,"n_crowding":0.1313,"n_green":0.7416,"demand":0.6559,"load":0.0484,"priority":0.1704,"host":"下馬南地区会館","host_kind":"区民センター","host_ward":"世田谷区","host_d":224,"f_welfare_n":28,"f_welfare_cap":197,"f_clinic_n":7,"f_station_riders":72696,"f_station_dist":878,"f_noise_db":69.6,"f_green_pct":4.3,"f_station_name":"学芸大学","f_zoning_name":"第一種低層住居専用地域"}},{"type":"Feature","geometry":{"type":"Polygon","coordinates":[[[139.678125,35.63125],[139.68125,35.63125],[139.68125,35.633333],[139.678125,35.633333],[139.678125,35.63125]]]},"properties":{"c":"5339355434","n_welfare_capacity":0.9642,"n_sped_school":0.5425,"n_station_flow":0.304,"n_clinic":0.8289,"n_zoning":0.0807,"n_noise":0.2601,"n_crowding":0.1313,"n_green":0.6243,"demand":0.7375,"load":0.0108,"priority":0.061,"host":"下馬南地区会館","host_kind":"区民センター","host_ward":"世田谷区","host_d":59,"f_welfare_n":32,"f_welfare_cap":238,"f_school_n":1,"f_clinic_n":8,"f_station_riders":72696,"f_station_dist":637,"f_noise_db":68.2,"f_green_pct":2.3,"f_station_name":"学芸大学","f_zoning_name":"第一種低層住居専用地域"}},{"type":"Feature","geometry":{"type":"Polygon","coordinates":[[[139.68125,35.63125],[139.684375,35.63125],[139.684375,35.633333],[139.68125,35.633333],[139.68125,35.63125]]]},"properties":{"c":"5339355443","n_welfare_capacity":0.9964,"n_sped_school":0.5774,"n_station_flow":0.4703,"n_clinic":0.8118,"n_zoning":0.0942,"n_noise":0.1722,"n_crowding":0.7717,"n_green":0.3201,"demand":0.8217,"load":0.1686,"priority":0.4027,"host":"下馬南地区会館","host_kind":"区民センター","host_ward":"世田谷区","host_d":342,"f_welfare_n":53,"f_welfare_cap":502,"f_school_n":1,"f_clinic_n":11,"f_station_riders":72696,"f_station_dist":448,"f_noise_db":67.8,"f_green_pct":0.7,"f_station_name":"学芸大学","f_zoning_name":"第一種低層住居専用地域"}},{"type":"Feature","geometry":{"type":"Polygon","coordinates":[[[139.590625,35.633333],[139.59375,35.633333],[139.59375,35.635417],[139.590625,35.635417],[139.590625,35.633333]]]},"properties":{"c":"5339346712","n_welfare_capacity":0.4194,"n_sped_school":0.0,"n_station_flow":0.3129,"n_clinic":0.3244,"n_zoning":0.6188,"n_noise":0.4323,"n_crowding":0.6733,"n_green":0.1153,"demand":0.2599,"load":0.6735,"priority":0.4529,"host":"喜多見地区会館","host_kind":"区民センター","host_ward":"世田谷区","host_d":356,"f_welfare_n":26,"f_welfare_cap":245,"f_clinic_n":3,"f_station_riders":30793,"f_station_dist":544,"f_noise_db":69.4,"f_green_pct":0.3,"f_station_name":"喜多見","f_zoning_name":"第一種住居地域"}},{"type":"Feature","geometry":{"type":"Polygon","coordinates":[[[139.59375,35.633333],[139.596875,35.633333],[139.596875,35.635417],[139.59375,35.635417],[139.59375,35.633333]]]},"properties":{"c":"5339346721","n_welfare_capacity":0.3638,"n_sped_school":0.0,"n_station_flow":0.3564,"n_clinic":0.3513,"n_zoning":0.5211,"n_noise":0.5973,"n_crowding":0.3461,"n_green":0.8131,"demand":0.2581,"load":0.2691,"priority":0.2646,"host":"喜多見地区会館","host_kind":"区民センター","host_ward":"世田谷区","host_d":581,"f_welfare_n":25,"f_welfare_cap":220,"f_clinic_n":5,"f_station_riders":80513,"f_station_dist":724,"f_noise_db":70.0,"f_green_pct":8.0,"f_station_name":"成城学園前","f_zoning_name":"第一種低層住居専用地域"}},{"type":"Feature","geometry":{"type":"Polygon","coordinates":[[[139.596875,35.633333],[139.6,35.633333],[139.6,35.635417],[139.596875,35.635417],[139.596875,35.633333]]]},"properties":{"c":"5339346722","n_welfare_capacity":0.3728,"n_sped_school":0.0,"n_station_flow":0.3614,"n_clinic":0.3504,"n_zoning":0.591,"n_noise":0.6332,"n_crowding":0.3461,"n_green":0.8767,"demand":0.2652,"load":0.3058,"priority":0.2978,"host":"喜多見まちづくりセンター（複合施設）","host_kind":"出張所","host_ward":"世田谷区","host_d":656,"f_welfare_n":15,"f_welfare_cap":145,"f_clinic_n":5,"f_station_riders":80513,"f_station_dist":642,"f_noise_db":70.0,"f_green_pct":21.4,"f_station_name":"成城学園前","f_zoning_name":"第一種中高層住居専用地域"}},{"type":"Feature","geometry":{"type":"Polygon","coordinates":[[[139.6,35.633333],[139.603125,35.633333],[139.603125,35.635417],[139.6,35.635417],[139.6,35.633333]]]},"properties":{"c":"5339346811","n_welfare_capacity":0.4651,"n_sped_school":0.0,"n_station_flow":0.2693,"n_clinic":0.3432,"n_zoning":0.7426,"n_noise":0.6332,"n_crowding":0.4264,"n_green":0.8111,"demand":0.2697,"load":0.4798,"priority":0.3883,"host":"喜多見まちづくりセンター（複合施設）","host_kind":"出張所","host_ward":"世田谷区","host_d":606,"f_welfare_n":12,"f_welfare_cap":85,"f_clinic_n":4,"f_station_riders":80513,"f_station_dist":677,"f_noise_db":70.0,"f_green_pct":7.9,"f_station_name":"成城学園前","f_zoning_name":"第一種住居地域"}},{"type":"Feature","geometry":{"type":"Polygon","coordinates":[[[139.603125,35.633333],[139.60625,35.633333],[139.60625,35.635417],[139.603125,35.635417],[139.603125,35.633333]]]},"properties":{"c":"5339346812","n_welfare_capacity":0.5842,"n_sped_school":0.0,"n_station_flow":0.2594,"n_clinic":0.3065,"n_zoning":0.7408,"n_noise":0.6332,"n_crowding":0.4264,"n_green":0.0,"demand":0.3145,"load":0.7695,"priority":0.5408,"host":"大蔵地区会館","host_kind":"区民センター","host_ward":"世田谷区","host_d":558,"f_welfare_n":15,"f_welfare_cap":141,"f_clinic_n":5,"f_station_riders":80513,"f_station_dist":816,"f_noise_db":70.0,"f_station_name":"成城学園前","f_zoning_name":"第二種住居地域"}},{"type":"Feature","geometry":{"type":"Polygon","coordinates":[[[139.60625,35.633333],[139.609375,35.633333],[139.609375,35.635417],[139.60625,35.635417],[139.60625,35.633333]]]},"properties":{"c":"5339346821","n_welfare_capacity":0.7267,"n_sped_school":0.0,"n_station_flow":0.1752,"n_clinic":0.2366,"n_zoning":0.4673,"n_noise":0.6332,"n_crowding":0.5176,"n_green":0.8588,"demand":0.336,"load":0.3184,"priority":0.3471,"host":"大蔵地区会館","host_kind":"区民センター","host_ward":"世田谷区","host_d":278,"f_welfare_n":23,"f_welfare_cap":309,"f_clinic_n":3,"f_station_riders":47616,"f_station_dist":1002,"f_noise_db":70.0,"f_green_pct":13.7,"f_station_name":"祖師ヶ谷大蔵","f_zoning_name":"第一種中高層住居専用地域"}},{"type":"Feature","geometry":{"type":"Polygon","coordinates":[[[139.609375,35.633333],[139.6125,35.633333],[139.6125,35.635417],[139.609375,35.635417],[139.609375,35.633333]]]},"properties":{"c":"5339346822","n_welfare_capacity":0.7975,"n_sped_school":0.0,"n_station_flow":0.0446,"n_clinic":0.1989,"n_zoning":0.6691,"n_noise":0.557,"n_crowding":0.5176,"n_green":0.0,"demand":0.3047,"load":0.7381,"priority":0.5184,"host":"大蔵地区会館","host_kind":"区民センター","host_ward":"世田谷区","host_d":63,"f_welfare_n":22,"f_welfare_cap":309,"f_clinic_n":3,"f_station_riders":47616,"f_station_dist":992,"f_noise_db":69.7,"f_station_name":"祖師ヶ谷大蔵","f_zoning_name":"第一種中高層住居専用地域"}},{"type":"Feature","geometry":{"type":"Polygon","coordinates":[[[139.6125,35.633333],[139.615625,35.633333],[139.615625,35.635417],[139.6125,35.635417],[139.6125,35.633333]]]},"properties":{"c":"5339346911","n_welfare_capacity":0.8351,"n_sped_school":0.0,"n_station_flow":0.0287,"n_clinic":0.1398,"n_zoning":0.7094,"n_noise":0.5444,"n_crowding":0.6079,"n_green":0.0,"demand":0.3029,"load":0.7892,"priority":0.5399,"host":"大蔵地区会館","host_kind":"区民センター","host_ward":"世田谷区","host_d":301,"f_welfare_n":24,"f_welfare_cap":319,"f_clinic_n":2,"f_station_riders":47616,"f_station_dist":1059,"f_noise_db":69.6,"f_station_name":"祖師ヶ谷大蔵","f_zoning_name":"第一種中高層住居専用地域"}},{"type":"Feature","geometry":{"type":"Polygon","coordinates":[[[139.615625,35.633333],[139.61875,35.633333],[139.61875,35.635417],[139.615625,35.635417],[139.615625,35.633333]]]},"properties":{"c":"5339346912","n_welfare_capacity":0.8477,"n_sped_school":0.0,"n_station_flow":0.0149,"n_clinic":0.0735,"n_zoning":0.6108,"n_noise":0.5372,"n_crowding":0.6079,"n_green":0.0,"demand":0.2805,"load":0.7354,"priority":0.4987,"host":"大蔵地区会館","host_kind":"区民センター","host_ward":"世田谷区","host_d":581,"f_welfare_n":18,"f_welfare_cap":289,"f_clinic_n":2,"f_station_riders":47616,"f_station_dist":1192,"f_noise_db":69.6,"f_station_name":"祖師ヶ谷大蔵","f_zoning_name":"第一種中高層住居専用地域"}},{"type":"Feature","geometry":{"type":"Polygon","coordinates":[[[139.61875,35.633333],[139.621875,35.633333],[139.621875,35.635417],[139.61875,35.635417],[139.61875,35.633333]]]},"properties":{"c":"5339346921","n_welfare_capacity":0.8154,"n_sped_school":0.0,"n_station_flow":0.0,"n_clinic":0.1228,"n_zoning":0.783,"n_noise":0.565,"n_crowding":0.6431,"n_green":0.1372,"demand":0.267,"load":0.8063,"priority":0.5076,"host":"玉川区民会館別館（上用賀アートホール）（複合施設）","host_kind":"区民センター","host_ward":"世田谷区","host_d":690,"f_welfare_n":16,"f_welfare_cap":314,"f_clinic_n":3,"f_station_riders":47616,"f_station_dist":1371,"f_noise_db":69.7,"f_green_pct":0.3,"f_station_name":"祖師ヶ谷大蔵","f_zoning_name":"第一種中高層住居専用地域"}},{"type":"Feature","geometry":{"type":"Polygon","coordinates":[[[139.621875,35.633333],[139.625,35.633333],[139.625,35.635417],[139.621875,35.635417],[139.621875,35.633333]]]},"properties":{"c":"5339346922","n_welfare_capacity":0.7823,"n_sped_school":0.0,"n_station_flow":0.0,"n_clinic":0.1443,"n_zoning":0.8063,"n_noise":0.5776,"n_crowding":0.6431,"n_green":0.2704,"demand":0.2554,"load":0.7857,"priority":0.4861,"host":"玉川区民会館別館（上用賀アートホール）（複合施設）","host_kind":"区民センター","host_ward":"世田谷区","host_d":522,"f_welfare_n":13,"f_welfare_cap":180,"f_clinic_n":1,"f_station_riders":65061,"f_station_dist":1293,"f_noise_db":69.8,"f_green_pct":0.6,"f_station_name":"用賀","f_zoning_name":"第一種低層住居専用地域"}},{"type":"Feature","geometry":{"type":"Polygon","coordinates":[[[139.625,35.633333],[139.628125,35.633333],[139.628125,35.635417],[139.625,35.635417],[139.625,35.633333]]]},"properties":{"c":"5339356011","n_welfare_capacity":0.7222,"n_sped_school":0.0,"n_station_flow":0.0455,"n_clinic":0.1738,"n_zoning":0.0345,"n_noise":0.4601,"n_crowding":0.6394,"n_green":0.338,"demand":0.2536,"load":0.2126,"priority":0.2305,"host":"玉川区民会館別館（上用賀アートホール）（複合施設）","host_kind":"区民センター","host_ward":"世田谷区","host_d":479,"f_welfare_n":14,"f_welfare_cap":185,"f_clinic_n":1,"f_station_riders":65061,"f_station_dist":1097,"f_noise_db":69.5,"f_green_pct":0.8,"f_station_name":"用賀","f_zoning_name":"第一種低層住居専用地域"}},{"type":"Feature","geometry":{"type":"Polygon","coordinates":[[[139.628125,35.633333],[139.63125,35.633333],[139.63125,35.635417],[139.628125,35.635417],[139.628125,35.633333]]]},"properties":{"c":"5339356012","n_welfare_capacity":0.5941,"n_sped_school":0.0,"n_station_flow":0.0911,"n_clinic":0.2419,"n_zoning":0.0345,"n_noise":0.4493,"n_crowding":0.6394,"n_green":0.0,"demand":0.2222,"load":0.3309,"priority":0.2771,"host":"用賀地区会館（複合施設）","host_kind":"区民センター","host_ward":"世田谷区","host_d":496,"f_welfare_n":17,"f_welfare_cap":215,"f_clinic_n":1,"f_station_riders":65061,"f_station_dist":947,"f_noise_db":69.5,"f_station_name":"用賀","f_zoning_name":"第一種低層住居専用地域"}},{"type":"Feature","geometry":{"type":"Polygon","coordinates":[[[139.63125,35.633333],[139.634375,35.633333],[139.634375,35.635417],[139.63125,35.635417],[139.63125,35.633333]]]},"properties":{"c":"5339356021","n_welfare_capacity":0.448,"n_sped_school":0.0,"n_station_flow":0.1891,"n_clinic":0.3118,"n_zoning":0.5274,"n_noise":0.452,"n_crowding":0.1205,"n_green":0.0,"demand":0.2097,"load":0.3812,"priority":0.2933,"host":"用賀地区会館（複合施設）","host_kind":"区民センター","host_ward":"世田谷区","host_d":574,"f_welfare_n":29,"f_welfare_cap":275,"f_clinic_n":4,"f_station_riders":65061,"f_station_dist":865,"f_noise_db":69.5,"f_station_name":"用賀","f_zoning_name":"第二種中高層住居専用地域"}},{"type":"Feature","geometry":{"type":"Polygon","coordinates":[[[139.634375,35.633333],[139.6375,35.633333],[139.6375,35.635417],[139.634375,35.635417],[139.634375,35.633333]]]},"properties":{"c":"5339356022","n_welfare_capacity":0.4319,"n_sped_school":0.0,"n_station_flow":0.2832,"n_clinic":0.4176,"n_zoning":0.6305,"n_noise":0.722,"n_crowding":0.1205,"n_green":0.0,"demand":0.2787,"load":0.6179,"priority":0.4511,"host":"上用賀児童館（複合施設）","host_kind":"児童館","host_ward":"世田谷区","host_d":558,"f_welfare_n":29,"f_welfare_cap":235,"f_clinic_n":4,"f_station_riders":65061,"f_station_dist":872,"f_noise_db":70.6,"f_station_name":"用賀","f_zoning_name":"第二種中高層住居専用地域"}},{"type":"Feature","geometry":{"type":"Polygon","coordinates":[[[139.6375,35.633333],[139.640625,35.633333],[139.640625,35.635417],[139.6375,35.635417],[139.6375,35.633333]]]},"properties":{"c":"5339356111","n_welfare_capacity":0.3916,"n_sped_school":0.0,"n_station_flow":0.404,"n_clinic":0.4633,"n_zoning":0.7839,"n_noise":0.7937,"n_crowding":0.5338,"n_green":0.0,"demand":0.3271,"load":0.8861,"priority":0.5865,"host":"中央図書館（複合施設）","host_kind":"図書館","host_ward":"世田谷区","host_d":602,"f_welfare_n":27,"f_welfare_cap":204,"f_clinic_n":5,"f_station_riders":68296,"f_station_dist":650,"f_noise_db":71.5,"f_station_name":"桜新町","f_zoning_name":"第一種中高層住居専用地域"}},{"type":"Feature","geometry":{"type":"Polygon","coordinates":[[[139.640625,35.633333],[139.64375,35.633333],[139.64375,35.635417],[139.640625,35.635417],[139.640625,35.633333]]]},"properties":{"c":"5339356112","n_welfare_capacity":0.3656,"n_sped_school":0.0,"n_station_flow":0.4871,"n_clinic":0.5305,"n_zoning":0.6242,"n_noise":0.8251,"n_crowding":0.5338,"n_green":0.0,"demand":0.3656,"load":0.8413,"priority":0.617,"host":"中央図書館（複合施設）","host_kind":"図書館","host_ward":"世田谷区","host_d":416,"f_welfare_n":18,"f_welfare_cap":144,"f_clinic_n":5,"f_station_riders":68296,"f_station_dist":418,"f_noise_db":71.9,"f_station_name":"桜新町","f_zoning_name":"第一種中高層住居専用地域"}},{"type":"Feature","geometry":{"type":"Polygon","coordinates":[[[139.64375,35.633333],[139.646875,35.633333],[139.646875,35.635417],[139.64375,35.635417],[139.64375,35.633333]]]},"properties":{"c":"5339356121","n_welfare_capacity":0.3405,"n_sped_school":0.0,"n_station_flow":0.4653,"n_clinic":0.5833,"n_zoning":0.2924,"n_noise":0.852,"n_crowding":0.3606,"n_green":0.501,"demand":0.3566,"load":0.3955,"priority":0.4063,"host":"中央図書館（複合施設）","host_kind":"図書館","host_ward":"世田谷区","host_d":378,"f_welfare_n":26,"f_welfare_cap":189,"f_clinic_n":4,"f_station_riders":68296,"f_station_dist":294,"f_noise_db":72.1,"f_green_pct":1.5,"f_station_name":"桜新町","f_zoning_name":"第一種低層住居専用地域"}},{"type":"Feature","geometry":{"type":"Polygon","coordinates":[[[139.646875,35.633333],[139.65,35.633333],[139.65,35.635417],[139.646875,35.635417],[139.646875,35.633333]]]},"properties":{"c":"5339356122","n_welfare_capacity":0.2894,"n_sped_school":0.0,"n_station_flow":0.5178,"n_clinic":0.6022,"n_zoning":0.1013,"n_noise":0.8798,"n_crowding":0.3606,"n_green":0.1014,"demand":0.3593,"load":0.4448,"priority":0.4269,"host":"中央図書館（複合施設）","host_kind":"図書館","host_ward":"世田谷区","host_d":523,"f_welfare_n":30,"f_welfare_cap":254,"f_clinic_n":4,"f_station_riders":68296,"f_station_dist":398,"f_noise_db":72.4,"f_green_pct":0.2,"f_station_name":"桜新町","f_zoning_name":"第一種低層住居専用地域"}},{"type":"Feature","geometry":{"type":"Polygon","coordinates":[[[139.65,35.633333],[139.653125,35.633333],[139.653125,35.635417],[139.65,35.635417],[139.65,35.633333]]]},"properties":{"c":"5339356211","n_welfare_capacity":0.319,"n_sped_school":0.0,"n_station_flow":0.5218,"n_clinic":0.6308,"n_zoning":0.0345,"n_noise":0.8673,"n_crowding":0.2775,"n_green":0.0,"demand":0.388,"load":0.3883,"priority":0.4179,"host":"弦巻区民センター（複合施設）","host_kind":"区民センター","host_ward":"世田谷区","host_d":285,"f_welfare_n":25,"f_welfare_cap":210,"f_clinic_n":7,"f_station_riders":68296,"f_station_dist":625,"f_noise_db":72.3,"f_station_name":"桜新町","f_zoning_name":"第一種低層住居専用地域"}},{"type":"Feature","geometry":{"type":"Polygon","coordinates":[[[139.653125,35.633333],[139.65625,35.633333],[139.65625,35.635417],[139.653125,35.635417],[139.653125,35.633333]]]},"properties":{"c":"5339356212","n_welfare_capacity":0.3943,"n_sped_school":0.0,"n_station_flow":0.5307,"n_clinic":0.672,"n_zoning":0.1901,"n_noise":0.8475,"n_crowding":0.2775,"n_green":0.0,"demand":0.4418,"load":0.4852,"priority":0.5058,"host":"駒沢地区会館","host_kind":"区民センター","host_ward":"世田谷区","host_d":329,"f_welfare_n":22,"f_welfare_cap":165,"f_clinic_n":7,"f_station_riders":74266,"f_station_dist":588,"f_noise_db":72.1,"f_station_name":"駒沢大学","f_zoning_name":"第一種低層住居専用地域"}},{"type":"Feature","geometry":{"type":"Polygon","coordinates":[[[139.65625,35.633333],[139.659375,35.633333],[139.659375,35.635417],[139.65625,35.635417],[139.65625,35.633333]]]},"properties":{"c":"5339356221","n_welfare_capacity":0.4579,"n_sped_school":0.0,"n_station_flow":0.5762,"n_clinic":0.7715,"n_zoning":0.1265,"n_noise":0.8556,"n_crowding":0.5663,"n_green":0.0,"demand":0.5188,"load":0.5982,"priority":0.6206,"host":"上馬まちづくりセンター（複合施設）","host_kind":"出張所","host_ward":"世田谷区","host_d":435,"f_welfare_n":16,"f_welfare_cap":155,"f_clinic_n":7,"f_station_riders":74266,"f_station_dist":322,"f_noise_db":72.1,"f_station_name":"駒沢大学","f_zoning_name":"第一種低層住居専用地域"}},{"type":"Feature","geometry":{"type":"Polygon","coordinates":[[[139.659375,35.633333],[139.6625,35.633333],[139.6625,35.635417],[139.659375,35.635417],[139.659375,35.633333]]]},"properties":{"c":"5339356222","n_welfare_capacity":0.5108,"n_sped_school":0.0544,"n_station_flow":0.5426,"n_clinic":0.7984,"n_zoning":0.7453,"n_noise":0.9157,"n_crowding":0.5663,"n_green":0.0,"demand":0.5556,"load":0.9229,"priority":0.7857,"host":"上馬まちづくりセンター（複合施設）","host_kind":"出張所","host_ward":"世田谷区","host_d":163,"f_welfare_n":22,"f_welfare_cap":200,"f_clinic_n":8,"f_station_riders":74266,"f_station_dist":149,"f_noise_db":73.0,"f_station_name":"駒沢大学","f_zoning_name":"第一種中高層住居専用地域"}},{"type":"Feature","geometry":{"type":"Polygon","coordinates":[[[139.6625,35.633333],[139.665625,35.633333],[139.665625,35.635417],[139.6625,35.635417],[139.6625,35.633333]]]},"properties":{"c":"5339356311","n_welfare_capacity":0.6263,"n_sped_school":0.152,"n_station_flow":0.6376,"n_clinic":0.8378,"n_zoning":0.8395,"n_noise":0.9327,"n_crowding":0.7342,"n_green":0.0437,"demand":0.6452,"load":0.9803,"priority":0.8744,"host":"上馬まちづくりセンター（複合施設）","host_kind":"出張所","host_ward":"世田谷区","host_d":156,"f_welfare_n":18,"f_welfare_cap":185,"f_clinic_n":8,"f_station_riders":74266,"f_station_dist":317,"f_noise_db":73.8,"f_green_pct":0.1,"f_station_name":"駒沢大学","f_zoning_name":"第一種低層住居専用地域"}},{"type":"Feature","geometry":{"type":"Polygon","coordinates":[[[139.665625,35.633333],[139.66875,35.633333],[139.66875,35.635417],[139.665625,35.635417],[139.665625,35.633333]]]},"properties":{"c":"5339356312","n_welfare_capacity":0.6783,"n_sped_school":0.2329,"n_station_flow":0.604,"n_clinic":0.8181,"n_zoning":0.5498,"n_noise":0.9211,"n_crowding":0.7342,"n_green":0.0,"demand":0.6631,"load":0.8987,"priority":0.8502,"host":"野沢地区会館（複合施設）","host_kind":"区民センター","host_ward":"世田谷区","host_d":352,"f_welfare_n":21,"f_welfare_cap":212,"f_clinic_n":9,"f_station_riders":74266,"f_station_dist":583,"f_noise_db":73.2,"f_station_name":"駒沢大学","f_zoning_name":"第一種低層住居専用地域"}},{"type":"Feature","geometry":{"type":"Polygon","coordinates":[[[139.66875,35.633333],[139.671875,35.633333],[139.671875,35.635417],[139.66875,35.635417],[139.66875,35.633333]]]},"properties":{"c":"5339356321","n_welfare_capacity":0.6891,"n_sped_school":0.3515,"n_station_flow":0.499,"n_clinic":0.8333,"n_zoning":0.252,"n_noise":0.7857,"n_crowding":0.3497,"n_green":0.5606,"demand":0.6729,"load":0.3004,"priority":0.487,"host":"野沢地区会館（複合施設）","host_kind":"区民センター","host_ward":"世田谷区","host_d":76,"f_welfare_n":20,"f_welfare_cap":195,"f_clinic_n":3,"f_station_riders":74266,"f_station_dist":860,"f_noise_db":71.4,"f_green_pct":1.8,"f_station_name":"駒沢大学","f_zoning_name":"第一種低層住居専用地域"}},{"type":"Feature","geometry":{"type":"Polygon","coordinates":[[[139.671875,35.633333],[139.675,35.633333],[139.675,35.635417],[139.671875,35.635417],[139.671875,35.633333]]]},"properties":{"c":"5339356322","n_welfare_capacity":0.8262,"n_sped_school":0.4909,"n_station_flow":0.3574,"n_clinic":0.8387,"n_zoning":0.3525,"n_noise":0.7103,"n_crowding":0.3497,"n_green":0.0,"demand":0.7034,"load":0.5507,"priority":0.696,"host":"野沢地区会館（複合施設）","host_kind":"区民センター","host_ward":"世田谷区","host_d":219,"f_welfare_n":22,"f_welfare_cap":211,"f_clinic_n":3,"f_station_riders":167214,"f_station_dist":1023,"f_noise_db":70.5,"f_station_name":"三軒茶屋","f_zoning_name":"第一種中高層住居専用地域"}},{"type":"Feature","geometry":{"type":"Polygon","coordinates":[[[139.675,35.633333],[139.678125,35.633333],[139.678125,35.635417],[139.675,35.635417],[139.675,35.633333]]]},"properties":{"c":"5339356411","n_welfare_capacity":0.8826,"n_sped_school":0.5732,"n_station_flow":0.3218,"n_clinic":0.8163,"n_zoning":0.3964,"n_noise":0.4682,"n_crowding":0.2017,"n_green":0.829,"demand":0.724,"load":0.0906,"priority":0.2565,"host":"下馬まちづくりセンター（複合施設）","host_kind":"出張所","host_ward":"世田谷区","host_d":289,"f_welfare_n":27,"f_welfare_cap":236,"f_school_n":1,"f_clinic_n":3,"f_station_riders":72696,"f_station_dist":1002,"f_noise_db":69.5,"f_green_pct":9.4,"f_station_name":"学芸大学","f_zoning_name":"第一種中高層住居専用地域"}},{"type":"Feature","geometry":{"type":"Polygon","coordinates":[[[139.678125,35.633333],[139.68125,35.633333],[139.68125,35.635417],[139.678125,35.635417],[139.678125,35.633333]]]},"properties":{"c":"5339356412","n_welfare_capacity":0.9534,"n_sped_school":0.6499,"n_station_flow":0.2208,"n_clinic":0.8082,"n_zoning":0.4413,"n_noise":0.2628,"n_crowding":0.2017,"n_green":0.0,"demand":0.7348,"load":0.2619,"priority":0.4735,"host":"下馬まちづくりセンター（複合施設）","host_kind":"出張所","host_ward":"世田谷区","host_d":186,"f_welfare_n":25,"f_welfare_cap":198,"f_school_n":1,"f_clinic_n":7,"f_station_riders":72696,"f_station_dist":800,"f_noise_db":68.2,"f_station_name":"学芸大学","f_zoning_name":"第一種低層住居専用地域"}},{"type":"Feature","geometry":{"type":"Polygon","coordinates":[[[139.68125,35.633333],[139.684375,35.633333],[139.684375,35.635417],[139.68125,35.635417],[139.68125,35.633333]]]},"properties":{"c":"5339356421","n_welfare_capacity":0.9928,"n_sped_school":0.682,"n_station_flow":0.3762,"n_clinic":0.8056,"n_zoning":0.1148,"n_noise":0.0601,"n_crowding":0.0844,"n_green":0.0,"demand":0.8172,"load":0.0278,"priority":0.13,"host":"下馬まちづくりセンター（複合施設）","host_kind":"出張所","host_ward":"世田谷区","host_d":381,"f_welfare_n":40,"f_welfare_cap":397,"f_school_n":1,"f_clinic_n":10,"f_station_riders":72696,"f_station_dist":660,"f_noise_db":66.3,"f_station_name":"学芸大学","f_zoning_name":"第一種低層住居専用地域"}},{"type":"Feature","geometry":{"type":"Polygon","coordinates":[[[139.5875,35.635417],[139.590625,35.635417],[139.590625,35.6375],[139.5875,35.6375],[139.5875,35.635417]]]},"properties":{"c":"5339346713","n_welfare_capacity":0.5556,"n_sped_school":0.0,"n_station_flow":0.4119,"n_clinic":0.3289,"n_zoning":0.8233,"n_noise":0.2951,"n_crowding":0.6733,"n_green":0.0,"demand":0.3826,"load":0.7596,"priority":0.5883,"host":"喜多見地区会館","host_kind":"区民センター","host_ward":"世田谷区","host_d":66,"f_welfare_n":33,"f_welfare_cap":280,"f_clinic_n":2,"f_station_riders":30793,"f_station_dist":207,"f_noise_db":68.4,"f_station_name":"喜多見","f_zoning_name":"近隣商業地域"}},{"type":"Feature","geometry":{"type":"Polygon","coordinates":[[[139.590625,35.635417],[139.59375,35.635417],[139.59375,35.6375],[139.590625,35.6375],[139.590625,35.635417]]]},"properties":{"c":"5339346714","n_welfare_capacity":0.4597,"n_sped_school":0.0,"n_station_flow":0.4366,"n_clinic":0.3987,"n_zoning":0.0789,"n_noise":0.4242,"n_crowding":0.6733,"n_green":0.1829,"demand":0.3575,"load":0.2933,"priority":0.3417,"host":"喜多見地区会館","host_kind":"区民センター","host_ward":"世田谷区","host_d":234,"f_welfare_n":28,"f_welfare_cap":240,"f_clinic_n":5,"f_station_riders":30793,"f_station_dist":490,"f_noise_db":69.3,"f_green_pct":0.4,"f_station_name":"喜多見","f_zoning_name":"第一種低層住居専用地域"}},{"type":"Feature","geometry":{"type":"Polygon","coordinates":[[[139.59375,35.635417],[139.596875,35.635417],[139.596875,35.6375],[139.59375,35.6375],[139.59375,35.635417]]]},"properties":{"c":"5339346723","n_welfare_capacity":0.4203,"n_sped_school":0.0,"n_station_flow":0.498,"n_clinic":0.4364,"n_zoning":0.0933,"n_noise":0.6332,"n_crowding":0.3461,"n_green":0.0,"demand":0.379,"load":0.3211,"priority":0.3776,"host":"喜多見地区会館","host_kind":"区民センター","host_ward":"世田谷区","host_d":515,"f_welfare_n":31,"f_welfare_cap":270,"f_clinic_n":7,"f_station_riders":80513,"f_station_dist":532,"f_noise_db":70.0,"f_station_name":"成城学園前","f_zoning_name":"第一種低層住居専用地域"}},{"type":"Feature","geometry":{"type":"Polygon","coordinates":[[[139.596875,35.635417],[139.6,35.635417],[139.6,35.6375],[139.596875,35.6375],[139.596875,35.635417]]]},"properties":{"c":"5339346724","n_welfare_capacity":0.4704,"n_sped_school":0.0,"n_station_flow":0.5158,"n_clinic":0.4624,"n_zoning":0.1283,"n_noise":0.6332,"n_crowding":0.3461,"n_green":0.0994,"demand":0.4158,"load":0.3094,"priority":0.3874,"host":"成城まちづくりセンター（複合施設）","host_kind":"出張所","host_ward":"世田谷区","host_d":518,"f_welfare_n":14,"f_welfare_cap":110,"f_clinic_n":6,"f_station_riders":80513,"f_station_dist":412,"f_noise_db":70.0,"f_green_pct":0.2,"f_station_name":"成城学園前","f_zoning_name":"第一種低層住居専用地域"}},{"type":"Feature","geometry":{"type":"Polygon","coordinates":[[[139.6,35.635417],[139.603125,35.635417],[139.603125,35.6375],[139.6,35.6375],[139.6,35.635417]]]},"properties":{"c":"5339346813","n_welfare_capacity":0.6201,"n_sped_school":0.0,"n_station_flow":0.5109,"n_clinic":0.4651,"n_zoning":0.2368,"n_noise":0.6332,"n_crowding":0.4264,"n_green":0.0119,"demand":0.4919,"load":0.4592,"priority":0.522,"host":"砧図書館","host_kind":"図書館","host_ward":"世田谷区","host_d":679,"f_welfare_n":20,"f_welfare_cap":170,"f_clinic_n":7,"f_station_riders":80513,"f_station_dist":466,"f_noise_db":70.0,"f_station_name":"成城学園前","f_zoning_name":"第一種低層住居専用地域"}},{"type":"Feature","geometry":{"type":"Polygon","coordinates":[[[139.603125,35.635417],[139.60625,35.635417],[139.60625,35.6375],[139.603125,35.6375],[139.603125,35.635417]]]},"properties":{"c":"5339346814","n_welfare_capacity":0.7124,"n_sped_school":0.0,"n_station_flow":0.4426,"n_clinic":0.397,"n_zoning":0.7578,"n_noise":0.6332,"n_crowding":0.4264,"n_green":0.0,"demand":0.4901,"load":0.7803,"priority":0.6888,"host":"砧図書館","host_kind":"図書館","host_ward":"世田谷区","host_d":642,"f_welfare_n":42,"f_welfare_cap":366,"f_clinic_n":7,"f_station_riders":80513,"f_station_dist":651,"f_noise_db":70.0,"f_station_name":"成城学園前","f_zoning_name":"第二種住居地域"}},{"type":"Feature","geometry":{"type":"Polygon","coordinates":[[[139.60625,35.635417],[139.609375,35.635417],[139.609375,35.6375],[139.60625,35.6375],[139.60625,35.635417]]]},"properties":{"c":"5339346823","n_welfare_capacity":0.7491,"n_sped_school":0.0,"n_station_flow":0.3188,"n_clinic":0.3038,"n_zoning":0.4404,"n_noise":0.6332,"n_crowding":0.5176,"n_green":0.5109,"demand":0.431,"load":0.4422,"priority":0.4709,"host":"砧まちづくりセンター（複合施設）","host_kind":"出張所","host_ward":"世田谷区","host_d":247,"f_welfare_n":43,"f_welfare_cap":489,"f_clinic_n":4,"f_station_riders":47616,"f_station_dist":776,"f_noise_db":70.0,"f_green_pct":1.6,"f_station_name":"祖師ヶ谷大蔵","f_zoning_name":"第一種低層住居専用地域"}},{"type":"Feature","geometry":{"type":"Polygon","coordinates":[[[139.609375,35.635417],[139.6125,35.635417],[139.6125,35.6375],[139.609375,35.6375],[139.609375,35.635417]]]},"properties":{"c":"5339346824","n_welfare_capacity":0.8513,"n_sped_school":0.0,"n_station_flow":0.197,"n_clinic":0.2652,"n_zoning":0.5964,"n_noise":0.5641,"n_crowding":0.5176,"n_green":0.3539,"demand":0.4122,"load":0.5758,"priority":0.5372,"host":"大蔵地区会館","host_kind":"区民センター","host_ward":"世田谷区","host_d":170,"f_welfare_n":30,"f_welfare_cap":354,"f_clinic_n":3,"f_station_riders":47616,"f_station_dist":762,"f_noise_db":69.7,"f_green_pct":0.9,"f_station_name":"祖師ヶ谷大蔵","f_zoning_name":"第一種低層住居専用地域"}},{"type":"Feature","geometry":{"type":"Polygon","coordinates":[[[139.6125,35.635417],[139.615625,35.635417],[139.615625,35.6375],[139.6125,35.6375],[139.6125,35.635417]]]},"properties":{"c":"5339346913","n_welfare_capacity":0.9122,"n_sped_school":0.0,"n_station_flow":0.0842,"n_clinic":0.2007,"n_zoning":0.6592,"n_noise":0.5345,"n_crowding":0.6079,"n_green":0.6223,"demand":0.3817,"load":0.5381,"priority":0.496,"host":"大蔵地区会館","host_kind":"区民センター","host_ward":"世田谷区","host_d":340,"f_welfare_n":31,"f_welfare_cap":392,"f_clinic_n":3,"f_station_riders":47616,"f_station_dist":848,"f_noise_db":69.6,"f_green_pct":2.3,"f_station_name":"祖師ヶ谷大蔵","f_zoning_name":"第二種住居地域"}},{"type":"Feature","geometry":{"type":"Polygon","coordinates":[[[139.615625,35.635417],[139.61875,35.635417],[139.61875,35.6375],[139.615625,35.6375],[139.615625,35.635417]]]},"properties":{"c":"5339346914","n_welfare_capacity":0.8817,"n_sped_school":0.0,"n_station_flow":0.0386,"n_clinic":0.1075,"n_zoning":0.8009,"n_noise":0.5525,"n_crowding":0.6079,"n_green":0.0,"demand":0.3136,"load":0.8323,"priority":0.5561,"host":"大蔵地区会館","host_kind":"区民センター","host_ward":"世田谷区","host_d":602,"f_welfare_n":21,"f_welfare_cap":309,"f_clinic_n":2,"f_station_riders":47616,"f_station_dist":1009,"f_noise_db":69.7,"f_station_name":"祖師ヶ谷大蔵","f_zoning_name":"第二種住居地域"}},{"type":"Feature","geometry":{"type":"Polygon","coordinates":[[[139.61875,35.635417],[139.621875,35.635417],[139.621875,35.6375],[139.61875,35.6375],[139.61875,35.635417]]]},"properties":{"c":"5339346923","n_welfare_capacity":0.8504,"n_sped_school":0.0,"n_station_flow":0.0,"n_clinic":0.0968,"n_zoning":0.7238,"n_noise":0.5767,"n_crowding":0.6431,"n_green":0.0,"demand":0.2823,"load":0.8206,"priority":0.5291,"host":"山野児童館","host_kind":"児童館","host_ward":"世田谷区","host_d":542,"f_welfare_n":19,"f_welfare_cap":299,"f_clinic_n":3,"f_station_riders":47616,"f_station_dist":1216,"f_noise_db":69.8,"f_station_name":"祖師ヶ谷大蔵","f_zoning_name":"第一種中高層住居専用地域"}},{"type":"Feature","geometry":{"type":"Polygon","coordinates":[[[139.621875,35.635417],[139.625,35.635417],[139.625,35.6375],[139.621875,35.6375],[139.621875,35.635417]]]},"properties":{"c":"5339346924","n_welfare_capacity":0.7787,"n_sped_school":0.0,"n_station_flow":0.0,"n_clinic":0.1281,"n_zoning":0.4242,"n_noise":0.5874,"n_crowding":0.6431,"n_green":0.0239,"demand":0.25,"load":0.6646,"priority":0.4413,"host":"世田谷美術館","host_kind":"文化施設","host_ward":"世田谷区","host_d":560,"f_welfare_n":13,"f_welfare_cap":173,"f_clinic_n":1,"f_station_riders":55873,"f_station_dist":1248,"f_noise_db":69.9,"f_green_pct":0.1,"f_station_name":"千歳船橋","f_zoning_name":"第一種低層住居専用地域"}},{"type":"Feature","geometry":{"type":"Polygon","coordinates":[[[139.625,35.635417],[139.628125,35.635417],[139.628125,35.6375],[139.625,35.6375],[139.625,35.635417]]]},"properties":{"c":"5339356013","n_welfare_capacity":0.681,"n_sped_school":0.0,"n_station_flow":0.0,"n_clinic":0.1505,"n_zoning":0.2951,"n_noise":0.5507,"n_crowding":0.6394,"n_green":0.0,"demand":0.2052,"load":0.574,"priority":0.3677,"host":"上用賀児童館","host_kind":"児童館","host_ward":"世田谷区","host_d":322,"f_welfare_n":13,"f_welfare_cap":173,"f_clinic_n":1,"f_station_riders":55873,"f_station_dist":1258,"f_noise_db":69.7,"f_station_name":"千歳船橋","f_zoning_name":"第一種低層住居専用地域"}},{"type":"Feature","geometry":{"type":"Polygon","coordinates":[[[139.628125,35.635417],[139.63125,35.635417],[139.63125,35.6375],[139.628125,35.6375],[139.628125,35.635417]]]},"properties":{"c":"5339356014","n_welfare_capacity":0.6183,"n_sped_school":0.0,"n_station_flow":0.0297,"n_clinic":0.2151,"n_zoning":0.165,"n_noise":0.4735,"n_crowding":0.6394,"n_green":0.0,"demand":0.2043,"load":0.4314,"priority":0.3112,"host":"上用賀児童館","host_kind":"児童館","host_ward":"世田谷区","host_d":71,"f_welfare_n":15,"f_welfare_cap":183,"f_clinic_n":2,"f_station_riders":65061,"f_station_dist":1160,"f_noise_db":69.5,"f_station_name":"用賀","f_zoning_name":"第一種低層住居専用地域"}},{"type":"Feature","geometry":{"type":"Polygon","coordinates":[[[139.63125,35.635417],[139.634375,35.635417],[139.634375,35.6375],[139.63125,35.6375],[139.63125,35.635417]]]},"properties":{"c":"5339356023","n_welfare_capacity":0.3907,"n_sped_school":0.0,"n_station_flow":0.0465,"n_clinic":0.2778,"n_zoning":0.6269,"n_noise":0.4646,"n_crowding":0.1205,"n_green":0.0,"demand":0.1389,"load":0.461,"priority":0.2511,"host":"上用賀児童館（複合施設）","host_kind":"児童館","host_ward":"世田谷区","host_d":258,"f_welfare_n":15,"f_welfare_cap":130,"f_clinic_n":2,"f_station_riders":65061,"f_station_dist":1094,"f_noise_db":69.5,"f_station_name":"用賀","f_zoning_name":"第二種中高層住居専用地域"}},{"type":"Feature","geometry":{"type":"Polygon","coordinates":[[[139.634375,35.635417],[139.6375,35.635417],[139.6375,35.6375],[139.634375,35.6375],[139.634375,35.635417]]]},"properties":{"c":"5339356024","n_welfare_capacity":0.3683,"n_sped_school":0.0,"n_station_flow":0.1604,"n_clinic":0.3728,"n_zoning":0.6072,"n_noise":0.7166,"n_crowding":0.1205,"n_green":0.0,"demand":0.1828,"load":0.5973,"priority":0.3507,"host":"世田谷地区会館","host_kind":"区民センター","host_ward":"世田谷区","host_d":634,"f_welfare_n":22,"f_welfare_cap":175,"f_clinic_n":2,"f_station_riders":68296,"f_station_dist":1010,"f_noise_db":70.6,"f_station_name":"桜新町","f_zoning_name":"第二種中高層住居専用地域"}},{"type":"Feature","geometry":{"type":"Polygon","coordinates":[[[139.6375,35.635417],[139.640625,35.635417],[139.640625,35.6375],[139.6375,35.6375],[139.6375,35.635417]]]},"properties":{"c":"5339356113","n_welfare_capacity":0.3253,"n_sped_school":0.0,"n_station_flow":0.2554,"n_clinic":0.4552,"n_zoning":0.5336,"n_noise":0.6942,"n_crowding":0.5338,"n_green":0.0,"demand":0.2124,"load":0.739,"priority":0.4251,"host":"中央図書館（複合施設）","host_kind":"図書館","host_ward":"世田谷区","host_d":496,"f_welfare_n":23,"f_welfare_cap":190,"f_clinic_n":4,"f_station_riders":68296,"f_station_dist":782,"f_noise_db":70.3,"f_station_name":"桜新町","f_zoning_name":"第一種中高層住居専用地域"}},{"type":"Feature","geometry":{"type":"Polygon","coordinates":[[[139.640625,35.635417],[139.64375,35.635417],[139.64375,35.6375],[139.640625,35.6375],[139.640625,35.635417]]]},"properties":{"c":"5339356114","n_welfare_capacity":0.2679,"n_sped_school":0.0,"n_station_flow":0.295,"n_clinic":0.526,"n_zoning":0.53,"n_noise":0.7632,"n_crowding":0.5338,"n_green":0.0,"demand":0.2204,"load":0.765,"priority":0.4448,"host":"中央図書館（複合施設）","host_kind":"図書館","host_ward":"世田谷区","host_d":237,"f_welfare_n":25,"f_welfare_cap":184,"f_clinic_n":6,"f_station_riders":68296,"f_station_dist":603,"f_noise_db":71.0,"f_station_name":"桜新町","f_zoning_name":"第一種中高層住居専用地域"}},{"type":"Feature","geometry":{"type":"Polygon","coordinates":[[[139.64375,35.635417],[139.646875,35.635417],[139.646875,35.6375],[139.64375,35.6375],[139.64375,35.635417]]]},"properties":{"c":"5339356123","n_welfare_capacity":0.293,"n_sped_school":0.0,"n_station_flow":0.3772,"n_clinic":0.5842,"n_zoning":0.5045,"n_noise":0.7534,"n_crowding":0.3606,"n_green":0.664,"demand":0.2984,"load":0.4135,"priority":0.3803,"host":"中央図書館（複合施設）","host_kind":"図書館","host_ward":"世田谷区","host_d":163,"f_welfare_n":25,"f_welfare_cap":194,"f_clinic_n":5,"f_station_riders":68296,"f_station_dist":525,"f_noise_db":70.9,"f_green_pct":2.7,"f_station_name":"桜新町","f_zoning_name":"第一種中高層住居専用地域"}},{"type":"Feature","geometry":{"type":"Polygon","coordinates":[[[139.646875,35.635417],[139.65,35.635417],[139.65,35.6375],[139.646875,35.6375],[139.646875,35.635417]]]},"properties":{"c":"5339356124","n_welfare_capacity":0.3154,"n_sped_school":0.0056,"n_station_flow":0.4446,"n_clinic":0.5815,"n_zoning":0.4493,"n_noise":0.7641,"n_crowding":0.3606,"n_green":0.4274,"demand":0.3387,"load":0.4807,"priority":0.4341,"host":"中央図書館（複合施設）","host_kind":"図書館","host_ward":"世田谷区","host_d":397,"f_welfare_n":31,"f_welfare_cap":240,"f_clinic_n":3,"f_station_riders":68296,"f_station_dist":590,"f_noise_db":71.0,"f_green_pct":1.1,"f_station_name":"桜新町","f_zoning_name":"第一種中高層住居専用地域"}},{"type":"Feature","geometry":{"type":"Polygon","coordinates":[[[139.65,35.635417],[139.653125,35.635417],[139.653125,35.6375],[139.65,35.6375],[139.65,35.635417]]]},"properties":{"c":"5339356213","n_welfare_capacity":0.3468,"n_sped_school":0.0167,"n_station_flow":0.4505,"n_clinic":0.6254,"n_zoning":0.3946,"n_noise":0.7291,"n_crowding":0.2775,"n_green":0.0,"demand":0.3737,"load":0.5516,"priority":0.4969,"host":"中央図書館（複合施設）","host_kind":"図書館","host_ward":"世田谷区","host_d":670,"f_welfare_n":31,"f_welfare_cap":230,"f_clinic_n":2,"f_station_riders":68296,"f_station_dist":762,"f_noise_db":70.7,"f_station_name":"桜新町","f_zoning_name":"第一種低層住居専用地域"}},{"type":"Feature","geometry":{"type":"Polygon","coordinates":[[[139.653125,35.635417],[139.65625,35.635417],[139.65625,35.6375],[139.653125,35.6375],[139.653125,35.635417]]]},"properties":{"c":"5339356214","n_welfare_capacity":0.4292,"n_sped_school":0.0042,"n_station_flow":0.4782,"n_clinic":0.6532,"n_zoning":0.4027,"n_noise":0.7426,"n_crowding":0.2775,"n_green":0.3241,"demand":0.4319,"load":0.4287,"priority":0.4628,"host":"弦巻区民センター（複合施設）","host_kind":"区民センター","host_ward":"世田谷区","host_d":265,"f_welfare_n":23,"f_welfare_cap":185,"f_clinic_n":6,"f_station_riders":74266,"f_station_dist":684,"f_noise_db":70.8,"f_green_pct":0.8,"f_station_name":"駒沢大学","f_zoning_name":"第一種低層住居専用地域"}},{"type":"Feature","geometry":{"type":"Polygon","coordinates":[[[139.65625,35.635417],[139.659375,35.635417],[139.659375,35.6375],[139.65625,35.6375],[139.65625,35.635417]]]},"properties":{"c":"5339356223","n_welfare_capacity":0.5287,"n_sped_school":0.0,"n_station_flow":0.4465,"n_clinic":0.7697,"n_zoning":0.2628,"n_noise":0.8152,"n_crowding":0.5663,"n_green":0.7296,"demand":0.4946,"load":0.3704,"priority":0.4601,"host":"上馬まちづくりセンター（複合施設）","host_kind":"出張所","host_ward":"世田谷区","host_d":456,"f_welfare_n":23,"f_welfare_cap":190,"f_clinic_n":6,"f_station_riders":74266,"f_station_dist":475,"f_noise_db":71.8,"f_green_pct":4.0,"f_station_name":"駒沢大学","f_zoning_name":"第一種低層住居専用地域"}},{"type":"Feature","geometry":{"type":"Polygon","coordinates":[[[139.659375,35.635417],[139.6625,35.635417],[139.6625,35.6375],[139.659375,35.6375],[139.659375,35.635417]]]},"properties":{"c":"5339356224","n_welfare_capacity":0.6111,"n_sped_school":0.0851,"n_station_flow":0.4723,"n_clinic":0.8011,"n_zoning":0.3372,"n_noise":0.9121,"n_crowding":0.5663,"n_green":0.0,"demand":0.5735,"load":0.7534,"priority":0.7381,"host":"上馬まちづくりセンター（複合施設）","host_kind":"出張所","host_ward":"世田谷区","host_d":214,"f_welfare_n":23,"f_welfare_cap":195,"f_clinic_n":6,"f_station_riders":74266,"f_station_dist":380,"f_noise_db":73.0,"f_station_name":"駒沢大学","f_zoning_name":"第一種中高層住居専用地域"}},{"type":"Feature","geometry":{"type":"Polygon","coordinates":[[[139.6625,35.635417],[139.665625,35.635417],[139.665625,35.6375],[139.6625,35.6375],[139.6625,35.635417]]]},"properties":{"c":"5339356313","n_welfare_capacity":0.6944,"n_sped_school":0.1785,"n_station_flow":0.6802,"n_clinic":0.8172,"n_zoning":0.8628,"n_noise":0.9318,"n_crowding":0.7342,"n_green":0.0,"demand":0.6801,"load":0.9874,"priority":0.8978,"host":"上馬まちづくりセンター（複合施設）","host_kind":"出張所","host_ward":"世田谷区","host_d":209,"f_welfare_n":21,"f_welfare_cap":230,"f_clinic_n":7,"f_station_riders":74266,"f_station_dist":472,"f_noise_db":73.7,"f_station_name":"駒沢大学","f_zoning_name":"第一種中高層住居専用地域"}},{"type":"Feature","geometry":{"type":"Polygon","coordinates":[[[139.665625,35.635417],[139.66875,35.635417],[139.66875,35.6375],[139.665625,35.6375],[139.665625,35.635417]]]},"properties":{"c":"5339356314","n_welfare_capacity":0.7204,"n_sped_school":0.2748,"n_station_flow":0.6861,"n_clinic":0.8342,"n_zoning":0.6942,"n_noise":0.9175,"n_crowding":0.7342,"n_green":0.4354,"demand":0.7061,"load":0.8556,"priority":0.8547,"host":"中里地区会館","host_kind":"区民センター","host_ward":"世田谷区","host_d":266,"f_welfare_n":28,"f_welfare_cap":250,"f_clinic_n":6,"f_station_riders":74266,"f_station_dist":680,"f_noise_db":73.1,"f_green_pct":1.2,"f_station_name":"駒沢大学","f_zoning_name":"第一種低層住居専用地域"}},{"type":"Feature","geometry":{"type":"Polygon","coordinates":[[[139.66875,35.635417],[139.671875,35.635417],[139.671875,35.6375],[139.66875,35.6375],[139.66875,35.635417]]]},"properties":{"c":"5339356323","n_welfare_capacity":0.7545,"n_sped_school":0.4324,"n_station_flow":0.6713,"n_clinic":0.8396,"n_zoning":0.0744,"n_noise":0.8179,"n_crowding":0.3497,"n_green":0.0,"demand":0.7464,"load":0.4251,"priority":0.6296,"host":"野沢地区会館（複合施設）","host_kind":"区民センター","host_ward":"世田谷区","host_d":207,"f_welfare_n":35,"f_welfare_cap":331,"f_clinic_n":6,"f_station_riders":167214,"f_station_dist":773,"f_noise_db":71.8,"f_station_name":"三軒茶屋","f_zoning_name":"第一種低層住居専用地域"}},{"type":"Feature","geometry":{"type":"Polygon","coordinates":[[[139.671875,35.635417],[139.675,35.635417],[139.675,35.6375],[139.671875,35.6375],[139.671875,35.635417]]]},"properties":{"c":"5339356324","n_welfare_capacity":0.8235,"n_sped_school":0.5509,"n_station_flow":0.5901,"n_clinic":0.828,"n_zoning":0.4099,"n_noise":0.7561,"n_crowding":0.3497,"n_green":0.1849,"demand":0.7894,"load":0.5435,"priority":0.7354,"host":"下馬図書館","host_kind":"図書館","host_ward":"世田谷区","host_d":615,"f_welfare_n":33,"f_welfare_cap":321,"f_school_n":1,"f_clinic_n":6,"f_station_riders":167214,"f_station_dist":798,"f_noise_db":71.0,"f_green_pct":0.4,"f_station_name":"三軒茶屋","f_zoning_name":"第一種中高層住居専用地域"}},{"type":"Feature","geometry":{"type":"Polygon","coordinates":[[[139.675,35.635417],[139.678125,35.635417],[139.678125,35.6375],[139.675,35.6375],[139.675,35.635417]]]},"properties":{"c":"5339356413","n_welfare_capacity":0.8844,"n_sped_school":0.6639,"n_station_flow":0.4624,"n_clinic":0.81,"n_zoning":0.2807,"n_noise":0.5892,"n_crowding":0.2017,"n_green":0.6799,"demand":0.8047,"load":0.1202,"priority":0.3265,"host":"下馬図書館","host_kind":"図書館","host_ward":"世田谷区","host_d":559,"f_welfare_n":21,"f_welfare_cap":237,"f_school_n":1,"f_clinic_n":2,"f_station_riders":167214,"f_station_dist":914,"f_noise_db":69.9,"f_green_pct":2.9,"f_station_name":"三軒茶屋","f_zoning_name":"第一種低層住居専用地域"}},{"type":"Feature","geometry":{"type":"Polygon","coordinates":[[[139.678125,35.635417],[139.68125,35.635417],[139.68125,35.6375],[139.678125,35.6375],[139.678125,35.635417]]]},"properties":{"c":"5339356414","n_welfare_capacity":0.9453,"n_sped_school":0.7155,"n_station_flow":0.4228,"n_clinic":0.7823,"n_zoning":0.2018,"n_noise":0.2619,"n_crowding":0.2017,"n_green":0.0,"demand":0.8235,"load":0.139,"priority":0.3632,"host":"下馬図書館","host_kind":"図書館","host_ward":"世田谷区","host_d":639,"f_welfare_n":18,"f_welfare_cap":232,"f_school_n":1,"f_clinic_n":2,"f_station_riders":72696,"f_station_dist":990,"f_noise_db":68.2,"f_station_name":"学芸大学","f_zoning_name":"第一種低層住居専用地域"}},{"type":"Feature","geometry":{"type":"Polygon","coordinates":[[[139.68125,35.635417],[139.684375,35.635417],[139.684375,35.6375],[139.68125,35.6375],[139.68125,35.635417]]]},"properties":{"c":"5339356423","n_welfare_capacity":0.9785,"n_sped_school":0.7517,"n_station_flow":0.2455,"n_clinic":0.7724,"n_zoning":0.2009,"n_noise":0.0152,"n_crowding":0.0844,"n_green":0.0,"demand":0.7724,"load":0.0359,"priority":0.1543,"host":"下馬まちづくりセンター（複合施設）","host_kind":"出張所","host_ward":"世田谷区","host_d":342,"f_welfare_n":20,"f_welfare_cap":197,"f_school_n":1,"f_clinic_n":2,"f_station_riders":29907,"f_station_dist":723,"f_noise_db":65.1,"f_station_name":"祐天寺","f_zoning_name":"第一種低層住居専用地域"}},{"type":"Feature","geometry":{"type":"Polygon","coordinates":[[[139.584375,35.6375],[139.5875,35.6375],[139.5875,35.639583],[139.584375,35.639583],[139.584375,35.6375]]]},"properties":{"c":"5339346642","n_welfare_capacity":0.5887,"n_sped_school":0.0,"n_station_flow":0.2396,"n_clinic":0.2796,"n_zoning":0.2493,"n_noise":0.1596,"n_crowding":0.1584,"n_green":0.0,"demand":0.3082,"load":0.1049,"priority":0.1722,"host":"Factory藍出張所Felice di Ai","host_kind":"出張所","host_ward":"世田谷区","host_d":261,"f_welfare_n":42,"f_welfare_cap":349,"f_clinic_n":2,"f_station_riders":30793,"f_station_dist":239,"f_noise_db":67.7,"f_station_name":"喜多見","f_zoning_name":"第一種低層住居専用地域"}},{"type":"Feature","geometry":{"type":"Polygon","coordinates":[[[139.5875,35.6375],[139.590625,35.6375],[139.590625,35.639583],[139.5875,35.639583],[139.5875,35.6375]]]},"properties":{"c":"5339346731","n_welfare_capacity":0.5188,"n_sped_school":0.0,"n_station_flow":0.3634,"n_clinic":0.3486,"n_zoning":0.7785,"n_noise":0.278,"n_crowding":0.3533,"n_green":0.6938,"demand":0.3414,"load":0.296,"priority":0.3336,"host":"喜多見地区会館","host_kind":"区民センター","host_ward":"世田谷区","host_d":198,"f_welfare_n":27,"f_welfare_cap":200,"f_clinic_n":3,"f_station_riders":30793,"f_station_dist":307,"f_noise_db":68.3,"f_green_pct":3.1,"f_station_name":"喜多見","f_zoning_name":"第一種低層住居専用地域"}},{"type":"Feature","geometry":{"type":"Polygon","coordinates":[[[139.590625,35.6375],[139.59375,35.6375],[139.59375,35.639583],[139.590625,35.639583],[139.590625,35.6375]]]},"properties":{"c":"5339346732","n_welfare_capacity":0.4552,"n_sped_school":0.0,"n_station_flow":0.4743,"n_clinic":0.4292,"n_zoning":0.2673,"n_noise":0.4135,"n_crowding":0.3533,"n_green":0.173,"demand":0.3853,"load":0.2466,"priority":0.3238,"host":"喜多見地区会館","host_kind":"区民センター","host_ward":"世田谷区","host_d":299,"f_welfare_n":26,"f_welfare_cap":205,"f_clinic_n":6,"f_station_riders":30793,"f_station_dist":540,"f_noise_db":69.1,"f_green_pct":0.4,"f_station_name":"喜多見","f_zoning_name":"第一種低層住居専用地域"}},{"type":"Feature","geometry":{"type":"Polygon","coordinates":[[[139.59375,35.6375],[139.596875,35.6375],[139.596875,35.639583],[139.59375,35.639583],[139.59375,35.6375]]]},"properties":{"c":"5339346741","n_welfare_capacity":0.4041,"n_sped_school":0.0,"n_station_flow":0.5792,"n_clinic":0.4785,"n_zoning":0.0018,"n_noise":0.6332,"n_crowding":0.8497,"n_green":0.0,"demand":0.4149,"load":0.5372,"priority":0.5175,"host":"成城まちづくりセンター（複合施設）","host_kind":"出張所","host_ward":"世田谷区","host_d":534,"f_welfare_n":28,"f_welfare_cap":215,"f_clinic_n":8,"f_station_riders":80513,"f_station_dist":384,"f_noise_db":70.0,"f_station_name":"成城学園前","f_zoning_name":"第一種低層住居専用地域"}},{"type":"Feature","geometry":{"type":"Polygon","coordinates":[[[139.596875,35.6375],[139.6,35.6375],[139.6,35.639583],[139.596875,35.639583],[139.596875,35.6375]]]},"properties":{"c":"5339346742","n_welfare_capacity":0.5547,"n_sped_school":0.0,"n_station_flow":0.6465,"n_clinic":0.5349,"n_zoning":0.4466,"n_noise":0.6332,"n_crowding":0.8497,"n_green":0.0,"demand":0.5394,"load":0.7937,"priority":0.7327,"host":"砧図書館","host_kind":"図書館","host_ward":"世田谷区","host_d":653,"f_welfare_n":15,"f_welfare_cap":155,"f_clinic_n":6,"f_station_riders":80513,"f_station_dist":186,"f_noise_db":70.0,"f_station_name":"成城学園前","f_zoning_name":"第一種低層住居専用地域"}},{"type":"Feature","geometry":{"type":"Polygon","coordinates":[[[139.6,35.6375],[139.603125,35.6375],[139.603125,35.639583],[139.6,35.639583],[139.6,35.6375]]]},"properties":{"c":"5339346831","n_welfare_capacity":0.6873,"n_sped_school":0.0,"n_station_flow":0.6277,"n_clinic":0.5152,"n_zoning":0.1507,"n_noise":0.6332,"n_crowding":0.6286,"n_green":0.0,"demand":0.5744,"load":0.5184,"priority":0.6036,"host":"砧図書館","host_kind":"図書館","host_ward":"世田谷区","host_d":467,"f_welfare_n":31,"f_welfare_cap":240,"f_clinic_n":7,"f_station_riders":80513,"f_station_dist":286,"f_noise_db":70.0,"f_station_name":"成城学園前","f_zoning_name":"第一種低層住居専用地域"}},{"type":"Feature","geometry":{"type":"Polygon","coordinates":[[[139.603125,35.6375],[139.60625,35.6375],[139.60625,35.639583],[139.603125,35.639583],[139.603125,35.6375]]]},"properties":{"c":"5339346832","n_welfare_capacity":0.776,"n_sped_school":0.0,"n_station_flow":0.5772,"n_clinic":0.4677,"n_zoning":0.3444,"n_noise":0.6332,"n_crowding":0.6286,"n_green":0.0,"demand":0.5824,"load":0.6457,"priority":0.6843,"host":"砧図書館","host_kind":"図書館","host_ward":"世田谷区","host_d":413,"f_welfare_n":38,"f_welfare_cap":275,"f_clinic_n":7,"f_station_riders":80513,"f_station_dist":538,"f_noise_db":70.0,"f_station_name":"成城学園前","f_zoning_name":"第一種低層住居専用地域"}},{"type":"Feature","geometry":{"type":"Polygon","coordinates":[[[139.60625,35.6375],[139.609375,35.6375],[139.609375,35.639583],[139.60625,35.639583],[139.60625,35.6375]]]},"properties":{"c":"5339346841","n_welfare_capacity":0.8181,"n_sped_school":0.0,"n_station_flow":0.4614,"n_clinic":0.3692,"n_zoning":0.2726,"n_noise":0.6664,"n_crowding":0.3849,"n_green":0.0,"demand":0.5448,"load":0.4879,"priority":0.5605,"host":"砧図書館","host_kind":"図書館","host_ward":"世田谷区","host_d":531,"f_welfare_n":51,"f_welfare_cap":534,"f_clinic_n":5,"f_station_riders":47616,"f_station_dist":554,"f_noise_db":70.0,"f_station_name":"祖師ヶ谷大蔵","f_zoning_name":"第一種低層住居専用地域"}},{"type":"Feature","geometry":{"type":"Polygon","coordinates":[[[139.609375,35.6375],[139.6125,35.6375],[139.6125,35.639583],[139.609375,35.639583],[139.609375,35.6375]]]},"properties":{"c":"5339346842","n_welfare_capacity":0.8557,"n_sped_school":0.0,"n_station_flow":0.3198,"n_clinic":0.2921,"n_zoning":0.4475,"n_noise":0.5659,"n_crowding":0.3849,"n_green":0.2266,"demand":0.4839,"load":0.4502,"priority":0.5103,"host":"砧まちづくりセンター（複合施設）","host_kind":"出張所","host_ward":"世田谷区","host_d":119,"f_welfare_n":56,"f_welfare_cap":602,"f_clinic_n":3,"f_station_riders":47616,"f_station_dist":534,"f_noise_db":69.7,"f_green_pct":0.5,"f_station_name":"祖師ヶ谷大蔵","f_zoning_name":"第一種低層住居専用地域"}},{"type":"Feature","geometry":{"type":"Polygon","coordinates":[[[139.6125,35.6375],[139.615625,35.6375],[139.615625,35.639583],[139.6125,35.639583],[139.6125,35.6375]]]},"properties":{"c":"5339346931","n_welfare_capacity":0.9185,"n_sped_school":0.0,"n_station_flow":0.1406,"n_clinic":0.2195,"n_zoning":0.3166,"n_noise":0.5399,"n_crowding":0.0817,"n_green":0.4732,"demand":0.4077,"load":0.13,"priority":0.226,"host":"砧まちづくりセンター（複合施設）","host_kind":"出張所","host_ward":"世田谷区","host_d":377,"f_welfare_n":44,"f_welfare_cap":472,"f_clinic_n":3,"f_station_riders":47616,"f_station_dist":651,"f_noise_db":69.6,"f_green_pct":1.4,"f_station_name":"祖師ヶ谷大蔵","f_zoning_name":"第一種中高層住居専用地域"}},{"type":"Feature","geometry":{"type":"Polygon","coordinates":[[[139.615625,35.6375],[139.61875,35.6375],[139.61875,35.639583],[139.615625,35.639583],[139.615625,35.6375]]]},"properties":{"c":"5339346932","n_welfare_capacity":0.9059,"n_sped_school":0.0,"n_station_flow":0.0832,"n_clinic":0.1263,"n_zoning":0.217,"n_noise":0.5552,"n_crowding":0.0817,"n_green":0.0,"demand":0.353,"load":0.226,"priority":0.2915,"host":"砧まちづくりセンター（複合施設）","host_kind":"出張所","host_ward":"世田谷区","host_d":656,"f_welfare_n":33,"f_welfare_cap":412,"f_clinic_n":2,"f_station_riders":47616,"f_station_dist":850,"f_noise_db":69.7,"f_station_name":"祖師ヶ谷大蔵","f_zoning_name":"第一種低層住居専用地域"}},{"type":"Feature","geometry":{"type":"Polygon","coordinates":[[[139.61875,35.6375],[139.621875,35.6375],[139.621875,35.639583],[139.61875,35.639583],[139.61875,35.6375]]]},"properties":{"c":"5339346941","n_welfare_capacity":0.8369,"n_sped_school":0.0,"n_station_flow":0.102,"n_clinic":0.0681,"n_zoning":0.5848,"n_noise":0.5686,"n_crowding":0.3885,"n_green":0.0,"demand":0.3109,"load":0.6413,"priority":0.4843,"host":"山野児童館","host_kind":"児童館","host_ward":"世田谷区","host_d":516,"f_welfare_n":21,"f_welfare_cap":304,"f_clinic_n":2,"f_station_riders":55873,"f_station_dist":1083,"f_noise_db":69.7,"f_station_name":"千歳船橋","f_zoning_name":"第一種低層住居専用地域"}},{"type":"Feature","geometry":{"type":"Polygon","coordinates":[[[139.621875,35.6375],[139.625,35.6375],[139.625,35.639583],[139.621875,35.639583],[139.621875,35.6375]]]},"properties":{"c":"5339346942","n_welfare_capacity":0.7482,"n_sped_school":0.0,"n_station_flow":0.0574,"n_clinic":0.095,"n_zoning":0.391,"n_noise":0.5722,"n_crowding":0.3885,"n_green":0.4831,"demand":0.2518,"load":0.3148,"priority":0.2888,"host":"上用賀児童館","host_kind":"児童館","host_ward":"世田谷区","host_d":667,"f_welfare_n":13,"f_welfare_cap":133,"f_clinic_n":1,"f_station_riders":55873,"f_station_dist":1018,"f_noise_db":69.8,"f_green_pct":1.4,"f_station_name":"千歳船橋","f_zoning_name":"第一種低層住居専用地域"}},{"type":"Feature","geometry":{"type":"Polygon","coordinates":[[[139.625,35.6375],[139.628125,35.6375],[139.628125,35.639583],[139.625,35.639583],[139.625,35.6375]]]},"properties":{"c":"5339356031","n_welfare_capacity":0.672,"n_sped_school":0.0,"n_station_flow":0.0554,"n_clinic":0.1371,"n_zoning":0.6126,"n_noise":0.5543,"n_crowding":0.1918,"n_green":0.3439,"demand":0.2168,"load":0.4018,"priority":0.3085,"host":"上用賀児童館","host_kind":"児童館","host_ward":"世田谷区","host_d":431,"f_welfare_n":15,"f_welfare_cap":138,"f_clinic_n":1,"f_station_riders":55873,"f_station_dist":1030,"f_noise_db":69.7,"f_green_pct":0.8,"f_station_name":"千歳船橋","f_zoning_name":"第一種中高層住居専用地域"}},{"type":"Feature","geometry":{"type":"Polygon","coordinates":[[[139.628125,35.6375],[139.63125,35.6375],[139.63125,35.639583],[139.628125,35.639583],[139.628125,35.6375]]]},"properties":{"c":"5339356032","n_welfare_capacity":0.5179,"n_sped_school":0.0,"n_station_flow":0.0277,"n_clinic":0.1819,"n_zoning":0.6063,"n_noise":0.5256,"n_crowding":0.1918,"n_green":0.165,"demand":0.1604,"load":0.4538,"priority":0.2744,"host":"上用賀児童館","host_kind":"児童館","host_ward":"世田谷区","host_d":296,"f_welfare_n":13,"f_welfare_cap":128,"f_clinic_n":2,"f_station_riders":55873,"f_station_dist":1116,"f_noise_db":69.6,"f_green_pct":0.4,"f_station_name":"千歳船橋","f_zoning_name":"第一種中高層住居専用地域"}},{"type":"Feature","geometry":{"type":"Polygon","coordinates":[[[139.63125,35.6375],[139.634375,35.6375],[139.634375,35.639583],[139.63125,35.639583],[139.63125,35.6375]]]},"properties":{"c":"5339356041","n_welfare_capacity":0.3557,"n_sped_school":0.0,"n_station_flow":0.0,"n_clinic":0.2912,"n_zoning":0.643,"n_noise":0.4717,"n_crowding":0.4761,"n_green":0.4652,"demand":0.1156,"load":0.4825,"priority":0.2368,"host":"上用賀児童館","host_kind":"児童館","host_ward":"世田谷区","host_d":386,"f_welfare_n":13,"f_welfare_cap":128,"f_clinic_n":3,"f_station_riders":55873,"f_station_dist":1261,"f_noise_db":69.5,"f_green_pct":1.3,"f_station_name":"千歳船橋","f_zoning_name":"第二種中高層住居専用地域"}},{"type":"Feature","geometry":{"type":"Polygon","coordinates":[[[139.634375,35.6375],[139.6375,35.6375],[139.6375,35.639583],[139.634375,35.639583],[139.634375,35.6375]]]},"properties":{"c":"5339356042","n_welfare_capacity":0.2993,"n_sped_school":0.0,"n_station_flow":0.0525,"n_clinic":0.3656,"n_zoning":0.3641,"n_noise":0.4655,"n_crowding":0.4761,"n_green":0.2048,"demand":0.1246,"load":0.3901,"priority":0.2126,"host":"世田谷地区会館","host_kind":"区民センター","host_ward":"世田谷区","host_d":482,"f_welfare_n":16,"f_welfare_cap":145,"f_clinic_n":2,"f_station_riders":8814,"f_station_dist":1096,"f_noise_db":69.5,"f_green_pct":0.4,"f_station_name":"上町","f_zoning_name":"第一種低層住居専用地域"}},{"type":"Feature","geometry":{"type":"Polygon","coordinates":[[[139.6375,35.6375],[139.640625,35.6375],[139.640625,35.639583],[139.6375,35.639583],[139.6375,35.6375]]]},"properties":{"c":"5339356131","n_welfare_capacity":0.2527,"n_sped_school":0.0,"n_station_flow":0.1248,"n_clinic":0.474,"n_zoning":0.2278,"n_noise":0.7022,"n_crowding":0.6322,"n_green":0.34,"demand":0.1496,"load":0.4753,"priority":0.2673,"host":"中央図書館（複合施設）","host_kind":"図書館","host_ward":"世田谷区","host_d":486,"f_welfare_n":13,"f_welfare_cap":75,"f_clinic_n":2,"f_station_riders":8814,"f_station_dist":865,"f_noise_db":70.4,"f_green_pct":0.8,"f_station_name":"上町","f_zoning_name":"第一種低層住居専用地域"}},{"type":"Feature","geometry":{"type":"Polygon","coordinates":[[[139.640625,35.6375],[139.64375,35.6375],[139.64375,35.639583],[139.640625,35.639583],[139.640625,35.6375]]]},"properties":{"c":"5339356132","n_welfare_capacity":0.2168,"n_sped_school":0.0391,"n_station_flow":0.204,"n_clinic":0.4901,"n_zoning":0.4251,"n_noise":0.6771,"n_crowding":0.6322,"n_green":0.0,"demand":0.1738,"load":0.7157,"priority":0.3821,"host":"中央図書館（複合施設）","host_kind":"図書館","host_ward":"世田谷区","host_d":215,"f_welfare_n":27,"f_welfare_cap":185,"f_clinic_n":6,"f_station_riders":8814,"f_station_dist":674,"f_noise_db":70.2,"f_station_name":"上町","f_zoning_name":"第一種中高層住居専用地域"}},{"type":"Feature","geometry":{"type":"Polygon","coordinates":[[[139.64375,35.6375],[139.646875,35.6375],[139.646875,35.639583],[139.64375,35.639583],[139.64375,35.6375]]]},"properties":{"c":"5339356141","n_welfare_capacity":0.2339,"n_sped_school":0.0781,"n_station_flow":0.2713,"n_clinic":0.5296,"n_zoning":0.5045,"n_noise":0.5605,"n_crowding":0.4156,"n_green":0.0537,"demand":0.2303,"load":0.5767,"priority":0.3964,"host":"中央図書館（複合施設）","host_kind":"図書館","host_ward":"世田谷区","host_d":130,"f_welfare_n":32,"f_welfare_cap":227,"f_clinic_n":6,"f_station_riders":8814,"f_station_dist":566,"f_noise_db":69.7,"f_green_pct":0.1,"f_station_name":"上町","f_zoning_name":"第一種中高層住居専用地域"}},{"type":"Feature","geometry":{"type":"Polygon","coordinates":[[[139.646875,35.6375],[139.65,35.6375],[139.65,35.639583],[139.646875,35.639583],[139.646875,35.6375]]]},"properties":{"c":"5339356142","n_welfare_capacity":0.2903,"n_sped_school":0.0976,"n_station_flow":0.2683,"n_clinic":0.5726,"n_zoning":0.2547,"n_noise":0.5327,"n_crowding":0.4156,"n_green":0.0,"demand":0.2796,"load":0.409,"priority":0.3623,"host":"中央図書館（複合施設）","host_kind":"図書館","host_ward":"世田谷区","host_d":384,"f_welfare_n":32,"f_welfare_cap":227,"f_clinic_n":5,"f_station_riders":8814,"f_station_dist":589,"f_noise_db":69.6,"f_station_name":"上町","f_zoning_name":"第一種低層住居専用地域"}},{"type":"Feature","geometry":{"type":"Polygon","coordinates":[[[139.65,35.6375],[139.653125,35.6375],[139.653125,35.639583],[139.65,35.639583],[139.65,35.6375]]]},"properties":{"c":"5339356231","n_welfare_capacity":0.3566,"n_sped_school":0.1018,"n_station_flow":0.3792,"n_clinic":0.6156,"n_zoning":0.1946,"n_noise":0.3928,"n_crowding":0.3642,"n_green":0.0,"demand":0.3808,"load":0.2628,"priority":0.3327,"host":"中央図書館（複合施設）","host_kind":"図書館","host_ward":"世田谷区","host_d":662,"f_welfare_n":29,"f_welfare_cap":222,"f_clinic_n":5,"f_station_riders":7592,"f_station_dist":553,"f_noise_db":69.0,"f_station_name":"世田谷","f_zoning_name":"第一種低層住居専用地域"}},{"type":"Feature","geometry":{"type":"Polygon","coordinates":[[[139.653125,35.6375],[139.65625,35.6375],[139.65625,35.639583],[139.653125,35.639583],[139.653125,35.6375]]]},"properties":{"c":"5339356232","n_welfare_capacity":0.483,"n_sped_school":0.0962,"n_station_flow":0.398,"n_clinic":0.6398,"n_zoning":0.1291,"n_noise":0.4072,"n_crowding":0.3642,"n_green":0.0934,"demand":0.4597,"load":0.1964,"priority":0.3175,"host":"世田谷図書館（複合施設）","host_kind":"図書館","host_ward":"世田谷区","host_d":661,"f_welfare_n":36,"f_welfare_cap":260,"f_clinic_n":6,"f_station_riders":9531,"f_station_dist":593,"f_noise_db":69.1,"f_green_pct":0.2,"f_station_name":"松陰神社前","f_zoning_name":"第一種低層住居専用地域"}},{"type":"Feature","geometry":{"type":"Polygon","coordinates":[[[139.65625,35.6375],[139.659375,35.6375],[139.659375,35.639583],[139.65625,35.639583],[139.65625,35.6375]]]},"properties":{"c":"5339356241","n_welfare_capacity":0.5681,"n_sped_school":0.0767,"n_station_flow":0.3693,"n_clinic":0.7428,"n_zoning":0.3013,"n_noise":0.687,"n_crowding":0.3425,"n_green":0.7117,"demand":0.5081,"load":0.2179,"priority":0.3534,"host":"弦巻区民センター（複合施設）","host_kind":"区民センター","host_ward":"世田谷区","host_d":572,"f_welfare_n":39,"f_welfare_cap":300,"f_clinic_n":8,"f_station_riders":9531,"f_station_dist":646,"f_noise_db":70.3,"f_green_pct":3.5,"f_station_name":"松陰神社前","f_zoning_name":"第一種低層住居専用地域"}},{"type":"Feature","geometry":{"type":"Polygon","coordinates":[[[139.659375,35.6375],[139.6625,35.6375],[139.6625,35.639583],[139.659375,35.639583],[139.659375,35.6375]]]},"properties":{"c":"5339356242","n_welfare_capacity":0.638,"n_sped_school":0.2455,"n_station_flow":0.6307,"n_clinic":0.7903,"n_zoning":0.7283,"n_noise":0.8682,"n_crowding":0.3425,"n_green":0.5368,"demand":0.6577,"load":0.6664,"priority":0.7426,"host":"上馬まちづくりセンター（複合施設）","host_kind":"出張所","host_ward":"世田谷区","host_d":415,"f_welfare_n":23,"f_welfare_cap":210,"f_clinic_n":7,"f_station_riders":74266,"f_station_dist":611,"f_noise_db":72.3,"f_green_pct":1.7,"f_station_name":"駒沢大学","f_zoning_name":"第一種中高層住居専用地域"}},{"type":"Feature","geometry":{"type":"Polygon","coordinates":[[[139.6625,35.6375],[139.665625,35.6375],[139.665625,35.639583],[139.6625,35.639583],[139.6625,35.6375]]]},"properties":{"c":"5339356331","n_welfare_capacity":0.75,"n_sped_school":0.198,"n_station_flow":0.7089,"n_clinic":0.8029,"n_zoning":0.565,"n_noise":0.8915,"n_crowding":0.81,"n_green":0.7097,"demand":0.6989,"load":0.7408,"priority":0.7892,"host":"図書館カウンター三軒茶屋（複合施設）","host_kind":"図書館","host_ward":"世田谷区","host_d":673,"f_welfare_n":19,"f_welfare_cap":200,"f_clinic_n":5,"f_station_riders":74266,"f_station_dist":672,"f_noise_db":72.7,"f_green_pct":3.4,"f_station_name":"駒沢大学","f_zoning_name":"第一種中高層住居専用地域"}},{"type":"Feature","geometry":{"type":"Polygon","coordinates":[[[139.665625,35.6375],[139.66875,35.6375],[139.66875,35.639583],[139.665625,35.639583],[139.665625,35.6375]]]},"properties":{"c":"5339356332","n_welfare_capacity":0.8056,"n_sped_school":0.3124,"n_station_flow":0.7386,"n_clinic":0.8297,"n_zoning":0.9148,"n_noise":0.8861,"n_crowding":0.81,"n_green":0.2008,"demand":0.7509,"load":0.9794,"priority":0.9408,"host":"図書館カウンター三軒茶屋（複合施設）","host_kind":"図書館","host_ward":"世田谷区","host_d":550,"f_welfare_n":37,"f_welfare_cap":356,"f_clinic_n":10,"f_station_riders":167214,"f_station_dist":646,"f_noise_db":72.6,"f_green_pct":0.4,"f_station_name":"三軒茶屋","f_zoning_name":"第一種中高層住居専用地域"}},{"type":"Feature","geometry":{"type":"Polygon","coordinates":[[[139.66875,35.6375],[139.671875,35.6375],[139.671875,35.639583],[139.66875,35.639583],[139.66875,35.6375]]]},"properties":{"c":"5339356341","n_welfare_capacity":0.8306,"n_sped_school":0.4798,"n_station_flow":0.7436,"n_clinic":0.8145,"n_zoning":0.3265,"n_noise":0.8538,"n_crowding":0.727,"n_green":0.0,"demand":0.8253,"load":0.7848,"priority":0.8852,"host":"図書館カウンター三軒茶屋（複合施設）","host_kind":"図書館","host_ward":"世田谷区","host_d":559,"f_welfare_n":36,"f_welfare_cap":351,"f_clinic_n":10,"f_station_riders":167214,"f_station_dist":544,"f_noise_db":72.1,"f_station_name":"三軒茶屋","f_zoning_name":"第一種中高層住居専用地域"}},{"type":"Feature","geometry":{"type":"Polygon","coordinates":[[[139.671875,35.6375],[139.675,35.6375],[139.675,35.639583],[139.671875,35.639583],[139.671875,35.6375]]]},"properties":{"c":"5339356342","n_welfare_capacity":0.8548,"n_sped_school":0.6053,"n_station_flow":0.698,"n_clinic":0.8226,"n_zoning":0.4664,"n_noise":0.8081,"n_crowding":0.727,"n_green":0.9085,"demand":0.8629,"load":0.5211,"priority":0.7516,"host":"下馬図書館","host_kind":"図書館","host_ward":"世田谷区","host_d":416,"f_welfare_n":37,"f_welfare_cap":392,"f_school_n":1,"f_clinic_n":9,"f_station_riders":167214,"f_station_dist":578,"f_noise_db":71.7,"f_green_pct":29.6,"f_station_name":"三軒茶屋","f_zoning_name":"第一種中高層住居専用地域"}},{"type":"Feature","geometry":{"type":"Polygon","coordinates":[[[139.675,35.6375],[139.678125,35.6375],[139.678125,35.639583],[139.675,35.639583],[139.675,35.6375]]]},"properties":{"c":"5339356431","n_welfare_capacity":0.922,"n_sped_school":0.7043,"n_station_flow":0.5941,"n_clinic":0.7975,"n_zoning":0.478,"n_noise":0.7363,"n_crowding":0.4328,"n_green":0.0,"demand":0.8826,"load":0.6807,"priority":0.8511,"host":"下馬図書館","host_kind":"図書館","host_ward":"世田谷区","host_d":329,"f_welfare_n":31,"f_welfare_cap":337,"f_school_n":1,"f_clinic_n":9,"f_station_riders":167214,"f_station_dist":730,"f_noise_db":70.7,"f_station_name":"三軒茶屋","f_zoning_name":"第一種中高層住居専用地域"}},{"type":"Feature","geometry":{"type":"Polygon","coordinates":[[[139.678125,35.6375],[139.68125,35.6375],[139.68125,35.639583],[139.678125,35.639583],[139.678125,35.6375]]]},"properties":{"c":"5339356432","n_welfare_capacity":0.9373,"n_sped_school":0.7629,"n_station_flow":0.4752,"n_clinic":0.7509,"n_zoning":0.4502,"n_noise":0.4215,"n_crowding":0.4328,"n_green":0.6103,"demand":0.845,"load":0.2439,"priority":0.4978,"host":"下馬図書館","host_kind":"図書館","host_ward":"世田谷区","host_d":451,"f_welfare_n":24,"f_welfare_cap":242,"f_school_n":1,"f_clinic_n":3,"f_station_riders":167214,"f_station_dist":944,"f_noise_db":69.2,"f_green_pct":2.2,"f_station_name":"三軒茶屋","f_zoning_name":"第一種中高層住居専用地域"}},{"type":"Feature","geometry":{"type":"Polygon","coordinates":[[[139.68125,35.6375],[139.684375,35.6375],[139.684375,35.639583],[139.68125,35.639583],[139.68125,35.6375]]]},"properties":{"c":"5339356441","n_welfare_capacity":0.9355,"n_sped_school":0.7894,"n_station_flow":0.3525,"n_clinic":0.793,"n_zoning":0.6081,"n_noise":0.0762,"n_crowding":0.3985,"n_green":0.4175,"demand":0.8181,"load":0.2045,"priority":0.443,"host":"下馬図書館","host_kind":"図書館","host_ward":"世田谷区","host_d":677,"f_welfare_n":14,"f_welfare_cap":192,"f_school_n":1,"f_clinic_n":2,"f_station_riders":29907,"f_station_dist":735,"f_noise_db":66.6,"f_green_pct":1.1,"f_station_name":"祐天寺","f_zoning_name":"第一種中高層住居専用地域"}},{"type":"Feature","geometry":{"type":"Polygon","coordinates":[[[139.684375,35.6375],[139.6875,35.6375],[139.6875,35.639583],[139.684375,35.639583],[139.684375,35.6375]]]},"properties":{"c":"5339356442","n_welfare_capacity":0.9686,"n_sped_school":0.7866,"n_station_flow":0.2198,"n_clinic":0.7957,"n_zoning":0.3327,"n_noise":0.009,"n_crowding":0.3985,"n_green":0.5825,"demand":0.776,"load":0.0448,"priority":0.1785,"host":"下馬まちづくりセンター（複合施設）","host_kind":"出張所","host_ward":"世田谷区","host_d":683,"f_welfare_n":12,"f_welfare_cap":136,"f_school_n":1,"f_clinic_n":3,"f_station_riders":29907,"f_station_dist":462,"f_noise_db":64.9,"f_green_pct":1.9,"f_station_name":"祐天寺","f_zoning_name":"第一種低層住居専用地域"}},{"type":"Feature","geometry":{"type":"Polygon","coordinates":[[[139.584375,35.639583],[139.5875,35.639583],[139.5875,35.641667],[139.584375,35.641667],[139.584375,35.639583]]]},"properties":{"c":"5339346644","n_welfare_capacity":0.4866,"n_sped_school":0.0,"n_station_flow":0.195,"n_clinic":0.2464,"n_zoning":0.0924,"n_noise":0.1543,"n_crowding":0.1584,"n_green":0.0,"demand":0.2151,"load":0.0529,"priority":0.0798,"host":"Factory藍出張所Felice di Ai","host_kind":"出張所","host_ward":"世田谷区","host_d":459,"f_welfare_n":27,"f_welfare_cap":224,"f_clinic_n":2,"f_station_riders":30793,"f_station_dist":464,"f_noise_db":67.6,"f_station_name":"喜多見","f_zoning_name":"第一種低層住居専用地域"}},{"type":"Feature","geometry":{"type":"Polygon","coordinates":[[[139.5875,35.639583],[139.590625,35.639583],[139.590625,35.641667],[139.5875,35.641667],[139.5875,35.639583]]]},"properties":{"c":"5339346733","n_welfare_capacity":0.4418,"n_sped_school":0.0,"n_station_flow":0.3149,"n_clinic":0.3154,"n_zoning":0.7121,"n_noise":0.191,"n_crowding":0.3533,"n_green":0.0,"demand":0.2742,"load":0.4789,"priority":0.3928,"host":"喜多見地区会館","host_kind":"区民センター","host_ward":"世田谷区","host_d":425,"f_welfare_n":22,"f_welfare_cap":175,"f_clinic_n":3,"f_station_riders":30793,"f_station_dist":502,"f_noise_db":68.0,"f_station_name":"喜多見","f_zoning_name":"第一種低層住居専用地域"}},{"type":"Feature","geometry":{"type":"Polygon","coordinates":[[[139.590625,35.639583],[139.59375,35.639583],[139.59375,35.641667],[139.590625,35.641667],[139.590625,35.639583]]]},"properties":{"c":"5339346734","n_welfare_capacity":0.4176,"n_sped_school":0.0,"n_station_flow":0.4594,"n_clinic":0.4113,"n_zoning":0.0345,"n_noise":0.3175,"n_crowding":0.3533,"n_green":0.8628,"demand":0.3495,"load":0.0117,"priority":0.0395,"host":"喜多見地区会館","host_kind":"区民センター","host_ward":"世田谷区","host_d":481,"f_welfare_n":32,"f_welfare_cap":235,"f_clinic_n":8,"f_station_riders":80513,"f_station_dist":627,"f_noise_db":68.5,"f_green_pct":15.6,"f_station_name":"成城学園前","f_zoning_name":"第一種低層住居専用地域"}},{"type":"Feature","geometry":{"type":"Polygon","coordinates":[[[139.59375,35.639583],[139.596875,35.639583],[139.596875,35.641667],[139.59375,35.641667],[139.59375,35.639583]]]},"properties":{"c":"5339346743","n_welfare_capacity":0.3781,"n_sped_school":0.0,"n_station_flow":0.5812,"n_clinic":0.4803,"n_zoning":0.1928,"n_noise":0.6332,"n_crowding":0.8497,"n_green":0.0,"demand":0.4014,"load":0.6601,"priority":0.5587,"host":"成城まちづくりセンター（複合施設）","host_kind":"出張所","host_ward":"世田谷区","host_d":472,"f_welfare_n":28,"f_welfare_cap":205,"f_clinic_n":7,"f_station_riders":80513,"f_station_dist":345,"f_noise_db":70.0,"f_station_name":"成城学園前","f_zoning_name":"第一種低層住居専用地域"}},{"type":"Feature","geometry":{"type":"Polygon","coordinates":[[[139.596875,35.639583],[139.6,35.639583],[139.6,35.641667],[139.596875,35.641667],[139.596875,35.639583]]]},"properties":{"c":"5339346744","n_welfare_capacity":0.5484,"n_sped_school":0.0,"n_station_flow":0.6644,"n_clinic":0.5457,"n_zoning":0.9166,"n_noise":0.6332,"n_crowding":0.8497,"n_green":0.0,"demand":0.5457,"load":0.9686,"priority":0.7964,"host":"砧図書館","host_kind":"図書館","host_ward":"世田谷区","host_d":540,"f_welfare_n":27,"f_welfare_cap":220,"f_clinic_n":6,"f_station_riders":80513,"f_station_dist":80,"f_noise_db":70.0,"f_station_name":"成城学園前","f_zoning_name":"近隣商業地域"}},{"type":"Feature","geometry":{"type":"Polygon","coordinates":[[[139.6,35.639583],[139.603125,35.639583],[139.603125,35.641667],[139.6,35.641667],[139.6,35.639583]]]},"properties":{"c":"5339346833","n_welfare_capacity":0.6971,"n_sped_school":0.0,"n_station_flow":0.6634,"n_clinic":0.5412,"n_zoning":0.6009,"n_noise":0.6332,"n_crowding":0.6286,"n_green":0.0,"demand":0.5941,"load":0.7839,"priority":0.7605,"host":"砧図書館","host_kind":"図書館","host_ward":"世田谷区","host_d":288,"f_welfare_n":38,"f_welfare_cap":280,"f_clinic_n":7,"f_station_riders":80513,"f_station_dist":231,"f_noise_db":70.0,"f_station_name":"成城学園前","f_zoning_name":"第一種低層住居専用地域"}},{"type":"Feature","geometry":{"type":"Polygon","coordinates":[[[139.603125,35.639583],[139.60625,35.639583],[139.60625,35.641667],[139.603125,35.641667],[139.603125,35.639583]]]},"properties":{"c":"5339346834","n_welfare_capacity":0.7948,"n_sped_school":0.0,"n_station_flow":0.6347,"n_clinic":0.4758,"n_zoning":0.1211,"n_noise":0.6332,"n_crowding":0.6286,"n_green":0.0,"demand":0.603,"load":0.4969,"priority":0.6063,"host":"砧図書館","host_kind":"図書館","host_ward":"世田谷区","host_d":186,"f_welfare_n":47,"f_welfare_cap":335,"f_clinic_n":7,"f_station_riders":80513,"f_station_dist":511,"f_noise_db":70.0,"f_station_name":"成城学園前","f_zoning_name":"第一種低層住居専用地域"}},{"type":"Feature","geometry":{"type":"Polygon","coordinates":[[[139.60625,35.639583],[139.609375,35.639583],[139.609375,35.641667],[139.60625,35.641667],[139.60625,35.639583]]]},"properties":{"c":"5339346843","n_welfare_capacity":0.8656,"n_sped_school":0.0,"n_station_flow":0.5485,"n_clinic":0.3835,"n_zoning":0.3982,"n_noise":0.5991,"n_crowding":0.3849,"n_green":0.0,"demand":0.5896,"load":0.5291,"priority":0.6224,"host":"砧図書館","host_kind":"図書館","host_ward":"世田谷区","host_d":383,"f_welfare_n":54,"f_welfare_cap":526,"f_clinic_n":4,"f_station_riders":47616,"f_station_dist":344,"f_noise_db":70.0,"f_station_name":"祖師ヶ谷大蔵","f_zoning_name":"第一種低層住居専用地域"}},{"type":"Feature","geometry":{"type":"Polygon","coordinates":[[[139.609375,35.639583],[139.6125,35.639583],[139.6125,35.641667],[139.609375,35.641667],[139.609375,35.639583]]]},"properties":{"c":"5339346844","n_welfare_capacity":0.9167,"n_sped_school":0.0,"n_station_flow":0.4218,"n_clinic":0.293,"n_zoning":0.3489,"n_noise":0.5991,"n_crowding":0.3849,"n_green":0.6203,"demand":0.5582,"load":0.2511,"priority":0.4054,"host":"砧図書館","host_kind":"図書館","host_ward":"世田谷区","host_d":647,"f_welfare_n":58,"f_welfare_cap":612,"f_clinic_n":3,"f_station_riders":47616,"f_station_dist":311,"f_noise_db":70.0,"f_green_pct":2.3,"f_station_name":"祖師ヶ谷大蔵","f_zoning_name":"第一種中高層住居専用地域"}},{"type":"Feature","geometry":{"type":"Polygon","coordinates":[[[139.6125,35.639583],[139.615625,35.639583],[139.615625,35.641667],[139.6125,35.641667],[139.6125,35.639583]]]},"properties":{"c":"5339346933","n_welfare_capacity":0.948,"n_sped_school":0.0,"n_station_flow":0.2,"n_clinic":0.2177,"n_zoning":0.3839,"n_noise":0.539,"n_crowding":0.0817,"n_green":0.5288,"demand":0.4579,"load":0.1426,"priority":0.2547,"host":"砧まちづくりセンター（複合施設）","host_kind":"出張所","host_ward":"世田谷区","host_d":484,"f_welfare_n":52,"f_welfare_cap":532,"f_clinic_n":3,"f_station_riders":47616,"f_station_dist":485,"f_noise_db":69.6,"f_green_pct":1.6,"f_station_name":"祖師ヶ谷大蔵","f_zoning_name":"第一種中高層住居専用地域"}},{"type":"Feature","geometry":{"type":"Polygon","coordinates":[[[139.615625,35.639583],[139.61875,35.639583],[139.61875,35.641667],[139.615625,35.641667],[139.615625,35.639583]]]},"properties":{"c":"5339346934","n_welfare_capacity":0.9301,"n_sped_school":0.0,"n_station_flow":0.2139,"n_clinic":0.1183,"n_zoning":0.1516,"n_noise":0.5498,"n_crowding":0.0817,"n_green":0.0,"demand":0.4274,"load":0.1883,"priority":0.296,"host":"桜丘図書館（複合施設）","host_kind":"図書館","host_ward":"世田谷区","host_d":643,"f_welfare_n":34,"f_welfare_cap":411,"f_clinic_n":1,"f_station_riders":47616,"f_station_dist":731,"f_noise_db":69.7,"f_station_name":"祖師ヶ谷大蔵","f_zoning_name":"第一種低層住居専用地域"}},{"type":"Feature","geometry":{"type":"Polygon","coordinates":[[[139.61875,35.639583],[139.621875,35.639583],[139.621875,35.641667],[139.61875,35.641667],[139.61875,35.639583]]]},"properties":{"c":"5339346943","n_welfare_capacity":0.8602,"n_sped_school":0.0,"n_station_flow":0.1812,"n_clinic":0.0744,"n_zoning":0.5534,"n_noise":0.5561,"n_crowding":0.3885,"n_green":0.6441,"demand":0.362,"load":0.3525,"priority":0.3857,"host":"桜丘図書館（複合施設）","host_kind":"図書館","host_ward":"世田谷区","host_d":490,"f_welfare_n":23,"f_welfare_cap":191,"f_clinic_n":2,"f_station_riders":55873,"f_station_dist":870,"f_noise_db":69.7,"f_green_pct":2.6,"f_station_name":"千歳船橋","f_zoning_name":"第一種低層住居専用地域"}},{"type":"Feature","geometry":{"type":"Polygon","coordinates":[[[139.621875,35.639583],[139.625,35.639583],[139.625,35.641667],[139.621875,35.641667],[139.621875,35.639583]]]},"properties":{"c":"5339346944","n_welfare_capacity":0.7563,"n_sped_school":0.0,"n_station_flow":0.1228,"n_clinic":0.0717,"n_zoning":0.0345,"n_noise":0.5578,"n_crowding":0.3885,"n_green":0.0,"demand":0.2885,"load":0.2682,"priority":0.287,"host":"桜丘図書館（複合施設）","host_kind":"図書館","host_ward":"世田谷区","host_d":476,"f_welfare_n":15,"f_welfare_cap":98,"f_clinic_n":2,"f_station_riders":55873,"f_station_dist":788,"f_noise_db":69.7,"f_station_name":"千歳船橋","f_zoning_name":"第一種低層住居専用地域"}},{"type":"Feature","geometry":{"type":"Polygon","coordinates":[[[139.625,35.639583],[139.628125,35.639583],[139.628125,35.641667],[139.625,35.641667],[139.625,35.639583]]]},"properties":{"c":"5339356033","n_welfare_capacity":0.6523,"n_sped_school":0.0,"n_station_flow":0.1168,"n_clinic":0.1102,"n_zoning":0.0345,"n_noise":0.5462,"n_crowding":0.1918,"n_green":0.4513,"demand":0.2339,"load":0.0691,"priority":0.104,"host":"桜丘図書館（複合施設）","host_kind":"図書館","host_ward":"世田谷区","host_d":611,"f_welfare_n":18,"f_welfare_cap":163,"f_clinic_n":1,"f_station_riders":55873,"f_station_dist":804,"f_noise_db":69.7,"f_green_pct":1.3,"f_station_name":"千歳船橋","f_zoning_name":"第一種低層住居専用地域"}},{"type":"Feature","geometry":{"type":"Polygon","coordinates":[[[139.628125,35.639583],[139.63125,35.639583],[139.63125,35.641667],[139.628125,35.641667],[139.628125,35.639583]]]},"properties":{"c":"5339356034","n_welfare_capacity":0.4498,"n_sped_school":0.0,"n_station_flow":0.0861,"n_clinic":0.1452,"n_zoning":0.3713,"n_noise":0.5309,"n_crowding":0.1918,"n_green":0.2505,"demand":0.1478,"load":0.2735,"priority":0.1901,"host":"上用賀児童館","host_kind":"児童館","host_ward":"世田谷区","host_d":526,"f_welfare_n":17,"f_welfare_cap":168,"f_clinic_n":2,"f_station_riders":55873,"f_station_dist":911,"f_noise_db":69.6,"f_green_pct":0.6,"f_station_name":"千歳船橋","f_zoning_name":"第一種低層住居専用地域"}},{"type":"Feature","geometry":{"type":"Polygon","coordinates":[[[139.63125,35.639583],[139.634375,35.639583],[139.634375,35.641667],[139.63125,35.641667],[139.63125,35.639583]]]},"properties":{"c":"5339356043","n_welfare_capacity":0.2948,"n_sped_school":0.0,"n_station_flow":0.0337,"n_clinic":0.2661,"n_zoning":0.7013,"n_noise":0.4744,"n_crowding":0.4761,"n_green":0.0,"demand":0.1066,"load":0.6951,"priority":0.2789,"host":"世田谷地区会館","host_kind":"区民センター","host_ward":"世田谷区","host_d":695,"f_welfare_n":16,"f_welfare_cap":153,"f_clinic_n":3,"f_station_riders":55873,"f_station_dist":1084,"f_noise_db":69.6,"f_station_name":"千歳船橋","f_zoning_name":"第一種中高層住居専用地域"}},{"type":"Feature","geometry":{"type":"Polygon","coordinates":[[[139.634375,35.639583],[139.6375,35.639583],[139.6375,35.641667],[139.634375,35.641667],[139.634375,35.639583]]]},"properties":{"c":"5339356044","n_welfare_capacity":0.2249,"n_sped_school":0.0153,"n_station_flow":0.0653,"n_clinic":0.345,"n_zoning":0.7561,"n_noise":0.4709,"n_crowding":0.4761,"n_green":0.0,"demand":0.1093,"load":0.7247,"priority":0.2879,"host":"世田谷地区会館","host_kind":"区民センター","host_ward":"世田谷区","host_d":412,"f_welfare_n":11,"f_welfare_cap":100,"f_clinic_n":2,"f_station_riders":8814,"f_station_dist":999,"f_noise_db":69.5,"f_station_name":"上町","f_zoning_name":"第一種中高層住居専用地域"}},{"type":"Feature","geometry":{"type":"Polygon","coordinates":[[[139.6375,35.639583],[139.640625,35.639583],[139.640625,35.641667],[139.6375,35.641667],[139.6375,35.639583]]]},"properties":{"c":"5339356133","n_welfare_capacity":0.1703,"n_sped_school":0.0725,"n_station_flow":0.1634,"n_clinic":0.4409,"n_zoning":0.7552,"n_noise":0.1054,"n_crowding":0.6322,"n_green":0.0,"demand":0.147,"load":0.6009,"priority":0.3139,"host":"中央図書館（複合施設）","host_kind":"図書館","host_ward":"世田谷区","host_d":577,"f_welfare_n":12,"f_welfare_cap":85,"f_clinic_n":2,"f_station_riders":8814,"f_station_dist":737,"f_noise_db":67.0,"f_station_name":"上町","f_zoning_name":"第一種中高層住居専用地域"}},{"type":"Feature","geometry":{"type":"Polygon","coordinates":[[[139.640625,35.639583],[139.64375,35.639583],[139.64375,35.641667],[139.640625,35.641667],[139.640625,35.639583]]]},"properties":{"c":"5339356134","n_welfare_capacity":0.1971,"n_sped_school":0.1172,"n_station_flow":0.1386,"n_clinic":0.4964,"n_zoning":0.7991,"n_noise":0.461,"n_crowding":0.6322,"n_green":0.4612,"demand":0.1694,"load":0.661,"priority":0.3578,"host":"中央図書館（複合施設）","host_kind":"図書館","host_ward":"世田谷区","host_d":379,"f_welfare_n":25,"f_welfare_cap":167,"f_clinic_n":4,"f_station_riders":8814,"f_station_dist":500,"f_noise_db":69.5,"f_green_pct":1.3,"f_station_name":"上町","f_zoning_name":"近隣商業地域"}},{"type":"Feature","geometry":{"type":"Polygon","coordinates":[[[139.64375,35.639583],[139.646875,35.639583],[139.646875,35.641667],[139.64375,35.641667],[139.64375,35.639583]]]},"properties":{"c":"5339356143","n_welfare_capacity":0.2482,"n_sped_school":0.1576,"n_station_flow":0.199,"n_clinic":0.5771,"n_zoning":0.5982,"n_noise":0.3767,"n_crowding":0.4156,"n_green":0.0,"demand":0.2482,"load":0.5489,"priority":0.3982,"host":"中央図書館（複合施設）","host_kind":"図書館","host_ward":"世田谷区","host_d":338,"f_welfare_n":23,"f_welfare_cap":162,"f_clinic_n":3,"f_station_riders":8814,"f_station_dist":341,"f_noise_db":68.9,"f_station_name":"上町","f_zoning_name":"第一種中高層住居専用地域"}},{"type":"Feature","geometry":{"type":"Polygon","coordinates":[[[139.646875,35.639583],[139.65,35.639583],[139.65,35.641667],[139.646875,35.641667],[139.646875,35.639583]]]},"properties":{"c":"5339356144","n_welfare_capacity":0.2652,"n_sped_school":0.1771,"n_station_flow":0.2238,"n_clinic":0.5878,"n_zoning":0.5471,"n_noise":0.2413,"n_crowding":0.4156,"n_green":0.0,"demand":0.2867,"load":0.4278,"priority":0.3794,"host":"中央図書館（複合施設）","host_kind":"図書館","host_ward":"世田谷区","host_d":495,"f_welfare_n":45,"f_welfare_cap":277,"f_clinic_n":6,"f_station_riders":8814,"f_station_dist":378,"f_noise_db":68.1,"f_station_name":"上町","f_zoning_name":"第一種中高層住居専用地域"}},{"type":"Feature","geometry":{"type":"Polygon","coordinates":[[[139.65,35.639583],[139.653125,35.639583],[139.653125,35.641667],[139.65,35.641667],[139.65,35.639583]]]},"properties":{"c":"5339356233","n_welfare_capacity":0.388,"n_sped_school":0.1799,"n_station_flow":0.2762,"n_clinic":0.5977,"n_zoning":0.3103,"n_noise":0.1605,"n_crowding":0.3642,"n_green":0.0,"demand":0.3746,"load":0.2054,"priority":0.2834,"host":"世田谷図書館（複合施設）","host_kind":"図書館","host_ward":"世田谷区","host_d":460,"f_welfare_n":55,"f_welfare_cap":367,"f_clinic_n":5,"f_station_riders":7592,"f_station_dist":325,"f_noise_db":67.7,"f_station_name":"世田谷","f_zoning_name":"第一種低層住居専用地域"}},{"type":"Feature","geometry":{"type":"Polygon","coordinates":[[[139.653125,35.639583],[139.65625,35.639583],[139.65625,35.641667],[139.653125,35.641667],[139.653125,35.639583]]]},"properties":{"c":"5339356234","n_welfare_capacity":0.5054,"n_sped_school":0.1757,"n_station_flow":0.2426,"n_clinic":0.6281,"n_zoning":0.1229,"n_noise":0.1587,"n_crowding":0.3642,"n_green":0.2167,"demand":0.4238,"load":0.078,"priority":0.1749,"host":"世田谷図書館（複合施設）","host_kind":"図書館","host_ward":"世田谷区","host_d":435,"f_welfare_n":58,"f_welfare_cap":392,"f_clinic_n":4,"f_station_riders":9531,"f_station_dist":363,"f_noise_db":67.6,"f_green_pct":0.5,"f_station_name":"松陰神社前","f_zoning_name":"第一種低層住居専用地域"}},{"type":"Feature","geometry":{"type":"Polygon","coordinates":[[[139.65625,35.639583],[139.659375,35.639583],[139.659375,35.641667],[139.65625,35.641667],[139.65625,35.639583]]]},"properties":{"c":"5339356243","n_welfare_capacity":0.5851,"n_sped_school":0.2817,"n_station_flow":0.2663,"n_clinic":0.6703,"n_zoning":0.1704,"n_noise":0.435,"n_crowding":0.3425,"n_green":0.2942,"demand":0.5287,"load":0.1605,"priority":0.3031,"host":"世田谷図書館（複合施設）","host_kind":"図書館","host_ward":"世田谷区","host_d":571,"f_welfare_n":51,"f_welfare_cap":375,"f_clinic_n":7,"f_station_riders":9531,"f_station_dist":443,"f_noise_db":69.4,"f_green_pct":0.7,"f_station_name":"松陰神社前","f_zoning_name":"第一種低層住居専用地域"}},{"type":"Feature","geometry":{"type":"Polygon","coordinates":[[[139.659375,35.639583],[139.6625,35.639583],[139.6625,35.641667],[139.659375,35.641667],[139.659375,35.639583]]]},"properties":{"c":"5339356244","n_welfare_capacity":0.7088,"n_sped_school":0.3347,"n_station_flow":0.6198,"n_clinic":0.7464,"n_zoning":0.7157,"n_noise":0.7668,"n_crowding":0.3425,"n_green":0.6561,"demand":0.6918,"load":0.5623,"priority":0.7004,"host":"（旧）若林まちづくりセンター","host_kind":"出張所","host_ward":"世田谷区","host_d":486,"f_welfare_n":30,"f_welfare_cap":260,"f_clinic_n":7,"f_station_riders":7606,"f_station_dist":595,"f_noise_db":71.0,"f_green_pct":2.6,"f_station_name":"若林","f_zoning_name":"第一種低層住居専用地域"}},{"type":"Feature","geometry":{"type":"Polygon","coordinates":[[[139.6625,35.639583],[139.665625,35.639583],[139.665625,35.641667],[139.6625,35.641667],[139.6625,35.639583]]]},"properties":{"c":"5339356333","n_welfare_capacity":0.7858,"n_sped_school":0.417,"n_station_flow":0.7228,"n_clinic":0.7966,"n_zoning":0.7525,"n_noise":0.8565,"n_crowding":0.81,"n_green":0.0557,"demand":0.7643,"load":0.9614,"priority":0.9399,"host":"図書館カウンター三軒茶屋（複合施設）","host_kind":"図書館","host_ward":"世田谷区","host_d":508,"f_welfare_n":24,"f_welfare_cap":285,"f_clinic_n":10,"f_station_riders":734,"f_station_dist":479,"f_noise_db":72.2,"f_green_pct":0.1,"f_station_name":"西太子堂","f_zoning_name":"第一種住居地域"}},{"type":"Feature","geometry":{"type":"Polygon","coordinates":[[[139.665625,35.639583],[139.66875,35.639583],[139.66875,35.641667],[139.665625,35.641667],[139.665625,35.639583]]]},"properties":{"c":"5339356334","n_welfare_capacity":0.836,"n_sped_school":0.5063,"n_station_flow":0.7851,"n_clinic":0.8127,"n_zoning":0.8798,"n_noise":0.8906,"n_crowding":0.81,"n_green":0.7654,"demand":0.8486,"load":0.8673,"priority":0.9417,"host":"図書館カウンター三軒茶屋（複合施設）","host_kind":"図書館","host_ward":"世田谷区","host_d":329,"f_welfare_n":33,"f_welfare_cap":326,"f_clinic_n":10,"f_station_riders":734,"f_station_dist":439,"f_noise_db":72.7,"f_green_pct":4.8,"f_station_name":"西太子堂","f_zoning_name":"第一種住居地域"}},{"type":"Feature","geometry":{"type":"Polygon","coordinates":[[[139.66875,35.639583],[139.671875,35.639583],[139.671875,35.641667],[139.66875,35.641667],[139.66875,35.639583]]]},"properties":{"c":"5339356343","n_welfare_capacity":0.8539,"n_sped_school":0.5035,"n_station_flow":0.8099,"n_clinic":0.8253,"n_zoning":0.8152,"n_noise":0.93,"n_crowding":0.727,"n_green":0.0,"demand":0.8701,"load":0.9785,"priority":0.9767,"host":"図書館カウンター三軒茶屋（複合施設）","host_kind":"図書館","host_ward":"世田谷区","host_d":344,"f_welfare_n":39,"f_welfare_cap":392,"f_clinic_n":11,"f_station_riders":167214,"f_station_dist":316,"f_noise_db":73.6,"f_station_name":"三軒茶屋","f_zoning_name":"第一種中高層住居専用地域"}},{"type":"Feature","geometry":{"type":"Polygon","coordinates":[[[139.671875,35.639583],[139.675,35.639583],[139.675,35.641667],[139.671875,35.641667],[139.671875,35.639583]]]},"properties":{"c":"5339356344","n_welfare_capacity":0.8593,"n_sped_school":0.6346,"n_station_flow":0.7703,"n_clinic":0.7867,"n_zoning":0.6906,"n_noise":0.8969,"n_crowding":0.727,"n_green":0.2903,"demand":0.8934,"load":0.8807,"priority":0.9605,"host":"下馬図書館","host_kind":"図書館","host_ward":"世田谷区","host_d":274,"f_welfare_n":34,"f_welfare_cap":362,"f_school_n":1,"f_clinic_n":11,"f_station_riders":167214,"f_station_dist":372,"f_noise_db":72.7,"f_green_pct":0.7,"f_station_name":"三軒茶屋","f_zoning_name":"第一種中高層住居専用地域"}},{"type":"Feature","geometry":{"type":"Polygon","coordinates":[[[139.675,35.639583],[139.678125,35.639583],[139.678125,35.641667],[139.675,35.641667],[139.675,35.639583]]]},"properties":{"c":"5339356433","n_welfare_capacity":0.9095,"n_sped_school":0.7252,"n_station_flow":0.696,"n_clinic":0.767,"n_zoning":0.5453,"n_noise":0.8502,"n_crowding":0.4328,"n_green":0.0,"demand":0.9185,"load":0.774,"priority":0.9229,"host":"下馬図書館","host_kind":"図書館","host_ward":"世田谷区","host_d":100,"f_welfare_n":35,"f_welfare_cap":372,"f_school_n":1,"f_clinic_n":11,"f_station_riders":167214,"f_station_dist":581,"f_noise_db":72.1,"f_station_name":"三軒茶屋","f_zoning_name":"第一種中高層住居専用地域"}},{"type":"Feature","geometry":{"type":"Polygon","coordinates":[[[139.678125,35.639583],[139.68125,35.639583],[139.68125,35.641667],[139.678125,35.641667],[139.678125,35.639583]]]},"properties":{"c":"5339356434","n_welfare_capacity":0.9211,"n_sped_school":0.7852,"n_station_flow":0.5129,"n_clinic":0.7563,"n_zoning":0.5202,"n_noise":0.6987,"n_crowding":0.4328,"n_green":0.0,"demand":0.8647,"load":0.6879,"priority":0.8493,"host":"下馬図書館","host_kind":"図書館","host_ward":"世田谷区","host_d":325,"f_welfare_n":28,"f_welfare_cap":272,"f_school_n":1,"f_clinic_n":5,"f_station_riders":167214,"f_station_dist":834,"f_noise_db":70.4,"f_station_name":"三軒茶屋","f_zoning_name":"第一種中高層住居専用地域"}},{"type":"Feature","geometry":{"type":"Polygon","coordinates":[[[139.68125,35.639583],[139.684375,35.639583],[139.684375,35.641667],[139.68125,35.641667],[139.68125,35.639583]]]},"properties":{"c":"5339356443","n_welfare_capacity":0.9283,"n_sped_school":0.8159,"n_station_flow":0.3842,"n_clinic":0.7733,"n_zoning":0.8789,"n_noise":0.3112,"n_crowding":0.3985,"n_green":0.0,"demand":0.8271,"load":0.6744,"priority":0.8197,"host":"下馬図書館","host_kind":"図書館","host_ward":"世田谷区","host_d":601,"f_welfare_n":16,"f_welfare_cap":212,"f_school_n":1,"f_clinic_n":2,"f_station_riders":29907,"f_station_dist":815,"f_noise_db":68.5,"f_station_name":"祐天寺","f_zoning_name":"近隣商業地域"}},{"type":"Feature","geometry":{"type":"Polygon","coordinates":[[[139.684375,35.639583],[139.6875,35.639583],[139.6875,35.641667],[139.684375,35.641667],[139.684375,35.639583]]]},"properties":{"c":"5339356444","n_welfare_capacity":0.8746,"n_sped_school":0.8145,"n_station_flow":0.1673,"n_clinic":0.7832,"n_zoning":0.6717,"n_noise":0.1309,"n_crowding":0.3985,"n_green":0.0,"demand":0.7285,"load":0.4359,"priority":0.6305,"host":"目黒区立烏森住区センター児童館","host_kind":"児童館","host_ward":"目黒区","host_d":632,"f_welfare_n":14,"f_welfare_cap":201,"f_school_n":1,"f_clinic_n":3,"f_station_riders":29907,"f_station_dist":580,"f_noise_db":67.3,"f_station_name":"祐天寺","f_zoning_name":"第一種低層住居専用地域"}},{"type":"Feature","geometry":{"type":"Polygon","coordinates":[[[139.5875,35.641667],[139.590625,35.641667],[139.590625,35.64375],[139.5875,35.64375],[139.5875,35.641667]]]},"properties":{"c":"5339347711","n_welfare_capacity":0.3548,"n_sped_school":0.0,"n_station_flow":0.2356,"n_clinic":0.2832,"n_zoning":0.4422,"n_noise":0.1659,"n_crowding":0.0086,"n_green":0.0,"demand":0.1855,"load":0.1381,"priority":0.1408,"host":"喜多見地区会館","host_kind":"区民センター","host_ward":"世田谷区","host_d":655,"f_welfare_n":18,"f_welfare_cap":180,"f_clinic_n":3,"f_station_riders":30793,"f_station_dist":719,"f_noise_db":67.7,"f_station_name":"喜多見","f_zoning_name":"第一種低層住居専用地域"}},{"type":"Feature","geometry":{"type":"Polygon","coordinates":[[[139.590625,35.641667],[139.59375,35.641667],[139.59375,35.64375],[139.590625,35.64375],[139.590625,35.641667]]]},"properties":{"c":"5339347712","n_welfare_capacity":0.3575,"n_sped_school":0.0,"n_station_flow":0.3832,"n_clinic":0.3522,"n_zoning":0.0345,"n_noise":0.365,"n_crowding":0.0086,"n_green":0.0,"demand":0.2688,"load":0.0583,"priority":0.1013,"host":"喜多見地区会館","host_kind":"区民センター","host_ward":"世田谷区","host_d":693,"f_welfare_n":21,"f_welfare_cap":190,"f_clinic_n":7,"f_station_riders":80513,"f_station_dist":686,"f_noise_db":68.8,"f_station_name":"成城学園前","f_zoning_name":"第一種低層住居専用地域"}},{"type":"Feature","geometry":{"type":"Polygon","coordinates":[[[139.59375,35.641667],[139.596875,35.641667],[139.596875,35.64375],[139.59375,35.64375],[139.59375,35.641667]]]},"properties":{"c":"5339347721","n_welfare_capacity":0.3522,"n_sped_school":0.0,"n_station_flow":0.5,"n_clinic":0.4525,"n_zoning":0.0735,"n_noise":0.4081,"n_crowding":0.1647,"n_green":0.0,"demand":0.3468,"load":0.122,"priority":0.1946,"host":"砧区民会館（成城ホール）（複合施設）","host_kind":"区民センター","host_ward":"世田谷区","host_d":513,"f_welfare_n":17,"f_welfare_cap":140,"f_clinic_n":7,"f_station_riders":80513,"f_station_dist":445,"f_noise_db":69.1,"f_station_name":"成城学園前","f_zoning_name":"第一種低層住居専用地域"}},{"type":"Feature","geometry":{"type":"Polygon","coordinates":[[[139.596875,35.641667],[139.6,35.641667],[139.6,35.64375],[139.596875,35.64375],[139.596875,35.641667]]]},"properties":{"c":"5339347722","n_welfare_capacity":0.5197,"n_sped_school":0.0,"n_station_flow":0.6109,"n_clinic":0.5099,"n_zoning":0.1641,"n_noise":0.6332,"n_crowding":0.1647,"n_green":0.0,"demand":0.5009,"load":0.278,"priority":0.4036,"host":"砧図書館","host_kind":"図書館","host_ward":"世田谷区","host_d":513,"f_welfare_n":32,"f_welfare_cap":295,"f_clinic_n":7,"f_station_riders":80513,"f_station_dist":291,"f_noise_db":70.0,"f_station_name":"成城学園前","f_zoning_name":"第一種低層住居専用地域"}},{"type":"Feature","geometry":{"type":"Polygon","coordinates":[[[139.6,35.641667],[139.603125,35.641667],[139.603125,35.64375],[139.6,35.64375],[139.6,35.641667]]]},"properties":{"c":"5339347811","n_welfare_capacity":0.6882,"n_sped_school":0.0,"n_station_flow":0.6396,"n_clinic":0.5206,"n_zoning":0.3507,"n_noise":0.6332,"n_crowding":0.6801,"n_green":0.6302,"demand":0.5797,"load":0.4206,"priority":0.5417,"host":"砧図書館","host_kind":"図書館","host_ward":"世田谷区","host_d":233,"f_welfare_n":45,"f_welfare_cap":315,"f_clinic_n":7,"f_station_riders":80513,"f_station_dist":363,"f_noise_db":70.0,"f_green_pct":2.4,"f_station_name":"成城学園前","f_zoning_name":"第一種中高層住居専用地域"}},{"type":"Feature","geometry":{"type":"Polygon","coordinates":[[[139.603125,35.641667],[139.60625,35.641667],[139.60625,35.64375],[139.603125,35.64375],[139.603125,35.641667]]]},"properties":{"c":"5339347812","n_welfare_capacity":0.7939,"n_sped_school":0.0,"n_station_flow":0.6208,"n_clinic":0.4516,"n_zoning":0.574,"n_noise":0.6332,"n_crowding":0.6801,"n_green":0.0,"demand":0.5968,"load":0.791,"priority":0.7668,"host":"砧図書館","host_kind":"図書館","host_ward":"世田谷区","host_d":78,"f_welfare_n":47,"f_welfare_cap":325,"f_clinic_n":7,"f_station_riders":47616,"f_station_dist":467,"f_noise_db":70.0,"f_station_name":"祖師ヶ谷大蔵","f_zoning_name":"第一種低層住居専用地域"}},{"type":"Feature","geometry":{"type":"Polygon","coordinates":[[[139.60625,35.641667],[139.609375,35.641667],[139.609375,35.64375],[139.60625,35.64375],[139.60625,35.641667]]]},"properties":{"c":"5339347821","n_welfare_capacity":0.8575,"n_sped_school":0.0,"n_station_flow":0.5584,"n_clinic":0.3683,"n_zoning":0.8529,"n_noise":0.6332,"n_crowding":0.7234,"n_green":0.0,"demand":0.5887,"load":0.9148,"priority":0.8027,"host":"砧図書館","host_kind":"図書館","host_ward":"世田谷区","host_d":343,"f_welfare_n":53,"f_welfare_cap":403,"f_clinic_n":4,"f_station_riders":47616,"f_station_dist":190,"f_noise_db":70.0,"f_station_name":"祖師ヶ谷大蔵","f_zoning_name":"近隣商業地域"}},{"type":"Feature","geometry":{"type":"Polygon","coordinates":[[[139.609375,35.641667],[139.6125,35.641667],[139.6125,35.64375],[139.609375,35.64375],[139.609375,35.641667]]]},"properties":{"c":"5339347822","n_welfare_capacity":0.9176,"n_sped_school":0.0,"n_station_flow":0.4455,"n_clinic":0.2894,"n_zoning":0.4108,"n_noise":0.6332,"n_crowding":0.7234,"n_green":0.4453,"demand":0.5654,"load":0.5641,"priority":0.6314,"host":"砧図書館","host_kind":"図書館","host_ward":"世田谷区","host_d":624,"f_welfare_n":47,"f_welfare_cap":368,"f_clinic_n":1,"f_station_riders":47616,"f_station_dist":120,"f_noise_db":70.0,"f_green_pct":1.2,"f_station_name":"祖師ヶ谷大蔵","f_zoning_name":"第一種低層住居専用地域"}},{"type":"Feature","geometry":{"type":"Polygon","coordinates":[[[139.6125,35.641667],[139.615625,35.641667],[139.615625,35.64375],[139.6125,35.64375],[139.6125,35.641667]]]},"properties":{"c":"5339347911","n_welfare_capacity":0.9319,"n_sped_school":0.0,"n_station_flow":0.3356,"n_clinic":0.198,"n_zoning":0.2691,"n_noise":0.5381,"n_crowding":0.5862,"n_green":0.4294,"demand":0.5063,"load":0.3399,"priority":0.4502,"host":"祖師谷地区会館","host_kind":"区民センター","host_ward":"世田谷区","host_d":585,"f_welfare_n":50,"f_welfare_cap":466,"f_clinic_n":1,"f_station_riders":47616,"f_station_dist":391,"f_noise_db":69.6,"f_green_pct":1.1,"f_station_name":"祖師ヶ谷大蔵","f_zoning_name":"第一種低層住居専用地域"}},{"type":"Feature","geometry":{"type":"Polygon","coordinates":[[[139.615625,35.641667],[139.61875,35.641667],[139.61875,35.64375],[139.615625,35.64375],[139.615625,35.641667]]]},"properties":{"c":"5339347912","n_welfare_capacity":0.94,"n_sped_school":0.0,"n_station_flow":0.2911,"n_clinic":0.1048,"n_zoning":0.4287,"n_noise":0.5453,"n_crowding":0.5862,"n_green":0.0,"demand":0.4642,"load":0.6314,"priority":0.5955,"host":"桜丘図書館（複合施設）","host_kind":"図書館","host_ward":"世田谷区","host_d":504,"f_welfare_n":34,"f_welfare_cap":268,"f_clinic_n":1,"f_station_riders":47616,"f_station_dist":672,"f_noise_db":69.6,"f_station_name":"祖師ヶ谷大蔵","f_zoning_name":"第一種低層住居専用地域"}},{"type":"Feature","geometry":{"type":"Polygon","coordinates":[[[139.61875,35.641667],[139.621875,35.641667],[139.621875,35.64375],[139.61875,35.64375],[139.61875,35.641667]]]},"properties":{"c":"5339347921","n_welfare_capacity":0.8799,"n_sped_school":0.0,"n_station_flow":0.2733,"n_clinic":0.0896,"n_zoning":0.3543,"n_noise":0.5489,"n_crowding":0.2053,"n_green":0.837,"demand":0.4185,"load":0.0996,"priority":0.1919,"host":"桜丘図書館（複合施設）","host_kind":"図書館","host_ward":"世田谷区","host_d":284,"f_welfare_n":41,"f_welfare_cap":326,"f_clinic_n":1,"f_station_riders":55873,"f_station_dist":670,"f_noise_db":69.7,"f_green_pct":9.8,"f_station_name":"千歳船橋","f_zoning_name":"第一種低層住居専用地域"}},{"type":"Feature","geometry":{"type":"Polygon","coordinates":[[[139.621875,35.641667],[139.625,35.641667],[139.625,35.64375],[139.621875,35.64375],[139.621875,35.641667]]]},"properties":{"c":"5339347922","n_welfare_capacity":0.759,"n_sped_school":0.0,"n_station_flow":0.2168,"n_clinic":0.0923,"n_zoning":0.0345,"n_noise":0.548,"n_crowding":0.2053,"n_green":0.0755,"demand":0.3342,"load":0.1525,"priority":0.2215,"host":"桜丘図書館（複合施設）","host_kind":"図書館","host_ward":"世田谷区","host_d":258,"f_welfare_n":30,"f_welfare_cap":228,"f_clinic_n":2,"f_station_riders":55873,"f_station_dist":560,"f_noise_db":69.7,"f_green_pct":0.2,"f_station_name":"千歳船橋","f_zoning_name":"第一種低層住居専用地域"}},{"type":"Feature","geometry":{"type":"Polygon","coordinates":[[[139.625,35.641667],[139.628125,35.641667],[139.628125,35.64375],[139.625,35.64375],[139.625,35.641667]]]},"properties":{"c":"5339357011","n_welfare_capacity":0.5959,"n_sped_school":0.0,"n_station_flow":0.203,"n_clinic":0.0986,"n_zoning":0.1453,"n_noise":0.5426,"n_crowding":0.2532,"n_green":0.1113,"demand":0.2446,"load":0.2188,"priority":0.2296,"host":"桜丘図書館（複合施設）","host_kind":"図書館","host_ward":"世田谷区","host_d":462,"f_welfare_n":31,"f_welfare_cap":238,"f_clinic_n":2,"f_station_riders":55873,"f_station_dist":581,"f_noise_db":69.6,"f_green_pct":0.2,"f_station_name":"千歳船橋","f_zoning_name":"第一種低層住居専用地域"}},{"type":"Feature","geometry":{"type":"Polygon","coordinates":[[[139.628125,35.641667],[139.63125,35.641667],[139.63125,35.64375],[139.628125,35.64375],[139.628125,35.641667]]]},"properties":{"c":"5339357012","n_welfare_capacity":0.3486,"n_sped_school":0.0,"n_station_flow":0.2574,"n_clinic":0.1514,"n_zoning":0.4296,"n_noise":0.5291,"n_crowding":0.2532,"n_green":0.008,"demand":0.1658,"load":0.4332,"priority":0.27,"host":"経堂南地区会館","host_kind":"区民センター","host_ward":"世田谷区","host_d":537,"f_welfare_n":28,"f_welfare_cap":228,"f_clinic_n":2,"f_station_riders":55873,"f_station_dist":722,"f_noise_db":69.6,"f_station_name":"千歳船橋","f_zoning_name":"第一種中高層住居専用地域"}},{"type":"Feature","geometry":{"type":"Polygon","coordinates":[[[139.63125,35.641667],[139.634375,35.641667],[139.634375,35.64375],[139.63125,35.64375],[139.63125,35.641667]]]},"properties":{"c":"5339357021","n_welfare_capacity":0.2097,"n_sped_school":0.0084,"n_station_flow":0.2248,"n_clinic":0.2339,"n_zoning":0.4457,"n_noise":0.5247,"n_crowding":0.3281,"n_green":0.0,"demand":0.1263,"load":0.4888,"priority":0.2466,"host":"経堂南地区会館","host_kind":"区民センター","host_ward":"世田谷区","host_d":581,"f_welfare_n":26,"f_welfare_cap":218,"f_clinic_n":2,"f_station_riders":55873,"f_station_dist":931,"f_noise_db":69.6,"f_station_name":"千歳船橋","f_zoning_name":"第一種中高層住居専用地域"}},{"type":"Feature","geometry":{"type":"Polygon","coordinates":[[[139.634375,35.641667],[139.6375,35.641667],[139.6375,35.64375],[139.634375,35.64375],[139.634375,35.641667]]]},"properties":{"c":"5339357022","n_welfare_capacity":0.1496,"n_sped_school":0.0837,"n_station_flow":0.2149,"n_clinic":0.3548,"n_zoning":0.2601,"n_noise":0.6332,"n_crowding":0.3281,"n_green":0.6004,"demand":0.1452,"load":0.1982,"priority":0.1596,"host":"世田谷地区会館","host_kind":"区民センター","host_ward":"世田谷区","host_d":463,"f_welfare_n":14,"f_welfare_cap":90,"f_clinic_n":2,"f_station_riders":82232,"f_station_dist":943,"f_noise_db":70.0,"f_green_pct":2.2,"f_station_name":"経堂","f_zoning_name":"第一種低層住居専用地域"}},{"type":"Feature","geometry":{"type":"Polygon","coordinates":[[[139.6375,35.641667],[139.640625,35.641667],[139.640625,35.64375],[139.6375,35.64375],[139.6375,35.641667]]]},"properties":{"c":"5339357111","n_welfare_capacity":0.1443,"n_sped_school":0.1478,"n_station_flow":0.1743,"n_clinic":0.4686,"n_zoning":0.1695,"n_noise":0.1054,"n_crowding":0.0889,"n_green":0.3996,"demand":0.1631,"load":0.0126,"priority":0.0251,"host":"世田谷地区会館","host_kind":"区民センター","host_ward":"世田谷区","host_d":248,"f_welfare_n":14,"f_welfare_cap":85,"f_clinic_n":5,"f_station_riders":8814,"f_station_dist":667,"f_noise_db":67.0,"f_green_pct":1.0,"f_station_name":"上町","f_zoning_name":"第一種低層住居専用地域"}},{"type":"Feature","geometry":{"type":"Polygon","coordinates":[[[139.640625,35.641667],[139.64375,35.641667],[139.64375,35.64375],[139.640625,35.64375],[139.640625,35.641667]]]},"properties":{"c":"5339357112","n_welfare_capacity":0.1478,"n_sped_school":0.1953,"n_station_flow":0.1772,"n_clinic":0.5332,"n_zoning":0.6852,"n_noise":0.1054,"n_crowding":0.0889,"n_green":0.0915,"demand":0.1953,"load":0.2368,"priority":0.2036,"host":"中央図書館（複合施設）","host_kind":"図書館","host_ward":"世田谷区","host_d":589,"f_welfare_n":21,"f_welfare_cap":137,"f_clinic_n":5,"f_station_riders":8814,"f_station_dist":390,"f_noise_db":67.0,"f_green_pct":0.2,"f_station_name":"上町","f_zoning_name":"第一種中高層住居専用地域"}},{"type":"Feature","geometry":{"type":"Polygon","coordinates":[[[139.64375,35.641667],[139.646875,35.641667],[139.646875,35.64375],[139.64375,35.64375],[139.64375,35.641667]]]},"properties":{"c":"5339357121","n_welfare_capacity":0.2545,"n_sped_school":0.2287,"n_station_flow":0.101,"n_clinic":0.5502,"n_zoning":0.9004,"n_noise":0.1054,"n_crowding":0.6963,"n_green":0.0,"demand":0.2285,"load":0.7211,"priority":0.4377,"host":"中央図書館（複合施設）","host_kind":"図書館","host_ward":"世田谷区","host_d":564,"f_welfare_n":18,"f_welfare_cap":127,"f_clinic_n":6,"f_station_riders":8814,"f_station_dist":135,"f_noise_db":67.0,"f_station_name":"上町","f_zoning_name":"近隣商業地域"}},{"type":"Feature","geometry":{"type":"Polygon","coordinates":[[[139.646875,35.641667],[139.65,35.641667],[139.65,35.64375],[139.646875,35.64375],[139.646875,35.641667]]]},"properties":{"c":"5339357122","n_welfare_capacity":0.3172,"n_sped_school":0.2497,"n_station_flow":0.1277,"n_clinic":0.5932,"n_zoning":0.9049,"n_noise":0.1614,"n_crowding":0.6963,"n_green":0.0,"demand":0.302,"load":0.7498,"priority":0.5229,"host":"世田谷図書館（複合施設）","host_kind":"図書館","host_ward":"世田谷区","host_d":503,"f_welfare_n":50,"f_welfare_cap":302,"f_clinic_n":6,"f_station_riders":8814,"f_station_dist":212,"f_noise_db":67.7,"f_station_name":"上町","f_zoning_name":"第一種住居地域"}},{"type":"Feature","geometry":{"type":"Polygon","coordinates":[[[139.65,35.641667],[139.653125,35.641667],[139.653125,35.64375],[139.65,35.64375],[139.65,35.641667]]]},"properties":{"c":"5339357211","n_welfare_capacity":0.4507,"n_sped_school":0.258,"n_station_flow":0.1416,"n_clinic":0.5824,"n_zoning":0.8996,"n_noise":0.1354,"n_crowding":0.7532,"n_green":0.0,"demand":0.3701,"load":0.757,"priority":0.5731,"host":"世田谷図書館（複合施設）","host_kind":"図書館","host_ward":"世田谷区","host_d":264,"f_welfare_n":54,"f_welfare_cap":327,"f_clinic_n":5,"f_station_riders":7592,"f_station_dist":109,"f_noise_db":67.3,"f_station_name":"世田谷","f_zoning_name":"近隣商業地域"}},{"type":"Feature","geometry":{"type":"Polygon","coordinates":[[[139.653125,35.641667],[139.65625,35.641667],[139.65625,35.64375],[139.653125,35.64375],[139.653125,35.641667]]]},"properties":{"c":"5339357212","n_welfare_capacity":0.5511,"n_sped_school":0.2483,"n_station_flow":0.1317,"n_clinic":0.5968,"n_zoning":0.8807,"n_noise":0.1229,"n_crowding":0.7532,"n_green":0.3817,"demand":0.4167,"load":0.6108,"priority":0.5534,"host":"世田谷図書館（複合施設）","host_kind":"図書館","host_ward":"世田谷区","host_d":217,"f_welfare_n":59,"f_welfare_cap":397,"f_clinic_n":5,"f_station_riders":9531,"f_station_dist":133,"f_noise_db":67.1,"f_green_pct":1.0,"f_station_name":"松陰神社前","f_zoning_name":"近隣商業地域"}},{"type":"Feature","geometry":{"type":"Polygon","coordinates":[[[139.65625,35.641667],[139.659375,35.641667],[139.659375,35.64375],[139.65625,35.64375],[139.65625,35.641667]]]},"properties":{"c":"5339357221","n_welfare_capacity":0.543,"n_sped_school":0.3863,"n_station_flow":0.201,"n_clinic":0.6237,"n_zoning":0.7623,"n_noise":0.3202,"n_crowding":0.708,"n_green":0.1392,"demand":0.5143,"load":0.7121,"priority":0.6753,"host":"世田谷図書館（複合施設）","host_kind":"図書館","host_ward":"世田谷区","host_d":429,"f_welfare_n":48,"f_welfare_cap":320,"f_clinic_n":4,"f_station_riders":9531,"f_station_dist":287,"f_noise_db":68.5,"f_green_pct":0.3,"f_station_name":"松陰神社前","f_zoning_name":"第一種中高層住居専用地域"}},{"type":"Feature","geometry":{"type":"Polygon","coordinates":[[[139.659375,35.641667],[139.6625,35.641667],[139.6625,35.64375],[139.659375,35.64375],[139.659375,35.641667]]]},"properties":{"c":"5339357222","n_welfare_capacity":0.7258,"n_sped_school":0.4338,"n_station_flow":0.602,"n_clinic":0.6694,"n_zoning":0.9193,"n_noise":0.696,"n_crowding":0.708,"n_green":0.0636,"demand":0.6998,"load":0.9399,"priority":0.8915,"host":"図書館カウンター三軒茶屋（複合施設）","host_kind":"図書館","host_ward":"世田谷区","host_d":694,"f_welfare_n":30,"f_welfare_cap":230,"f_clinic_n":4,"f_station_riders":7606,"f_station_dist":369,"f_noise_db":70.4,"f_green_pct":0.2,"f_station_name":"若林","f_zoning_name":"近隣商業地域"}},{"type":"Feature","geometry":{"type":"Polygon","coordinates":[[[139.6625,35.641667],[139.665625,35.641667],[139.665625,35.64375],[139.6625,35.64375],[139.6625,35.641667]]]},"properties":{"c":"5339357311","n_welfare_capacity":0.7885,"n_sped_school":0.4881,"n_station_flow":0.7257,"n_clinic":0.7392,"n_zoning":0.904,"n_noise":0.7982,"n_crowding":0.6467,"n_green":0.3598,"demand":0.7841,"load":0.8852,"priority":0.9139,"host":"図書館カウンター三軒茶屋（複合施設）","host_kind":"図書館","host_ward":"世田谷区","host_d":413,"f_welfare_n":33,"f_welfare_cap":305,"f_clinic_n":9,"f_station_riders":734,"f_station_dist":289,"f_noise_db":71.5,"f_green_pct":0.9,"f_station_name":"西太子堂","f_zoning_name":"第一種住居地域"}},{"type":"Feature","geometry":{"type":"Polygon","coordinates":[[[139.665625,35.641667],[139.66875,35.641667],[139.66875,35.64375],[139.665625,35.64375],[139.665625,35.641667]]]},"properties":{"c":"5339357312","n_welfare_capacity":0.8324,"n_sped_school":0.5467,"n_station_flow":0.7832,"n_clinic":0.7921,"n_zoning":0.9318,"n_noise":0.8888,"n_crowding":0.6467,"n_green":0.0616,"demand":0.8566,"load":0.9758,"priority":0.974,"host":"図書館カウンター三軒茶屋（複合施設）","host_kind":"図書館","host_ward":"世田谷区","host_d":144,"f_welfare_n":35,"f_welfare_cap":346,"f_clinic_n":10,"f_station_riders":734,"f_station_dist":215,"f_noise_db":72.6,"f_green_pct":0.2,"f_station_name":"西太子堂","f_zoning_name":"第一種住居地域"}},{"type":"Feature","geometry":{"type":"Polygon","coordinates":[[[139.66875,35.641667],[139.671875,35.641667],[139.671875,35.64375],[139.66875,35.64375],[139.66875,35.641667]]]},"properties":{"c":"5339357321","n_welfare_capacity":0.8647,"n_sped_school":0.6402,"n_station_flow":0.8168,"n_clinic":0.8047,"n_zoning":0.9731,"n_noise":0.9561,"n_crowding":0.94,"n_green":0.0,"demand":0.9238,"load":1.0,"priority":0.9883,"host":"図書館カウンター三軒茶屋（複合施設）","host_kind":"図書館","host_ward":"世田谷区","host_d":175,"f_welfare_n":39,"f_welfare_cap":397,"f_clinic_n":10,"f_station_riders":167214,"f_station_dist":106,"f_noise_db":74.2,"f_station_name":"三軒茶屋","f_zoning_name":"商業地域"}},{"type":"Feature","geometry":{"type":"Polygon","coordinates":[[[139.671875,35.641667],[139.675,35.641667],[139.675,35.64375],[139.671875,35.64375],[139.671875,35.641667]]]},"properties":{"c":"5339357322","n_welfare_capacity":0.8987,"n_sped_school":0.643,"n_station_flow":0.8059,"n_clinic":0.7876,"n_zoning":0.8771,"n_noise":0.9587,"n_crowding":0.94,"n_green":0.3082,"demand":0.9373,"load":0.9883,"priority":0.9892,"host":"下馬図書館","host_kind":"図書館","host_ward":"世田谷区","host_d":289,"f_welfare_n":34,"f_welfare_cap":372,"f_school_n":1,"f_clinic_n":10,"f_station_riders":167214,"f_station_dist":223,"f_noise_db":74.2,"f_green_pct":0.7,"f_station_name":"三軒茶屋","f_zoning_name":"近隣商業地域"}},{"type":"Feature","geometry":{"type":"Polygon","coordinates":[[[139.675,35.641667],[139.678125,35.641667],[139.678125,35.64375],[139.675,35.64375],[139.675,35.641667]]]},"properties":{"c":"5339357411","n_welfare_capacity":0.9113,"n_sped_school":0.7336,"n_station_flow":0.7455,"n_clinic":0.759,"n_zoning":0.513,"n_noise":0.9049,"n_crowding":0.7387,"n_green":0.7316,"demand":0.948,"load":0.6762,"priority":0.8825,"host":"下馬図書館","host_kind":"図書館","host_ward":"世田谷区","host_d":137,"f_welfare_n":34,"f_welfare_cap":372,"f_school_n":1,"f_clinic_n":10,"f_station_riders":167214,"f_station_dist":498,"f_noise_db":72.9,"f_green_pct":4.1,"f_station_name":"三軒茶屋","f_zoning_name":"第一種中高層住居専用地域"}},{"type":"Feature","geometry":{"type":"Polygon","coordinates":[[[139.678125,35.641667],[139.68125,35.641667],[139.68125,35.64375],[139.678125,35.64375],[139.678125,35.641667]]]},"properties":{"c":"5339357412","n_welfare_capacity":0.9418,"n_sped_school":0.7936,"n_station_flow":0.6525,"n_clinic":0.7661,"n_zoning":0.6152,"n_noise":0.7991,"n_crowding":0.7387,"n_green":0.9443,"demand":0.9471,"load":0.6036,"priority":0.8287,"host":"下馬図書館","host_kind":"図書館","host_ward":"世田谷区","host_d":338,"f_welfare_n":31,"f_welfare_cap":322,"f_school_n":1,"f_clinic_n":10,"f_station_riders":167214,"f_station_dist":779,"f_noise_db":71.6,"f_green_pct":55.9,"f_station_name":"三軒茶屋","f_zoning_name":"第一種中高層住居専用地域"}},{"type":"Feature","geometry":{"type":"Polygon","coordinates":[[[139.68125,35.641667],[139.684375,35.641667],[139.684375,35.64375],[139.68125,35.64375],[139.68125,35.641667]]]},"properties":{"c":"5339357421","n_welfare_capacity":0.9131,"n_sped_school":0.8187,"n_station_flow":0.4644,"n_clinic":0.7581,"n_zoning":0.7717,"n_noise":0.6762,"n_crowding":0.7703,"n_green":0.8052,"demand":0.8522,"load":0.696,"priority":0.8457,"host":"下馬図書館","host_kind":"図書館","host_ward":"世田谷区","host_d":608,"f_welfare_n":17,"f_welfare_cap":217,"f_school_n":1,"f_clinic_n":2,"f_station_riders":63191,"f_station_dist":908,"f_noise_db":70.2,"f_green_pct":7.5,"f_station_name":"池尻大橋","f_zoning_name":"第一種住居地域"}},{"type":"Feature","geometry":{"type":"Polygon","coordinates":[[[139.70625,35.641667],[139.709375,35.641667],[139.709375,35.64375],[139.70625,35.64375],[139.70625,35.641667]]]},"properties":{"c":"5339357621","n_welfare_capacity":0.3513,"n_sped_school":0.3054,"n_station_flow":0.9149,"n_clinic":0.9355,"n_zoning":0.7193,"n_noise":0.3677,"n_crowding":0.9183,"n_green":0.6759,"demand":0.6846,"load":0.6251,"priority":0.7318,"host":"恵比寿駅前出張所","host_kind":"出張所","host_ward":"渋谷区","host_d":523,"f_welfare_n":14,"f_welfare_cap":143,"f_clinic_n":21,"f_station_riders":356771,"f_station_dist":488,"f_noise_db":68.8,"f_green_pct":2.9,"f_station_name":"恵比寿","f_zoning_name":"第二種中高層住居専用地域"}},{"type":"Feature","geometry":{"type":"Polygon","coordinates":[[[139.709375,35.641667],[139.7125,35.641667],[139.7125,35.64375],[139.709375,35.64375],[139.709375,35.641667]]]},"properties":{"c":"5339357622","n_welfare_capacity":0.2464,"n_sped_school":0.1869,"n_station_flow":0.9119,"n_clinic":0.9409,"n_zoning":0.8475,"n_noise":0.4054,"n_crowding":0.9183,"n_green":0.6899,"demand":0.6317,"load":0.7112,"priority":0.7507,"host":"恵比寿駅前出張所","host_kind":"出張所","host_ward":"渋谷区","host_d":456,"f_welfare_n":8,"f_welfare_cap":105,"f_clinic_n":18,"f_station_riders":356771,"f_station_dist":447,"f_noise_db":69.1,"f_green_pct":3.1,"f_station_name":"恵比寿","f_zoning_name":"第一種住居地域"}},{"type":"Feature","geometry":{"type":"Polygon","coordinates":[[[139.7125,35.641667],[139.715625,35.641667],[139.715625,35.64375],[139.7125,35.64375],[139.7125,35.641667]]]},"properties":{"c":"5339357711","n_welfare_capacity":0.2634,"n_sped_school":0.2608,"n_station_flow":0.9099,"n_clinic":0.9337,"n_zoning":0.9767,"n_noise":0.4691,"n_crowding":0.9662,"n_green":0.6024,"demand":0.6496,"load":0.8466,"priority":0.8135,"host":"恵比寿駅前出張所","host_kind":"出張所","host_ward":"渋谷区","host_d":550,"f_welfare_n":5,"f_welfare_cap":65,"f_clinic_n":15,"f_station_riders":356771,"f_station_dist":567,"f_noise_db":69.5,"f_green_pct":2.2,"f_station_name":"恵比寿","f_zoning_name":"商業地域"}},{"type":"Feature","geometry":{"type":"Polygon","coordinates":[[[139.715625,35.641667],[139.71875,35.641667],[139.71875,35.64375],[139.715625,35.64375],[139.715625,35.641667]]]},"properties":{"c":"5339357712","n_welfare_capacity":0.2366,"n_sped_school":0.3668,"n_station_flow":0.8861,"n_clinic":0.9194,"n_zoning":0.2906,"n_noise":0.7309,"n_crowding":0.9662,"n_green":0.0,"demand":0.655,"load":0.8045,"priority":0.7955,"host":"新橋出張所","host_kind":"出張所","host_ward":"渋谷区","host_d":550,"f_welfare_n":7,"f_welfare_cap":75,"f_clinic_n":14,"f_station_riders":356771,"f_station_dist":777,"f_noise_db":70.7,"f_station_name":"恵比寿","f_zoning_name":"第一種低層住居専用地域"}},{"type":"Feature","geometry":{"type":"Polygon","coordinates":[[[139.5875,35.64375],[139.590625,35.64375],[139.590625,35.645833],[139.5875,35.645833],[139.5875,35.64375]]]},"properties":{"c":"5339347713","n_welfare_capacity":0.2384,"n_sped_school":0.0,"n_station_flow":0.1426,"n_clinic":0.2267,"n_zoning":0.2269,"n_noise":0.1865,"n_crowding":0.0086,"n_green":0.8469,"demand":0.112,"load":0.0045,"priority":0.009,"f_welfare_n":13,"f_welfare_cap":120,"f_clinic_n":1,"f_station_riders":30793,"f_station_dist":943,"f_noise_db":67.9,"f_green_pct":11.1,"f_station_name":"喜多見","f_zoning_name":"第一種低層住居専用地域"}},{"type":"Feature","geometry":{"type":"Polygon","coordinates":[[[139.590625,35.64375],[139.59375,35.64375],[139.59375,35.645833],[139.590625,35.645833],[139.590625,35.64375]]]},"properties":{"c":"5339347714","n_welfare_capacity":0.2392,"n_sped_school":0.0,"n_station_flow":0.2446,"n_clinic":0.2975,"n_zoning":0.0345,"n_noise":0.2879,"n_crowding":0.0086,"n_green":0.0,"demand":0.1523,"load":0.043,"priority":0.0511,"f_welfare_n":16,"f_welfare_cap":135,"f_clinic_n":4,"f_station_riders":80513,"f_station_dist":810,"f_noise_db":68.3,"f_station_name":"成城学園前","f_zoning_name":"第一種低層住居専用地域"}},{"type":"Feature","geometry":{"type":"Polygon","coordinates":[[[139.59375,35.64375],[139.596875,35.64375],[139.596875,35.645833],[139.59375,35.645833],[139.59375,35.64375]]]},"properties":{"c":"5339347723","n_welfare_capacity":0.2348,"n_sped_school":0.0,"n_station_flow":0.3168,"n_clinic":0.3871,"n_zoning":0.0345,"n_noise":0.3516,"n_crowding":0.1647,"n_green":0.0,"demand":0.1873,"load":0.0924,"priority":0.1139,"host":"砧区民会館（成城ホール）（複合施設）","host_kind":"区民センター","host_ward":"世田谷区","host_d":625,"f_welfare_n":19,"f_welfare_cap":155,"f_clinic_n":6,"f_station_riders":80513,"f_station_dist":619,"f_noise_db":68.7,"f_station_name":"成城学園前","f_zoning_name":"第一種低層住居専用地域"}},{"type":"Feature","geometry":{"type":"Polygon","coordinates":[[[139.596875,35.64375],[139.6,35.64375],[139.6,35.645833],[139.596875,35.645833],[139.596875,35.64375]]]},"properties":{"c":"5339347724","n_welfare_capacity":0.371,"n_sped_school":0.0,"n_station_flow":0.4792,"n_clinic":0.4435,"n_zoning":0.0906,"n_noise":0.6332,"n_crowding":0.1647,"n_green":0.0,"demand":0.345,"load":0.2332,"priority":0.2951,"host":"砧図書館","host_kind":"図書館","host_ward":"世田谷区","host_d":584,"f_welfare_n":31,"f_welfare_cap":295,"f_clinic_n":7,"f_station_riders":80513,"f_station_dist":520,"f_noise_db":70.0,"f_station_name":"成城学園前","f_zoning_name":"第一種低層住居専用地域"}},{"type":"Feature","geometry":{"type":"Polygon","coordinates":[[[139.6,35.64375],[139.603125,35.64375],[139.603125,35.645833],[139.6,35.645833],[139.6,35.64375]]]},"properties":{"c":"5339347813","n_welfare_capacity":0.6317,"n_sped_school":0.0,"n_station_flow":0.5356,"n_clinic":0.4444,"n_zoning":0.3901,"n_noise":0.6332,"n_crowding":0.6801,"n_green":0.0,"demand":0.5099,"load":0.6924,"priority":0.6664,"host":"砧図書館","host_kind":"図書館","host_ward":"世田谷区","host_d":364,"f_welfare_n":42,"f_welfare_cap":340,"f_clinic_n":8,"f_station_riders":80513,"f_station_dist":563,"f_noise_db":70.0,"f_station_name":"成城学園前","f_zoning_name":"第一種中高層住居専用地域"}},{"type":"Feature","geometry":{"type":"Polygon","coordinates":[[[139.603125,35.64375],[139.60625,35.64375],[139.60625,35.645833],[139.603125,35.645833],[139.603125,35.64375]]]},"properties":{"c":"5339347814","n_welfare_capacity":0.7473,"n_sped_school":0.0,"n_station_flow":0.5337,"n_clinic":0.4122,"n_zoning":0.0668,"n_noise":0.6332,"n_crowding":0.6801,"n_green":0.0,"demand":0.5529,"load":0.4906,"priority":0.565,"host":"砧図書館","host_kind":"図書館","host_ward":"世田谷区","host_d":290,"f_welfare_n":44,"f_welfare_cap":305,"f_clinic_n":5,"f_station_riders":47616,"f_station_dist":493,"f_noise_db":70.0,"f_station_name":"祖師ヶ谷大蔵","f_zoning_name":"第一種低層住居専用地域"}},{"type":"Feature","geometry":{"type":"Polygon","coordinates":[[[139.60625,35.64375],[139.609375,35.64375],[139.609375,35.645833],[139.60625,35.645833],[139.60625,35.64375]]]},"properties":{"c":"5339347823","n_welfare_capacity":0.8387,"n_sped_school":0.0,"n_station_flow":0.495,"n_clinic":0.3378,"n_zoning":0.3937,"n_noise":0.6332,"n_crowding":0.7234,"n_green":0.0696,"demand":0.5627,"load":0.6915,"priority":0.7013,"host":"砧図書館","host_kind":"図書館","host_ward":"世田谷区","host_d":443,"f_welfare_n":52,"f_welfare_cap":393,"f_clinic_n":3,"f_station_riders":47616,"f_station_dist":247,"f_noise_db":70.0,"f_green_pct":0.2,"f_station_name":"祖師ヶ谷大蔵","f_zoning_name":"第一種低層住居専用地域"}},{"type":"Feature","geometry":{"type":"Polygon","coordinates":[[[139.609375,35.64375],[139.6125,35.64375],[139.6125,35.645833],[139.609375,35.645833],[139.609375,35.64375]]]},"properties":{"c":"5339347824","n_welfare_capacity":0.9023,"n_sped_school":0.0,"n_station_flow":0.4109,"n_clinic":0.2706,"n_zoning":0.1686,"n_noise":0.5,"n_crowding":0.7234,"n_green":0.0,"demand":0.543,"load":0.5013,"priority":0.5668,"host":"砧図書館","host_kind":"図書館","host_ward":"世田谷区","host_d":684,"f_welfare_n":54,"f_welfare_cap":423,"f_clinic_n":2,"f_station_riders":47616,"f_station_dist":198,"f_noise_db":69.6,"f_station_name":"祖師ヶ谷大蔵","f_zoning_name":"第一種低層住居専用地域"}},{"type":"Feature","geometry":{"type":"Polygon","coordinates":[[[139.6125,35.64375],[139.615625,35.64375],[139.615625,35.645833],[139.6125,35.645833],[139.6125,35.64375]]]},"properties":{"c":"5339347913","n_welfare_capacity":0.9256,"n_sped_school":0.0,"n_station_flow":0.3545,"n_clinic":0.1998,"n_zoning":0.3803,"n_noise":0.6332,"n_crowding":0.5862,"n_green":0.6481,"demand":0.5134,"load":0.3803,"priority":0.4753,"host":"祖師谷まちづくりセンター（複合施設）","host_kind":"出張所","host_ward":"世田谷区","host_d":580,"f_welfare_n":50,"f_welfare_cap":378,"f_clinic_n":3,"f_station_riders":47616,"f_station_dist":422,"f_noise_db":70.0,"f_green_pct":2.6,"f_station_name":"祖師ヶ谷大蔵","f_zoning_name":"第一種低層住居専用地域"}},{"type":"Feature","geometry":{"type":"Polygon","coordinates":[[[139.615625,35.64375],[139.61875,35.64375],[139.61875,35.645833],[139.615625,35.645833],[139.615625,35.64375]]]},"properties":{"c":"5339347914","n_welfare_capacity":0.9337,"n_sped_school":0.0,"n_station_flow":0.3505,"n_clinic":0.1084,"n_zoning":0.7372,"n_noise":0.6332,"n_crowding":0.5862,"n_green":0.0,"demand":0.4879,"load":0.8287,"priority":0.7148,"host":"桜丘図書館（複合施設）","host_kind":"図書館","host_ward":"世田谷区","host_d":449,"f_welfare_n":43,"f_welfare_cap":343,"f_clinic_n":1,"f_station_riders":47616,"f_station_dist":691,"f_noise_db":70.0,"f_station_name":"祖師ヶ谷大蔵","f_zoning_name":"第一種中高層住居専用地域"}},{"type":"Feature","geometry":{"type":"Polygon","coordinates":[[[139.61875,35.64375],[139.621875,35.64375],[139.621875,35.645833],[139.61875,35.645833],[139.61875,35.64375]]]},"properties":{"c":"5339347923","n_welfare_capacity":0.8916,"n_sped_school":0.0,"n_station_flow":0.3782,"n_clinic":0.0851,"n_zoning":0.3363,"n_noise":0.5417,"n_crowding":0.2053,"n_green":0.5666,"demand":0.4767,"load":0.1534,"priority":0.2753,"host":"桜丘図書館（複合施設）","host_kind":"図書館","host_ward":"世田谷区","host_d":166,"f_welfare_n":42,"f_welfare_cap":336,"f_clinic_n":1,"f_station_riders":55873,"f_station_dist":498,"f_noise_db":69.6,"f_green_pct":1.8,"f_station_name":"千歳船橋","f_zoning_name":"第一種低層住居専用地域"}},{"type":"Feature","geometry":{"type":"Polygon","coordinates":[[[139.621875,35.64375],[139.625,35.64375],[139.625,35.645833],[139.621875,35.645833],[139.621875,35.64375]]]},"properties":{"c":"5339347924","n_welfare_capacity":0.8082,"n_sped_school":0.0,"n_station_flow":0.3238,"n_clinic":0.1219,"n_zoning":0.2484,"n_noise":0.5408,"n_crowding":0.2053,"n_green":0.0,"demand":0.4113,"load":0.2978,"priority":0.3785,"host":"桜丘図書館（複合施設）","host_kind":"図書館","host_ward":"世田谷区","host_d":117,"f_welfare_n":37,"f_welfare_cap":283,"f_clinic_n":1,"f_station_riders":55873,"f_station_dist":335,"f_noise_db":69.6,"f_station_name":"千歳船橋","f_zoning_name":"第一種低層住居専用地域"}},{"type":"Feature","geometry":{"type":"Polygon","coordinates":[[[139.625,35.64375],[139.628125,35.64375],[139.628125,35.645833],[139.625,35.645833],[139.625,35.64375]]]},"properties":{"c":"5339357013","n_welfare_capacity":0.5914,"n_sped_school":0.0,"n_station_flow":0.4337,"n_clinic":0.1165,"n_zoning":0.2735,"n_noise":0.5363,"n_crowding":0.2532,"n_green":0.1074,"demand":0.3504,"load":0.2951,"priority":0.3399,"host":"桜丘図書館（複合施設）","host_kind":"図書館","host_ward":"世田谷区","host_d":400,"f_welfare_n":34,"f_welfare_cap":268,"f_clinic_n":1,"f_station_riders":55873,"f_station_dist":369,"f_noise_db":69.6,"f_green_pct":0.2,"f_station_name":"千歳船橋","f_zoning_name":"第一種低層住居専用地域"}},{"type":"Feature","geometry":{"type":"Polygon","coordinates":[[[139.628125,35.64375],[139.63125,35.64375],[139.63125,35.645833],[139.628125,35.645833],[139.628125,35.64375]]]},"properties":{"c":"5339357014","n_welfare_capacity":0.3826,"n_sped_school":0.0,"n_station_flow":0.4356,"n_clinic":0.172,"n_zoning":0.4368,"n_noise":0.5265,"n_crowding":0.2532,"n_green":0.006,"demand":0.259,"load":0.4386,"priority":0.3605,"host":"桜丘図書館（複合施設）","host_kind":"図書館","host_ward":"世田谷区","host_d":683,"f_welfare_n":37,"f_welfare_cap":253,"f_station_riders":55873,"f_station_dist":566,"f_noise_db":69.6,"f_station_name":"千歳船橋","f_zoning_name":"第一種中高層住居専用地域"}},{"type":"Feature","geometry":{"type":"Polygon","coordinates":[[[139.63125,35.64375],[139.634375,35.64375],[139.634375,35.645833],[139.63125,35.645833],[139.63125,35.64375]]]},"properties":{"c":"5339357023","n_welfare_capacity":0.2491,"n_sped_school":0.0711,"n_station_flow":0.4168,"n_clinic":0.2473,"n_zoning":0.1318,"n_noise":0.6332,"n_crowding":0.3281,"n_green":0.0,"demand":0.2294,"load":0.3363,"priority":0.2852,"host":"経堂南地区会館","host_kind":"区民センター","host_ward":"世田谷区","host_d":380,"f_welfare_n":22,"f_welfare_cap":153,"f_clinic_n":3,"f_station_riders":82232,"f_station_dist":791,"f_noise_db":70.0,"f_station_name":"経堂","f_zoning_name":"第一種低層住居専用地域"}},{"type":"Feature","geometry":{"type":"Polygon","coordinates":[[[139.634375,35.64375],[139.6375,35.64375],[139.6375,35.645833],[139.634375,35.645833],[139.634375,35.64375]]]},"properties":{"c":"5339357024","n_welfare_capacity":0.1541,"n_sped_school":0.1492,"n_station_flow":0.402,"n_clinic":0.3593,"n_zoning":0.0345,"n_noise":0.5,"n_crowding":0.3281,"n_green":0.0,"demand":0.2366,"load":0.2063,"priority":0.2135,"host":"経堂南地区会館","host_kind":"区民センター","host_ward":"世田谷区","host_d":595,"f_welfare_n":17,"f_welfare_cap":120,"f_clinic_n":5,"f_station_riders":82232,"f_station_dist":713,"f_noise_db":69.6,"f_station_name":"経堂","f_zoning_name":"第一種低層住居専用地域"}},{"type":"Feature","geometry":{"type":"Polygon","coordinates":[[[139.6375,35.64375],[139.640625,35.64375],[139.640625,35.645833],[139.6375,35.645833],[139.6375,35.64375]]]},"properties":{"c":"5339357113","n_welfare_capacity":0.1398,"n_sped_school":0.2036,"n_station_flow":0.3089,"n_clinic":0.4767,"n_zoning":0.2206,"n_noise":0.1054,"n_crowding":0.0889,"n_green":0.0,"demand":0.2392,"load":0.0628,"priority":0.0978,"host":"世田谷地区会館","host_kind":"区民センター","host_ward":"世田谷区","host_d":462,"f_welfare_n":13,"f_welfare_cap":80,"f_clinic_n":6,"f_station_riders":4002,"f_station_dist":612,"f_noise_db":67.0,"f_station_name":"宮の坂","f_zoning_name":"第一種低層住居専用地域"}},{"type":"Feature","geometry":{"type":"Polygon","coordinates":[[[139.640625,35.64375],[139.64375,35.64375],[139.64375,35.645833],[139.640625,35.645833],[139.640625,35.64375]]]},"properties":{"c":"5339357114","n_welfare_capacity":0.2885,"n_sped_school":0.2622,"n_station_flow":0.3485,"n_clinic":0.5287,"n_zoning":0.4933,"n_noise":0.1054,"n_crowding":0.0889,"n_green":0.5408,"demand":0.3719,"load":0.0475,"priority":0.1202,"host":"宮坂区民センター（複合施設）","host_kind":"区民センター","host_ward":"世田谷区","host_d":400,"f_welfare_n":16,"f_welfare_cap":97,"f_clinic_n":5,"f_station_riders":4002,"f_station_dist":394,"f_noise_db":67.0,"f_green_pct":1.7,"f_station_name":"宮の坂","f_zoning_name":"第一種中高層住居専用地域"}},{"type":"Feature","geometry":{"type":"Polygon","coordinates":[[[139.64375,35.64375],[139.646875,35.64375],[139.646875,35.645833],[139.64375,35.645833],[139.64375,35.64375]]]},"properties":{"c":"5339357123","n_welfare_capacity":0.4337,"n_sped_school":0.3333,"n_station_flow":0.3059,"n_clinic":0.5663,"n_zoning":0.4439,"n_noise":0.1054,"n_crowding":0.6963,"n_green":0.0,"demand":0.4668,"load":0.4269,"priority":0.4834,"host":"宮坂区民センター（複合施設）","host_kind":"区民センター","host_ward":"世田谷区","host_d":329,"f_welfare_n":40,"f_welfare_cap":247,"f_clinic_n":6,"f_station_riders":8814,"f_station_dist":165,"f_noise_db":67.0,"f_station_name":"上町","f_zoning_name":"第一種中高層住居専用地域"}},{"type":"Feature","geometry":{"type":"Polygon","coordinates":[[[139.646875,35.64375],[139.65,35.64375],[139.65,35.645833],[139.646875,35.645833],[139.646875,35.64375]]]},"properties":{"c":"5339357124","n_welfare_capacity":0.5565,"n_sped_school":0.378,"n_station_flow":0.196,"n_clinic":0.5699,"n_zoning":0.7202,"n_noise":0.1054,"n_crowding":0.6963,"n_green":0.0,"demand":0.4991,"load":0.6152,"priority":0.6161,"host":"世田谷図書館（複合施設）","host_kind":"図書館","host_ward":"世田谷区","host_d":466,"f_welfare_n":52,"f_welfare_cap":312,"f_clinic_n":6,"f_station_riders":8814,"f_station_dist":232,"f_noise_db":67.0,"f_station_name":"上町","f_zoning_name":"第一種住居地域"}},{"type":"Feature","geometry":{"type":"Polygon","coordinates":[[[139.65,35.64375],[139.653125,35.64375],[139.653125,35.645833],[139.65,35.645833],[139.65,35.64375]]]},"properties":{"c":"5339357213","n_welfare_capacity":0.6801,"n_sped_school":0.4031,"n_station_flow":0.198,"n_clinic":0.5645,"n_zoning":0.8664,"n_noise":0.1193,"n_crowding":0.7532,"n_green":0.5746,"demand":0.5645,"load":0.5229,"priority":0.6009,"host":"世田谷図書館（複合施設）","host_kind":"図書館","host_ward":"世田谷区","host_d":186,"f_welfare_n":56,"f_welfare_cap":347,"f_clinic_n":5,"f_station_riders":7592,"f_station_dist":158,"f_noise_db":67.1,"f_green_pct":1.9,"f_station_name":"世田谷","f_zoning_name":"第二種住居地域"}},{"type":"Feature","geometry":{"type":"Polygon","coordinates":[[[139.653125,35.64375],[139.65625,35.64375],[139.65625,35.645833],[139.653125,35.645833],[139.653125,35.64375]]]},"properties":{"c":"5339357214","n_welfare_capacity":0.7392,"n_sped_school":0.3752,"n_station_flow":0.1396,"n_clinic":0.5735,"n_zoning":0.8861,"n_noise":0.1462,"n_crowding":0.7532,"n_green":0.0736,"demand":0.5609,"load":0.7318,"priority":0.7184,"host":"世田谷図書館（複合施設）","host_kind":"図書館","host_ward":"世田谷区","host_d":109,"f_welfare_n":59,"f_welfare_cap":397,"f_clinic_n":5,"f_station_riders":9531,"f_station_dist":104,"f_noise_db":67.4,"f_green_pct":0.2,"f_station_name":"松陰神社前","f_zoning_name":"第二種住居地域"}},{"type":"Feature","geometry":{"type":"Polygon","coordinates":[[[139.65625,35.64375],[139.659375,35.64375],[139.659375,35.645833],[139.65625,35.645833],[139.65625,35.64375]]]},"properties":{"c":"5339357223","n_welfare_capacity":0.7572,"n_sped_school":0.3319,"n_station_flow":0.1119,"n_clinic":0.5923,"n_zoning":0.5148,"n_noise":0.348,"n_crowding":0.708,"n_green":0.0,"demand":0.5475,"load":0.6341,"priority":0.661,"host":"世田谷図書館（複合施設）","host_kind":"図書館","host_ward":"世田谷区","host_d":386,"f_welfare_n":47,"f_welfare_cap":310,"f_clinic_n":4,"f_station_riders":7606,"f_station_dist":228,"f_noise_db":68.7,"f_station_name":"若林","f_zoning_name":"第一種中高層住居専用地域"}},{"type":"Feature","geometry":{"type":"Polygon","coordinates":[[[139.659375,35.64375],[139.6625,35.64375],[139.6625,35.645833],[139.659375,35.645833],[139.659375,35.64375]]]},"properties":{"c":"5339357224","n_welfare_capacity":0.7213,"n_sped_school":0.5146,"n_station_flow":0.4822,"n_clinic":0.621,"n_zoning":0.8359,"n_noise":0.5964,"n_crowding":0.708,"n_green":0.0,"demand":0.6819,"load":0.8897,"priority":0.8574,"host":"世田谷図書館（複合施設）","host_kind":"図書館","host_ward":"世田谷区","host_d":668,"f_welfare_n":53,"f_welfare_cap":360,"f_clinic_n":4,"f_station_riders":7606,"f_station_dist":156,"f_noise_db":70.0,"f_station_name":"若林","f_zoning_name":"第一種住居地域"}},{"type":"Feature","geometry":{"type":"Polygon","coordinates":[[[139.6625,35.64375],[139.665625,35.64375],[139.665625,35.645833],[139.6625,35.645833],[139.6625,35.64375]]]},"properties":{"c":"5339357313","n_welfare_capacity":0.7867,"n_sped_school":0.5397,"n_station_flow":0.6911,"n_clinic":0.7025,"n_zoning":0.7717,"n_noise":0.7543,"n_crowding":0.6467,"n_green":0.0,"demand":0.7751,"load":0.8996,"priority":0.9166,"host":"図書館カウンター三軒茶屋（複合施設）","host_kind":"図書館","host_ward":"世田谷区","host_d":436,"f_welfare_n":33,"f_welfare_cap":315,"f_clinic_n":9,"f_station_riders":734,"f_station_dist":209,"f_noise_db":70.9,"f_station_name":"西太子堂","f_zoning_name":"第一種住居地域"}},{"type":"Feature","geometry":{"type":"Polygon","coordinates":[[[139.665625,35.64375],[139.66875,35.64375],[139.66875,35.645833],[139.665625,35.645833],[139.665625,35.64375]]]},"properties":{"c":"5339357314","n_welfare_capacity":0.8163,"n_sped_school":0.5858,"n_station_flow":0.7782,"n_clinic":0.7599,"n_zoning":0.8081,"n_noise":0.8735,"n_crowding":0.6467,"n_green":0.507,"demand":0.853,"load":0.8457,"priority":0.9291,"host":"図書館カウンター三軒茶屋（複合施設）","host_kind":"図書館","host_ward":"世田谷区","host_d":200,"f_welfare_n":30,"f_welfare_cap":285,"f_clinic_n":9,"f_station_riders":734,"f_station_dist":82,"f_noise_db":72.3,"f_green_pct":1.6,"f_station_name":"西太子堂","f_zoning_name":"第一種住居地域"}},{"type":"Feature","geometry":{"type":"Polygon","coordinates":[[[139.66875,35.64375],[139.671875,35.64375],[139.671875,35.645833],[139.66875,35.645833],[139.66875,35.64375]]]},"properties":{"c":"5339357323","n_welfare_capacity":0.8952,"n_sped_school":0.6625,"n_station_flow":0.8139,"n_clinic":0.7993,"n_zoning":0.9659,"n_noise":0.9641,"n_crowding":0.94,"n_green":0.0278,"demand":0.9516,"load":0.9982,"priority":0.9937,"host":"図書館カウンター三軒茶屋（複合施設）","host_kind":"図書館","host_ward":"世田谷区","host_d":224,"f_welfare_n":44,"f_welfare_cap":442,"f_clinic_n":10,"f_station_riders":167214,"f_station_dist":171,"f_noise_db":74.3,"f_green_pct":0.1,"f_station_name":"三軒茶屋","f_zoning_name":"商業地域"}},{"type":"Feature","geometry":{"type":"Polygon","coordinates":[[[139.671875,35.64375],[139.675,35.64375],[139.675,35.645833],[139.671875,35.645833],[139.671875,35.64375]]]},"properties":{"c":"5339357324","n_welfare_capacity":0.9238,"n_sped_school":0.6206,"n_station_flow":0.798,"n_clinic":0.7769,"n_zoning":0.9283,"n_noise":1.0,"n_crowding":0.94,"n_green":0.0,"demand":0.9319,"load":0.9991,"priority":0.9901,"host":"下馬図書館","host_kind":"図書館","host_ward":"世田谷区","host_d":447,"f_welfare_n":50,"f_welfare_cap":507,"f_school_n":1,"f_clinic_n":11,"f_station_riders":167214,"f_station_dist":260,"f_noise_db":75.8,"f_station_name":"三軒茶屋","f_zoning_name":"第一種住居地域"}},{"type":"Feature","geometry":{"type":"Polygon","coordinates":[[[139.675,35.64375],[139.678125,35.64375],[139.678125,35.645833],[139.675,35.645833],[139.675,35.64375]]]},"properties":{"c":"5339357413","n_welfare_capacity":0.9203,"n_sped_school":0.7141,"n_station_flow":0.7505,"n_clinic":0.7643,"n_zoning":0.6117,"n_noise":0.8951,"n_crowding":0.7387,"n_green":0.0,"demand":0.9489,"load":0.9175,"priority":0.9812,"host":"下馬図書館","host_kind":"図書館","host_ward":"世田谷区","host_d":367,"f_welfare_n":42,"f_welfare_cap":438,"f_school_n":1,"f_clinic_n":11,"f_station_riders":167214,"f_station_dist":516,"f_noise_db":72.7,"f_station_name":"三軒茶屋","f_zoning_name":"第一種中高層住居専用地域"}},{"type":"Feature","geometry":{"type":"Polygon","coordinates":[[[139.678125,35.64375],[139.68125,35.64375],[139.68125,35.645833],[139.678125,35.645833],[139.678125,35.64375]]]},"properties":{"c":"5339357414","n_welfare_capacity":0.8701,"n_sped_school":0.7713,"n_station_flow":0.6733,"n_clinic":0.724,"n_zoning":0.7265,"n_noise":0.8601,"n_crowding":0.7387,"n_green":0.9543,"demand":0.8943,"load":0.6996,"priority":0.8673,"host":"下馬図書館","host_kind":"図書館","host_ward":"世田谷区","host_d":479,"f_welfare_n":31,"f_welfare_cap":318,"f_school_n":1,"f_clinic_n":8,"f_station_riders":167214,"f_station_dist":791,"f_noise_db":72.2,"f_green_pct":62.7,"f_station_name":"三軒茶屋","f_zoning_name":"第一種住居地域"}},{"type":"Feature","geometry":{"type":"Polygon","coordinates":[[[139.68125,35.64375],[139.684375,35.64375],[139.684375,35.645833],[139.68125,35.645833],[139.68125,35.64375]]]},"properties":{"c":"5339357423","n_welfare_capacity":0.8719,"n_sped_school":0.8061,"n_station_flow":0.5317,"n_clinic":0.7186,"n_zoning":0.7717,"n_noise":0.7408,"n_crowding":0.7703,"n_green":0.8748,"demand":0.8495,"load":0.7085,"priority":0.852,"host":"下馬図書館","host_kind":"図書館","host_ward":"世田谷区","host_d":697,"f_welfare_n":17,"f_welfare_cap":182,"f_school_n":1,"f_clinic_n":2,"f_station_riders":63191,"f_station_dist":683,"f_noise_db":70.8,"f_green_pct":19.6,"f_station_name":"池尻大橋","f_zoning_name":"第一種住居地域"}},{"type":"Feature","geometry":{"type":"Polygon","coordinates":[[[139.703125,35.64375],[139.70625,35.64375],[139.70625,35.645833],[139.703125,35.645833],[139.703125,35.64375]]]},"properties":{"c":"5339357614","n_welfare_capacity":0.4901,"n_sped_school":0.364,"n_station_flow":0.9208,"n_clinic":0.9319,"n_zoning":0.6726,"n_noise":0.443,"n_crowding":0.8854,"n_green":0.0,"demand":0.7339,"load":0.8296,"priority":0.8583,"host":"恵比寿駅前出張所","host_kind":"出張所","host_ward":"渋谷区","host_d":585,"f_welfare_n":27,"f_welfare_cap":218,"f_clinic_n":22,"f_station_riders":28772,"f_station_dist":399,"f_noise_db":69.4,"f_station_name":"代官山","f_zoning_name":"第二種中高層住居専用地域"}},{"type":"Feature","geometry":{"type":"Polygon","coordinates":[[[139.70625,35.64375],[139.709375,35.64375],[139.709375,35.645833],[139.70625,35.645833],[139.70625,35.64375]]]},"properties":{"c":"5339357623","n_welfare_capacity":0.3996,"n_sped_school":0.3473,"n_station_flow":0.9178,"n_clinic":0.9525,"n_zoning":0.8753,"n_noise":0.2924,"n_crowding":0.9183,"n_green":0.0,"demand":0.7079,"load":0.8691,"priority":0.8646,"host":"恵比寿駅前出張所","host_kind":"出張所","host_ward":"渋谷区","host_d":341,"f_welfare_n":20,"f_welfare_cap":198,"f_clinic_n":22,"f_station_riders":356771,"f_station_dist":296,"f_noise_db":68.4,"f_station_name":"恵比寿","f_zoning_name":"第一種住居地域"}},{"type":"Feature","geometry":{"type":"Polygon","coordinates":[[[139.709375,35.64375],[139.7125,35.64375],[139.7125,35.645833],[139.709375,35.645833],[139.709375,35.64375]]]},"properties":{"c":"5339357624","n_welfare_capacity":0.3181,"n_sped_school":0.2343,"n_station_flow":0.9139,"n_clinic":0.9543,"n_zoning":0.9265,"n_noise":0.3139,"n_crowding":0.9183,"n_green":0.0,"demand":0.6586,"load":0.8924,"priority":0.843,"host":"恵比寿駅前出張所","host_kind":"出張所","host_ward":"渋谷区","host_d":225,"f_welfare_n":12,"f_welfare_cap":120,"f_clinic_n":18,"f_station_riders":356771,"f_station_dist":222,"f_noise_db":68.5,"f_station_name":"恵比寿","f_zoning_name":"第一種住居地域"}},{"type":"Feature","geometry":{"type":"Polygon","coordinates":[[[139.7125,35.64375],[139.715625,35.64375],[139.715625,35.645833],[139.7125,35.645833],[139.7125,35.64375]]]},"properties":{"c":"5339357713","n_welfare_capacity":0.3763,"n_sped_school":0.3487,"n_station_flow":0.905,"n_clinic":0.9435,"n_zoning":0.8852,"n_noise":0.4233,"n_crowding":0.9662,"n_green":0.503,"demand":0.6944,"load":0.8126,"priority":0.8242,"host":"臨川みんなの図書館","host_kind":"図書館","host_ward":"渋谷区","host_d":553,"f_welfare_n":11,"f_welfare_cap":115,"f_clinic_n":18,"f_station_riders":356771,"f_station_dist":414,"f_noise_db":69.2,"f_green_pct":1.5,"f_station_name":"恵比寿","f_zoning_name":"第一種住居地域"}},{"type":"Feature","geometry":{"type":"Polygon","coordinates":[[[139.715625,35.64375],[139.71875,35.64375],[139.71875,35.645833],[139.715625,35.645833],[139.715625,35.64375]]]},"properties":{"c":"5339357714","n_welfare_capacity":0.3871,"n_sped_school":0.477,"n_station_flow":0.8515,"n_clinic":0.9301,"n_zoning":0.8933,"n_noise":0.5794,"n_crowding":0.9662,"n_green":0.0,"demand":0.7133,"load":0.9722,"priority":0.9121,"host":"臨川みんなの図書館","host_kind":"図書館","host_ward":"渋谷区","host_d":525,"f_welfare_n":7,"f_welfare_cap":75,"f_clinic_n":17,"f_station_riders":356771,"f_station_dist":673,"f_noise_db":69.8,"f_station_name":"恵比寿","f_zoning_name":"近隣商業地域"}},{"type":"Feature","geometry":{"type":"Polygon","coordinates":[[[139.71875,35.64375],[139.721875,35.64375],[139.721875,35.645833],[139.71875,35.645833],[139.71875,35.64375]]]},"properties":{"c":"5339357723","n_welfare_capacity":0.431,"n_sped_school":0.5621,"n_station_flow":0.7574,"n_clinic":0.914,"n_zoning":0.9112,"n_noise":0.5839,"n_crowding":0.6986,"n_green":0.0,"demand":0.7168,"load":0.913,"priority":0.8879,"host":"臨川みんなの図書館","host_kind":"図書館","host_ward":"渋谷区","host_d":638,"f_welfare_n":9,"f_welfare_cap":85,"f_school_n":1,"f_clinic_n":10,"f_station_riders":58660,"f_station_dist":764,"f_noise_db":69.8,"f_station_name":"広尾","f_zoning_name":"第一種住居地域"}},{"type":"Feature","geometry":{"type":"Polygon","coordinates":[[[139.590625,35.645833],[139.59375,35.645833],[139.59375,35.647917],[139.590625,35.647917],[139.590625,35.645833]]]},"properties":{"c":"5339347732","n_welfare_capacity":0.1792,"n_sped_school":0.0,"n_station_flow":0.1079,"n_clinic":0.241,"n_zoning":0.2117,"n_noise":0.1874,"n_crowding":0.2225,"n_green":0.0,"demand":0.0941,"load":0.1184,"priority":0.078,"f_welfare_n":14,"f_welfare_cap":125,"f_clinic_n":2,"f_station_riders":80513,"f_station_dist":974,"f_noise_db":67.9,"f_station_name":"成城学園前","f_zoning_name":"第一種低層住居専用地域"}},{"type":"Feature","geometry":{"type":"Polygon","coordinates":[[[139.59375,35.645833],[139.596875,35.645833],[139.596875,35.647917],[139.59375,35.647917],[139.59375,35.645833]]]},"properties":{"c":"5339347741","n_welfare_capacity":0.198,"n_sped_school":0.0,"n_station_flow":0.1822,"n_clinic":0.3029,"n_zoning":0.1605,"n_noise":0.2834,"n_crowding":0.3317,"n_green":0.0,"demand":0.1183,"load":0.1704,"priority":0.1247,"f_welfare_n":20,"f_welfare_cap":165,"f_clinic_n":5,"f_station_riders":80513,"f_station_dist":822,"f_noise_db":68.3,"f_station_name":"成城学園前","f_zoning_name":"第一種低層住居専用地域"}},{"type":"Feature","geometry":{"type":"Polygon","coordinates":[[[139.596875,35.645833],[139.6,35.645833],[139.6,35.647917],[139.596875,35.647917],[139.596875,35.645833]]]},"properties":{"c":"5339347742","n_welfare_capacity":0.336,"n_sped_school":0.0,"n_station_flow":0.2931,"n_clinic":0.3477,"n_zoning":0.0915,"n_noise":0.6332,"n_crowding":0.3317,"n_green":0.0,"demand":0.2088,"load":0.3139,"priority":0.2556,"host":"砧区民会館（成城ホール）（複合施設）","host_kind":"区民センター","host_ward":"世田谷区","host_d":655,"f_welfare_n":24,"f_welfare_cap":235,"f_clinic_n":5,"f_station_riders":80513,"f_station_dist":750,"f_noise_db":70.0,"f_station_name":"成城学園前","f_zoning_name":"第一種低層住居専用地域"}},{"type":"Feature","geometry":{"type":"Polygon","coordinates":[[[139.6,35.645833],[139.603125,35.645833],[139.603125,35.647917],[139.6,35.647917],[139.6,35.645833]]]},"properties":{"c":"5339347831","n_welfare_capacity":0.3978,"n_sped_school":0.0,"n_station_flow":0.3733,"n_clinic":0.3369,"n_zoning":0.1004,"n_noise":0.6332,"n_crowding":0.0384,"n_green":0.0,"demand":0.2876,"load":0.1812,"priority":0.2233,"host":"砧図書館","host_kind":"図書館","host_ward":"世田谷区","host_d":563,"f_welfare_n":40,"f_welfare_cap":330,"f_clinic_n":6,"f_station_riders":80513,"f_station_dist":781,"f_noise_db":70.0,"f_station_name":"成城学園前","f_zoning_name":"第一種低層住居専用地域"}},{"type":"Feature","geometry":{"type":"Polygon","coordinates":[[[139.603125,35.645833],[139.60625,35.645833],[139.60625,35.647917],[139.603125,35.647917],[139.603125,35.645833]]]},"properties":{"c":"5339347832","n_welfare_capacity":0.6631,"n_sped_school":0.0,"n_station_flow":0.3921,"n_clinic":0.3217,"n_zoning":0.0668,"n_noise":0.5,"n_crowding":0.0384,"n_green":0.0,"demand":0.4229,"load":0.1157,"priority":0.2152,"host":"砧図書館","host_kind":"図書館","host_ward":"世田谷区","host_d":519,"f_welfare_n":36,"f_welfare_cap":265,"f_clinic_n":4,"f_station_riders":47616,"f_station_dist":612,"f_noise_db":69.6,"f_station_name":"祖師ヶ谷大蔵","f_zoning_name":"第一種低層住居専用地域"}},{"type":"Feature","geometry":{"type":"Polygon","coordinates":[[[139.60625,35.645833],[139.609375,35.645833],[139.609375,35.647917],[139.60625,35.647917],[139.60625,35.645833]]]},"properties":{"c":"5339347841","n_welfare_capacity":0.7993,"n_sped_school":0.0,"n_station_flow":0.3683,"n_clinic":0.2966,"n_zoning":0.3919,"n_noise":0.5,"n_crowding":0.2351,"n_green":0.0,"demand":0.4803,"load":0.3794,"priority":0.4583,"host":"砧図書館","host_kind":"図書館","host_ward":"世田谷区","host_d":617,"f_welfare_n":44,"f_welfare_cap":343,"f_clinic_n":2,"f_station_riders":47616,"f_station_dist":439,"f_noise_db":69.6,"f_station_name":"祖師ヶ谷大蔵","f_zoning_name":"第一種低層住居専用地域"}},{"type":"Feature","geometry":{"type":"Polygon","coordinates":[[[139.609375,35.645833],[139.6125,35.645833],[139.6125,35.647917],[139.609375,35.647917],[139.609375,35.645833]]]},"properties":{"c":"5339347842","n_welfare_capacity":0.8611,"n_sped_school":0.0,"n_station_flow":0.2277,"n_clinic":0.2384,"n_zoning":0.139,"n_noise":0.5,"n_crowding":0.2351,"n_green":0.0,"demand":0.4301,"load":0.2242,"priority":0.3256,"host":"祖師谷まちづくりセンター（複合施設）","host_kind":"出張所","host_ward":"世田谷区","host_d":246,"f_welfare_n":52,"f_welfare_cap":471,"f_clinic_n":2,"f_station_riders":47616,"f_station_dist":414,"f_noise_db":69.6,"f_station_name":"祖師ヶ谷大蔵","f_zoning_name":"第一種低層住居専用地域"}},{"type":"Feature","geometry":{"type":"Polygon","coordinates":[[[139.6125,35.645833],[139.615625,35.645833],[139.615625,35.647917],[139.6125,35.647917],[139.6125,35.645833]]]},"properties":{"c":"5339347931","n_welfare_capacity":0.9068,"n_sped_school":0.0,"n_station_flow":0.3069,"n_clinic":0.1622,"n_zoning":0.2933,"n_noise":0.5,"n_crowding":0.0889,"n_green":0.0,"demand":0.4713,"load":0.2457,"priority":0.365,"host":"祖師谷まちづくりセンター（複合施設）","host_kind":"出張所","host_ward":"世田谷区","host_d":529,"f_welfare_n":46,"f_welfare_cap":406,"f_clinic_n":2,"f_station_riders":47616,"f_station_dist":557,"f_noise_db":69.6,"f_station_name":"祖師ヶ谷大蔵","f_zoning_name":"第一種低層住居専用地域"}},{"type":"Feature","geometry":{"type":"Polygon","coordinates":[[[139.615625,35.645833],[139.61875,35.645833],[139.61875,35.647917],[139.615625,35.647917],[139.615625,35.645833]]]},"properties":{"c":"5339347932","n_welfare_capacity":0.9086,"n_sped_school":0.0,"n_station_flow":0.3475,"n_clinic":0.1013,"n_zoning":0.6215,"n_noise":0.6332,"n_crowding":0.0889,"n_green":0.833,"demand":0.4749,"load":0.2161,"priority":0.3372,"host":"桜丘図書館（複合施設）","host_kind":"図書館","host_ward":"世田谷区","host_d":505,"f_welfare_n":40,"f_welfare_cap":341,"f_clinic_n":1,"f_station_riders":55873,"f_station_dist":671,"f_noise_db":70.0,"f_green_pct":9.6,"f_station_name":"千歳船橋","f_zoning_name":"第一種中高層住居専用地域"}},{"type":"Feature","geometry":{"type":"Polygon","coordinates":[[[139.61875,35.645833],[139.621875,35.645833],[139.621875,35.647917],[139.61875,35.647917],[139.61875,35.645833]]]},"properties":{"c":"5339347941","n_welfare_capacity":0.8943,"n_sped_school":0.0,"n_station_flow":0.4069,"n_clinic":0.0708,"n_zoning":0.8413,"n_noise":0.6332,"n_crowding":0.8064,"n_green":0.0716,"demand":0.4857,"load":0.9193,"priority":0.7471,"host":"桜丘図書館（複合施設）","host_kind":"図書館","host_ward":"世田谷区","host_d":285,"f_welfare_n":44,"f_welfare_cap":366,"f_clinic_n":1,"f_station_riders":55873,"f_station_dist":392,"f_noise_db":70.0,"f_green_pct":0.2,"f_station_name":"千歳船橋","f_zoning_name":"第一種中高層住居専用地域"}},{"type":"Feature","geometry":{"type":"Polygon","coordinates":[[[139.621875,35.645833],[139.625,35.645833],[139.625,35.647917],[139.621875,35.647917],[139.621875,35.645833]]]},"properties":{"c":"5339347942","n_welfare_capacity":0.8038,"n_sped_school":0.0,"n_station_flow":0.3941,"n_clinic":0.0878,"n_zoning":0.8735,"n_noise":0.6332,"n_crowding":0.8064,"n_green":0.0,"demand":0.4382,"load":0.9462,"priority":0.7229,"host":"桜丘図書館（複合施設）","host_kind":"図書館","host_ward":"世田谷区","host_d":260,"f_welfare_n":42,"f_welfare_cap":343,"f_clinic_n":1,"f_station_riders":55873,"f_station_dist":133,"f_noise_db":70.0,"f_station_name":"千歳船橋","f_zoning_name":"近隣商業地域"}},{"type":"Feature","geometry":{"type":"Polygon","coordinates":[[[139.625,35.645833],[139.628125,35.645833],[139.628125,35.647917],[139.625,35.647917],[139.625,35.645833]]]},"properties":{"c":"5339357031","n_welfare_capacity":0.6586,"n_sped_school":0.0,"n_station_flow":0.5248,"n_clinic":0.1335,"n_zoning":0.5973,"n_noise":0.6332,"n_crowding":0.4364,"n_green":0.0,"demand":0.4364,"load":0.6978,"priority":0.6135,"host":"桜丘図書館（複合施設）","host_kind":"図書館","host_ward":"世田谷区","host_d":463,"f_welfare_n":37,"f_welfare_cap":283,"f_clinic_n":1,"f_station_riders":55873,"f_station_dist":204,"f_noise_db":70.0,"f_station_name":"千歳船橋","f_zoning_name":"第一種中高層住居専用地域"}},{"type":"Feature","geometry":{"type":"Polygon","coordinates":[[[139.628125,35.645833],[139.63125,35.645833],[139.63125,35.647917],[139.628125,35.647917],[139.628125,35.645833]]]},"properties":{"c":"5339357032","n_welfare_capacity":0.4695,"n_sped_school":0.0307,"n_station_flow":0.5535,"n_clinic":0.1882,"n_zoning":0.3668,"n_noise":0.6332,"n_crowding":0.4364,"n_green":0.4016,"demand":0.3781,"load":0.3919,"priority":0.4135,"host":"経堂南地区会館","host_kind":"区民センター","host_ward":"世田谷区","host_d":90,"f_welfare_n":36,"f_welfare_cap":248,"f_clinic_n":2,"f_station_riders":55873,"f_station_dist":475,"f_noise_db":70.0,"f_green_pct":1.0,"f_station_name":"千歳船橋","f_zoning_name":"第一種低層住居専用地域"}},{"type":"Feature","geometry":{"type":"Polygon","coordinates":[[[139.63125,35.645833],[139.634375,35.645833],[139.634375,35.647917],[139.63125,35.647917],[139.63125,35.645833]]]},"properties":{"c":"5339357041","n_welfare_capacity":0.2921,"n_sped_school":0.1185,"n_station_flow":0.5693,"n_clinic":0.2984,"n_zoning":0.4045,"n_noise":0.5,"n_crowding":0.7658,"n_green":0.0,"demand":0.3548,"load":0.6717,"priority":0.539,"host":"経堂図書館","host_kind":"図書館","host_ward":"世田谷区","host_d":683,"f_welfare_n":31,"f_welfare_cap":203,"f_clinic_n":3,"f_station_riders":82232,"f_station_dist":593,"f_noise_db":69.6,"f_station_name":"経堂","f_zoning_name":"第一種低層住居専用地域"}},{"type":"Feature","geometry":{"type":"Polygon","coordinates":[[[139.634375,35.645833],[139.6375,35.645833],[139.6375,35.647917],[139.634375,35.647917],[139.634375,35.645833]]]},"properties":{"c":"5339357042","n_welfare_capacity":0.2276,"n_sped_school":0.1967,"n_station_flow":0.5614,"n_clinic":0.3674,"n_zoning":0.3516,"n_noise":0.5,"n_crowding":0.7658,"n_green":0.3658,"demand":0.3692,"load":0.4978,"priority":0.461,"host":"経堂図書館","host_kind":"図書館","host_ward":"世田谷区","host_d":541,"f_welfare_n":19,"f_welfare_cap":135,"f_clinic_n":5,"f_station_riders":82232,"f_station_dist":483,"f_noise_db":69.6,"f_green_pct":0.9,"f_station_name":"経堂","f_zoning_name":"第一種低層住居専用地域"}},{"type":"Feature","geometry":{"type":"Polygon","coordinates":[[[139.6375,35.645833],[139.640625,35.645833],[139.640625,35.647917],[139.6375,35.647917],[139.6375,35.645833]]]},"properties":{"c":"5339357131","n_welfare_capacity":0.3047,"n_sped_school":0.2734,"n_station_flow":0.5257,"n_clinic":0.4821,"n_zoning":0.0691,"n_noise":0.1054,"n_crowding":0.1557,"n_green":0.0,"demand":0.4588,"load":0.0377,"priority":0.1121,"host":"経堂図書館","host_kind":"図書館","host_ward":"世田谷区","host_d":528,"f_welfare_n":23,"f_welfare_cap":155,"f_clinic_n":6,"f_station_riders":82232,"f_station_dist":525,"f_noise_db":67.0,"f_station_name":"経堂","f_zoning_name":"第一種低層住居専用地域"}},{"type":"Feature","geometry":{"type":"Polygon","coordinates":[[[139.640625,35.645833],[139.64375,35.645833],[139.64375,35.647917],[139.640625,35.647917],[139.640625,35.645833]]]},"properties":{"c":"5339357132","n_welfare_capacity":0.3665,"n_sped_school":0.3696,"n_station_flow":0.4861,"n_clinic":0.5421,"n_zoning":0.3561,"n_noise":0.1054,"n_crowding":0.1557,"n_green":0.0,"demand":0.5242,"load":0.1229,"priority":0.2538,"host":"経堂図書館","host_kind":"図書館","host_ward":"世田谷区","host_d":652,"f_welfare_n":28,"f_welfare_cap":182,"f_clinic_n":5,"f_station_riders":4002,"f_station_dist":259,"f_noise_db":67.0,"f_station_name":"宮の坂","f_zoning_name":"第一種中高層住居専用地域"}},{"type":"Feature","geometry":{"type":"Polygon","coordinates":[[[139.64375,35.645833],[139.646875,35.645833],[139.646875,35.647917],[139.64375,35.647917],[139.64375,35.645833]]]},"properties":{"c":"5339357141","n_welfare_capacity":0.5672,"n_sped_school":0.47,"n_station_flow":0.4327,"n_clinic":0.5591,"n_zoning":0.2987,"n_noise":0.1054,"n_crowding":0.1047,"n_green":0.0,"demand":0.6066,"load":0.0879,"priority":0.2287,"host":"宮坂区民センター（複合施設）","host_kind":"区民センター","host_ward":"世田谷区","host_d":107,"f_welfare_n":50,"f_welfare_cap":317,"f_clinic_n":8,"f_station_riders":4002,"f_station_dist":83,"f_noise_db":67.0,"f_station_name":"宮の坂","f_zoning_name":"第一種低層住居専用地域"}},{"type":"Feature","geometry":{"type":"Polygon","coordinates":[[[139.646875,35.645833],[139.65,35.645833],[139.65,35.647917],[139.646875,35.647917],[139.646875,35.645833]]]},"properties":{"c":"5339357142","n_welfare_capacity":0.7133,"n_sped_school":0.5119,"n_station_flow":0.4099,"n_clinic":0.5358,"n_zoning":0.0345,"n_noise":0.1256,"n_crowding":0.1047,"n_green":0.7833,"demand":0.6505,"load":0.0018,"priority":0.0161,"host":"世田谷図書館（複合施設）","host_kind":"図書館","host_ward":"世田谷区","host_d":538,"f_welfare_n":56,"f_welfare_cap":337,"f_clinic_n":7,"f_station_riders":4002,"f_station_dist":327,"f_noise_db":67.2,"f_green_pct":5.9,"f_station_name":"宮の坂","f_zoning_name":"第一種低層住居専用地域"}},{"type":"Feature","geometry":{"type":"Polygon","coordinates":[[[139.65,35.645833],[139.653125,35.645833],[139.653125,35.647917],[139.65,35.647917],[139.65,35.645833]]]},"properties":{"c":"5339357231","n_welfare_capacity":0.7733,"n_sped_school":0.5272,"n_station_flow":0.2802,"n_clinic":0.4857,"n_zoning":0.7336,"n_noise":0.1247,"n_crowding":0.8299,"n_green":0.0258,"demand":0.6326,"load":0.6861,"priority":0.739,"host":"世田谷図書館（複合施設）","host_kind":"図書館","host_ward":"世田谷区","host_d":326,"f_welfare_n":58,"f_welfare_cap":352,"f_clinic_n":5,"f_station_riders":7592,"f_station_dist":381,"f_noise_db":67.2,"f_green_pct":0.1,"f_station_name":"世田谷","f_zoning_name":"第二種住居地域"}},{"type":"Feature","geometry":{"type":"Polygon","coordinates":[[[139.653125,35.645833],[139.65625,35.645833],[139.65625,35.647917],[139.653125,35.647917],[139.653125,35.645833]]]},"properties":{"c":"5339357232","n_welfare_capacity":0.8073,"n_sped_school":0.5105,"n_station_flow":0.2465,"n_clinic":0.5188,"n_zoning":0.7076,"n_noise":0.1283,"n_crowding":0.8299,"n_green":0.8827,"demand":0.6353,"load":0.3345,"priority":0.5049,"host":"世田谷図書館（複合施設）","host_kind":"図書館","host_ward":"世田谷区","host_d":289,"f_welfare_n":51,"f_welfare_cap":342,"f_clinic_n":5,"f_station_riders":9531,"f_station_dist":333,"f_noise_db":67.2,"f_green_pct":22.1,"f_station_name":"松陰神社前","f_zoning_name":"第一種中高層住居専用地域"}},{"type":"Feature","geometry":{"type":"Polygon","coordinates":[[[139.65625,35.645833],[139.659375,35.645833],[139.659375,35.647917],[139.65625,35.647917],[139.65625,35.645833]]]},"properties":{"c":"5339357241","n_welfare_capacity":0.8065,"n_sped_school":0.4658,"n_station_flow":0.1485,"n_clinic":0.5278,"n_zoning":0.539,"n_noise":0.3821,"n_crowding":0.3741,"n_green":0.0,"demand":0.5959,"load":0.4915,"priority":0.5946,"host":"世田谷図書館（複合施設）","host_kind":"図書館","host_ward":"世田谷区","host_d":470,"f_welfare_n":47,"f_welfare_cap":305,"f_clinic_n":3,"f_station_riders":7606,"f_station_dist":217,"f_noise_db":68.9,"f_station_name":"若林","f_zoning_name":"第一種中高層住居専用地域"}},{"type":"Feature","geometry":{"type":"Polygon","coordinates":[[[139.659375,35.645833],[139.6625,35.645833],[139.6625,35.647917],[139.659375,35.647917],[139.659375,35.645833]]]},"properties":{"c":"5339357242","n_welfare_capacity":0.7805,"n_sped_school":0.5816,"n_station_flow":0.4158,"n_clinic":0.5851,"n_zoning":0.8457,"n_noise":0.4637,"n_crowding":0.3741,"n_green":0.0,"demand":0.6927,"load":0.7256,"priority":0.7776,"host":"（旧）若林まちづくりセンター","host_kind":"出張所","host_ward":"世田谷区","host_d":214,"f_welfare_n":48,"f_welfare_cap":320,"f_clinic_n":4,"f_station_riders":7606,"f_station_dist":141,"f_noise_db":69.5,"f_station_name":"若林","f_zoning_name":"近隣商業地域"}},{"type":"Feature","geometry":{"type":"Polygon","coordinates":[[[139.6625,35.645833],[139.665625,35.645833],[139.665625,35.647917],[139.6625,35.647917],[139.6625,35.645833]]]},"properties":{"c":"5339357331","n_welfare_capacity":0.7303,"n_sped_school":0.5886,"n_station_flow":0.6287,"n_clinic":0.647,"n_zoning":0.4691,"n_noise":0.5857,"n_crowding":0.3389,"n_green":0.2127,"demand":0.7392,"load":0.4574,"priority":0.6493,"host":"図書館カウンター三軒茶屋（複合施設）","host_kind":"図書館","host_ward":"世田谷区","host_d":563,"f_welfare_n":32,"f_welfare_cap":305,"f_clinic_n":7,"f_station_riders":734,"f_station_dist":333,"f_noise_db":69.9,"f_green_pct":0.5,"f_station_name":"西太子堂","f_zoning_name":"第一種低層住居専用地域"}},{"type":"Feature","geometry":{"type":"Polygon","coordinates":[[[139.665625,35.645833],[139.66875,35.645833],[139.66875,35.647917],[139.665625,35.647917],[139.665625,35.645833]]]},"properties":{"c":"5339357332","n_welfare_capacity":0.7536,"n_sped_school":0.6192,"n_station_flow":0.7347,"n_clinic":0.7222,"n_zoning":0.809,"n_noise":0.7803,"n_crowding":0.3389,"n_green":0.0,"demand":0.8163,"load":0.8314,"priority":0.9022,"host":"図書館カウンター三軒茶屋（複合施設）","host_kind":"図書館","host_ward":"世田谷区","host_d":408,"f_welfare_n":38,"f_welfare_cap":360,"f_clinic_n":9,"f_station_riders":734,"f_station_dist":272,"f_noise_db":71.3,"f_station_name":"西太子堂","f_zoning_name":"第一種住居地域"}},{"type":"Feature","geometry":{"type":"Polygon","coordinates":[[[139.66875,35.645833],[139.671875,35.645833],[139.671875,35.647917],[139.66875,35.647917],[139.66875,35.645833]]]},"properties":{"c":"5339357341","n_welfare_capacity":0.8683,"n_sped_school":0.6681,"n_station_flow":0.7693,"n_clinic":0.7688,"n_zoning":0.8601,"n_noise":0.9283,"n_crowding":0.5519,"n_green":0.0835,"demand":0.9077,"load":0.9453,"priority":0.9785,"host":"図書館カウンター三軒茶屋（複合施設）","host_kind":"図書館","host_ward":"世田谷区","host_d":420,"f_welfare_n":34,"f_welfare_cap":295,"f_clinic_n":10,"f_station_riders":167214,"f_station_dist":393,"f_noise_db":73.5,"f_green_pct":0.2,"f_station_name":"三軒茶屋","f_zoning_name":"第一種中高層住居専用地域"}},{"type":"Feature","geometry":{"type":"Polygon","coordinates":[[[139.671875,35.645833],[139.675,35.645833],[139.675,35.647917],[139.671875,35.647917],[139.671875,35.645833]]]},"properties":{"c":"5339357342","n_welfare_capacity":0.9014,"n_sped_school":0.7057,"n_station_flow":0.7723,"n_clinic":0.7634,"n_zoning":0.8323,"n_noise":0.9399,"n_crowding":0.5519,"n_green":0.0398,"demand":0.9409,"load":0.9489,"priority":0.9839,"host":"図書館カウンター三軒茶屋（複合施設）","host_kind":"図書館","host_ward":"世田谷区","host_d":589,"f_welfare_n":49,"f_welfare_cap":483,"f_school_n":1,"f_clinic_n":9,"f_station_riders":167214,"f_station_dist":439,"f_noise_db":74.0,"f_green_pct":0.1,"f_station_name":"三軒茶屋","f_zoning_name":"第一種住居地域"}},{"type":"Feature","geometry":{"type":"Polygon","coordinates":[[[139.675,35.645833],[139.678125,35.645833],[139.678125,35.647917],[139.675,35.647917],[139.675,35.645833]]]},"properties":{"c":"5339357431","n_welfare_capacity":0.9158,"n_sped_school":0.6848,"n_station_flow":0.7337,"n_clinic":0.7652,"n_zoning":0.9202,"n_noise":0.8771,"n_crowding":0.792,"n_green":0.159,"demand":0.9211,"load":0.983,"priority":0.9857,"host":"下馬図書館","host_kind":"図書館","host_ward":"世田谷区","host_d":598,"f_welfare_n":43,"f_welfare_cap":443,"f_school_n":1,"f_clinic_n":11,"f_station_riders":167214,"f_station_dist":626,"f_noise_db":72.4,"f_green_pct":0.3,"f_station_name":"三軒茶屋","f_zoning_name":"第一種住居地域"}},{"type":"Feature","geometry":{"type":"Polygon","coordinates":[[[139.678125,35.645833],[139.68125,35.645833],[139.68125,35.647917],[139.678125,35.647917],[139.678125,35.645833]]]},"properties":{"c":"5339357432","n_welfare_capacity":0.8978,"n_sped_school":0.7448,"n_station_flow":0.6723,"n_clinic":0.7419,"n_zoning":0.896,"n_noise":0.8368,"n_crowding":0.792,"n_green":0.0,"demand":0.9023,"load":0.9857,"priority":0.983,"host":"下馬図書館","host_kind":"図書館","host_ward":"世田谷区","host_d":673,"f_welfare_n":31,"f_welfare_cap":338,"f_school_n":1,"f_clinic_n":8,"f_station_riders":63191,"f_station_dist":628,"f_noise_db":72.0,"f_station_name":"池尻大橋","f_zoning_name":"第一種住居地域"}},{"type":"Feature","geometry":{"type":"Polygon","coordinates":[[[139.68125,35.645833],[139.684375,35.645833],[139.684375,35.647917],[139.68125,35.647917],[139.68125,35.645833]]]},"properties":{"c":"5339357441","n_welfare_capacity":0.8468,"n_sped_school":0.7657,"n_station_flow":0.5604,"n_clinic":0.7168,"n_zoning":0.791,"n_noise":0.7776,"n_crowding":0.6864,"n_green":0.0,"demand":0.8306,"load":0.9256,"priority":0.9552,"host":"池尻地区会館（複合施設）","host_kind":"区民センター","host_ward":"世田谷区","host_d":39,"f_welfare_n":21,"f_welfare_cap":212,"f_school_n":1,"f_clinic_n":5,"f_station_riders":63191,"f_station_dist":463,"f_noise_db":71.2,"f_station_name":"池尻大橋","f_zoning_name":"第一種住居地域"}},{"type":"Feature","geometry":{"type":"Polygon","coordinates":[[[139.703125,35.645833],[139.70625,35.645833],[139.70625,35.647917],[139.703125,35.647917],[139.703125,35.645833]]]},"properties":{"c":"5339357632","n_welfare_capacity":0.5367,"n_sped_school":0.3724,"n_station_flow":0.9198,"n_clinic":0.9507,"n_zoning":0.9103,"n_noise":0.3812,"n_crowding":0.9061,"n_green":0.0,"demand":0.7518,"load":0.9049,"priority":0.9031,"host":"恵比寿駅前出張所","host_kind":"出張所","host_ward":"渋谷区","host_d":540,"f_welfare_n":23,"f_welfare_cap":203,"f_clinic_n":23,"f_station_riders":28772,"f_station_dist":187,"f_noise_db":68.9,"f_station_name":"代官山","f_zoning_name":"第二種中高層住居専用地域"}},{"type":"Feature","geometry":{"type":"Polygon","coordinates":[[[139.70625,35.645833],[139.709375,35.645833],[139.709375,35.647917],[139.70625,35.647917],[139.70625,35.645833]]]},"properties":{"c":"5339357641","n_welfare_capacity":0.4659,"n_sped_school":0.3738,"n_station_flow":0.9188,"n_clinic":0.9659,"n_zoning":0.9776,"n_noise":0.4422,"n_crowding":0.9761,"n_green":0.7873,"demand":0.733,"load":0.7874,"priority":0.8323,"host":"恵比寿駅前出張所","host_kind":"出張所","host_ward":"渋谷区","host_d":257,"f_welfare_n":22,"f_welfare_cap":233,"f_clinic_n":22,"f_station_riders":356771,"f_station_dist":211,"f_noise_db":69.4,"f_green_pct":6.3,"f_station_name":"恵比寿","f_zoning_name":"商業地域"}},{"type":"Feature","geometry":{"type":"Polygon","coordinates":[[[139.709375,35.645833],[139.7125,35.645833],[139.7125,35.647917],[139.709375,35.647917],[139.709375,35.645833]]]},"properties":{"c":"5339357642","n_welfare_capacity":0.5,"n_sped_school":0.2831,"n_station_flow":0.9168,"n_clinic":0.9606,"n_zoning":0.9865,"n_noise":0.304,"n_crowding":0.9761,"n_green":0.3618,"demand":0.7204,"load":0.8493,"priority":0.861,"host":"臨川みんなの図書館","host_kind":"図書館","host_ward":"渋谷区","host_d":556,"f_welfare_n":16,"f_welfare_cap":175,"f_clinic_n":18,"f_station_riders":356771,"f_station_dist":77,"f_noise_db":68.4,"f_green_pct":0.9,"f_station_name":"恵比寿","f_zoning_name":"商業地域"}},{"type":"Feature","geometry":{"type":"Polygon","coordinates":[[[139.7125,35.645833],[139.715625,35.645833],[139.715625,35.647917],[139.7125,35.647917],[139.7125,35.645833]]]},"properties":{"c":"5339357731","n_welfare_capacity":0.5063,"n_sped_school":0.4365,"n_station_flow":0.9109,"n_clinic":0.9534,"n_zoning":0.9821,"n_noise":0.3453,"n_crowding":0.9481,"n_green":0.0,"demand":0.7545,"load":0.93,"priority":0.9184,"host":"臨川みんなの図書館","host_kind":"図書館","host_ward":"渋谷区","host_d":346,"f_welfare_n":14,"f_welfare_cap":145,"f_clinic_n":20,"f_station_riders":356771,"f_station_dist":357,"f_noise_db":68.7,"f_station_name":"恵比寿","f_zoning_name":"商業地域"}},{"type":"Feature","geometry":{"type":"Polygon","coordinates":[[[139.715625,35.645833],[139.71875,35.645833],[139.71875,35.647917],[139.715625,35.647917],[139.715625,35.645833]]]},"properties":{"c":"5339357732","n_welfare_capacity":0.5278,"n_sped_school":0.5453,"n_station_flow":0.8673,"n_clinic":0.9373,"n_zoning":0.9596,"n_noise":0.3659,"n_crowding":0.9481,"n_green":0.0,"demand":0.7921,"load":0.9274,"priority":0.939,"host":"臨川みんなの図書館","host_kind":"図書館","host_ward":"渋谷区","host_d":300,"f_welfare_n":7,"f_welfare_cap":60,"f_school_n":1,"f_clinic_n":21,"f_station_riders":356771,"f_station_dist":640,"f_noise_db":68.8,"f_station_name":"恵比寿","f_zoning_name":"近隣商業地域"}},{"type":"Feature","geometry":{"type":"Polygon","coordinates":[[[139.71875,35.645833],[139.721875,35.645833],[139.721875,35.647917],[139.71875,35.647917],[139.71875,35.645833]]]},"properties":{"c":"5339357741","n_welfare_capacity":0.6389,"n_sped_school":0.6471,"n_station_flow":0.7931,"n_clinic":0.9203,"n_zoning":0.9426,"n_noise":0.3058,"n_crowding":0.847,"n_green":0.0,"demand":0.836,"load":0.878,"priority":0.9372,"host":"臨川みんなの図書館","host_kind":"図書館","host_ward":"渋谷区","host_d":470,"f_welfare_n":23,"f_welfare_cap":306,"f_school_n":1,"f_clinic_n":12,"f_station_riders":58660,"f_station_dist":541,"f_noise_db":68.4,"f_station_name":"広尾","f_zoning_name":"準工業地域"}},{"type":"Feature","geometry":{"type":"Polygon","coordinates":[[[139.590625,35.647917],[139.59375,35.647917],[139.59375,35.65],[139.590625,35.65],[139.590625,35.647917]]]},"properties":{"c":"5339347734","n_welfare_capacity":0.1658,"n_sped_school":0.0,"n_station_flow":0.0495,"n_clinic":0.2106,"n_zoning":0.3865,"n_noise":0.1054,"n_crowding":0.2225,"n_green":0.0,"demand":0.0753,"load":0.1596,"priority":0.0834,"host":"上祖師谷地区会館（複合施設）","host_kind":"区民センター","host_ward":"世田谷区","host_d":651,"f_welfare_n":13,"f_welfare_cap":127,"f_clinic_n":1,"f_station_riders":80513,"f_station_dist":1161,"f_noise_db":67.0,"f_station_name":"成城学園前","f_zoning_name":"第一種中高層住居専用地域"}},{"type":"Feature","geometry":{"type":"Polygon","coordinates":[[[139.59375,35.647917],[139.596875,35.647917],[139.596875,35.65],[139.59375,35.65],[139.59375,35.647917]]]},"properties":{"c":"5339347743","n_welfare_capacity":0.1604,"n_sped_school":0.0,"n_station_flow":0.0871,"n_clinic":0.2043,"n_zoning":0.487,"n_noise":0.1054,"n_crowding":0.3317,"n_green":0.2207,"demand":0.0789,"load":0.1892,"priority":0.096,"host":"上祖師谷地区会館（複合施設）","host_kind":"区民センター","host_ward":"世田谷区","host_d":526,"f_welfare_n":17,"f_welfare_cap":145,"f_clinic_n":2,"f_station_riders":80513,"f_station_dist":1037,"f_noise_db":67.0,"f_green_pct":0.5,"f_station_name":"成城学園前","f_zoning_name":"第一種中高層住居専用地域"}},{"type":"Feature","geometry":{"type":"Polygon","coordinates":[[[139.596875,35.647917],[139.6,35.647917],[139.6,35.65],[139.596875,35.65],[139.596875,35.647917]]]},"properties":{"c":"5339347744","n_welfare_capacity":0.2025,"n_sped_school":0.0,"n_station_flow":0.105,"n_clinic":0.2455,"n_zoning":0.096,"n_noise":0.1054,"n_crowding":0.3317,"n_green":0.0577,"demand":0.0986,"load":0.0744,"priority":0.0583,"host":"上祖師谷地区会館（複合施設）","host_kind":"区民センター","host_ward":"世田谷区","host_d":537,"f_welfare_n":15,"f_welfare_cap":135,"f_clinic_n":2,"f_station_riders":80513,"f_station_dist":981,"f_noise_db":67.0,"f_green_pct":0.1,"f_station_name":"成城学園前","f_zoning_name":"第一種低層住居専用地域"}},{"type":"Feature","geometry":{"type":"Polygon","coordinates":[[[139.6,35.647917],[139.603125,35.647917],[139.603125,35.65],[139.6,35.65],[139.6,35.647917]]]},"properties":{"c":"5339347833","n_welfare_capacity":0.3118,"n_sped_school":0.0,"n_station_flow":0.1861,"n_clinic":0.259,"n_zoning":0.0668,"n_noise":0.5,"n_crowding":0.0384,"n_green":0.7376,"demand":0.1532,"load":0.0152,"priority":0.0278,"host":"祖師谷まちづくりセンター（複合施設）","host_kind":"出張所","host_ward":"世田谷区","host_d":643,"f_welfare_n":32,"f_welfare_cap":278,"f_clinic_n":3,"f_station_riders":47616,"f_station_dist":977,"f_noise_db":69.6,"f_green_pct":4.2,"f_station_name":"祖師ヶ谷大蔵","f_zoning_name":"第一種低層住居専用地域"}},{"type":"Feature","geometry":{"type":"Polygon","coordinates":[[[139.603125,35.647917],[139.60625,35.647917],[139.60625,35.65],[139.603125,35.65],[139.603125,35.647917]]]},"properties":{"c":"5339347834","n_welfare_capacity":0.4283,"n_sped_school":0.0,"n_station_flow":0.2079,"n_clinic":0.25,"n_zoning":0.1435,"n_noise":0.5,"n_crowding":0.0384,"n_green":0.0,"demand":0.1998,"load":0.1435,"priority":0.1578,"host":"祖師谷まちづくりセンター（複合施設）","host_kind":"出張所","host_ward":"世田谷区","host_d":391,"f_welfare_n":31,"f_welfare_cap":235,"f_clinic_n":1,"f_station_riders":47616,"f_station_dist":783,"f_noise_db":69.6,"f_station_name":"祖師ヶ谷大蔵","f_zoning_name":"第一種低層住居専用地域"}},{"type":"Feature","geometry":{"type":"Polygon","coordinates":[[[139.60625,35.647917],[139.609375,35.647917],[139.609375,35.65],[139.60625,35.65],[139.60625,35.647917]]]},"properties":{"c":"5339347843","n_welfare_capacity":0.7007,"n_sped_school":0.0,"n_station_flow":0.1356,"n_clinic":0.224,"n_zoning":0.5767,"n_noise":0.2139,"n_crowding":0.2351,"n_green":0.0,"demand":0.3038,"load":0.3336,"priority":0.3345,"host":"祖師谷まちづくりセンター（複合施設）","host_kind":"出張所","host_ward":"世田谷区","host_d":228,"f_welfare_n":46,"f_welfare_cap":368,"f_clinic_n":1,"f_station_riders":47616,"f_station_dist":657,"f_noise_db":68.0,"f_station_name":"祖師ヶ谷大蔵","f_zoning_name":"第一種中高層住居専用地域"}},{"type":"Feature","geometry":{"type":"Polygon","coordinates":[[[139.609375,35.647917],[139.6125,35.647917],[139.6125,35.65],[139.609375,35.65],[139.609375,35.647917]]]},"properties":{"c":"5339347844","n_welfare_capacity":0.7966,"n_sped_school":0.0,"n_station_flow":0.1465,"n_clinic":0.1837,"n_zoning":0.3794,"n_noise":0.2139,"n_crowding":0.2351,"n_green":0.0,"demand":0.3423,"load":0.2143,"priority":0.2762,"host":"祖師谷まちづくりセンター（複合施設）","host_kind":"出張所","host_ward":"世田谷区","host_d":334,"f_welfare_n":47,"f_welfare_cap":386,"f_clinic_n":1,"f_station_riders":47616,"f_station_dist":640,"f_noise_db":68.0,"f_station_name":"祖師ヶ谷大蔵","f_zoning_name":"第一種中高層住居専用地域"}},{"type":"Feature","geometry":{"type":"Polygon","coordinates":[[[139.6125,35.647917],[139.615625,35.647917],[139.615625,35.65],[139.6125,35.65],[139.6125,35.647917]]]},"properties":{"c":"5339347933","n_welfare_capacity":0.8495,"n_sped_school":0.0,"n_station_flow":0.2347,"n_clinic":0.1192,"n_zoning":0.2942,"n_noise":0.2139,"n_crowding":0.0889,"n_green":0.5805,"demand":0.3952,"load":0.0251,"priority":0.0726,"host":"千歳台地区会館（複合施設）","host_kind":"区民センター","host_ward":"世田谷区","host_d":563,"f_welfare_n":39,"f_welfare_cap":361,"f_clinic_n":2,"f_station_riders":47616,"f_station_dist":740,"f_noise_db":68.0,"f_green_pct":1.9,"f_station_name":"祖師ヶ谷大蔵","f_zoning_name":"第一種低層住居専用地域"}},{"type":"Feature","geometry":{"type":"Polygon","coordinates":[[[139.615625,35.647917],[139.61875,35.647917],[139.61875,35.65],[139.615625,35.65],[139.615625,35.647917]]]},"properties":{"c":"5339347934","n_welfare_capacity":0.8692,"n_sped_school":0.0,"n_station_flow":0.2782,"n_clinic":0.0797,"n_zoning":0.7318,"n_noise":0.2139,"n_crowding":0.0889,"n_green":0.0,"demand":0.4095,"load":0.3632,"priority":0.4143,"host":"桜丘図書館（複合施設）","host_kind":"図書館","host_ward":"世田谷区","host_d":645,"f_welfare_n":44,"f_welfare_cap":416,"f_clinic_n":1,"f_station_riders":55873,"f_station_dist":680,"f_noise_db":68.0,"f_station_name":"千歳船橋","f_zoning_name":"第一種中高層住居専用地域"}},{"type":"Feature","geometry":{"type":"Polygon","coordinates":[[[139.61875,35.647917],[139.621875,35.647917],[139.621875,35.65],[139.61875,35.65],[139.61875,35.647917]]]},"properties":{"c":"5339347943","n_welfare_capacity":0.8522,"n_sped_school":0.0,"n_station_flow":0.3723,"n_clinic":0.0833,"n_zoning":0.3677,"n_noise":0.2139,"n_crowding":0.8064,"n_green":0.0,"demand":0.4516,"load":0.5067,"priority":0.5247,"host":"桜丘図書館（複合施設）","host_kind":"図書館","host_ward":"世田谷区","host_d":492,"f_welfare_n":43,"f_welfare_cap":328,"f_clinic_n":1,"f_station_riders":55873,"f_station_dist":408,"f_noise_db":68.0,"f_station_name":"千歳船橋","f_zoning_name":"第一種中高層住居専用地域"}},{"type":"Feature","geometry":{"type":"Polygon","coordinates":[[[139.621875,35.647917],[139.625,35.647917],[139.625,35.65],[139.621875,35.65],[139.621875,35.647917]]]},"properties":{"c":"5339347944","n_welfare_capacity":0.7769,"n_sped_school":0.0,"n_station_flow":0.3891,"n_clinic":0.1066,"n_zoning":0.6475,"n_noise":0.5,"n_crowding":0.8064,"n_green":0.0477,"demand":0.4265,"load":0.8009,"priority":0.6538,"host":"桜丘図書館（複合施設）","host_kind":"図書館","host_ward":"世田谷区","host_d":478,"f_welfare_n":38,"f_welfare_cap":315,"f_clinic_n":1,"f_station_riders":55873,"f_station_dist":173,"f_noise_db":69.6,"f_green_pct":0.1,"f_station_name":"千歳船橋","f_zoning_name":"第一種低層住居専用地域"}},{"type":"Feature","geometry":{"type":"Polygon","coordinates":[[[139.625,35.647917],[139.628125,35.647917],[139.628125,35.65],[139.625,35.65],[139.625,35.647917]]]},"properties":{"c":"5339357033","n_welfare_capacity":0.6864,"n_sped_school":0.0,"n_station_flow":0.5574,"n_clinic":0.1416,"n_zoning":0.3094,"n_noise":0.5,"n_crowding":0.4364,"n_green":0.0,"demand":0.4677,"load":0.4368,"priority":0.4924,"host":"桜丘図書館（複合施設）","host_kind":"図書館","host_ward":"世田谷区","host_d":612,"f_welfare_n":41,"f_welfare_cap":315,"f_clinic_n":2,"f_station_riders":55873,"f_station_dist":233,"f_noise_db":69.6,"f_station_name":"千歳船橋","f_zoning_name":"第一種低層住居専用地域"}},{"type":"Feature","geometry":{"type":"Polygon","coordinates":[[[139.628125,35.647917],[139.63125,35.647917],[139.63125,35.65],[139.628125,35.65],[139.628125,35.647917]]]},"properties":{"c":"5339357034","n_welfare_capacity":0.5099,"n_sped_school":0.0795,"n_station_flow":0.6149,"n_clinic":0.2079,"n_zoning":0.8448,"n_noise":0.5,"n_crowding":0.4364,"n_green":0.7157,"demand":0.4543,"load":0.5139,"priority":0.5327,"host":"経堂南地区会館","host_kind":"区民センター","host_ward":"世田谷区","host_d":168,"f_welfare_n":38,"f_welfare_cap":250,"f_clinic_n":3,"f_station_riders":55873,"f_station_dist":488,"f_noise_db":69.6,"f_green_pct":3.6,"f_station_name":"千歳船橋","f_zoning_name":"準工業地域"}},{"type":"Feature","geometry":{"type":"Polygon","coordinates":[[[139.63125,35.647917],[139.634375,35.647917],[139.634375,35.65],[139.63125,35.65],[139.63125,35.647917]]]},"properties":{"c":"5339357043","n_welfare_capacity":0.3369,"n_sped_school":0.166,"n_station_flow":0.6416,"n_clinic":0.3091,"n_zoning":0.9309,"n_noise":0.5,"n_crowding":0.7658,"n_green":0.4115,"demand":0.4373,"load":0.8161,"priority":0.6691,"host":"経堂図書館","host_kind":"図書館","host_ward":"世田谷区","host_d":530,"f_welfare_n":30,"f_welfare_cap":195,"f_clinic_n":3,"f_station_riders":82232,"f_station_dist":429,"f_noise_db":69.6,"f_green_pct":1.1,"f_station_name":"経堂","f_zoning_name":"準工業地域"}},{"type":"Feature","geometry":{"type":"Polygon","coordinates":[[[139.634375,35.647917],[139.6375,35.647917],[139.6375,35.65],[139.634375,35.65],[139.634375,35.647917]]]},"properties":{"c":"5339357044","n_welfare_capacity":0.2661,"n_sped_school":0.4268,"n_station_flow":0.6743,"n_clinic":0.3817,"n_zoning":0.8242,"n_noise":0.5,"n_crowding":0.7658,"n_green":0.1948,"demand":0.5403,"load":0.8269,"priority":0.748,"host":"経堂図書館","host_kind":"図書館","host_ward":"世田谷区","host_d":328,"f_welfare_n":23,"f_welfare_cap":155,"f_clinic_n":4,"f_station_riders":82232,"f_station_dist":256,"f_noise_db":69.6,"f_green_pct":0.4,"f_station_name":"経堂","f_zoning_name":"第一種住居地域"}},{"type":"Feature","geometry":{"type":"Polygon","coordinates":[[[139.6375,35.647917],[139.640625,35.647917],[139.640625,35.65],[139.6375,35.65],[139.6375,35.647917]]]},"properties":{"c":"5339357133","n_welfare_capacity":0.3925,"n_sped_school":0.5356,"n_station_flow":0.6356,"n_clinic":0.4875,"n_zoning":0.2161,"n_noise":0.1054,"n_crowding":0.1557,"n_green":0.0,"demand":0.6183,"load":0.0807,"priority":0.2197,"host":"経堂図書館","host_kind":"図書館","host_ward":"世田谷区","host_d":307,"f_welfare_n":24,"f_welfare_cap":170,"f_clinic_n":5,"f_station_riders":82232,"f_station_dist":329,"f_noise_db":67.0,"f_station_name":"経堂","f_zoning_name":"第一種低層住居専用地域"}},{"type":"Feature","geometry":{"type":"Polygon","coordinates":[[[139.640625,35.647917],[139.64375,35.647917],[139.64375,35.65],[139.640625,35.65],[139.640625,35.647917]]]},"properties":{"c":"5339357134","n_welfare_capacity":0.5215,"n_sped_school":0.6248,"n_station_flow":0.605,"n_clinic":0.5547,"n_zoning":0.209,"n_noise":0.1054,"n_crowding":0.1557,"n_green":0.0,"demand":0.6747,"load":0.0789,"priority":0.2278,"host":"経堂図書館","host_kind":"図書館","host_ward":"世田谷区","host_d":491,"f_welfare_n":33,"f_welfare_cap":212,"f_clinic_n":7,"f_station_riders":4002,"f_station_dist":293,"f_noise_db":67.0,"f_station_name":"宮の坂","f_zoning_name":"第一種低層住居専用地域"}},{"type":"Feature","geometry":{"type":"Polygon","coordinates":[[[139.64375,35.647917],[139.646875,35.647917],[139.646875,35.65],[139.64375,35.65],[139.64375,35.647917]]]},"properties":{"c":"5339357143","n_welfare_capacity":0.7339,"n_sped_school":0.7741,"n_station_flow":0.5634,"n_clinic":0.5681,"n_zoning":0.2565,"n_noise":0.1054,"n_crowding":0.1047,"n_green":0.0,"demand":0.7536,"load":0.0798,"priority":0.2422,"host":"宮坂区民センター（複合施設）","host_kind":"区民センター","host_ward":"世田谷区","host_d":146,"f_welfare_n":52,"f_welfare_cap":312,"f_school_n":1,"f_clinic_n":6,"f_station_riders":4002,"f_station_dist":160,"f_noise_db":67.0,"f_station_name":"宮の坂","f_zoning_name":"第一種低層住居専用地域"}},{"type":"Feature","geometry":{"type":"Polygon","coordinates":[[[139.646875,35.647917],[139.65,35.647917],[139.65,35.65],[139.646875,35.65],[139.646875,35.647917]]]},"properties":{"c":"5339357144","n_welfare_capacity":0.8136,"n_sped_school":0.7211,"n_station_flow":0.4911,"n_clinic":0.5493,"n_zoning":0.087,"n_noise":0.13,"n_crowding":0.1047,"n_green":0.0,"demand":0.7419,"load":0.0368,"priority":0.1525,"host":"世田谷図書館（複合施設）","host_kind":"図書館","host_ward":"世田谷区","host_d":684,"f_welfare_n":52,"f_welfare_cap":317,"f_school_n":1,"f_clinic_n":7,"f_station_riders":4002,"f_station_dist":355,"f_noise_db":67.3,"f_station_name":"宮の坂","f_zoning_name":"第一種低層住居専用地域"}},{"type":"Feature","geometry":{"type":"Polygon","coordinates":[[[139.65,35.647917],[139.653125,35.647917],[139.653125,35.65],[139.65,35.65],[139.65,35.647917]]]},"properties":{"c":"5339357233","n_welfare_capacity":0.8486,"n_sped_school":0.6318,"n_station_flow":0.3515,"n_clinic":0.457,"n_zoning":0.4359,"n_noise":0.1336,"n_crowding":0.8299,"n_green":0.2803,"demand":0.69,"load":0.3991,"priority":0.5686,"host":"世田谷図書館（複合施設）","host_kind":"図書館","host_ward":"世田谷区","host_d":534,"f_welfare_n":69,"f_welfare_cap":422,"f_school_n":1,"f_clinic_n":7,"f_station_riders":7592,"f_station_dist":610,"f_noise_db":67.3,"f_green_pct":0.6,"f_station_name":"世田谷","f_zoning_name":"第一種中高層住居専用地域"}},{"type":"Feature","geometry":{"type":"Polygon","coordinates":[[[139.653125,35.647917],[139.65625,35.647917],[139.65625,35.65],[139.653125,35.65],[139.653125,35.647917]]]},"properties":{"c":"5339357234","n_welfare_capacity":0.8423,"n_sped_school":0.6123,"n_station_flow":0.2812,"n_clinic":0.3737,"n_zoning":0.4547,"n_noise":0.1435,"n_crowding":0.8299,"n_green":0.3777,"demand":0.6523,"load":0.3767,"priority":0.5435,"host":"世田谷図書館（複合施設）","host_kind":"図書館","host_ward":"世田谷区","host_d":512,"f_welfare_n":64,"f_welfare_cap":407,"f_school_n":1,"f_clinic_n":3,"f_station_riders":9531,"f_station_dist":564,"f_noise_db":67.4,"f_green_pct":1.0,"f_station_name":"松陰神社前","f_zoning_name":"第一種中高層住居専用地域"}},{"type":"Feature","geometry":{"type":"Polygon","coordinates":[[[139.65625,35.647917],[139.659375,35.647917],[139.659375,35.65],[139.65625,35.65],[139.65625,35.647917]]]},"properties":{"c":"5339357243","n_welfare_capacity":0.8297,"n_sped_school":0.5579,"n_station_flow":0.2129,"n_clinic":0.5,"n_zoning":0.3058,"n_noise":0.3148,"n_crowding":0.3741,"n_green":0.1332,"demand":0.6416,"load":0.2422,"priority":0.4224,"host":"世田谷図書館（複合施設）","host_kind":"図書館","host_ward":"世田谷区","host_d":632,"f_welfare_n":52,"f_welfare_cap":330,"f_school_n":1,"f_clinic_n":3,"f_station_riders":7606,"f_station_dist":386,"f_noise_db":68.5,"f_green_pct":0.3,"f_station_name":"若林","f_zoning_name":"第一種低層住居専用地域"}},{"type":"Feature","geometry":{"type":"Polygon","coordinates":[[[139.659375,35.647917],[139.6625,35.647917],[139.6625,35.65],[139.659375,35.65],[139.659375,35.647917]]]},"properties":{"c":"5339357244","n_welfare_capacity":0.7625,"n_sped_school":0.6513,"n_station_flow":0.3703,"n_clinic":0.5797,"n_zoning":0.6673,"n_noise":0.3498,"n_crowding":0.3741,"n_green":0.0,"demand":0.6909,"load":0.5578,"priority":0.6924,"host":"花見堂地区会館（複合施設）","host_kind":"区民センター","host_ward":"世田谷区","host_d":366,"f_welfare_n":45,"f_welfare_cap":305,"f_clinic_n":1,"f_station_riders":7606,"f_station_dist":349,"f_noise_db":68.7,"f_station_name":"若林","f_zoning_name":"第一種低層住居専用地域"}},{"type":"Feature","geometry":{"type":"Polygon","coordinates":[[[139.6625,35.647917],[139.665625,35.647917],[139.665625,35.65],[139.6625,35.65],[139.6625,35.647917]]]},"properties":{"c":"5339357333","n_welfare_capacity":0.7661,"n_sped_school":0.6374,"n_station_flow":0.4812,"n_clinic":0.6174,"n_zoning":0.0843,"n_noise":0.3103,"n_crowding":0.3389,"n_green":0.0,"demand":0.7159,"load":0.1462,"priority":0.3408,"host":"若林まちづくりセンター（複合施設）","host_kind":"出張所","host_ward":"世田谷区","host_d":318,"f_welfare_n":28,"f_welfare_cap":220,"f_clinic_n":2,"f_station_riders":7606,"f_station_dist":505,"f_noise_db":68.5,"f_station_name":"若林","f_zoning_name":"第一種低層住居専用地域"}},{"type":"Feature","geometry":{"type":"Polygon","coordinates":[[[139.665625,35.647917],[139.66875,35.647917],[139.66875,35.65],[139.665625,35.65],[139.665625,35.647917]]]},"properties":{"c":"5339357334","n_welfare_capacity":0.7464,"n_sped_school":0.6388,"n_station_flow":0.6366,"n_clinic":0.7007,"n_zoning":0.7022,"n_noise":0.5677,"n_crowding":0.3389,"n_green":0.0,"demand":0.7697,"load":0.6789,"priority":0.7928,"host":"図書館カウンター三軒茶屋（複合施設）","host_kind":"図書館","host_ward":"世田谷区","host_d":632,"f_welfare_n":29,"f_welfare_cap":290,"f_clinic_n":9,"f_station_riders":734,"f_station_dist":498,"f_noise_db":69.7,"f_station_name":"西太子堂","f_zoning_name":"第一種低層住居専用地域"}},{"type":"Feature","geometry":{"type":"Polygon","coordinates":[[[139.66875,35.647917],[139.671875,35.647917],[139.671875,35.65],[139.66875,35.65],[139.66875,35.647917]]]},"properties":{"c":"5339357343","n_welfare_capacity":0.8217,"n_sped_school":0.6569,"n_station_flow":0.6842,"n_clinic":0.7572,"n_zoning":0.5408,"n_noise":0.8709,"n_crowding":0.5519,"n_green":0.6541,"demand":0.8405,"load":0.6161,"priority":0.7901,"host":"図書館カウンター三軒茶屋（複合施設）","host_kind":"図書館","host_ward":"世田谷区","host_d":640,"f_welfare_n":37,"f_welfare_cap":290,"f_clinic_n":10,"f_station_riders":734,"f_station_dist":609,"f_noise_db":72.3,"f_green_pct":2.6,"f_station_name":"西太子堂","f_zoning_name":"第一種中高層住居専用地域"}},{"type":"Feature","geometry":{"type":"Polygon","coordinates":[[[139.671875,35.647917],[139.675,35.647917],[139.675,35.65],[139.671875,35.65],[139.671875,35.647917]]]},"properties":{"c":"5339357344","n_welfare_capacity":0.8665,"n_sped_school":0.6904,"n_station_flow":0.703,"n_clinic":0.7625,"n_zoning":0.861,"n_noise":0.9166,"n_crowding":0.5519,"n_green":0.6064,"demand":0.888,"load":0.8233,"priority":0.9363,"host":"池尻まちづくりセンター（複合施設）","host_kind":"出張所","host_ward":"世田谷区","host_d":485,"f_welfare_n":39,"f_welfare_cap":311,"f_clinic_n":10,"f_station_riders":167214,"f_station_dist":651,"f_noise_db":73.1,"f_green_pct":2.2,"f_station_name":"三軒茶屋","f_zoning_name":"第一種住居地域"}},{"type":"Feature","geometry":{"type":"Polygon","coordinates":[[[139.675,35.647917],[139.678125,35.647917],[139.678125,35.65],[139.675,35.65],[139.675,35.647917]]]},"properties":{"c":"5339357433","n_welfare_capacity":0.8934,"n_sped_school":0.6165,"n_station_flow":0.6782,"n_clinic":0.7545,"n_zoning":0.8466,"n_noise":0.8924,"n_crowding":0.792,"n_green":0.827,"demand":0.8593,"load":0.8359,"priority":0.9265,"host":"池尻まちづくりセンター（複合施設）","host_kind":"出張所","host_ward":"世田谷区","host_d":215,"f_welfare_n":30,"f_welfare_cap":302,"f_school_n":1,"f_clinic_n":9,"f_station_riders":63191,"f_station_dist":768,"f_noise_db":72.7,"f_green_pct":9.1,"f_station_name":"池尻大橋","f_zoning_name":"第一種住居地域"}},{"type":"Feature","geometry":{"type":"Polygon","coordinates":[[[139.678125,35.647917],[139.68125,35.647917],[139.68125,35.65],[139.678125,35.65],[139.678125,35.647917]]]},"properties":{"c":"5339357434","n_welfare_capacity":0.8907,"n_sped_school":0.6918,"n_station_flow":0.6584,"n_clinic":0.7142,"n_zoning":0.9247,"n_noise":0.8583,"n_crowding":0.792,"n_green":0.8012,"demand":0.8683,"load":0.8583,"priority":0.9435,"host":"池尻まちづくりセンター（複合施設）","host_kind":"出張所","host_ward":"世田谷区","host_d":132,"f_welfare_n":31,"f_welfare_cap":527,"f_school_n":1,"f_clinic_n":7,"f_station_riders":63191,"f_station_dist":500,"f_noise_db":72.2,"f_green_pct":7.3,"f_station_name":"池尻大橋","f_zoning_name":"第一種住居地域"}},{"type":"Feature","geometry":{"type":"Polygon","coordinates":[[[139.68125,35.647917],[139.684375,35.647917],[139.684375,35.65],[139.68125,35.65],[139.68125,35.647917]]]},"properties":{"c":"5339357443","n_welfare_capacity":0.8737,"n_sped_school":0.7099,"n_station_flow":0.4663,"n_clinic":0.6738,"n_zoning":0.9327,"n_noise":0.7946,"n_crowding":0.6864,"n_green":0.0,"demand":0.7814,"load":0.9731,"priority":0.9498,"host":"（旧）池尻地区会館","host_kind":"区民センター","host_ward":"世田谷区","host_d":115,"f_welfare_n":20,"f_welfare_cap":386,"f_school_n":1,"f_clinic_n":6,"f_station_riders":63191,"f_station_dist":265,"f_noise_db":71.5,"f_station_name":"池尻大橋","f_zoning_name":"第一種住居地域"}},{"type":"Feature","geometry":{"type":"Polygon","coordinates":[[[139.7,35.647917],[139.703125,35.647917],[139.703125,35.65],[139.7,35.65],[139.7,35.647917]]]},"properties":{"c":"5339357633","n_welfare_capacity":0.6246,"n_sped_school":0.4073,"n_station_flow":0.9426,"n_clinic":0.94,"n_zoning":0.6735,"n_noise":0.1901,"n_crowding":0.9061,"n_green":0.0,"demand":0.8154,"load":0.7291,"priority":0.8475,"host":"代官山ティーンズ・クリエイティブ","host_kind":"児童館","host_ward":"渋谷区","host_d":373,"f_welfare_n":35,"f_welfare_cap":278,"f_clinic_n":16,"f_station_riders":28772,"f_station_dist":191,"f_noise_db":68.0,"f_station_name":"代官山","f_zoning_name":"第二種低層住居専用地域"}},{"type":"Feature","geometry":{"type":"Polygon","coordinates":[[[139.703125,35.647917],[139.70625,35.647917],[139.70625,35.65],[139.703125,35.65],[139.703125,35.647917]]]},"properties":{"c":"5339357634","n_welfare_capacity":0.6057,"n_sped_school":0.3598,"n_station_flow":0.9446,"n_clinic":0.9597,"n_zoning":0.7381,"n_noise":0.2691,"n_crowding":0.9061,"n_green":0.2485,"demand":0.7993,"load":0.7238,"priority":0.8341,"host":"恵比寿駅前出張所","host_kind":"出張所","host_ward":"渋谷区","host_d":591,"f_welfare_n":43,"f_welfare_cap":378,"f_clinic_n":20,"f_station_riders":28772,"f_station_dist":134,"f_noise_db":68.2,"f_green_pct":0.6,"f_station_name":"代官山","f_zoning_name":"第二種中高層住居専用地域"}},{"type":"Feature","geometry":{"type":"Polygon","coordinates":[[[139.70625,35.647917],[139.709375,35.647917],[139.709375,35.65],[139.70625,35.65],[139.70625,35.647917]]]},"properties":{"c":"5339357643","n_welfare_capacity":0.5314,"n_sped_school":0.3961,"n_station_flow":0.9158,"n_clinic":0.9731,"n_zoning":0.9641,"n_noise":0.4018,"n_crowding":0.9761,"n_green":0.0,"demand":0.7608,"load":0.9534,"priority":0.9327,"host":"恵比寿駅前出張所","host_kind":"出張所","host_ward":"渋谷区","host_d":351,"f_welfare_n":35,"f_welfare_cap":363,"f_clinic_n":19,"f_station_riders":356771,"f_station_dist":328,"f_noise_db":69.0,"f_station_name":"恵比寿","f_zoning_name":"商業地域"}},{"type":"Feature","geometry":{"type":"Polygon","coordinates":[[[139.709375,35.647917],[139.7125,35.647917],[139.7125,35.65],[139.709375,35.65],[139.709375,35.647917]]]},"properties":{"c":"5339357644","n_welfare_capacity":0.5878,"n_sped_school":0.3291,"n_station_flow":0.9129,"n_clinic":0.9686,"n_zoning":0.9812,"n_noise":0.3695,"n_crowding":0.9761,"n_green":0.7336,"demand":0.759,"load":0.7722,"priority":0.8422,"host":"臨川みんなの図書館","host_kind":"図書館","host_ward":"渋谷区","host_d":479,"f_welfare_n":28,"f_welfare_cap":295,"f_clinic_n":18,"f_station_riders":356771,"f_station_dist":263,"f_noise_db":68.8,"f_green_pct":4.1,"f_station_name":"恵比寿","f_zoning_name":"商業地域"}},{"type":"Feature","geometry":{"type":"Polygon","coordinates":[[[139.7125,35.647917],[139.715625,35.647917],[139.715625,35.65],[139.7125,35.65],[139.7125,35.647917]]]},"properties":{"c":"5339357733","n_welfare_capacity":0.6156,"n_sped_school":0.622,"n_station_flow":0.9069,"n_clinic":0.9579,"n_zoning":0.9345,"n_noise":0.4099,"n_crowding":0.9481,"n_green":0.0,"demand":0.8754,"load":0.9336,"priority":0.9686,"host":"臨川みんなの図書館","host_kind":"図書館","host_ward":"渋谷区","host_d":201,"f_welfare_n":21,"f_welfare_cap":206,"f_clinic_n":18,"f_station_riders":356771,"f_station_dist":437,"f_noise_db":69.1,"f_station_name":"恵比寿","f_zoning_name":"商業地域"}},{"type":"Feature","geometry":{"type":"Polygon","coordinates":[[[139.715625,35.647917],[139.71875,35.647917],[139.71875,35.65],[139.715625,35.65],[139.715625,35.647917]]]},"properties":{"c":"5339357734","n_welfare_capacity":0.6326,"n_sped_school":0.7378,"n_station_flow":0.8634,"n_clinic":0.9391,"n_zoning":0.9399,"n_noise":0.3525,"n_crowding":0.9481,"n_green":0.0,"demand":0.9014,"load":0.9202,"priority":0.9713,"host":"臨川みんなの図書館","host_kind":"図書館","host_ward":"渋谷区","host_d":105,"f_welfare_n":13,"f_welfare_cap":131,"f_school_n":1,"f_clinic_n":20,"f_station_riders":58660,"f_station_dist":535,"f_noise_db":68.7,"f_station_name":"広尾","f_zoning_name":"商業地域"}},{"type":"Feature","geometry":{"type":"Polygon","coordinates":[[[139.71875,35.647917],[139.721875,35.647917],[139.721875,35.65],[139.71875,35.65],[139.71875,35.647917]]]},"properties":{"c":"5339357743","n_welfare_capacity":0.7177,"n_sped_school":0.8131,"n_station_flow":0.7921,"n_clinic":0.9265,"n_zoning":0.9543,"n_noise":0.2673,"n_crowding":0.847,"n_green":0.5328,"demand":0.9444,"load":0.722,"priority":0.9049,"host":"臨川みんなの図書館","host_kind":"図書館","host_ward":"渋谷区","host_d":377,"f_welfare_n":26,"f_welfare_cap":353,"f_school_n":1,"f_clinic_n":15,"f_station_riders":58660,"f_station_dist":330,"f_noise_db":68.2,"f_green_pct":1.6,"f_station_name":"広尾","f_zoning_name":"商業地域"}},{"type":"Feature","geometry":{"type":"Polygon","coordinates":[[[139.590625,35.65],[139.59375,35.65],[139.59375,35.652083],[139.590625,35.652083],[139.590625,35.65]]]},"properties":{"c":"5339348712","n_welfare_capacity":0.1219,"n_sped_school":0.0,"n_station_flow":0.0,"n_clinic":0.1577,"n_zoning":0.3291,"n_noise":0.1054,"n_crowding":0.2662,"n_green":0.2147,"demand":0.0493,"load":0.0987,"priority":0.0457,"host":"上祖師谷地区会館（複合施設）","host_kind":"区民センター","host_ward":"世田谷区","host_d":491,"f_welfare_n":19,"f_welfare_cap":162,"f_clinic_n":1,"f_station_riders":80513,"f_station_dist":1362,"f_noise_db":67.0,"f_green_pct":0.5,"f_station_name":"成城学園前","f_zoning_name":"第一種低層住居専用地域"}},{"type":"Feature","geometry":{"type":"Polygon","coordinates":[[[139.59375,35.65],[139.596875,35.65],[139.596875,35.652083],[139.59375,35.652083],[139.59375,35.65]]]},"properties":{"c":"5339348721","n_welfare_capacity":0.095,"n_sped_school":0.0,"n_station_flow":0.0,"n_clinic":0.1595,"n_zoning":0.4906,"n_noise":0.1054,"n_crowding":0.2604,"n_green":0.0,"demand":0.0448,"load":0.2341,"priority":0.0753,"host":"上祖師谷地区会館（複合施設）","host_kind":"区民センター","host_ward":"世田谷区","host_d":305,"f_welfare_n":18,"f_welfare_cap":152,"f_clinic_n":1,"f_station_riders":80513,"f_station_dist":1257,"f_noise_db":67.0,"f_station_name":"成城学園前","f_zoning_name":"第一種中高層住居専用地域"}},{"type":"Feature","geometry":{"type":"Polygon","coordinates":[[[139.596875,35.65],[139.6,35.65],[139.6,35.652083],[139.596875,35.652083],[139.596875,35.65]]]},"properties":{"c":"5339348722","n_welfare_capacity":0.1326,"n_sped_school":0.0,"n_station_flow":0.0,"n_clinic":0.1658,"n_zoning":0.1578,"n_noise":0.1054,"n_crowding":0.2604,"n_green":0.0,"demand":0.0511,"load":0.0852,"priority":0.0413,"host":"上祖師谷地区会館（複合施設）","host_kind":"区民センター","host_ward":"世田谷区","host_d":324,"f_welfare_n":19,"f_welfare_cap":153,"f_clinic_n":1,"f_station_riders":80513,"f_station_dist":1211,"f_noise_db":67.0,"f_station_name":"成城学園前","f_zoning_name":"第一種低層住居専用地域"}},{"type":"Feature","geometry":{"type":"Polygon","coordinates":[[[139.6,35.65],[139.603125,35.65],[139.603125,35.652083],[139.6,35.652083],[139.6,35.65]]]},"properties":{"c":"5339348811","n_welfare_capacity":0.2401,"n_sped_school":0.0,"n_station_flow":0.0198,"n_clinic":0.1792,"n_zoning":0.0345,"n_noise":0.5,"n_crowding":0.0275,"n_green":0.0,"demand":0.0806,"load":0.0969,"priority":0.0601,"host":"上祖師谷地区会館（複合施設）","host_kind":"区民センター","host_ward":"世田谷区","host_d":527,"f_welfare_n":18,"f_welfare_cap":143,"f_clinic_n":2,"f_station_riders":47616,"f_station_dist":1140,"f_noise_db":69.6,"f_station_name":"祖師ヶ谷大蔵","f_zoning_name":"第一種低層住居専用地域"}},{"type":"Feature","geometry":{"type":"Polygon","coordinates":[[[139.603125,35.65],[139.60625,35.65],[139.60625,35.652083],[139.603125,35.652083],[139.603125,35.65]]]},"properties":{"c":"5339348812","n_welfare_capacity":0.3772,"n_sped_school":0.0,"n_station_flow":0.0515,"n_clinic":0.1927,"n_zoning":0.0709,"n_noise":0.2139,"n_crowding":0.0275,"n_green":0.2107,"demand":0.121,"load":0.0215,"priority":0.0305,"host":"祖師谷まちづくりセンター（複合施設）","host_kind":"出張所","host_ward":"世田谷区","host_d":557,"f_welfare_n":20,"f_welfare_cap":158,"f_clinic_n":1,"f_station_riders":47616,"f_station_dist":979,"f_noise_db":68.0,"f_green_pct":0.5,"f_station_name":"祖師ヶ谷大蔵","f_zoning_name":"第一種低層住居専用地域"}},{"type":"Feature","geometry":{"type":"Polygon","coordinates":[[[139.60625,35.65],[139.609375,35.65],[139.609375,35.652083],[139.60625,35.652083],[139.60625,35.65]]]},"properties":{"c":"5339348821","n_welfare_capacity":0.5134,"n_sped_school":0.0,"n_station_flow":0.0723,"n_clinic":0.1801,"n_zoning":0.2619,"n_noise":0.2139,"n_crowding":0.2974,"n_green":0.0318,"demand":0.1711,"load":0.1677,"priority":0.1587,"host":"千歳台地区会館（複合施設）","host_kind":"区民センター","host_ward":"世田谷区","host_d":448,"f_welfare_n":23,"f_welfare_cap":196,"f_clinic_n":1,"f_station_riders":47616,"f_station_dist":881,"f_noise_db":68.0,"f_green_pct":0.1,"f_station_name":"祖師ヶ谷大蔵","f_zoning_name":"第一種低層住居専用地域"}},{"type":"Feature","geometry":{"type":"Polygon","coordinates":[[[139.609375,35.65],[139.6125,35.65],[139.6125,35.652083],[139.609375,35.652083],[139.609375,35.65]]]},"properties":{"c":"5339348822","n_welfare_capacity":0.6667,"n_sped_school":0.0,"n_station_flow":0.0743,"n_clinic":0.1344,"n_zoning":0.0345,"n_noise":0.2139,"n_crowding":0.2974,"n_green":0.1252,"demand":0.2267,"load":0.0637,"priority":0.0924,"host":"千歳台地区会館（複合施設）","host_kind":"区民センター","host_ward":"世田谷区","host_d":293,"f_welfare_n":27,"f_welfare_cap":228,"f_clinic_n":2,"f_station_riders":47616,"f_station_dist":869,"f_noise_db":68.0,"f_green_pct":0.3,"f_station_name":"祖師ヶ谷大蔵","f_zoning_name":"第一種低層住居専用地域"}},{"type":"Feature","geometry":{"type":"Polygon","coordinates":[[[139.6125,35.65],[139.615625,35.65],[139.615625,35.652083],[139.6125,35.652083],[139.6125,35.65]]]},"properties":{"c":"5339348911","n_welfare_capacity":0.7527,"n_sped_school":0.0,"n_station_flow":0.1475,"n_clinic":0.0672,"n_zoning":0.3309,"n_noise":0.2139,"n_crowding":0.6764,"n_green":0.6978,"demand":0.2975,"load":0.1507,"priority":0.2,"host":"千歳台地区会館（複合施設）","host_kind":"区民センター","host_ward":"世田谷区","host_d":363,"f_welfare_n":34,"f_welfare_cap":303,"f_clinic_n":3,"f_station_riders":47616,"f_station_dist":945,"f_noise_db":68.0,"f_green_pct":3.1,"f_station_name":"祖師ヶ谷大蔵","f_zoning_name":"第一種低層住居専用地域"}},{"type":"Feature","geometry":{"type":"Polygon","coordinates":[[[139.615625,35.65],[139.61875,35.65],[139.61875,35.652083],[139.615625,35.652083],[139.615625,35.65]]]},"properties":{"c":"5339348912","n_welfare_capacity":0.8271,"n_sped_school":0.0,"n_station_flow":0.1941,"n_clinic":0.0771,"n_zoning":0.6502,"n_noise":0.2139,"n_crowding":0.6764,"n_green":0.0,"demand":0.3513,"load":0.6287,"priority":0.5148,"host":"（旧）船橋まちづくりセンター","host_kind":"出張所","host_ward":"世田谷区","host_d":532,"f_welfare_n":38,"f_welfare_cap":338,"f_clinic_n":2,"f_station_riders":55873,"f_station_dist":763,"f_noise_db":68.0,"f_station_name":"千歳船橋","f_zoning_name":"第一種中高層住居専用地域"}},{"type":"Feature","geometry":{"type":"Polygon","coordinates":[[[139.61875,35.65],[139.621875,35.65],[139.621875,35.652083],[139.61875,35.652083],[139.61875,35.65]]]},"properties":{"c":"5339348921","n_welfare_capacity":0.8226,"n_sped_school":0.0,"n_station_flow":0.2297,"n_clinic":0.0824,"n_zoning":0.2072,"n_noise":0.2139,"n_crowding":0.2288,"n_green":0.0,"demand":0.3665,"load":0.1283,"priority":0.2072,"host":"船橋地区会館","host_kind":"区民センター","host_ward":"世田谷区","host_d":319,"f_welfare_n":37,"f_welfare_cap":293,"f_clinic_n":2,"f_station_riders":55873,"f_station_dist":534,"f_noise_db":68.0,"f_station_name":"千歳船橋","f_zoning_name":"第一種低層住居専用地域"}},{"type":"Feature","geometry":{"type":"Polygon","coordinates":[[[139.621875,35.65],[139.625,35.65],[139.625,35.652083],[139.621875,35.652083],[139.621875,35.65]]]},"properties":{"c":"5339348922","n_welfare_capacity":0.7876,"n_sped_school":0.0,"n_station_flow":0.4139,"n_clinic":0.1246,"n_zoning":0.2063,"n_noise":0.2139,"n_crowding":0.2288,"n_green":0.0,"demand":0.4498,"load":0.1265,"priority":0.2377,"host":"船橋地区会館","host_kind":"区民センター","host_ward":"世田谷区","host_d":157,"f_welfare_n":40,"f_welfare_cap":368,"f_clinic_n":2,"f_station_riders":55873,"f_station_dist":386,"f_noise_db":68.0,"f_station_name":"千歳船橋","f_zoning_name":"第一種低層住居専用地域"}},{"type":"Feature","geometry":{"type":"Polygon","coordinates":[[[139.625,35.65],[139.628125,35.65],[139.628125,35.652083],[139.625,35.652083],[139.625,35.65]]]},"properties":{"c":"5339358011","n_welfare_capacity":0.698,"n_sped_school":0.0112,"n_station_flow":0.5119,"n_clinic":0.1631,"n_zoning":0.183,"n_noise":0.2139,"n_crowding":0.0465,"n_green":0.0,"demand":0.4615,"load":0.0717,"priority":0.1758,"host":"船橋地区会館","host_kind":"区民センター","host_ward":"世田谷区","host_d":328,"f_welfare_n":43,"f_welfare_cap":360,"f_clinic_n":2,"f_station_riders":55873,"f_station_dist":416,"f_noise_db":68.0,"f_station_name":"千歳船橋","f_zoning_name":"第一種低層住居専用地域"}},{"type":"Feature","geometry":{"type":"Polygon","coordinates":[[[139.628125,35.65],[139.63125,35.65],[139.63125,35.652083],[139.628125,35.652083],[139.628125,35.65]]]},"properties":{"c":"5339358012","n_welfare_capacity":0.5125,"n_sped_school":0.2538,"n_station_flow":0.6,"n_clinic":0.2213,"n_zoning":0.1973,"n_noise":0.5,"n_crowding":0.0465,"n_green":0.0139,"demand":0.5206,"load":0.1695,"priority":0.313,"host":"経堂地区会館","host_kind":"区民センター","host_ward":"世田谷区","host_d":238,"f_welfare_n":39,"f_welfare_cap":265,"f_clinic_n":3,"f_station_riders":55873,"f_station_dist":598,"f_noise_db":69.6,"f_station_name":"千歳船橋","f_zoning_name":"第一種低層住居専用地域"}},{"type":"Feature","geometry":{"type":"Polygon","coordinates":[[[139.63125,35.65],[139.634375,35.65],[139.634375,35.652083],[139.63125,35.652083],[139.63125,35.65]]]},"properties":{"c":"5339358021","n_welfare_capacity":0.3719,"n_sped_school":0.41,"n_station_flow":0.6515,"n_clinic":0.3109,"n_zoning":0.67,"n_noise":0.5,"n_crowding":0.8208,"n_green":0.5706,"demand":0.5547,"load":0.6538,"priority":0.6726,"host":"経堂図書館","host_kind":"図書館","host_ward":"世田谷区","host_d":451,"f_welfare_n":30,"f_welfare_cap":195,"f_clinic_n":3,"f_station_riders":82232,"f_station_dist":350,"f_noise_db":69.6,"f_green_pct":1.9,"f_station_name":"経堂","f_zoning_name":"第一種低層住居専用地域"}},{"type":"Feature","geometry":{"type":"Polygon","coordinates":[[[139.634375,35.65],[139.6375,35.65],[139.6375,35.652083],[139.634375,35.652083],[139.634375,35.65]]]},"properties":{"c":"5339358022","n_welfare_capacity":0.414,"n_sped_school":0.6862,"n_station_flow":0.6901,"n_clinic":0.3925,"n_zoning":0.9516,"n_noise":0.5,"n_crowding":0.8208,"n_green":0.0,"demand":0.6541,"load":0.9327,"priority":0.8601,"host":"経堂図書館","host_kind":"図書館","host_ward":"世田谷区","host_d":173,"f_welfare_n":26,"f_welfare_cap":170,"f_clinic_n":4,"f_station_riders":82232,"f_station_dist":69,"f_noise_db":69.6,"f_station_name":"経堂","f_zoning_name":"商業地域"}},{"type":"Feature","geometry":{"type":"Polygon","coordinates":[[[139.6375,35.65],[139.640625,35.65],[139.640625,35.652083],[139.6375,35.652083],[139.6375,35.65]]]},"properties":{"c":"5339358111","n_welfare_capacity":0.5439,"n_sped_school":0.7768,"n_station_flow":0.6752,"n_clinic":0.4839,"n_zoning":0.8879,"n_noise":0.5,"n_crowding":0.7189,"n_green":0.0,"demand":0.7151,"load":0.8825,"priority":0.8735,"host":"経堂図書館","host_kind":"図書館","host_ward":"世田谷区","host_d":129,"f_welfare_n":36,"f_welfare_cap":225,"f_clinic_n":5,"f_station_riders":82232,"f_station_dist":217,"f_noise_db":69.6,"f_station_name":"経堂","f_zoning_name":"商業地域"}},{"type":"Feature","geometry":{"type":"Polygon","coordinates":[[[139.640625,35.65],[139.64375,35.65],[139.64375,35.652083],[139.640625,35.652083],[139.640625,35.65]]]},"properties":{"c":"5339358112","n_welfare_capacity":0.6918,"n_sped_school":0.8298,"n_station_flow":0.6653,"n_clinic":0.5439,"n_zoning":0.6565,"n_noise":0.1054,"n_crowding":0.7189,"n_green":0.0,"demand":0.802,"load":0.5865,"priority":0.7659,"host":"経堂図書館","host_kind":"図書館","host_ward":"世田谷区","host_d":404,"f_welfare_n":40,"f_welfare_cap":230,"f_school_n":1,"f_clinic_n":6,"f_station_riders":4002,"f_station_dist":460,"f_noise_db":67.0,"f_station_name":"宮の坂","f_zoning_name":"第一種住居地域"}},{"type":"Feature","geometry":{"type":"Polygon","coordinates":[[[139.64375,35.65],[139.646875,35.65],[139.646875,35.652083],[139.64375,35.652083],[139.64375,35.65]]]},"properties":{"c":"5339358121","n_welfare_capacity":0.8342,"n_sped_school":0.848,"n_station_flow":0.6218,"n_clinic":0.5609,"n_zoning":0.8269,"n_noise":0.1054,"n_crowding":0.5555,"n_green":0.0,"demand":0.8477,"load":0.6126,"priority":0.791,"host":"経堂図書館","host_kind":"図書館","host_ward":"世田谷区","host_d":686,"f_welfare_n":43,"f_welfare_cap":298,"f_school_n":1,"f_clinic_n":6,"f_station_riders":27512,"f_station_dist":339,"f_noise_db":67.0,"f_station_name":"豪徳寺","f_zoning_name":"第一種住居地域"}},{"type":"Feature","geometry":{"type":"Polygon","coordinates":[[[139.646875,35.65],[139.65,35.65],[139.65,35.652083],[139.646875,35.652083],[139.646875,35.65]]]},"properties":{"c":"5339358122","n_welfare_capacity":0.9229,"n_sped_school":0.8563,"n_station_flow":0.5594,"n_clinic":0.5143,"n_zoning":0.4,"n_noise":0.1381,"n_crowding":0.5555,"n_green":0.0,"demand":0.8548,"load":0.3444,"priority":0.6,"host":"梅丘まちづくりセンター（複合施設）","host_kind":"出張所","host_ward":"世田谷区","host_d":439,"f_welfare_n":87,"f_welfare_cap":781,"f_school_n":1,"f_clinic_n":4,"f_station_riders":27512,"f_station_dist":320,"f_noise_db":67.4,"f_station_name":"豪徳寺","f_zoning_name":"第一種低層住居専用地域"}},{"type":"Feature","geometry":{"type":"Polygon","coordinates":[[[139.65,35.65],[139.653125,35.65],[139.653125,35.652083],[139.65,35.652083],[139.65,35.65]]]},"properties":{"c":"5339358211","n_welfare_capacity":0.9444,"n_sped_school":0.8522,"n_station_flow":0.4178,"n_clinic":0.44,"n_zoning":0.1892,"n_noise":0.1444,"n_crowding":0.1683,"n_green":0.0,"demand":0.7975,"load":0.0834,"priority":0.2592,"host":"梅丘まちづくりセンター（複合施設）","host_kind":"出張所","host_ward":"世田谷区","host_d":271,"f_welfare_n":84,"f_welfare_cap":771,"f_school_n":1,"f_clinic_n":4,"f_station_riders":27512,"f_station_dist":500,"f_noise_db":67.4,"f_station_name":"豪徳寺","f_zoning_name":"第一種低層住居専用地域"}},{"type":"Feature","geometry":{"type":"Polygon","coordinates":[[[139.653125,35.65],[139.65625,35.65],[139.65625,35.652083],[139.653125,35.652083],[139.653125,35.65]]]},"properties":{"c":"5339358212","n_welfare_capacity":0.9149,"n_sped_school":0.8006,"n_station_flow":0.3584,"n_clinic":0.3844,"n_zoning":0.1794,"n_noise":0.1525,"n_crowding":0.1683,"n_green":0.0954,"demand":0.7294,"load":0.0655,"priority":0.209,"host":"梅丘まちづくりセンター（複合施設）","host_kind":"出張所","host_ward":"世田谷区","host_d":339,"f_welfare_n":85,"f_welfare_cap":809,"f_school_n":1,"f_clinic_n":3,"f_station_riders":32280,"f_station_dist":562,"f_noise_db":67.6,"f_green_pct":0.2,"f_station_name":"梅ヶ丘","f_zoning_name":"第一種低層住居専用地域"}},{"type":"Feature","geometry":{"type":"Polygon","coordinates":[[[139.65625,35.65],[139.659375,35.65],[139.659375,35.652083],[139.65625,35.652083],[139.65625,35.65]]]},"properties":{"c":"5339358221","n_welfare_capacity":0.8638,"n_sped_school":0.6541,"n_station_flow":0.2406,"n_clinic":0.4955,"n_zoning":0.4341,"n_noise":0.1686,"n_crowding":0.2938,"n_green":0.0,"demand":0.6774,"load":0.2484,"priority":0.4439,"host":"花見堂地区会館（複合施設）","host_kind":"区民センター","host_ward":"世田谷区","host_d":453,"f_welfare_n":56,"f_welfare_cap":365,"f_school_n":1,"f_clinic_n":1,"f_station_riders":7606,"f_station_dist":599,"f_noise_db":67.8,"f_station_name":"若林","f_zoning_name":"第一種低層住居専用地域"}},{"type":"Feature","geometry":{"type":"Polygon","coordinates":[[[139.659375,35.65],[139.6625,35.65],[139.6625,35.652083],[139.659375,35.652083],[139.659375,35.65]]]},"properties":{"c":"5339358222","n_welfare_capacity":0.8011,"n_sped_school":0.6987,"n_station_flow":0.1178,"n_clinic":0.5717,"n_zoning":0.7892,"n_noise":0.3193,"n_crowding":0.2938,"n_green":0.0,"demand":0.6478,"load":0.5794,"priority":0.6834,"host":"花見堂地区会館（複合施設）","host_kind":"区民センター","host_ward":"世田谷区","host_d":187,"f_welfare_n":33,"f_welfare_cap":220,"f_school_n":1,"f_clinic_n":1,"f_station_riders":7606,"f_station_dist":575,"f_noise_db":68.5,"f_station_name":"若林","f_zoning_name":"近隣商業地域"}},{"type":"Feature","geometry":{"type":"Polygon","coordinates":[[[139.6625,35.65],[139.665625,35.65],[139.665625,35.652083],[139.6625,35.652083],[139.6625,35.65]]]},"properties":{"c":"5339358311","n_welfare_capacity":0.7025,"n_sped_school":0.6736,"n_station_flow":0.6099,"n_clinic":0.612,"n_zoning":0.6924,"n_noise":0.2457,"n_crowding":0.5934,"n_green":0.0,"demand":0.7401,"load":0.6296,"priority":0.7614,"host":"花見堂地区会館（複合施設）","host_kind":"区民センター","host_ward":"世田谷区","host_d":158,"f_welfare_n":22,"f_welfare_cap":190,"f_clinic_n":1,"f_station_riders":7606,"f_station_dist":681,"f_noise_db":68.1,"f_station_name":"若林","f_zoning_name":"第一種中高層住居専用地域"}},{"type":"Feature","geometry":{"type":"Polygon","coordinates":[[[139.665625,35.65],[139.66875,35.65],[139.66875,35.652083],[139.665625,35.652083],[139.665625,35.65]]]},"properties":{"c":"5339358312","n_welfare_capacity":0.664,"n_sped_school":0.6444,"n_station_flow":0.6673,"n_clinic":0.6649,"n_zoning":0.6969,"n_noise":0.4179,"n_crowding":0.5934,"n_green":0.0,"demand":0.7428,"load":0.7193,"priority":0.7991,"host":"花見堂地区会館（複合施設）","host_kind":"区民センター","host_ward":"世田谷区","host_d":418,"f_welfare_n":23,"f_welfare_cap":215,"f_clinic_n":1,"f_station_riders":734,"f_station_dist":727,"f_noise_db":69.2,"f_station_name":"西太子堂","f_zoning_name":"第一種中高層住居専用地域"}},{"type":"Feature","geometry":{"type":"Polygon","coordinates":[[[139.66875,35.65],[139.671875,35.65],[139.671875,35.652083],[139.66875,35.652083],[139.66875,35.65]]]},"properties":{"c":"5339358321","n_welfare_capacity":0.7437,"n_sped_school":0.6304,"n_station_flow":0.6792,"n_clinic":0.7204,"n_zoning":0.5462,"n_noise":0.7848,"n_crowding":0.5212,"n_green":0.2187,"demand":0.7966,"load":0.713,"priority":0.826,"host":"代沢まちづくりセンター（複合施設）","host_kind":"出張所","host_ward":"世田谷区","host_d":485,"f_welfare_n":28,"f_welfare_cap":210,"f_clinic_n":6,"f_station_riders":734,"f_station_dist":808,"f_noise_db":71.4,"f_green_pct":0.5,"f_station_name":"西太子堂","f_zoning_name":"第一種中高層住居専用地域"}},{"type":"Feature","geometry":{"type":"Polygon","coordinates":[[[139.671875,35.65],[139.675,35.65],[139.675,35.652083],[139.671875,35.652083],[139.671875,35.65]]]},"properties":{"c":"5339358322","n_welfare_capacity":0.8199,"n_sped_school":0.6457,"n_station_flow":0.5515,"n_clinic":0.7491,"n_zoning":0.5686,"n_noise":0.878,"n_crowding":0.5212,"n_green":0.8668,"demand":0.7876,"load":0.5399,"priority":0.73,"host":"三宿地区会館","host_kind":"区民センター","host_ward":"世田谷区","host_d":411,"f_welfare_n":27,"f_welfare_cap":206,"f_clinic_n":6,"f_station_riders":167214,"f_station_dist":873,"f_noise_db":72.4,"f_green_pct":17.0,"f_station_name":"三軒茶屋","f_zoning_name":"第一種中高層住居専用地域"}},{"type":"Feature","geometry":{"type":"Polygon","coordinates":[[[139.675,35.65],[139.678125,35.65],[139.678125,35.652083],[139.675,35.652083],[139.675,35.65]]]},"properties":{"c":"5339358411","n_welfare_capacity":0.8674,"n_sped_school":0.6653,"n_station_flow":0.6089,"n_clinic":0.7482,"n_zoning":0.7184,"n_noise":0.8592,"n_crowding":0.5862,"n_green":0.9702,"demand":0.8297,"load":0.6224,"priority":0.7874,"host":"池尻まちづくりセンター（複合施設）","host_kind":"出張所","host_ward":"世田谷区","host_d":235,"f_welfare_n":26,"f_welfare_cap":436,"f_clinic_n":4,"f_station_riders":63191,"f_station_dist":743,"f_noise_db":72.2,"f_green_pct":78.4,"f_station_name":"池尻大橋","f_zoning_name":"第一種中高層住居専用地域"}},{"type":"Feature","geometry":{"type":"Polygon","coordinates":[[[139.678125,35.65],[139.68125,35.65],[139.68125,35.652083],[139.678125,35.652083],[139.678125,35.65]]]},"properties":{"c":"5339358412","n_welfare_capacity":0.8898,"n_sped_school":0.59,"n_station_flow":0.6228,"n_clinic":0.6909,"n_zoning":0.9031,"n_noise":0.8305,"n_crowding":0.5862,"n_green":0.8509,"demand":0.8145,"load":0.7516,"priority":0.8619,"host":"池尻まちづくりセンター（複合施設）","host_kind":"出張所","host_ward":"世田谷区","host_d":163,"f_welfare_n":28,"f_welfare_cap":446,"f_school_n":1,"f_clinic_n":5,"f_station_riders":63191,"f_station_dist":460,"f_noise_db":71.9,"f_green_pct":12.4,"f_station_name":"池尻大橋","f_zoning_name":"第一種住居地域"}},{"type":"Feature","geometry":{"type":"Polygon","coordinates":[[[139.68125,35.65],[139.684375,35.65],[139.684375,35.652083],[139.68125,35.652083],[139.68125,35.65]]]},"properties":{"c":"5339358421","n_welfare_capacity":0.862,"n_sped_school":0.6234,"n_station_flow":0.5525,"n_clinic":0.6729,"n_zoning":0.9363,"n_noise":0.8135,"n_crowding":0.9003,"n_green":0.7753,"demand":0.7778,"load":0.8843,"priority":0.9085,"host":"（旧）池尻地区会館","host_kind":"区民センター","host_ward":"世田谷区","host_d":314,"f_welfare_n":19,"f_welfare_cap":366,"f_school_n":1,"f_clinic_n":6,"f_station_riders":63191,"f_station_dist":179,"f_noise_db":71.8,"f_green_pct":5.3,"f_station_name":"池尻大橋","f_zoning_name":"準工業地域"}},{"type":"Feature","geometry":{"type":"Polygon","coordinates":[[[139.696875,35.65],[139.7,35.65],[139.7,35.652083],[139.696875,35.652083],[139.696875,35.65]]]},"properties":{"c":"5339358522","n_welfare_capacity":0.6613,"n_sped_school":0.2873,"n_station_flow":0.9485,"n_clinic":0.9167,"n_zoning":0.3408,"n_noise":0.1345,"n_crowding":0.87,"n_green":0.0,"demand":0.7849,"load":0.4726,"priority":0.678,"host":"こもれび大和田図書館","host_kind":"図書館","host_ward":"渋谷区","host_d":515,"f_welfare_n":34,"f_welfare_cap":278,"f_clinic_n":12,"f_station_riders":28772,"f_station_dist":552,"f_noise_db":67.3,"f_station_name":"代官山","f_zoning_name":"第二種低層住居専用地域"}},{"type":"Feature","geometry":{"type":"Polygon","coordinates":[[[139.7,35.65],[139.703125,35.65],[139.703125,35.652083],[139.7,35.652083],[139.7,35.65]]]},"properties":{"c":"5339358611","n_welfare_capacity":0.6416,"n_sped_school":0.3501,"n_station_flow":0.9564,"n_clinic":0.9444,"n_zoning":0.4305,"n_noise":0.1794,"n_crowding":0.8885,"n_green":0.5308,"demand":0.81,"load":0.357,"priority":0.5857,"host":"こもれび大和田図書館","host_kind":"図書館","host_ward":"渋谷区","host_d":517,"f_welfare_n":44,"f_welfare_cap":368,"f_clinic_n":16,"f_station_riders":28772,"f_station_dist":356,"f_noise_db":67.8,"f_green_pct":1.6,"f_station_name":"代官山","f_zoning_name":"第二種低層住居専用地域"}},{"type":"Feature","geometry":{"type":"Polygon","coordinates":[[[139.703125,35.65],[139.70625,35.65],[139.70625,35.652083],[139.703125,35.652083],[139.703125,35.65]]]},"properties":{"c":"5339358612","n_welfare_capacity":0.6738,"n_sped_school":0.3445,"n_station_flow":0.9554,"n_clinic":0.9615,"n_zoning":0.817,"n_noise":0.2655,"n_crowding":0.8885,"n_green":0.1471,"demand":0.8244,"load":0.7865,"priority":0.8861,"host":"こもれび大和田図書館","host_kind":"図書館","host_ward":"渋谷区","host_d":655,"f_welfare_n":41,"f_welfare_cap":368,"f_clinic_n":18,"f_station_riders":28772,"f_station_dist":328,"f_noise_db":68.2,"f_green_pct":0.3,"f_station_name":"代官山","f_zoning_name":"第一種住居地域"}},{"type":"Feature","geometry":{"type":"Polygon","coordinates":[[[139.70625,35.65],[139.709375,35.65],[139.709375,35.652083],[139.70625,35.652083],[139.70625,35.65]]]},"properties":{"c":"5339358621","n_welfare_capacity":0.6371,"n_sped_school":0.3877,"n_station_flow":0.9475,"n_clinic":0.9776,"n_zoning":0.9668,"n_noise":0.2753,"n_crowding":0.8976,"n_green":0.0,"demand":0.8226,"load":0.8879,"priority":0.9354,"host":"氷川区民会館","host_kind":"区民センター","host_ward":"渋谷区","host_d":309,"f_welfare_n":28,"f_welfare_cap":275,"f_clinic_n":18,"f_station_riders":28772,"f_station_dist":499,"f_noise_db":68.3,"f_station_name":"代官山","f_zoning_name":"商業地域"}},{"type":"Feature","geometry":{"type":"Polygon","coordinates":[[[139.709375,35.65],[139.7125,35.65],[139.7125,35.652083],[139.709375,35.652083],[139.709375,35.65]]]},"properties":{"c":"5339358622","n_welfare_capacity":0.647,"n_sped_school":0.5481,"n_station_flow":0.9317,"n_clinic":0.9767,"n_zoning":0.8556,"n_noise":0.3166,"n_crowding":0.8976,"n_green":0.0,"demand":0.8772,"load":0.861,"priority":0.9489,"host":"臨川みんなの図書館","host_kind":"図書館","host_ward":"渋谷区","host_d":508,"f_welfare_n":26,"f_welfare_cap":265,"f_clinic_n":16,"f_station_riders":356771,"f_station_dist":489,"f_noise_db":68.5,"f_station_name":"恵比寿","f_zoning_name":"第一種住居地域"}},{"type":"Feature","geometry":{"type":"Polygon","coordinates":[[[139.7125,35.65],[139.715625,35.65],[139.715625,35.652083],[139.7125,35.652083],[139.7125,35.65]]]},"properties":{"c":"5339358711","n_welfare_capacity":0.6577,"n_sped_school":0.7015,"n_station_flow":0.8782,"n_clinic":0.9651,"n_zoning":0.5731,"n_noise":0.3256,"n_crowding":0.8136,"n_green":0.0,"demand":0.9149,"load":0.6987,"priority":0.8789,"host":"臨川みんなの図書館","host_kind":"図書館","host_ward":"渋谷区","host_d":261,"f_welfare_n":28,"f_welfare_cap":271,"f_clinic_n":18,"f_station_riders":356771,"f_station_dist":601,"f_noise_db":68.6,"f_station_name":"恵比寿","f_zoning_name":"第一種低層住居専用地域"}},{"type":"Feature","geometry":{"type":"Polygon","coordinates":[[[139.715625,35.65],[139.71875,35.65],[139.71875,35.652083],[139.715625,35.652083],[139.715625,35.65]]]},"properties":{"c":"5339358712","n_welfare_capacity":0.6953,"n_sped_school":0.8047,"n_station_flow":0.8347,"n_clinic":0.9471,"n_zoning":0.2081,"n_noise":0.2807,"n_crowding":0.8136,"n_green":0.0,"demand":0.9543,"load":0.4395,"priority":0.7238,"host":"臨川みんなの図書館","host_kind":"図書館","host_ward":"渋谷区","host_d":197,"f_welfare_n":22,"f_welfare_cap":217,"f_school_n":1,"f_clinic_n":16,"f_station_riders":58660,"f_station_dist":457,"f_noise_db":68.3,"f_station_name":"広尾","f_zoning_name":"第一種低層住居専用地域"}},{"type":"Feature","geometry":{"type":"Polygon","coordinates":[[[139.71875,35.65],[139.721875,35.65],[139.721875,35.652083],[139.71875,35.652083],[139.71875,35.65]]]},"properties":{"c":"5339358721","n_welfare_capacity":0.7446,"n_sped_school":0.8396,"n_station_flow":0.7594,"n_clinic":0.931,"n_zoning":0.7883,"n_noise":0.2341,"n_crowding":0.8588,"n_green":0.0,"demand":0.9552,"load":0.7901,"priority":0.948,"host":"臨川みんなの図書館","host_kind":"図書館","host_ward":"渋谷区","host_d":412,"f_welfare_n":30,"f_welfare_cap":378,"f_school_n":1,"f_clinic_n":15,"f_station_riders":58660,"f_station_dist":179,"f_noise_db":68.0,"f_station_name":"広尾","f_zoning_name":"第二種中高層住居専用地域"}},{"type":"Feature","geometry":{"type":"Polygon","coordinates":[[[139.59375,35.652083],[139.596875,35.652083],[139.596875,35.654167],[139.59375,35.654167],[139.59375,35.652083]]]},"properties":{"c":"5339348723","n_welfare_capacity":0.0833,"n_sped_school":0.0,"n_station_flow":0.0,"n_clinic":0.1389,"n_zoning":0.4735,"n_noise":0.1054,"n_crowding":0.2604,"n_green":0.0,"demand":0.0376,"load":0.2233,"priority":0.0655,"host":"上祖師谷地区会館（複合施設）","host_kind":"区民センター","host_ward":"世田谷区","host_d":130,"f_welfare_n":20,"f_welfare_cap":165,"f_clinic_n":1,"f_station_riders":70712,"f_station_dist":1373,"f_noise_db":67.0,"f_station_name":"仙川","f_zoning_name":"第一種中高層住居専用地域"}},{"type":"Feature","geometry":{"type":"Polygon","coordinates":[[[139.596875,35.652083],[139.6,35.652083],[139.6,35.654167],[139.596875,35.654167],[139.596875,35.652083]]]},"properties":{"c":"5339348724","n_welfare_capacity":0.1138,"n_sped_school":0.0,"n_station_flow":0.0,"n_clinic":0.1487,"n_zoning":0.2224,"n_noise":0.1054,"n_crowding":0.2604,"n_green":0.9563,"demand":0.0475,"load":0.0063,"priority":0.0045,"host":"上祖師谷地区会館（複合施設）","host_kind":"区民センター","host_ward":"世田谷区","host_d":170,"f_welfare_n":14,"f_welfare_cap":133,"f_clinic_n":1,"f_station_riders":80513,"f_station_dist":1442,"f_noise_db":67.0,"f_green_pct":64.8,"f_station_name":"成城学園前","f_zoning_name":"第一種低層住居専用地域"}},{"type":"Feature","geometry":{"type":"Polygon","coordinates":[[[139.6,35.652083],[139.603125,35.652083],[139.603125,35.654167],[139.6,35.654167],[139.6,35.652083]]]},"properties":{"c":"5339348813","n_welfare_capacity":0.181,"n_sped_school":0.0,"n_station_flow":0.0,"n_clinic":0.121,"n_zoning":0.0018,"n_noise":0.2139,"n_crowding":0.0275,"n_green":0.8569,"demand":0.0565,"load":0.0,"priority":0.0,"host":"上祖師谷地区会館（複合施設）","host_kind":"区民センター","host_ward":"世田谷区","host_d":449,"f_welfare_n":16,"f_welfare_cap":88,"f_clinic_n":2,"f_station_riders":47616,"f_station_dist":1324,"f_noise_db":68.0,"f_green_pct":13.4,"f_station_name":"祖師ヶ谷大蔵","f_zoning_name":"第一種低層住居専用地域"}},{"type":"Feature","geometry":{"type":"Polygon","coordinates":[[[139.603125,35.652083],[139.60625,35.652083],[139.60625,35.654167],[139.603125,35.654167],[139.603125,35.652083]]]},"properties":{"c":"5339348814","n_welfare_capacity":0.276,"n_sped_school":0.0,"n_station_flow":0.0158,"n_clinic":0.1299,"n_zoning":0.0345,"n_noise":0.2139,"n_crowding":0.0275,"n_green":0.6998,"demand":0.0842,"load":0.0036,"priority":0.0054,"host":"千歳台地区会館（複合施設）","host_kind":"区民センター","host_ward":"世田谷区","host_d":629,"f_welfare_n":18,"f_welfare_cap":148,"f_clinic_n":1,"f_station_riders":47616,"f_station_dist":1188,"f_noise_db":68.0,"f_green_pct":3.2,"f_station_name":"祖師ヶ谷大蔵","f_zoning_name":"第一種低層住居専用地域"}},{"type":"Feature","geometry":{"type":"Polygon","coordinates":[[[139.60625,35.652083],[139.609375,35.652083],[139.609375,35.654167],[139.60625,35.654167],[139.60625,35.652083]]]},"properties":{"c":"5339348823","n_welfare_capacity":0.3853,"n_sped_school":0.0,"n_station_flow":0.0228,"n_clinic":0.1111,"n_zoning":0.1731,"n_noise":0.2139,"n_crowding":0.2974,"n_green":0.004,"demand":0.1075,"load":0.1399,"priority":0.0987,"host":"千歳台地区会館（複合施設）","host_kind":"区民センター","host_ward":"世田谷区","host_d":348,"f_welfare_n":20,"f_welfare_cap":166,"f_clinic_n":2,"f_station_riders":47616,"f_station_dist":1109,"f_noise_db":68.0,"f_station_name":"祖師ヶ谷大蔵","f_zoning_name":"第一種低層住居専用地域"}},{"type":"Feature","geometry":{"type":"Polygon","coordinates":[[[139.609375,35.652083],[139.6125,35.652083],[139.6125,35.654167],[139.609375,35.654167],[139.609375,35.652083]]]},"properties":{"c":"5339348824","n_welfare_capacity":0.5152,"n_sped_school":0.0,"n_station_flow":0.0238,"n_clinic":0.0869,"n_zoning":0.2592,"n_noise":0.2139,"n_crowding":0.2974,"n_green":0.0,"demand":0.1425,"load":0.1767,"priority":0.139,"host":"千歳台地区会館（複合施設）","host_kind":"区民センター","host_ward":"世田谷区","host_d":83,"f_welfare_n":17,"f_welfare_cap":178,"f_clinic_n":2,"f_station_riders":47616,"f_station_dist":1099,"f_noise_db":68.0,"f_station_name":"祖師ヶ谷大蔵","f_zoning_name":"第一種低層住居専用地域"}},{"type":"Feature","geometry":{"type":"Polygon","coordinates":[[[139.6125,35.652083],[139.615625,35.652083],[139.615625,35.654167],[139.6125,35.654167],[139.6125,35.652083]]]},"properties":{"c":"5339348913","n_welfare_capacity":0.7195,"n_sped_school":0.0,"n_station_flow":0.0762,"n_clinic":0.0663,"n_zoning":0.5812,"n_noise":0.2139,"n_crowding":0.6764,"n_green":0.3002,"demand":0.241,"load":0.4556,"priority":0.3525,"host":"千歳台地区会館（複合施設）","host_kind":"区民センター","host_ward":"世田谷区","host_d":229,"f_welfare_n":26,"f_welfare_cap":253,"f_clinic_n":3,"f_station_riders":55873,"f_station_dist":1124,"f_noise_db":68.0,"f_green_pct":0.7,"f_station_name":"千歳船橋","f_zoning_name":"第一種中高層住居専用地域"}},{"type":"Feature","geometry":{"type":"Polygon","coordinates":[[[139.615625,35.652083],[139.61875,35.652083],[139.61875,35.654167],[139.615625,35.654167],[139.615625,35.652083]]]},"properties":{"c":"5339348914","n_welfare_capacity":0.7778,"n_sped_school":0.0,"n_station_flow":0.0891,"n_clinic":0.086,"n_zoning":0.5928,"n_noise":0.2139,"n_crowding":0.6764,"n_green":0.0,"demand":0.2849,"load":0.5857,"priority":0.4422,"host":"（旧）船橋まちづくりセンター","host_kind":"出張所","host_ward":"世田谷区","host_d":416,"f_welfare_n":28,"f_welfare_cap":303,"f_clinic_n":3,"f_station_riders":55873,"f_station_dist":899,"f_noise_db":68.0,"f_station_name":"千歳船橋","f_zoning_name":"第一種中高層住居専用地域"}},{"type":"Feature","geometry":{"type":"Polygon","coordinates":[[[139.61875,35.652083],[139.621875,35.652083],[139.621875,35.654167],[139.61875,35.654167],[139.61875,35.652083]]]},"properties":{"c":"5339348923","n_welfare_capacity":0.8047,"n_sped_school":0.0,"n_station_flow":0.1545,"n_clinic":0.1022,"n_zoning":0.0816,"n_noise":0.2139,"n_crowding":0.2288,"n_green":0.3678,"demand":0.3306,"load":0.0287,"priority":0.07,"host":"（旧）船橋まちづくりセンター","host_kind":"出張所","host_ward":"世田谷区","host_d":168,"f_welfare_n":39,"f_welfare_cap":398,"f_clinic_n":2,"f_station_riders":55873,"f_station_dist":715,"f_noise_db":68.0,"f_green_pct":0.9,"f_station_name":"千歳船橋","f_zoning_name":"第一種低層住居専用地域"}},{"type":"Feature","geometry":{"type":"Polygon","coordinates":[[[139.621875,35.652083],[139.625,35.652083],[139.625,35.654167],[139.621875,35.654167],[139.621875,35.652083]]]},"properties":{"c":"5339348924","n_welfare_capacity":0.7724,"n_sped_school":0.0,"n_station_flow":0.1911,"n_clinic":0.1237,"n_zoning":0.3659,"n_noise":0.2139,"n_crowding":0.2288,"n_green":0.336,"demand":0.3378,"load":0.113,"priority":0.1848,"host":"船橋地区会館","host_kind":"区民センター","host_ward":"世田谷区","host_d":75,"f_welfare_n":40,"f_welfare_cap":393,"f_clinic_n":2,"f_station_riders":55873,"f_station_dist":613,"f_noise_db":68.0,"f_green_pct":0.8,"f_station_name":"千歳船橋","f_zoning_name":"第一種中高層住居専用地域"}},{"type":"Feature","geometry":{"type":"Polygon","coordinates":[[[139.625,35.652083],[139.628125,35.652083],[139.628125,35.654167],[139.625,35.654167],[139.625,35.652083]]]},"properties":{"c":"5339358013","n_welfare_capacity":0.7079,"n_sped_school":0.2245,"n_station_flow":0.4089,"n_clinic":0.1541,"n_zoning":0.4538,"n_noise":0.2139,"n_crowding":0.0465,"n_green":0.0,"demand":0.5045,"load":0.1713,"priority":0.3067,"host":"船橋地区会館","host_kind":"区民センター","host_ward":"世田谷区","host_d":298,"f_welfare_n":35,"f_welfare_cap":340,"f_clinic_n":3,"f_station_riders":55873,"f_station_dist":632,"f_noise_db":68.0,"f_station_name":"千歳船橋","f_zoning_name":"第一種中高層住居専用地域"}},{"type":"Feature","geometry":{"type":"Polygon","coordinates":[[[139.628125,35.652083],[139.63125,35.652083],[139.63125,35.654167],[139.628125,35.654167],[139.628125,35.652083]]]},"properties":{"c":"5339358014","n_welfare_capacity":0.5502,"n_sped_school":0.3543,"n_station_flow":0.505,"n_clinic":0.2276,"n_zoning":0.1372,"n_noise":0.5,"n_crowding":0.0465,"n_green":0.2684,"demand":0.5376,"load":0.0861,"priority":0.2045,"host":"経堂地区会館","host_kind":"区民センター","host_ward":"世田谷区","host_d":269,"f_welfare_n":40,"f_welfare_cap":325,"f_clinic_n":2,"f_station_riders":82232,"f_station_dist":668,"f_noise_db":69.6,"f_green_pct":0.6,"f_station_name":"経堂","f_zoning_name":"第一種低層住居専用地域"}},{"type":"Feature","geometry":{"type":"Polygon","coordinates":[[[139.63125,35.652083],[139.634375,35.652083],[139.634375,35.654167],[139.63125,35.654167],[139.63125,35.652083]]]},"properties":{"c":"5339358023","n_welfare_capacity":0.4095,"n_sped_school":0.6792,"n_station_flow":0.599,"n_clinic":0.3342,"n_zoning":0.2753,"n_noise":0.5,"n_crowding":0.8208,"n_green":0.0,"demand":0.6254,"load":0.6269,"priority":0.704,"host":"経堂図書館","host_kind":"図書館","host_ward":"世田谷区","host_d":483,"f_welfare_n":26,"f_welfare_cap":200,"f_clinic_n":3,"f_station_riders":82232,"f_station_dist":410,"f_noise_db":69.6,"f_station_name":"経堂","f_zoning_name":"第一種低層住居専用地域"}},{"type":"Feature","geometry":{"type":"Polygon","coordinates":[[[139.634375,35.652083],[139.6375,35.652083],[139.6375,35.654167],[139.634375,35.654167],[139.634375,35.652083]]]},"properties":{"c":"5339358024","n_welfare_capacity":0.5206,"n_sped_school":0.7992,"n_station_flow":0.6693,"n_clinic":0.4534,"n_zoning":0.7417,"n_noise":0.5,"n_crowding":0.8208,"n_green":0.0,"demand":0.7115,"load":0.8565,"priority":0.8592,"host":"経堂図書館","host_kind":"図書館","host_ward":"世田谷区","host_d":243,"f_welfare_n":30,"f_welfare_cap":210,"f_clinic_n":5,"f_station_riders":82232,"f_station_dist":225,"f_noise_db":69.6,"f_station_name":"経堂","f_zoning_name":"第一種低層住居専用地域"}},{"type":"Feature","geometry":{"type":"Polygon","coordinates":[[[139.6375,35.652083],[139.640625,35.652083],[139.640625,35.654167],[139.6375,35.654167],[139.6375,35.652083]]]},"properties":{"c":"5339358113","n_welfare_capacity":0.6425,"n_sped_school":0.8452,"n_station_flow":0.6535,"n_clinic":0.4561,"n_zoning":0.7973,"n_noise":0.5,"n_crowding":0.7189,"n_green":0.0,"demand":0.75,"load":0.8475,"priority":0.8753,"host":"経堂図書館","host_kind":"図書館","host_ward":"世田谷区","host_d":214,"f_welfare_n":41,"f_welfare_cap":265,"f_clinic_n":7,"f_station_riders":82232,"f_station_dist":305,"f_noise_db":69.6,"f_station_name":"経堂","f_zoning_name":"第一種中高層住居専用地域"}},{"type":"Feature","geometry":{"type":"Polygon","coordinates":[[[139.640625,35.652083],[139.64375,35.652083],[139.64375,35.654167],[139.640625,35.654167],[139.640625,35.652083]]]},"properties":{"c":"5339358114","n_welfare_capacity":0.793,"n_sped_school":0.8787,"n_station_flow":0.6574,"n_clinic":0.5125,"n_zoning":0.7865,"n_noise":0.5,"n_crowding":0.7189,"n_green":0.6262,"demand":0.8414,"load":0.6565,"priority":0.8152,"host":"経堂図書館","host_kind":"図書館","host_ward":"世田谷区","host_d":439,"f_welfare_n":51,"f_welfare_cap":331,"f_school_n":1,"f_clinic_n":7,"f_station_riders":7784,"f_station_dist":405,"f_noise_db":69.6,"f_green_pct":2.4,"f_station_name":"山下","f_zoning_name":"第一種住居地域"}},{"type":"Feature","geometry":{"type":"Polygon","coordinates":[[[139.64375,35.652083],[139.646875,35.652083],[139.646875,35.654167],[139.64375,35.654167],[139.64375,35.652083]]]},"properties":{"c":"5339358123","n_welfare_capacity":0.9274,"n_sped_school":0.8968,"n_station_flow":0.6238,"n_clinic":0.5403,"n_zoning":0.7955,"n_noise":0.1054,"n_crowding":0.5555,"n_green":0.2087,"demand":0.9059,"load":0.5103,"priority":0.7596,"host":"経堂出張所（複合施設）","host_kind":"出張所","host_ward":"世田谷区","host_d":447,"f_welfare_n":61,"f_welfare_cap":644,"f_school_n":1,"f_clinic_n":6,"f_station_riders":7784,"f_station_dist":158,"f_noise_db":67.0,"f_green_pct":0.4,"f_station_name":"山下","f_zoning_name":"第一種住居地域"}},{"type":"Feature","geometry":{"type":"Polygon","coordinates":[[[139.646875,35.652083],[139.65,35.652083],[139.65,35.654167],[139.646875,35.654167],[139.646875,35.652083]]]},"properties":{"c":"5339358124","n_welfare_capacity":0.9704,"n_sped_school":0.8982,"n_station_flow":0.5822,"n_clinic":0.4928,"n_zoning":0.704,"n_noise":0.1453,"n_crowding":0.5555,"n_green":0.0875,"demand":0.897,"load":0.5202,"priority":0.7632,"host":"梅丘まちづくりセンター（複合施設）","host_kind":"出張所","host_ward":"世田谷区","host_d":353,"f_welfare_n":70,"f_welfare_cap":684,"f_school_n":1,"f_clinic_n":4,"f_station_riders":27512,"f_station_dist":137,"f_noise_db":67.4,"f_green_pct":0.2,"f_station_name":"豪徳寺","f_zoning_name":"第一種低層住居専用地域"}},{"type":"Feature","geometry":{"type":"Polygon","coordinates":[[[139.65,35.652083],[139.653125,35.652083],[139.653125,35.654167],[139.65,35.654167],[139.65,35.652083]]]},"properties":{"c":"5339358213","n_welfare_capacity":0.9749,"n_sped_school":0.8954,"n_station_flow":0.4941,"n_clinic":0.3889,"n_zoning":0.2529,"n_noise":0.148,"n_crowding":0.1683,"n_green":0.0,"demand":0.8351,"load":0.1067,"priority":0.3157,"host":"梅丘図書館","host_kind":"図書館","host_ward":"世田谷区","host_d":558,"f_welfare_n":86,"f_welfare_cap":779,"f_school_n":1,"f_clinic_n":3,"f_station_riders":32280,"f_station_dist":368,"f_noise_db":67.5,"f_station_name":"梅ヶ丘","f_zoning_name":"第一種低層住居専用地域"}},{"type":"Feature","geometry":{"type":"Polygon","coordinates":[[[139.653125,35.652083],[139.65625,35.652083],[139.65625,35.654167],[139.653125,35.654167],[139.653125,35.652083]]]},"properties":{"c":"5339358214","n_welfare_capacity":0.9579,"n_sped_school":0.8759,"n_station_flow":0.4297,"n_clinic":0.4104,"n_zoning":0.2188,"n_noise":0.1857,"n_crowding":0.1683,"n_green":0.0,"demand":0.8082,"load":0.1058,"priority":0.3058,"host":"梅丘図書館","host_kind":"図書館","host_ward":"世田谷区","host_d":480,"f_welfare_n":86,"f_welfare_cap":759,"f_school_n":1,"f_clinic_n":3,"f_station_riders":32280,"f_station_dist":337,"f_noise_db":67.9,"f_station_name":"梅ヶ丘","f_zoning_name":"第一種低層住居専用地域"}},{"type":"Feature","geometry":{"type":"Polygon","coordinates":[[[139.65625,35.652083],[139.659375,35.652083],[139.659375,35.654167],[139.65625,35.654167],[139.65625,35.652083]]]},"properties":{"c":"5339358223","n_welfare_capacity":0.9077,"n_sped_school":0.8201,"n_station_flow":0.3079,"n_clinic":0.4032,"n_zoning":0.1785,"n_noise":0.1955,"n_crowding":0.2938,"n_green":0.0,"demand":0.7249,"load":0.1336,"priority":0.3274,"host":"梅丘図書館","host_kind":"図書館","host_ward":"世田谷区","host_d":556,"f_welfare_n":34,"f_welfare_cap":255,"f_school_n":1,"f_clinic_n":1,"f_station_riders":32280,"f_station_dist":502,"f_noise_db":68.0,"f_station_name":"梅ヶ丘","f_zoning_name":"第一種低層住居専用地域"}},{"type":"Feature","geometry":{"type":"Polygon","coordinates":[[[139.659375,35.652083],[139.6625,35.652083],[139.6625,35.654167],[139.659375,35.654167],[139.659375,35.652083]]]},"properties":{"c":"5339358224","n_welfare_capacity":0.8002,"n_sped_school":0.735,"n_station_flow":0.5475,"n_clinic":0.5672,"n_zoning":0.5623,"n_noise":0.3238,"n_crowding":0.2938,"n_green":0.0,"demand":0.7625,"load":0.4233,"priority":0.6341,"host":"花見堂地区会館（複合施設）","host_kind":"区民センター","host_ward":"世田谷区","host_d":207,"f_welfare_n":32,"f_welfare_cap":225,"f_school_n":1,"f_clinic_n":1,"f_station_riders":9582,"f_station_dist":583,"f_noise_db":68.6,"f_station_name":"世田谷代田","f_zoning_name":"第一種低層住居専用地域"}},{"type":"Feature","geometry":{"type":"Polygon","coordinates":[[[139.6625,35.652083],[139.665625,35.652083],[139.665625,35.654167],[139.6625,35.654167],[139.6625,35.652083]]]},"properties":{"c":"5339358313","n_welfare_capacity":0.629,"n_sped_school":0.6834,"n_station_flow":0.6059,"n_clinic":0.6048,"n_zoning":0.5955,"n_noise":0.3534,"n_crowding":0.5934,"n_green":0.0,"demand":0.7186,"load":0.6305,"priority":0.7543,"host":"花見堂地区会館（複合施設）","host_kind":"区民センター","host_ward":"世田谷区","host_d":182,"f_welfare_n":21,"f_welfare_cap":145,"f_clinic_n":2,"f_station_riders":9582,"f_station_dist":622,"f_noise_db":68.7,"f_station_name":"世田谷代田","f_zoning_name":"第一種低層住居専用地域"}},{"type":"Feature","geometry":{"type":"Polygon","coordinates":[[[139.665625,35.652083],[139.66875,35.652083],[139.66875,35.654167],[139.665625,35.654167],[139.665625,35.652083]]]},"properties":{"c":"5339358314","n_welfare_capacity":0.7159,"n_sped_school":0.636,"n_station_flow":0.7079,"n_clinic":0.6461,"n_zoning":0.5776,"n_noise":0.4377,"n_crowding":0.5934,"n_green":0.0,"demand":0.7715,"load":0.6628,"priority":0.7848,"host":"代沢まちづくりセンター（複合施設）","host_kind":"出張所","host_ward":"世田谷区","host_d":204,"f_welfare_n":25,"f_welfare_cap":175,"f_clinic_n":3,"f_station_riders":9582,"f_station_dist":770,"f_noise_db":69.4,"f_station_name":"世田谷代田","f_zoning_name":"第一種中高層住居専用地域"}},{"type":"Feature","geometry":{"type":"Polygon","coordinates":[[[139.66875,35.652083],[139.671875,35.652083],[139.671875,35.654167],[139.66875,35.654167],[139.66875,35.652083]]]},"properties":{"c":"5339358323","n_welfare_capacity":0.6711,"n_sped_school":0.6011,"n_station_flow":0.6931,"n_clinic":0.6891,"n_zoning":0.3892,"n_noise":0.7623,"n_crowding":0.5212,"n_green":0.67,"demand":0.7446,"load":0.4242,"priority":0.626,"host":"代沢まちづくりセンター（複合施設）","host_kind":"出張所","host_ward":"世田谷区","host_d":302,"f_welfare_n":23,"f_welfare_cap":170,"f_clinic_n":4,"f_station_riders":9179,"f_station_dist":853,"f_noise_db":71.0,"f_green_pct":2.8,"f_station_name":"池ノ上","f_zoning_name":"第一種低層住居専用地域"}},{"type":"Feature","geometry":{"type":"Polygon","coordinates":[[[139.671875,35.652083],[139.675,35.652083],[139.675,35.654167],[139.671875,35.654167],[139.671875,35.652083]]]},"properties":{"c":"5339358324","n_welfare_capacity":0.7518,"n_sped_school":0.5844,"n_station_flow":0.6832,"n_clinic":0.7195,"n_zoning":0.713,"n_noise":0.8341,"n_crowding":0.5212,"n_green":0.5427,"demand":0.7769,"load":0.7229,"priority":0.8215,"host":"三宿地区会館","host_kind":"区民センター","host_ward":"世田谷区","host_d":338,"f_welfare_n":19,"f_welfare_cap":141,"f_clinic_n":3,"f_station_riders":9179,"f_station_dist":804,"f_noise_db":72.0,"f_green_pct":1.7,"f_station_name":"池ノ上","f_zoning_name":"第一種中高層住居専用地域"}},{"type":"Feature","geometry":{"type":"Polygon","coordinates":[[[139.675,35.652083],[139.678125,35.652083],[139.678125,35.654167],[139.675,35.654167],[139.675,35.652083]]]},"properties":{"c":"5339358413","n_welfare_capacity":0.8208,"n_sped_school":0.5788,"n_station_flow":0.4693,"n_clinic":0.7285,"n_zoning":0.5157,"n_noise":0.8323,"n_crowding":0.5862,"n_green":0.8211,"demand":0.7303,"load":0.5265,"priority":0.6897,"host":"三宿地区会館","host_kind":"区民センター","host_ward":"世田谷区","host_d":55,"f_welfare_n":23,"f_welfare_cap":406,"f_clinic_n":4,"f_station_riders":63191,"f_station_dist":788,"f_noise_db":71.9,"f_green_pct":8.4,"f_station_name":"池尻大橋","f_zoning_name":"第一種中高層住居専用地域"}},{"type":"Feature","geometry":{"type":"Polygon","coordinates":[[[139.678125,35.652083],[139.68125,35.652083],[139.68125,35.654167],[139.678125,35.654167],[139.678125,35.652083]]]},"properties":{"c":"5339358414","n_welfare_capacity":0.8432,"n_sped_school":0.4937,"n_station_flow":0.4495,"n_clinic":0.6676,"n_zoning":0.5883,"n_noise":0.8072,"n_crowding":0.5862,"n_green":0.8708,"demand":0.707,"load":0.5444,"priority":0.6906,"host":"三宿地区会館","host_kind":"区民センター","host_ward":"世田谷区","host_d":228,"f_welfare_n":26,"f_welfare_cap":436,"f_clinic_n":4,"f_station_riders":63191,"f_station_dist":530,"f_noise_db":71.7,"f_green_pct":17.8,"f_station_name":"池尻大橋","f_zoning_name":"第一種中高層住居専用地域"}},{"type":"Feature","geometry":{"type":"Polygon","coordinates":[[[139.68125,35.652083],[139.684375,35.652083],[139.684375,35.654167],[139.68125,35.654167],[139.68125,35.652083]]]},"properties":{"c":"5339358423","n_welfare_capacity":0.8405,"n_sped_school":0.5188,"n_station_flow":0.5891,"n_clinic":0.6711,"n_zoning":0.6933,"n_noise":0.791,"n_crowding":0.9003,"n_green":0.7793,"demand":0.7455,"load":0.7749,"priority":0.8332,"host":"三宿地区会館","host_kind":"区民センター","host_ward":"世田谷区","host_d":511,"f_welfare_n":17,"f_welfare_cap":356,"f_clinic_n":6,"f_station_riders":63191,"f_station_dist":318,"f_noise_db":71.4,"f_green_pct":5.6,"f_station_name":"池尻大橋","f_zoning_name":"第二種中高層住居専用地域"}},{"type":"Feature","geometry":{"type":"Polygon","coordinates":[[[139.69375,35.652083],[139.696875,35.652083],[139.696875,35.654167],[139.69375,35.654167],[139.69375,35.652083]]]},"properties":{"c":"5339358523","n_welfare_capacity":0.6747,"n_sped_school":0.3138,"n_station_flow":0.9455,"n_clinic":0.8987,"n_zoning":0.7291,"n_noise":0.2744,"n_crowding":0.87,"n_green":0.0,"demand":0.8011,"load":0.783,"priority":0.8691,"host":"こもれび大和田図書館","host_kind":"図書館","host_ward":"渋谷区","host_d":498,"f_welfare_n":26,"f_welfare_cap":210,"f_clinic_n":11,"f_station_riders":10963,"f_station_dist":491,"f_noise_db":68.3,"f_station_name":"神泉","f_zoning_name":"第二種低層住居専用地域"}},{"type":"Feature","geometry":{"type":"Polygon","coordinates":[[[139.696875,35.652083],[139.7,35.652083],[139.7,35.654167],[139.696875,35.654167],[139.696875,35.652083]]]},"properties":{"c":"5339358524","n_welfare_capacity":0.69,"n_sped_school":0.2273,"n_station_flow":0.9653,"n_clinic":0.9176,"n_zoning":0.3596,"n_noise":0.1812,"n_crowding":0.87,"n_green":0.3419,"demand":0.7832,"load":0.3722,"priority":0.5892,"host":"こもれび大和田図書館","host_kind":"図書館","host_ward":"渋谷区","host_d":299,"f_welfare_n":30,"f_welfare_cap":250,"f_clinic_n":13,"f_station_riders":10963,"f_station_dist":658,"f_noise_db":67.9,"f_green_pct":0.8,"f_station_name":"神泉","f_zoning_name":"第二種低層住居専用地域"}},{"type":"Feature","geometry":{"type":"Polygon","coordinates":[[[139.7,35.652083],[139.703125,35.652083],[139.703125,35.654167],[139.7,35.654167],[139.7,35.652083]]]},"properties":{"c":"5339358613","n_welfare_capacity":0.6532,"n_sped_school":0.2957,"n_station_flow":0.9752,"n_clinic":0.9516,"n_zoning":0.5578,"n_noise":0.1946,"n_crowding":0.8885,"n_green":0.0,"demand":0.8056,"load":0.6619,"priority":0.7982,"host":"こもれび大和田図書館","host_kind":"図書館","host_ward":"渋谷区","host_d":302,"f_welfare_n":37,"f_welfare_cap":315,"f_clinic_n":12,"f_station_riders":28772,"f_station_dist":568,"f_noise_db":68.0,"f_station_name":"代官山","f_zoning_name":"第二種中高層住居専用地域"}},{"type":"Feature","geometry":{"type":"Polygon","coordinates":[[[139.703125,35.652083],[139.70625,35.652083],[139.70625,35.654167],[139.703125,35.654167],[139.703125,35.652083]]]},"properties":{"c":"5339358614","n_welfare_capacity":0.6559,"n_sped_school":0.4784,"n_station_flow":0.9733,"n_clinic":0.9722,"n_zoning":0.8942,"n_noise":0.2843,"n_crowding":0.8885,"n_green":0.0,"demand":0.871,"load":0.8637,"priority":0.9453,"host":"こもれび大和田図書館","host_kind":"図書館","host_ward":"渋谷区","host_d":503,"f_welfare_n":37,"f_welfare_cap":320,"f_clinic_n":18,"f_station_riders":28772,"f_station_dist":552,"f_noise_db":68.3,"f_station_name":"代官山","f_zoning_name":"第二種中高層住居専用地域"}},{"type":"Feature","geometry":{"type":"Polygon","coordinates":[[[139.70625,35.652083],[139.709375,35.652083],[139.709375,35.654167],[139.70625,35.654167],[139.70625,35.652083]]]},"properties":{"c":"5339358623","n_welfare_capacity":0.6568,"n_sped_school":0.4519,"n_station_flow":0.9614,"n_clinic":0.9857,"n_zoning":0.9722,"n_noise":0.2942,"n_crowding":0.8976,"n_green":0.0,"demand":0.8602,"load":0.8942,"priority":0.9561,"host":"氷川区民会館","host_kind":"区民センター","host_ward":"渋谷区","host_d":121,"f_welfare_n":30,"f_welfare_cap":285,"f_clinic_n":15,"f_station_riders":28772,"f_station_dist":668,"f_noise_db":68.4,"f_station_name":"代官山","f_zoning_name":"商業地域"}},{"type":"Feature","geometry":{"type":"Polygon","coordinates":[[[139.709375,35.652083],[139.7125,35.652083],[139.7125,35.654167],[139.709375,35.654167],[139.709375,35.652083]]]},"properties":{"c":"5339358624","n_welfare_capacity":0.655,"n_sped_school":0.6179,"n_station_flow":0.9436,"n_clinic":0.983,"n_zoning":0.3686,"n_noise":0.1713,"n_crowding":0.8976,"n_green":0.1809,"demand":0.9131,"load":0.4529,"priority":0.722,"host":"臨川みんなの図書館","host_kind":"図書館","host_ward":"渋谷区","host_d":626,"f_welfare_n":34,"f_welfare_cap":336,"f_clinic_n":15,"f_station_riders":356771,"f_station_dist":719,"f_noise_db":67.8,"f_green_pct":0.4,"f_station_name":"恵比寿","f_zoning_name":"第一種低層住居専用地域"}},{"type":"Feature","geometry":{"type":"Polygon","coordinates":[[[139.7125,35.652083],[139.715625,35.652083],[139.715625,35.654167],[139.7125,35.654167],[139.7125,35.652083]]]},"properties":{"c":"5339358713","n_welfare_capacity":0.707,"n_sped_school":0.7587,"n_station_flow":0.8267,"n_clinic":0.9713,"n_zoning":0.4709,"n_noise":0.2861,"n_crowding":0.8136,"n_green":0.0,"demand":0.9435,"load":0.6242,"priority":0.8439,"host":"臨川みんなの図書館","host_kind":"図書館","host_ward":"渋谷区","host_d":450,"f_welfare_n":41,"f_welfare_cap":392,"f_school_n":1,"f_clinic_n":14,"f_station_riders":58660,"f_station_dist":759,"f_noise_db":68.3,"f_station_name":"広尾","f_zoning_name":"第一種低層住居専用地域"}},{"type":"Feature","geometry":{"type":"Polygon","coordinates":[[[139.715625,35.652083],[139.71875,35.652083],[139.71875,35.654167],[139.715625,35.654167],[139.715625,35.652083]]]},"properties":{"c":"5339358714","n_welfare_capacity":0.7106,"n_sped_school":0.8312,"n_station_flow":0.7752,"n_clinic":0.9588,"n_zoning":0.3067,"n_noise":0.1919,"n_crowding":0.8136,"n_green":0.0,"demand":0.9498,"load":0.4511,"priority":0.7336,"host":"臨川みんなの図書館","host_kind":"図書館","host_ward":"渋谷区","host_d":417,"f_welfare_n":22,"f_welfare_cap":217,"f_school_n":1,"f_clinic_n":11,"f_station_riders":58660,"f_station_dist":489,"f_noise_db":68.0,"f_station_name":"広尾","f_zoning_name":"第一種低層住居専用地域"}},{"type":"Feature","geometry":{"type":"Polygon","coordinates":[[[139.71875,35.652083],[139.721875,35.652083],[139.721875,35.654167],[139.71875,35.654167],[139.71875,35.652083]]]},"properties":{"c":"5339358723","n_welfare_capacity":0.7697,"n_sped_school":0.8619,"n_station_flow":0.7069,"n_clinic":0.9453,"n_zoning":0.6484,"n_noise":0.1561,"n_crowding":0.8588,"n_green":0.5487,"demand":0.9579,"load":0.4637,"priority":0.7453,"host":"臨川みんなの図書館","host_kind":"図書館","host_ward":"渋谷区","host_d":552,"f_welfare_n":33,"f_welfare_cap":408,"f_school_n":1,"f_clinic_n":14,"f_station_riders":58660,"f_station_dist":249,"f_noise_db":67.6,"f_green_pct":1.8,"f_station_name":"広尾","f_zoning_name":"第二種中高層住居専用地域"}},{"type":"Feature","geometry":{"type":"Polygon","coordinates":[[[139.59375,35.654167],[139.596875,35.654167],[139.596875,35.65625],[139.59375,35.65625],[139.59375,35.654167]]]},"properties":{"c":"5339348741","n_welfare_capacity":0.0412,"n_sped_school":0.0,"n_station_flow":0.0,"n_clinic":0.1326,"n_zoning":0.2996,"n_noise":0.1054,"n_crowding":0.1088,"n_green":0.5169,"demand":0.0305,"load":0.0224,"priority":0.0108,"host":"上祖師谷地区会館（複合施設）","host_kind":"区民センター","host_ward":"世田谷区","host_d":218,"f_welfare_n":18,"f_welfare_cap":155,"f_clinic_n":1,"f_station_riders":70712,"f_station_dist":1210,"f_noise_db":67.0,"f_green_pct":1.6,"f_station_name":"仙川","f_zoning_name":"第一種低層住居専用地域"}},{"type":"Feature","geometry":{"type":"Polygon","coordinates":[[[139.596875,35.654167],[139.6,35.654167],[139.6,35.65625],[139.596875,35.65625],[139.596875,35.654167]]]},"properties":{"c":"5339348742","n_welfare_capacity":0.086,"n_sped_school":0.0,"n_station_flow":0.0,"n_clinic":0.1353,"n_zoning":0.0897,"n_noise":0.1054,"n_crowding":0.1088,"n_green":0.9364,"demand":0.0385,"load":0.0009,"priority":0.0009,"host":"上祖師谷まちづくりセンター（複合施設）","host_kind":"出張所","host_ward":"世田谷区","host_d":238,"f_welfare_n":17,"f_welfare_cap":98,"f_clinic_n":1,"f_station_riders":79689,"f_station_dist":1412,"f_noise_db":67.0,"f_green_pct":50.4,"f_station_name":"千歳烏山","f_zoning_name":"第一種低層住居専用地域"}},{"type":"Feature","geometry":{"type":"Polygon","coordinates":[[[139.6,35.654167],[139.603125,35.654167],[139.603125,35.65625],[139.6,35.65625],[139.6,35.654167]]]},"properties":{"c":"5339348831","n_welfare_capacity":0.1254,"n_sped_school":0.0,"n_station_flow":0.0,"n_clinic":0.0789,"n_zoning":0.0018,"n_noise":0.2139,"n_crowding":0.1435,"n_green":0.8449,"demand":0.0412,"load":0.0027,"priority":0.0018,"host":"上祖師谷まちづくりセンター（複合施設）","host_kind":"出張所","host_ward":"世田谷区","host_d":271,"f_welfare_n":20,"f_welfare_cap":103,"f_station_riders":79689,"f_station_dist":1405,"f_noise_db":68.0,"f_green_pct":11.1,"f_station_name":"千歳烏山","f_zoning_name":"第一種低層住居専用地域"}},{"type":"Feature","geometry":{"type":"Polygon","coordinates":[[[139.603125,35.654167],[139.60625,35.654167],[139.60625,35.65625],[139.603125,35.65625],[139.603125,35.654167]]]},"properties":{"c":"5339348832","n_welfare_capacity":0.1953,"n_sped_school":0.0,"n_station_flow":0.0,"n_clinic":0.0941,"n_zoning":0.0345,"n_noise":0.2139,"n_crowding":0.1435,"n_green":0.3519,"demand":0.0573,"load":0.0188,"priority":0.0143,"host":"上祖師谷まちづくりセンター（複合施設）","host_kind":"出張所","host_ward":"世田谷区","host_d":500,"f_welfare_n":16,"f_welfare_cap":133,"f_clinic_n":2,"f_station_riders":47616,"f_station_dist":1403,"f_noise_db":68.0,"f_green_pct":0.9,"f_station_name":"祖師ヶ谷大蔵","f_zoning_name":"第一種低層住居専用地域"}},{"type":"Feature","geometry":{"type":"Polygon","coordinates":[[[139.60625,35.654167],[139.609375,35.654167],[139.609375,35.65625],[139.60625,35.65625],[139.60625,35.654167]]]},"properties":{"c":"5339348841","n_welfare_capacity":0.2572,"n_sped_school":0.0,"n_station_flow":0.0,"n_clinic":0.1093,"n_zoning":0.2861,"n_noise":0.2139,"n_crowding":0.4228,"n_green":0.5626,"demand":0.0735,"load":0.0897,"priority":0.052,"host":"千歳台地区会館（複合施設）","host_kind":"区民センター","host_ward":"世田谷区","host_d":386,"f_welfare_n":20,"f_welfare_cap":161,"f_clinic_n":2,"f_station_riders":47616,"f_station_dist":1337,"f_noise_db":68.0,"f_green_pct":1.8,"f_station_name":"祖師ヶ谷大蔵","f_zoning_name":"第一種低層住居専用地域"}},{"type":"Feature","geometry":{"type":"Polygon","coordinates":[[[139.609375,35.654167],[139.6125,35.654167],[139.6125,35.65625],[139.609375,35.65625],[139.609375,35.654167]]]},"properties":{"c":"5339348842","n_welfare_capacity":0.4471,"n_sped_school":0.0,"n_station_flow":0.0,"n_clinic":0.103,"n_zoning":0.3022,"n_noise":0.2139,"n_crowding":0.4228,"n_green":0.0,"demand":0.1147,"load":0.2601,"priority":0.1641,"host":"千歳台地区会館（複合施設）","host_kind":"区民センター","host_ward":"世田谷区","host_d":186,"f_welfare_n":21,"f_welfare_cap":198,"f_clinic_n":2,"f_station_riders":47616,"f_station_dist":1329,"f_noise_db":68.0,"f_station_name":"祖師ヶ谷大蔵","f_zoning_name":"第一種低層住居専用地域"}},{"type":"Feature","geometry":{"type":"Polygon","coordinates":[[[139.6125,35.654167],[139.615625,35.654167],[139.615625,35.65625],[139.6125,35.65625],[139.6125,35.654167]]]},"properties":{"c":"5339348931","n_welfare_capacity":0.5699,"n_sped_school":0.0,"n_station_flow":0.0,"n_clinic":0.0959,"n_zoning":0.6466,"n_noise":0.2139,"n_crowding":0.4797,"n_green":0.8032,"demand":0.1568,"load":0.2018,"priority":0.1677,"host":"千歳台地区会館（複合施設）","host_kind":"区民センター","host_ward":"世田谷区","host_d":283,"f_welfare_n":20,"f_welfare_cap":223,"f_clinic_n":2,"f_station_riders":55873,"f_station_dist":1264,"f_noise_db":68.0,"f_green_pct":7.5,"f_station_name":"千歳船橋","f_zoning_name":"第一種中高層住居専用地域"}},{"type":"Feature","geometry":{"type":"Polygon","coordinates":[[[139.615625,35.654167],[139.61875,35.654167],[139.61875,35.65625],[139.615625,35.65625],[139.615625,35.654167]]]},"properties":{"c":"5339348932","n_welfare_capacity":0.7142,"n_sped_school":0.0,"n_station_flow":0.0376,"n_clinic":0.1254,"n_zoning":0.5892,"n_noise":0.2139,"n_crowding":0.4797,"n_green":0.0,"demand":0.2321,"load":0.4771,"priority":0.3543,"host":"（旧）船橋まちづくりセンター","host_kind":"出張所","host_ward":"世田谷区","host_d":413,"f_welfare_n":19,"f_welfare_cap":253,"f_clinic_n":2,"f_station_riders":55873,"f_station_dist":1068,"f_noise_db":68.0,"f_station_name":"千歳船橋","f_zoning_name":"第一種中高層住居専用地域"}},{"type":"Feature","geometry":{"type":"Polygon","coordinates":[[[139.61875,35.654167],[139.621875,35.654167],[139.621875,35.65625],[139.61875,35.65625],[139.61875,35.654167]]]},"properties":{"c":"5339348941","n_welfare_capacity":0.7679,"n_sped_school":0.0,"n_station_flow":0.0812,"n_clinic":0.1425,"n_zoning":0.2386,"n_noise":0.2139,"n_crowding":0.5248,"n_green":0.0,"demand":0.2939,"load":0.2717,"priority":0.2924,"host":"（旧）船橋まちづくりセンター","host_kind":"出張所","host_ward":"世田谷区","host_d":158,"f_welfare_n":28,"f_welfare_cap":293,"f_clinic_n":1,"f_station_riders":55873,"f_station_dist":919,"f_noise_db":68.0,"f_station_name":"千歳船橋","f_zoning_name":"第一種低層住居専用地域"}},{"type":"Feature","geometry":{"type":"Polygon","coordinates":[[[139.621875,35.654167],[139.625,35.654167],[139.625,35.65625],[139.621875,35.65625],[139.621875,35.654167]]]},"properties":{"c":"5339348942","n_welfare_capacity":0.7634,"n_sped_school":0.0697,"n_station_flow":0.104,"n_clinic":0.1729,"n_zoning":0.5139,"n_noise":0.2139,"n_crowding":0.5248,"n_green":0.3181,"demand":0.3333,"load":0.3166,"priority":0.3435,"host":"船橋まちづくりセンター（複合施設）","host_kind":"出張所","host_ward":"世田谷区","host_d":83,"f_welfare_n":18,"f_welfare_cap":220,"f_clinic_n":1,"f_station_riders":55873,"f_station_dist":842,"f_noise_db":68.0,"f_green_pct":0.7,"f_station_name":"千歳船橋","f_zoning_name":"第一種中高層住居専用地域"}},{"type":"Feature","geometry":{"type":"Polygon","coordinates":[[[139.625,35.654167],[139.628125,35.654167],[139.628125,35.65625],[139.625,35.65625],[139.625,35.654167]]]},"properties":{"c":"5339358031","n_welfare_capacity":0.7034,"n_sped_school":0.2887,"n_station_flow":0.2515,"n_clinic":0.1873,"n_zoning":0.5596,"n_noise":0.2139,"n_crowding":0.4689,"n_green":0.0,"demand":0.4633,"load":0.4475,"priority":0.5004,"host":"船橋まちづくりセンター（複合施設）","host_kind":"出張所","host_ward":"世田谷区","host_d":365,"f_welfare_n":14,"f_welfare_cap":205,"f_clinic_n":2,"f_station_riders":55873,"f_station_dist":856,"f_noise_db":68.0,"f_station_name":"千歳船橋","f_zoning_name":"第一種中高層住居専用地域"}},{"type":"Feature","geometry":{"type":"Polygon","coordinates":[[[139.628125,35.654167],[139.63125,35.654167],[139.63125,35.65625],[139.628125,35.65625],[139.628125,35.654167]]]},"properties":{"c":"5339358032","n_welfare_capacity":0.578,"n_sped_school":0.6416,"n_station_flow":0.3604,"n_clinic":0.2392,"n_zoning":0.4143,"n_noise":0.2139,"n_crowding":0.4689,"n_green":0.0,"demand":0.5842,"load":0.3552,"priority":0.5022,"host":"経堂地区会館","host_kind":"区民センター","host_ward":"世田谷区","host_d":441,"f_welfare_n":19,"f_welfare_cap":185,"f_clinic_n":2,"f_station_riders":82232,"f_station_dist":774,"f_noise_db":68.0,"f_station_name":"経堂","f_zoning_name":"第一種低層住居専用地域"}},{"type":"Feature","geometry":{"type":"Polygon","coordinates":[[[139.63125,35.654167],[139.634375,35.654167],[139.634375,35.65625],[139.63125,35.65625],[139.63125,35.654167]]]},"properties":{"c":"5339358041","n_welfare_capacity":0.4731,"n_sped_school":0.7796,"n_station_flow":0.4584,"n_clinic":0.3181,"n_zoning":0.3883,"n_noise":0.5,"n_crowding":0.2252,"n_green":0.169,"demand":0.629,"load":0.3112,"priority":0.478,"host":"経堂図書館","host_kind":"図書館","host_ward":"世田谷区","host_d":607,"f_welfare_n":22,"f_welfare_cap":195,"f_clinic_n":4,"f_station_riders":82232,"f_station_dist":567,"f_noise_db":69.6,"f_green_pct":0.4,"f_station_name":"経堂","f_zoning_name":"第一種低層住居専用地域"}},{"type":"Feature","geometry":{"type":"Polygon","coordinates":[[[139.634375,35.654167],[139.6375,35.654167],[139.6375,35.65625],[139.634375,35.65625],[139.634375,35.654167]]]},"properties":{"c":"5339358042","n_welfare_capacity":0.595,"n_sped_school":0.8508,"n_station_flow":0.5287,"n_clinic":0.4283,"n_zoning":0.2287,"n_noise":0.5,"n_crowding":0.2252,"n_green":0.5447,"demand":0.7052,"load":0.1094,"priority":0.2861,"host":"経堂図書館","host_kind":"図書館","host_ward":"世田谷区","host_d":442,"f_welfare_n":31,"f_welfare_cap":220,"f_clinic_n":4,"f_station_riders":82232,"f_station_dist":451,"f_noise_db":69.6,"f_green_pct":1.7,"f_station_name":"経堂","f_zoning_name":"第一種低層住居専用地域"}},{"type":"Feature","geometry":{"type":"Polygon","coordinates":[[[139.6375,35.654167],[139.640625,35.654167],[139.640625,35.65625],[139.6375,35.65625],[139.6375,35.654167]]]},"properties":{"c":"5339358131","n_welfare_capacity":0.6792,"n_sped_school":0.8912,"n_station_flow":0.5782,"n_clinic":0.4794,"n_zoning":0.1776,"n_noise":0.5,"n_crowding":0.1981,"n_green":0.0,"demand":0.7554,"load":0.2278,"priority":0.4493,"host":"経堂図書館","host_kind":"図書館","host_ward":"世田谷区","host_d":426,"f_welfare_n":36,"f_welfare_cap":225,"f_school_n":1,"f_clinic_n":7,"f_station_riders":82232,"f_station_dist":495,"f_noise_db":69.6,"f_station_name":"経堂","f_zoning_name":"第一種低層住居専用地域"}},{"type":"Feature","geometry":{"type":"Polygon","coordinates":[[[139.640625,35.654167],[139.64375,35.654167],[139.64375,35.65625],[139.640625,35.65625],[139.640625,35.654167]]]},"properties":{"c":"5339358132","n_welfare_capacity":0.8441,"n_sped_school":0.9163,"n_station_flow":0.601,"n_clinic":0.5054,"n_zoning":0.0345,"n_noise":0.5,"n_crowding":0.1981,"n_green":0.0,"demand":0.8575,"load":0.1489,"priority":0.3865,"host":"経堂図書館","host_kind":"図書館","host_ward":"世田谷区","host_d":573,"f_welfare_n":66,"f_welfare_cap":649,"f_school_n":1,"f_clinic_n":6,"f_station_riders":7784,"f_station_dist":403,"f_noise_db":69.6,"f_station_name":"山下","f_zoning_name":"第一種低層住居専用地域"}},{"type":"Feature","geometry":{"type":"Polygon","coordinates":[[[139.64375,35.654167],[139.646875,35.654167],[139.646875,35.65625],[139.64375,35.65625],[139.64375,35.654167]]]},"properties":{"c":"5339358141","n_welfare_capacity":0.957,"n_sped_school":0.9275,"n_station_flow":0.5752,"n_clinic":0.5027,"n_zoning":0.4744,"n_noise":0.5,"n_crowding":0.6006,"n_green":0.0,"demand":0.9005,"load":0.6395,"priority":0.8314,"host":"経堂出張所（複合施設）","host_kind":"出張所","host_ward":"世田谷区","host_d":620,"f_welfare_n":69,"f_welfare_cap":704,"f_school_n":1,"f_clinic_n":7,"f_station_riders":7784,"f_station_dist":153,"f_noise_db":69.6,"f_station_name":"山下","f_zoning_name":"第一種低層住居専用地域"}},{"type":"Feature","geometry":{"type":"Polygon","coordinates":[[[139.646875,35.654167],[139.65,35.654167],[139.65,35.65625],[139.646875,35.65625],[139.646875,35.654167]]]},"properties":{"c":"5339358142","n_welfare_capacity":0.9875,"n_sped_school":0.9331,"n_station_flow":0.5624,"n_clinic":0.4731,"n_zoning":0.8287,"n_noise":0.1054,"n_crowding":0.6006,"n_green":0.0,"demand":0.9068,"load":0.6386,"priority":0.835,"host":"梅丘図書館","host_kind":"図書館","host_ward":"世田谷区","host_d":620,"f_welfare_n":77,"f_welfare_cap":739,"f_school_n":1,"f_clinic_n":3,"f_station_riders":27512,"f_station_dist":204,"f_noise_db":67.0,"f_station_name":"豪徳寺","f_zoning_name":"第一種住居地域"}},{"type":"Feature","geometry":{"type":"Polygon","coordinates":[[[139.65,35.654167],[139.653125,35.654167],[139.653125,35.65625],[139.65,35.65625],[139.65,35.654167]]]},"properties":{"c":"5339358231","n_welfare_capacity":0.9973,"n_sped_school":0.9247,"n_station_flow":0.4851,"n_clinic":0.4346,"n_zoning":0.7004,"n_noise":0.2422,"n_crowding":0.7802,"n_green":0.2247,"demand":0.8656,"load":0.6422,"priority":0.8179,"host":"梅丘図書館","host_kind":"図書館","host_ward":"世田谷区","host_d":378,"f_welfare_n":71,"f_welfare_cap":694,"f_school_n":1,"f_clinic_n":3,"f_station_riders":32280,"f_station_dist":201,"f_noise_db":68.1,"f_green_pct":0.5,"f_station_name":"梅ヶ丘","f_zoning_name":"第一種住居地域"}},{"type":"Feature","geometry":{"type":"Polygon","coordinates":[[[139.653125,35.654167],[139.65625,35.654167],[139.65625,35.65625],[139.653125,35.65625],[139.653125,35.654167]]]},"properties":{"c":"5339358232","n_welfare_capacity":0.9776,"n_sped_school":0.9121,"n_station_flow":0.4574,"n_clinic":0.414,"n_zoning":0.8045,"n_noise":0.252,"n_crowding":0.7802,"n_green":0.0,"demand":0.8333,"load":0.7731,"priority":0.8834,"host":"梅丘図書館","host_kind":"図書館","host_ward":"世田谷区","host_d":249,"f_welfare_n":67,"f_welfare_cap":654,"f_school_n":1,"f_clinic_n":3,"f_station_riders":32280,"f_station_dist":137,"f_noise_db":68.1,"f_station_name":"梅ヶ丘","f_zoning_name":"近隣商業地域"}},{"type":"Feature","geometry":{"type":"Polygon","coordinates":[[[139.65625,35.654167],[139.659375,35.654167],[139.659375,35.65625],[139.65625,35.65625],[139.65625,35.654167]]]},"properties":{"c":"5339358241","n_welfare_capacity":0.914,"n_sped_school":0.8801,"n_station_flow":0.6614,"n_clinic":0.4229,"n_zoning":0.0345,"n_noise":0.2574,"n_crowding":0.264,"n_green":0.2982,"demand":0.8835,"load":0.0422,"priority":0.1839,"host":"梅丘図書館","host_kind":"図書館","host_ward":"世田谷区","host_d":375,"f_welfare_n":55,"f_welfare_cap":589,"f_school_n":1,"f_clinic_n":2,"f_station_riders":32280,"f_station_dist":396,"f_noise_db":68.1,"f_green_pct":0.7,"f_station_name":"梅ヶ丘","f_zoning_name":"第一種低層住居専用地域"}},{"type":"Feature","geometry":{"type":"Polygon","coordinates":[[[139.659375,35.654167],[139.6625,35.654167],[139.6625,35.65625],[139.659375,35.65625],[139.659375,35.654167]]]},"properties":{"c":"5339358242","n_welfare_capacity":0.7599,"n_sped_school":0.795,"n_station_flow":0.7119,"n_clinic":0.5009,"n_zoning":0.6045,"n_noise":0.2735,"n_crowding":0.264,"n_green":0.0,"demand":0.8208,"load":0.4054,"priority":0.6439,"host":"梅丘図書館","host_kind":"図書館","host_ward":"世田谷区","host_d":617,"f_welfare_n":27,"f_welfare_cap":155,"f_school_n":1,"f_clinic_n":3,"f_station_riders":9582,"f_station_dist":354,"f_noise_db":68.3,"f_station_name":"世田谷代田","f_zoning_name":"第一種低層住居専用地域"}},{"type":"Feature","geometry":{"type":"Polygon","coordinates":[[[139.6625,35.654167],[139.665625,35.654167],[139.665625,35.65625],[139.6625,35.65625],[139.6625,35.654167]]]},"properties":{"c":"5339358331","n_welfare_capacity":0.6039,"n_sped_school":0.7685,"n_station_flow":0.7485,"n_clinic":0.6093,"n_zoning":0.1067,"n_noise":0.3426,"n_crowding":0.6575,"n_green":0.0,"demand":0.7796,"load":0.3229,"priority":0.5489,"host":"代沢まちづくりセンター（複合施設）","host_kind":"出張所","host_ward":"世田谷区","host_d":339,"f_welfare_n":17,"f_welfare_cap":90,"f_school_n":1,"f_clinic_n":5,"f_station_riders":9582,"f_station_dist":414,"f_noise_db":68.6,"f_station_name":"世田谷代田","f_zoning_name":"第一種低層住居専用地域"}},{"type":"Feature","geometry":{"type":"Polygon","coordinates":[[[139.665625,35.654167],[139.66875,35.654167],[139.66875,35.65625],[139.665625,35.65625],[139.665625,35.654167]]]},"properties":{"c":"5339358332","n_welfare_capacity":0.5806,"n_sped_school":0.6151,"n_station_flow":0.7475,"n_clinic":0.6353,"n_zoning":0.5641,"n_noise":0.4188,"n_crowding":0.6575,"n_green":0.0,"demand":0.7276,"load":0.6709,"priority":0.7713,"host":"図書館カウンター下北沢","host_kind":"図書館","host_ward":"世田谷区","host_d":699,"f_welfare_n":24,"f_welfare_cap":155,"f_clinic_n":7,"f_station_riders":9582,"f_station_dist":615,"f_noise_db":69.2,"f_station_name":"世田谷代田","f_zoning_name":"第一種低層住居専用地域"}},{"type":"Feature","geometry":{"type":"Polygon","coordinates":[[[139.66875,35.654167],[139.671875,35.654167],[139.671875,35.65625],[139.66875,35.65625],[139.66875,35.654167]]]},"properties":{"c":"5339358341","n_welfare_capacity":0.5036,"n_sped_school":0.5537,"n_station_flow":0.7287,"n_clinic":0.6783,"n_zoning":0.243,"n_noise":0.6682,"n_crowding":0.2568,"n_green":0.0,"demand":0.6953,"load":0.3964,"priority":0.5695,"host":"図書館カウンター下北沢","host_kind":"図書館","host_ward":"世田谷区","host_d":683,"f_welfare_n":16,"f_welfare_cap":130,"f_clinic_n":8,"f_station_riders":9179,"f_station_dist":639,"f_noise_db":70.0,"f_station_name":"池ノ上","f_zoning_name":"第一種低層住居専用地域"}},{"type":"Feature","geometry":{"type":"Polygon","coordinates":[[[139.671875,35.654167],[139.675,35.654167],[139.675,35.65625],[139.671875,35.65625],[139.671875,35.654167]]]},"properties":{"c":"5339358342","n_welfare_capacity":0.6452,"n_sped_school":0.5216,"n_station_flow":0.695,"n_clinic":0.69,"n_zoning":0.5839,"n_noise":0.8108,"n_crowding":0.2568,"n_green":0.0,"demand":0.7213,"load":0.7004,"priority":0.7785,"host":"代沢東地区会館","host_kind":"区民センター","host_ward":"世田谷区","host_d":371,"f_welfare_n":18,"f_welfare_cap":188,"f_clinic_n":4,"f_station_riders":9179,"f_station_dist":573,"f_noise_db":71.7,"f_station_name":"池ノ上","f_zoning_name":"第一種低層住居専用地域"}},{"type":"Feature","geometry":{"type":"Polygon","coordinates":[[[139.675,35.654167],[139.678125,35.654167],[139.678125,35.65625],[139.675,35.65625],[139.675,35.654167]]]},"properties":{"c":"5339358431","n_welfare_capacity":0.7097,"n_sped_school":0.5007,"n_station_flow":0.6297,"n_clinic":0.6747,"n_zoning":0.6161,"n_noise":0.8054,"n_crowding":0.4296,"n_green":0.1928,"demand":0.7142,"load":0.7283,"priority":0.7919,"host":"三宿地区会館","host_kind":"区民センター","host_ward":"世田谷区","host_d":235,"f_welfare_n":21,"f_welfare_cap":386,"f_clinic_n":4,"f_station_riders":9179,"f_station_dist":638,"f_noise_db":71.6,"f_green_pct":0.4,"f_station_name":"池ノ上","f_zoning_name":"第一種中高層住居専用地域"}},{"type":"Feature","geometry":{"type":"Polygon","coordinates":[[[139.678125,35.654167],[139.68125,35.654167],[139.68125,35.65625],[139.678125,35.65625],[139.678125,35.654167]]]},"properties":{"c":"5339358432","n_welfare_capacity":0.7814,"n_sped_school":0.3556,"n_station_flow":0.4406,"n_clinic":0.664,"n_zoning":0.5865,"n_noise":0.809,"n_crowding":0.4296,"n_green":0.0,"demand":0.6568,"load":0.7758,"priority":0.783,"host":"三宿地区会館","host_kind":"区民センター","host_ward":"世田谷区","host_d":322,"f_welfare_n":18,"f_welfare_cap":386,"f_clinic_n":6,"f_station_riders":35206,"f_station_dist":553,"f_noise_db":71.7,"f_station_name":"駒場東大前","f_zoning_name":"第一種中高層住居専用地域"}},{"type":"Feature","geometry":{"type":"Polygon","coordinates":[[[139.690625,35.654167],[139.69375,35.654167],[139.69375,35.65625],[139.690625,35.65625],[139.690625,35.654167]]]},"properties":{"c":"5339358532","n_welfare_capacity":0.6756,"n_sped_school":0.2929,"n_station_flow":0.9327,"n_clinic":0.8799,"n_zoning":0.9552,"n_noise":0.4009,"n_crowding":0.8642,"n_green":0.175,"demand":0.7742,"load":0.8798,"priority":0.904,"host":"松濤美術館","host_kind":"文化施設","host_ward":"渋谷区","host_d":389,"f_welfare_n":20,"f_welfare_cap":160,"f_clinic_n":9,"f_station_riders":10963,"f_station_dist":234,"f_noise_db":69.0,"f_green_pct":0.4,"f_station_name":"神泉","f_zoning_name":"商業地域"}},{"type":"Feature","geometry":{"type":"Polygon","coordinates":[[[139.69375,35.654167],[139.696875,35.654167],[139.696875,35.65625],[139.69375,35.65625],[139.69375,35.654167]]]},"properties":{"c":"5339358541","n_welfare_capacity":0.6729,"n_sped_school":0.2301,"n_station_flow":0.9574,"n_clinic":0.9023,"n_zoning":0.965,"n_noise":0.3587,"n_crowding":0.9986,"n_green":0.0,"demand":0.7652,"load":0.9444,"priority":0.9309,"host":"こもれび大和田図書館","host_kind":"図書館","host_ward":"渋谷区","host_d":422,"f_welfare_n":21,"f_welfare_cap":185,"f_clinic_n":8,"f_station_riders":10963,"f_station_dist":294,"f_noise_db":68.7,"f_station_name":"神泉","f_zoning_name":"商業地域"}},{"type":"Feature","geometry":{"type":"Polygon","coordinates":[[[139.696875,35.654167],[139.7,35.654167],[139.7,35.65625],[139.696875,35.65625],[139.696875,35.654167]]]},"properties":{"c":"5339358542","n_welfare_capacity":0.6604,"n_sped_school":0.1702,"n_station_flow":0.9802,"n_clinic":0.922,"n_zoning":0.9336,"n_noise":0.3085,"n_crowding":0.9986,"n_green":0.0,"demand":0.7527,"load":0.9184,"priority":0.9094,"host":"こもれび大和田図書館","host_kind":"図書館","host_ward":"渋谷区","host_d":142,"f_welfare_n":26,"f_welfare_cap":240,"f_clinic_n":14,"f_station_riders":10963,"f_station_dist":528,"f_noise_db":68.5,"f_station_name":"神泉","f_zoning_name":"第二種住居地域"}},{"type":"Feature","geometry":{"type":"Polygon","coordinates":[[[139.7,35.654167],[139.703125,35.654167],[139.703125,35.65625],[139.7,35.65625],[139.7,35.654167]]]},"properties":{"c":"5339358631","n_welfare_capacity":0.5744,"n_sped_school":0.2413,"n_station_flow":0.9881,"n_clinic":0.9561,"n_zoning":0.9874,"n_noise":0.2798,"n_crowding":0.9905,"n_green":0.0,"demand":0.7491,"load":0.9238,"priority":0.9103,"host":"こもれび大和田図書館","host_kind":"図書館","host_ward":"渋谷区","host_d":149,"f_welfare_n":34,"f_welfare_cap":285,"f_clinic_n":20,"f_station_riders":2897703,"f_station_dist":439,"f_noise_db":68.3,"f_station_name":"渋谷","f_zoning_name":"商業地域"}},{"type":"Feature","geometry":{"type":"Polygon","coordinates":[[[139.703125,35.654167],[139.70625,35.654167],[139.70625,35.65625],[139.703125,35.65625],[139.703125,35.654167]]]},"properties":{"c":"5339358632","n_welfare_capacity":0.6335,"n_sped_school":0.484,"n_station_flow":0.9871,"n_clinic":0.9758,"n_zoning":0.9883,"n_noise":0.3157,"n_crowding":0.9905,"n_green":0.0,"demand":0.8692,"load":0.9354,"priority":0.9659,"host":"こもれび大和田図書館","host_kind":"図書館","host_ward":"渋谷区","host_d":429,"f_welfare_n":42,"f_welfare_cap":360,"f_clinic_n":20,"f_station_riders":2897703,"f_station_dist":473,"f_noise_db":68.5,"f_station_name":"渋谷","f_zoning_name":"商業地域"}},{"type":"Feature","geometry":{"type":"Polygon","coordinates":[[[139.70625,35.654167],[139.709375,35.654167],[139.709375,35.65625],[139.70625,35.65625],[139.70625,35.654167]]]},"properties":{"c":"5339358641","n_welfare_capacity":0.6165,"n_sped_school":0.5021,"n_station_flow":0.9762,"n_clinic":0.9901,"n_zoning":0.9256,"n_noise":0.2565,"n_crowding":0.9364,"n_green":0.1909,"demand":0.8674,"load":0.8395,"priority":0.9336,"host":"氷川区民会館","host_kind":"区民センター","host_ward":"渋谷区","host_d":201,"f_welfare_n":32,"f_welfare_cap":295,"f_clinic_n":18,"f_station_riders":2897703,"f_station_dist":644,"f_noise_db":68.1,"f_green_pct":0.4,"f_station_name":"渋谷","f_zoning_name":"商業地域"}},{"type":"Feature","geometry":{"type":"Polygon","coordinates":[[[139.709375,35.654167],[139.7125,35.654167],[139.7125,35.65625],[139.709375,35.65625],[139.709375,35.654167]]]},"properties":{"c":"5339358642","n_welfare_capacity":0.6505,"n_sped_school":0.6764,"n_station_flow":0.9535,"n_clinic":0.9875,"n_zoning":0.5722,"n_noise":0.2466,"n_crowding":0.9364,"n_green":0.6819,"demand":0.9427,"load":0.4547,"priority":0.7345,"host":"氷川区民会館","host_kind":"区民センター","host_ward":"渋谷区","host_d":247,"f_welfare_n":38,"f_welfare_cap":336,"f_clinic_n":18,"f_station_riders":2897703,"f_station_dist":875,"f_noise_db":68.1,"f_green_pct":2.9,"f_station_name":"渋谷","f_zoning_name":"第二種中高層住居専用地域"}},{"type":"Feature","geometry":{"type":"Polygon","coordinates":[[[139.7125,35.654167],[139.715625,35.654167],[139.715625,35.65625],[139.7125,35.65625],[139.7125,35.654167]]]},"properties":{"c":"5339358731","n_welfare_capacity":0.6478,"n_sped_school":0.802,"n_station_flow":0.9257,"n_clinic":0.9803,"n_zoning":0.6538,"n_noise":0.183,"n_crowding":0.7771,"n_green":0.0,"demand":0.9731,"load":0.6583,"priority":0.8816,"host":"臨川みんなの図書館","host_kind":"図書館","host_ward":"渋谷区","host_d":667,"f_welfare_n":36,"f_welfare_cap":327,"f_clinic_n":9,"f_station_riders":58660,"f_station_dist":845,"f_noise_db":67.9,"f_station_name":"広尾","f_zoning_name":"第二種中高層住居専用地域"}},{"type":"Feature","geometry":{"type":"Polygon","coordinates":[[[139.715625,35.654167],[139.71875,35.654167],[139.71875,35.65625],[139.715625,35.65625],[139.715625,35.654167]]]},"properties":{"c":"5339358732","n_welfare_capacity":0.6649,"n_sped_school":0.8494,"n_station_flow":0.7327,"n_clinic":0.9633,"n_zoning":0.5704,"n_noise":0.1498,"n_crowding":0.7771,"n_green":0.0,"demand":0.9113,"load":0.5874,"priority":0.8,"host":"臨川みんなの図書館","host_kind":"図書館","host_ward":"渋谷区","host_d":644,"f_welfare_n":20,"f_welfare_cap":187,"f_school_n":1,"f_clinic_n":14,"f_station_riders":58660,"f_station_dist":613,"f_noise_db":67.5,"f_station_name":"広尾","f_zoning_name":"第二種中高層住居専用地域"}},{"type":"Feature","geometry":{"type":"Polygon","coordinates":[[[139.71875,35.654167],[139.721875,35.654167],[139.721875,35.65625],[139.71875,35.65625],[139.71875,35.654167]]]},"properties":{"c":"5339358741","n_welfare_capacity":0.7312,"n_sped_school":0.8828,"n_station_flow":0.2881,"n_clinic":0.948,"n_zoning":0.6287,"n_noise":0.0924,"n_crowding":0.7554,"n_green":0.4771,"demand":0.767,"load":0.3785,"priority":0.5874,"f_welfare_n":26,"f_welfare_cap":237,"f_school_n":1,"f_clinic_n":11,"f_station_riders":58660,"f_station_dist":446,"f_noise_db":67.0,"f_green_pct":1.4,"f_station_name":"広尾","f_zoning_name":"第二種中高層住居専用地域"}},{"type":"Feature","geometry":{"type":"Polygon","coordinates":[[[139.590625,35.65625],[139.59375,35.65625],[139.59375,35.658333],[139.590625,35.658333],[139.590625,35.65625]]]},"properties":{"c":"5339348734","n_welfare_capacity":0.1066,"n_sped_school":0.0,"n_station_flow":0.1376,"n_clinic":0.1774,"n_zoning":0.3821,"n_noise":0.6933,"n_crowding":0.463,"n_green":0.5924,"demand":0.0762,"load":0.3758,"priority":0.157,"host":"上祖師谷地区会館（複合施設）","host_kind":"区民センター","host_ward":"世田谷区","host_d":577,"f_welfare_n":20,"f_welfare_cap":137,"f_clinic_n":2,"f_station_riders":70712,"f_station_dist":845,"f_noise_db":70.3,"f_green_pct":2.1,"f_station_name":"仙川","f_zoning_name":"第一種中高層住居専用地域"}},{"type":"Feature","geometry":{"type":"Polygon","coordinates":[[[139.59375,35.65625],[139.596875,35.65625],[139.596875,35.658333],[139.59375,35.658333],[139.59375,35.65625]]]},"properties":{"c":"5339348743","n_welfare_capacity":0.0591,"n_sped_school":0.0,"n_station_flow":0.0624,"n_clinic":0.2204,"n_zoning":0.296,"n_noise":0.748,"n_crowding":0.1088,"n_green":0.3738,"demand":0.0547,"load":0.2592,"priority":0.0915,"host":"上祖師谷まちづくりセンター（複合施設）","host_kind":"出張所","host_ward":"世田谷区","host_d":395,"f_welfare_n":21,"f_welfare_cap":108,"f_station_riders":70712,"f_station_dist":1072,"f_noise_db":70.8,"f_green_pct":1.0,"f_station_name":"仙川","f_zoning_name":"第一種低層住居専用地域"}},{"type":"Feature","geometry":{"type":"Polygon","coordinates":[[[139.596875,35.65625],[139.6,35.65625],[139.6,35.658333],[139.596875,35.658333],[139.596875,35.65625]]]},"properties":{"c":"5339348744","n_welfare_capacity":0.06,"n_sped_school":0.0,"n_station_flow":0.0366,"n_clinic":0.2142,"n_zoning":0.2251,"n_noise":0.9901,"n_crowding":0.1088,"n_green":0.0,"demand":0.0484,"load":0.5049,"priority":0.1372,"host":"上祖師谷まちづくりセンター（複合施設）","host_kind":"出張所","host_ward":"世田谷区","host_d":114,"f_welfare_n":19,"f_welfare_cap":98,"f_station_riders":79689,"f_station_dist":1183,"f_noise_db":75.0,"f_station_name":"千歳烏山","f_zoning_name":"第一種低層住居専用地域"}},{"type":"Feature","geometry":{"type":"Polygon","coordinates":[[[139.6,35.65625],[139.603125,35.65625],[139.603125,35.658333],[139.6,35.658333],[139.6,35.65625]]]},"properties":{"c":"5339348833","n_welfare_capacity":0.0636,"n_sped_school":0.0,"n_station_flow":0.0406,"n_clinic":0.2088,"n_zoning":0.2036,"n_noise":0.7578,"n_crowding":0.1435,"n_green":0.0,"demand":0.0502,"load":0.3641,"priority":0.1211,"host":"上祖師谷まちづくりセンター（複合施設）","host_kind":"出張所","host_ward":"世田谷区","host_d":172,"f_welfare_n":22,"f_welfare_cap":118,"f_station_riders":79689,"f_station_dist":1175,"f_noise_db":71.0,"f_station_name":"千歳烏山","f_zoning_name":"第一種低層住居専用地域"}},{"type":"Feature","geometry":{"type":"Polygon","coordinates":[[[139.603125,35.65625],[139.60625,35.65625],[139.60625,35.658333],[139.603125,35.658333],[139.603125,35.65625]]]},"properties":{"c":"5339348834","n_welfare_capacity":0.0878,"n_sped_school":0.0,"n_station_flow":0.0,"n_clinic":0.1953,"n_zoning":0.3175,"n_noise":0.2139,"n_crowding":0.1435,"n_green":0.5567,"demand":0.0466,"load":0.0395,"priority":0.0224,"host":"粕谷図書館（複合施設）","host_kind":"図書館","host_ward":"世田谷区","host_d":645,"f_welfare_n":16,"f_welfare_cap":128,"f_clinic_n":1,"f_station_riders":79689,"f_station_dist":1233,"f_noise_db":68.0,"f_green_pct":1.8,"f_station_name":"千歳烏山","f_zoning_name":"第一種中高層住居専用地域"}},{"type":"Feature","geometry":{"type":"Polygon","coordinates":[[[139.60625,35.65625],[139.609375,35.65625],[139.609375,35.658333],[139.60625,35.658333],[139.60625,35.65625]]]},"properties":{"c":"5339348843","n_welfare_capacity":0.1989,"n_sped_school":0.0,"n_station_flow":0.0,"n_clinic":0.2061,"n_zoning":0.5256,"n_noise":0.2139,"n_crowding":0.4228,"n_green":0.6839,"demand":0.0708,"load":0.1516,"priority":0.0771,"host":"粕谷図書館（複合施設）","host_kind":"図書館","host_ward":"世田谷区","host_d":687,"f_welfare_n":15,"f_welfare_cap":133,"f_clinic_n":1,"f_station_riders":79689,"f_station_dist":1350,"f_noise_db":68.0,"f_green_pct":3.1,"f_station_name":"千歳烏山","f_zoning_name":"第一種中高層住居専用地域"}},{"type":"Feature","geometry":{"type":"Polygon","coordinates":[[[139.609375,35.65625],[139.6125,35.65625],[139.6125,35.658333],[139.609375,35.658333],[139.609375,35.65625]]]},"properties":{"c":"5339348844","n_welfare_capacity":0.3056,"n_sped_school":0.0,"n_station_flow":0.0,"n_clinic":0.1685,"n_zoning":0.3426,"n_noise":0.1668,"n_crowding":0.4228,"n_green":0.0,"demand":0.0932,"load":0.2583,"priority":0.1336,"host":"千歳台地区会館（複合施設）","host_kind":"区民センター","host_ward":"世田谷区","host_d":411,"f_welfare_n":15,"f_welfare_cap":138,"f_clinic_n":1,"f_station_riders":37716,"f_station_dist":1454,"f_noise_db":67.7,"f_station_name":"八幡山","f_zoning_name":"第一種中高層住居専用地域"}},{"type":"Feature","geometry":{"type":"Polygon","coordinates":[[[139.6125,35.65625],[139.615625,35.65625],[139.615625,35.658333],[139.6125,35.658333],[139.6125,35.65625]]]},"properties":{"c":"5339348933","n_welfare_capacity":0.5027,"n_sped_school":0.0,"n_station_flow":0.0,"n_clinic":0.1667,"n_zoning":0.7175,"n_noise":0.1767,"n_crowding":0.4797,"n_green":0.7714,"demand":0.1443,"load":0.2377,"priority":0.1767,"host":"千歳台地区会館（複合施設）","host_kind":"区民センター","host_ward":"世田谷区","host_d":463,"f_welfare_n":17,"f_welfare_cap":188,"f_clinic_n":2,"f_station_riders":37716,"f_station_dist":1419,"f_noise_db":67.8,"f_green_pct":5.1,"f_station_name":"八幡山","f_zoning_name":"第一種中高層住居専用地域"}},{"type":"Feature","geometry":{"type":"Polygon","coordinates":[[[139.615625,35.65625],[139.61875,35.65625],[139.61875,35.658333],[139.615625,35.658333],[139.615625,35.65625]]]},"properties":{"c":"5339348934","n_welfare_capacity":0.6846,"n_sped_school":0.0,"n_station_flow":0.0,"n_clinic":0.1434,"n_zoning":0.5713,"n_noise":0.1704,"n_crowding":0.4797,"n_green":0.4632,"demand":0.2061,"load":0.2574,"priority":0.2269,"host":"（旧）船橋まちづくりセンター","host_kind":"出張所","host_ward":"世田谷区","host_d":523,"f_welfare_n":19,"f_welfare_cap":253,"f_clinic_n":2,"f_station_riders":55873,"f_station_dist":1257,"f_noise_db":67.8,"f_green_pct":1.3,"f_station_name":"千歳船橋","f_zoning_name":"第一種中高層住居専用地域"}},{"type":"Feature","geometry":{"type":"Polygon","coordinates":[[[139.61875,35.65625],[139.621875,35.65625],[139.621875,35.658333],[139.61875,35.658333],[139.61875,35.65625]]]},"properties":{"c":"5339348943","n_welfare_capacity":0.7357,"n_sped_school":0.0474,"n_station_flow":0.0257,"n_clinic":0.1711,"n_zoning":0.5045,"n_noise":0.1578,"n_crowding":0.5248,"n_green":0.0,"demand":0.2724,"load":0.4081,"priority":0.3552,"host":"船橋まちづくりセンター（複合施設）","host_kind":"出張所","host_ward":"世田谷区","host_d":298,"f_welfare_n":13,"f_welfare_cap":188,"f_clinic_n":2,"f_station_riders":55873,"f_station_dist":1133,"f_noise_db":67.6,"f_station_name":"千歳船橋","f_zoning_name":"第一種中高層住居専用地域"}},{"type":"Feature","geometry":{"type":"Polygon","coordinates":[[[139.621875,35.65625],[139.625,35.65625],[139.625,35.658333],[139.621875,35.658333],[139.621875,35.65625]]]},"properties":{"c":"5339348944","n_welfare_capacity":0.7581,"n_sped_school":0.1297,"n_station_flow":0.0347,"n_clinic":0.1918,"n_zoning":0.7614,"n_noise":0.1471,"n_crowding":0.5248,"n_green":0.7773,"demand":0.3289,"load":0.2673,"priority":0.3103,"host":"船橋まちづくりセンター（複合施設）","host_kind":"出張所","host_ward":"世田谷区","host_d":235,"f_welfare_n":14,"f_welfare_cap":230,"f_clinic_n":2,"f_station_riders":55873,"f_station_dist":1071,"f_noise_db":67.5,"f_green_pct":5.3,"f_station_name":"千歳船橋","f_zoning_name":"第一種中高層住居専用地域"}},{"type":"Feature","geometry":{"type":"Polygon","coordinates":[[[139.625,35.65625],[139.628125,35.65625],[139.628125,35.658333],[139.625,35.658333],[139.625,35.65625]]]},"properties":{"c":"5339358033","n_welfare_capacity":0.7016,"n_sped_school":0.5551,"n_station_flow":0.1267,"n_clinic":0.2133,"n_zoning":0.8951,"n_noise":0.678,"n_crowding":0.4689,"n_green":0.0,"demand":0.5215,"load":0.8753,"priority":0.7561,"host":"船橋まちづくりセンター（複合施設）","host_kind":"出張所","host_ward":"世田谷区","host_d":426,"f_welfare_n":13,"f_welfare_cap":165,"f_clinic_n":2,"f_station_riders":55873,"f_station_dist":1083,"f_noise_db":70.2,"f_station_name":"千歳船橋","f_zoning_name":"準工業地域"}},{"type":"Feature","geometry":{"type":"Polygon","coordinates":[[[139.628125,35.65625],[139.63125,35.65625],[139.63125,35.658333],[139.628125,35.658333],[139.628125,35.65625]]]},"properties":{"c":"5339358034","n_welfare_capacity":0.5815,"n_sped_school":0.7434,"n_station_flow":0.2485,"n_clinic":0.2724,"n_zoning":0.3229,"n_noise":0.713,"n_crowding":0.4689,"n_green":0.0,"demand":0.5851,"load":0.5928,"priority":0.6601,"host":"桜上水南地区会館","host_kind":"区民センター","host_ward":"世田谷区","host_d":421,"f_welfare_n":11,"f_welfare_cap":125,"f_clinic_n":2,"f_station_riders":82232,"f_station_dist":927,"f_noise_db":70.6,"f_station_name":"経堂","f_zoning_name":"第一種低層住居専用地域"}},{"type":"Feature","geometry":{"type":"Polygon","coordinates":[[[139.63125,35.65625],[139.634375,35.65625],[139.634375,35.658333],[139.63125,35.658333],[139.63125,35.65625]]]},"properties":{"c":"5339358043","n_welfare_capacity":0.6147,"n_sped_school":0.841,"n_station_flow":0.2743,"n_clinic":0.3315,"n_zoning":0.304,"n_noise":0.8296,"n_crowding":0.2252,"n_green":0.5467,"demand":0.6362,"load":0.3013,"priority":0.4726,"host":"桜上水南地区会館","host_kind":"区民センター","host_ward":"世田谷区","host_d":249,"f_welfare_n":13,"f_welfare_cap":135,"f_clinic_n":3,"f_station_riders":82232,"f_station_dist":762,"f_noise_db":71.9,"f_green_pct":1.7,"f_station_name":"経堂","f_zoning_name":"第一種低層住居専用地域"}},{"type":"Feature","geometry":{"type":"Polygon","coordinates":[[[139.634375,35.65625],[139.6375,35.65625],[139.6375,35.658333],[139.634375,35.658333],[139.634375,35.65625]]]},"properties":{"c":"5339358044","n_welfare_capacity":0.6299,"n_sped_school":0.8898,"n_station_flow":0.4525,"n_clinic":0.3934,"n_zoning":0.2969,"n_noise":0.6332,"n_crowding":0.2252,"n_green":0.0,"demand":0.6971,"load":0.3946,"priority":0.5677,"host":"経堂図書館","host_kind":"図書館","host_ward":"世田谷区","host_d":662,"f_welfare_n":22,"f_welfare_cap":160,"f_clinic_n":4,"f_station_riders":3113,"f_station_dist":629,"f_noise_db":70.0,"f_station_name":"松原","f_zoning_name":"第一種低層住居専用地域"}},{"type":"Feature","geometry":{"type":"Polygon","coordinates":[[[139.6375,35.65625],[139.640625,35.65625],[139.640625,35.658333],[139.6375,35.658333],[139.6375,35.65625]]]},"properties":{"c":"5339358133","n_welfare_capacity":0.7384,"n_sped_school":0.9233,"n_station_flow":0.5208,"n_clinic":0.4498,"n_zoning":0.1758,"n_noise":0.5,"n_crowding":0.1981,"n_green":0.0,"demand":0.7661,"load":0.2269,"priority":0.452,"host":"経堂図書館","host_kind":"図書館","host_ward":"世田谷区","host_d":652,"f_welfare_n":32,"f_welfare_cap":220,"f_school_n":1,"f_clinic_n":4,"f_station_riders":3113,"f_station_dist":412,"f_noise_db":69.6,"f_station_name":"松原","f_zoning_name":"第一種低層住居専用地域"}},{"type":"Feature","geometry":{"type":"Polygon","coordinates":[[[139.640625,35.65625],[139.64375,35.65625],[139.64375,35.658333],[139.640625,35.658333],[139.640625,35.65625]]]},"properties":{"c":"5339358134","n_welfare_capacity":0.8862,"n_sped_school":0.9414,"n_station_flow":0.5861,"n_clinic":0.4919,"n_zoning":0.4601,"n_noise":0.5,"n_crowding":0.1981,"n_green":0.0,"demand":0.879,"load":0.4108,"priority":0.6717,"host":"松原地区会館（複合施設）","host_kind":"区民センター","host_ward":"世田谷区","host_d":688,"f_welfare_n":62,"f_welfare_cap":649,"f_school_n":1,"f_clinic_n":6,"f_station_riders":3113,"f_station_dist":324,"f_noise_db":69.6,"f_station_name":"松原","f_zoning_name":"第一種低層住居専用地域"}},{"type":"Feature","geometry":{"type":"Polygon","coordinates":[[[139.64375,35.65625],[139.646875,35.65625],[139.646875,35.658333],[139.64375,35.658333],[139.64375,35.65625]]]},"properties":{"c":"5339358143","n_welfare_capacity":0.9615,"n_sped_school":0.9512,"n_station_flow":0.595,"n_clinic":0.4713,"n_zoning":0.4655,"n_noise":0.5,"n_crowding":0.6006,"n_green":0.0,"demand":0.9167,"load":0.635,"priority":0.8377,"host":"松原地区会館（複合施設）","host_kind":"区民センター","host_ward":"世田谷区","host_d":504,"f_welfare_n":66,"f_welfare_cap":669,"f_school_n":1,"f_clinic_n":4,"f_station_riders":7784,"f_station_dist":359,"f_noise_db":69.6,"f_station_name":"山下","f_zoning_name":"第一種低層住居専用地域"}},{"type":"Feature","geometry":{"type":"Polygon","coordinates":[[[139.646875,35.65625],[139.65,35.65625],[139.65,35.658333],[139.646875,35.658333],[139.646875,35.65625]]]},"properties":{"c":"5339358144","n_welfare_capacity":0.9955,"n_sped_school":0.9526,"n_station_flow":0.5089,"n_clinic":0.4337,"n_zoning":0.7399,"n_noise":0.7498,"n_crowding":0.6006,"n_green":0.0,"demand":0.8871,"load":0.8771,"priority":0.9578,"host":"梅丘図書館","host_kind":"図書館","host_ward":"世田谷区","host_d":568,"f_welfare_n":78,"f_welfare_cap":744,"f_school_n":1,"f_clinic_n":3,"f_station_riders":7784,"f_station_dist":388,"f_noise_db":70.8,"f_station_name":"山下","f_zoning_name":"第一種住居地域"}},{"type":"Feature","geometry":{"type":"Polygon","coordinates":[[[139.65,35.65625],[139.653125,35.65625],[139.653125,35.658333],[139.65,35.658333],[139.65,35.65625]]]},"properties":{"c":"5339358233","n_welfare_capacity":1.0,"n_sped_school":0.9456,"n_station_flow":0.4832,"n_clinic":0.4256,"n_zoning":0.7641,"n_noise":0.5758,"n_crowding":0.7802,"n_green":0.0795,"demand":0.8737,"load":0.8619,"priority":0.9462,"host":"梅丘図書館","host_kind":"図書館","host_ward":"世田谷区","host_d":285,"f_welfare_n":76,"f_welfare_cap":729,"f_school_n":1,"f_clinic_n":4,"f_station_riders":32280,"f_station_dist":229,"f_noise_db":69.8,"f_green_pct":0.2,"f_station_name":"梅ヶ丘","f_zoning_name":"第一種住居地域"}},{"type":"Feature","geometry":{"type":"Polygon","coordinates":[[[139.653125,35.65625],[139.65625,35.65625],[139.65625,35.658333],[139.653125,35.658333],[139.653125,35.65625]]]},"properties":{"c":"5339358234","n_welfare_capacity":0.9794,"n_sped_school":0.9317,"n_station_flow":0.4634,"n_clinic":0.4086,"n_zoning":0.5803,"n_noise":0.4583,"n_crowding":0.7802,"n_green":0.9304,"demand":0.8432,"load":0.4027,"priority":0.6511,"host":"梅丘図書館","host_kind":"図書館","host_ward":"世田谷区","host_d":18,"f_welfare_n":66,"f_welfare_cap":654,"f_school_n":1,"f_clinic_n":3,"f_station_riders":32280,"f_station_dist":175,"f_noise_db":69.5,"f_green_pct":43.8,"f_station_name":"梅ヶ丘","f_zoning_name":"第一種中高層住居専用地域"}},{"type":"Feature","geometry":{"type":"Polygon","coordinates":[[[139.65625,35.65625],[139.659375,35.65625],[139.659375,35.658333],[139.65625,35.658333],[139.65625,35.65625]]]},"properties":{"c":"5339358243","n_welfare_capacity":0.9247,"n_sped_school":0.901,"n_station_flow":0.7218,"n_clinic":0.422,"n_zoning":0.0861,"n_noise":0.2556,"n_crowding":0.264,"n_green":0.3579,"demand":0.9203,"load":0.0457,"priority":0.1928,"host":"梅丘図書館","host_kind":"図書館","host_ward":"世田谷区","host_d":282,"f_welfare_n":56,"f_welfare_cap":604,"f_school_n":1,"f_clinic_n":2,"f_station_riders":9582,"f_station_dist":363,"f_noise_db":68.1,"f_green_pct":0.9,"f_station_name":"世田谷代田","f_zoning_name":"第一種低層住居専用地域"}},{"type":"Feature","geometry":{"type":"Polygon","coordinates":[[[139.659375,35.65625],[139.6625,35.65625],[139.6625,35.658333],[139.659375,35.658333],[139.659375,35.65625]]]},"properties":{"c":"5339358244","n_welfare_capacity":0.7715,"n_sped_school":0.855,"n_station_flow":0.7861,"n_clinic":0.5036,"n_zoning":0.739,"n_noise":0.1534,"n_crowding":0.264,"n_green":0.0,"demand":0.8808,"load":0.4215,"priority":0.6789,"host":"梅丘図書館","host_kind":"図書館","host_ward":"世田谷区","host_d":564,"f_welfare_n":30,"f_welfare_cap":170,"f_school_n":1,"f_clinic_n":5,"f_station_riders":9582,"f_station_dist":132,"f_noise_db":67.6,"f_station_name":"世田谷代田","f_zoning_name":"第一種低層住居専用地域"}},{"type":"Feature","geometry":{"type":"Polygon","coordinates":[[[139.6625,35.65625],[139.665625,35.65625],[139.665625,35.658333],[139.6625,35.658333],[139.6625,35.65625]]]},"properties":{"c":"5339358333","n_welfare_capacity":0.56,"n_sped_school":0.7113,"n_station_flow":0.8277,"n_clinic":0.56,"n_zoning":0.0825,"n_noise":0.1426,"n_crowding":0.6575,"n_green":0.0,"demand":0.7581,"load":0.2,"priority":0.4188,"host":"図書館カウンター下北沢","host_kind":"図書館","host_ward":"世田谷区","host_d":641,"f_welfare_n":16,"f_welfare_cap":100,"f_school_n":1,"f_clinic_n":8,"f_station_riders":9582,"f_station_dist":252,"f_noise_db":67.4,"f_station_name":"世田谷代田","f_zoning_name":"第一種低層住居専用地域"}},{"type":"Feature","geometry":{"type":"Polygon","coordinates":[[[139.665625,35.65625],[139.66875,35.65625],[139.66875,35.658333],[139.665625,35.658333],[139.665625,35.65625]]]},"properties":{"c":"5339358334","n_welfare_capacity":0.4543,"n_sped_school":0.583,"n_station_flow":0.8337,"n_clinic":0.6228,"n_zoning":0.548,"n_noise":0.3184,"n_crowding":0.6575,"n_green":0.0,"demand":0.7097,"load":0.6072,"priority":0.7372,"host":"図書館カウンター下北沢","host_kind":"図書館","host_ward":"世田谷区","host_d":479,"f_welfare_n":21,"f_welfare_cap":120,"f_clinic_n":9,"f_station_riders":229107,"f_station_dist":461,"f_noise_db":68.5,"f_station_name":"下北沢","f_zoning_name":"第一種低層住居専用地域"}},{"type":"Feature","geometry":{"type":"Polygon","coordinates":[[[139.66875,35.65625],[139.671875,35.65625],[139.671875,35.658333],[139.66875,35.658333],[139.66875,35.65625]]]},"properties":{"c":"5339358343","n_welfare_capacity":0.3898,"n_sped_school":0.5132,"n_station_flow":0.8198,"n_clinic":0.681,"n_zoning":0.0345,"n_noise":0.3641,"n_crowding":0.2568,"n_green":0.0,"demand":0.6828,"load":0.1211,"priority":0.2996,"host":"図書館カウンター下北沢","host_kind":"図書館","host_ward":"世田谷区","host_d":456,"f_welfare_n":19,"f_welfare_cap":145,"f_clinic_n":9,"f_station_riders":9179,"f_station_dist":445,"f_noise_db":68.8,"f_station_name":"池ノ上","f_zoning_name":"第一種低層住居専用地域"}},{"type":"Feature","geometry":{"type":"Polygon","coordinates":[[[139.671875,35.65625],[139.675,35.65625],[139.675,35.658333],[139.671875,35.658333],[139.671875,35.65625]]]},"properties":{"c":"5339358344","n_welfare_capacity":0.4346,"n_sped_school":0.4589,"n_station_flow":0.7525,"n_clinic":0.6819,"n_zoning":0.1381,"n_noise":0.47,"n_crowding":0.2568,"n_green":0.0,"demand":0.664,"load":0.217,"priority":0.4099,"host":"図書館カウンター下北沢","host_kind":"図書館","host_ward":"世田谷区","host_d":589,"f_welfare_n":15,"f_welfare_cap":177,"f_clinic_n":6,"f_station_riders":9179,"f_station_dist":342,"f_noise_db":69.5,"f_station_name":"池ノ上","f_zoning_name":"第一種低層住居専用地域"}},{"type":"Feature","geometry":{"type":"Polygon","coordinates":[[[139.675,35.65625],[139.678125,35.65625],[139.678125,35.658333],[139.675,35.658333],[139.675,35.65625]]]},"properties":{"c":"5339358433","n_welfare_capacity":0.5591,"n_sped_school":0.4086,"n_station_flow":0.701,"n_clinic":0.6326,"n_zoning":0.2341,"n_noise":0.6969,"n_crowding":0.4296,"n_green":0.0,"demand":0.6711,"load":0.5058,"priority":0.6502,"host":"代沢東地区会館","host_kind":"区民センター","host_ward":"世田谷区","host_d":89,"f_welfare_n":20,"f_welfare_cap":386,"f_clinic_n":4,"f_station_riders":9179,"f_station_dist":442,"f_noise_db":70.4,"f_station_name":"池ノ上","f_zoning_name":"第一種低層住居専用地域"}},{"type":"Feature","geometry":{"type":"Polygon","coordinates":[[[139.690625,35.65625],[139.69375,35.65625],[139.69375,35.658333],[139.690625,35.658333],[139.690625,35.65625]]]},"properties":{"c":"5339358534","n_welfare_capacity":0.6013,"n_sped_school":0.205,"n_station_flow":0.9386,"n_clinic":0.879,"n_zoning":0.9094,"n_noise":0.3991,"n_crowding":0.8642,"n_green":0.0,"demand":0.7267,"load":0.8969,"priority":0.887,"host":"松濤美術館","host_kind":"文化施設","host_ward":"渋谷区","host_d":161,"f_welfare_n":18,"f_welfare_cap":150,"f_clinic_n":10,"f_station_riders":10963,"f_station_dist":86,"f_noise_db":69.0,"f_station_name":"神泉","f_zoning_name":"第一種住居地域"}},{"type":"Feature","geometry":{"type":"Polygon","coordinates":[[[139.69375,35.65625],[139.696875,35.65625],[139.696875,35.658333],[139.69375,35.658333],[139.69375,35.65625]]]},"properties":{"c":"5339358543","n_welfare_capacity":0.5833,"n_sped_school":0.1646,"n_station_flow":0.9673,"n_clinic":0.9041,"n_zoning":0.9857,"n_noise":0.3794,"n_crowding":0.9986,"n_green":0.0,"demand":0.7231,"load":0.9578,"priority":0.9112,"host":"こもれび大和田図書館","host_kind":"図書館","host_ward":"渋谷区","host_d":465,"f_welfare_n":28,"f_welfare_cap":225,"f_clinic_n":10,"f_station_riders":10963,"f_station_dist":198,"f_noise_db":68.9,"f_station_name":"神泉","f_zoning_name":"商業地域"}},{"type":"Feature","geometry":{"type":"Polygon","coordinates":[[[139.696875,35.65625],[139.7,35.65625],[139.7,35.658333],[139.696875,35.658333],[139.696875,35.65625]]]},"properties":{"c":"5339358544","n_welfare_capacity":0.5789,"n_sped_school":0.1088,"n_station_flow":0.9901,"n_clinic":0.9283,"n_zoning":0.9951,"n_noise":0.3578,"n_crowding":0.9986,"n_green":0.0,"demand":0.7177,"load":0.9561,"priority":0.9076,"host":"こもれび大和田図書館","host_kind":"図書館","host_ward":"渋谷区","host_d":241,"f_welfare_n":34,"f_welfare_cap":285,"f_clinic_n":16,"f_station_riders":2897703,"f_station_dist":420,"f_noise_db":68.7,"f_station_name":"渋谷","f_zoning_name":"商業地域"}},{"type":"Feature","geometry":{"type":"Polygon","coordinates":[[[139.7,35.65625],[139.703125,35.65625],[139.703125,35.658333],[139.7,35.658333],[139.7,35.65625]]]},"properties":{"c":"5339358633","n_welfare_capacity":0.4937,"n_sped_school":0.3584,"n_station_flow":0.997,"n_clinic":0.9624,"n_zoning":0.9951,"n_noise":0.322,"n_crowding":0.9905,"n_green":0.0,"demand":0.7599,"load":0.9417,"priority":0.9247,"host":"こもれび大和田図書館","host_kind":"図書館","host_ward":"渋谷区","host_d":245,"f_welfare_n":44,"f_welfare_cap":385,"f_clinic_n":19,"f_station_riders":2897703,"f_station_dist":217,"f_noise_db":68.6,"f_station_name":"渋谷","f_zoning_name":"商業地域"}},{"type":"Feature","geometry":{"type":"Polygon","coordinates":[[[139.703125,35.65625],[139.70625,35.65625],[139.70625,35.658333],[139.703125,35.658333],[139.703125,35.65625]]]},"properties":{"c":"5339358634","n_welfare_capacity":0.5529,"n_sped_school":0.3417,"n_station_flow":0.995,"n_clinic":0.9749,"n_zoning":0.9951,"n_noise":0.3605,"n_crowding":0.9905,"n_green":0.0,"demand":0.7885,"load":0.9552,"priority":0.9471,"host":"こもれび大和田図書館","host_kind":"図書館","host_ward":"渋谷区","host_d":471,"f_welfare_n":38,"f_welfare_cap":335,"f_clinic_n":19,"f_station_riders":2897703,"f_station_dist":279,"f_noise_db":68.7,"f_station_name":"渋谷","f_zoning_name":"商業地域"}},{"type":"Feature","geometry":{"type":"Polygon","coordinates":[[[139.70625,35.65625],[139.709375,35.65625],[139.709375,35.658333],[139.70625,35.658333],[139.70625,35.65625]]]},"properties":{"c":"5339358643","n_welfare_capacity":0.6407,"n_sped_school":0.5384,"n_station_flow":0.9822,"n_clinic":0.9884,"n_zoning":0.9561,"n_noise":0.3327,"n_crowding":0.9364,"n_green":0.0,"demand":0.8925,"load":0.9166,"priority":0.9704,"host":"氷川区民会館","host_kind":"区民センター","host_ward":"渋谷区","host_d":416,"f_welfare_n":30,"f_welfare_cap":285,"f_clinic_n":20,"f_station_riders":2897703,"f_station_dist":519,"f_noise_db":68.6,"f_station_name":"渋谷","f_zoning_name":"商業地域"}},{"type":"Feature","geometry":{"type":"Polygon","coordinates":[[[139.709375,35.65625],[139.7125,35.65625],[139.7125,35.658333],[139.709375,35.658333],[139.709375,35.65625]]]},"properties":{"c":"5339358644","n_welfare_capacity":0.6004,"n_sped_school":0.7085,"n_station_flow":0.9624,"n_clinic":0.9866,"n_zoning":0.7103,"n_noise":0.287,"n_crowding":0.9364,"n_green":0.0,"demand":0.931,"load":0.8027,"priority":0.9444,"host":"氷川区民会館","host_kind":"区民センター","host_ward":"渋谷区","host_d":440,"f_welfare_n":30,"f_welfare_cap":271,"f_clinic_n":21,"f_station_riders":2897703,"f_station_dist":788,"f_noise_db":68.3,"f_station_name":"渋谷","f_zoning_name":"第二種中高層住居専用地域"}},{"type":"Feature","geometry":{"type":"Polygon","coordinates":[[[139.7125,35.65625],[139.715625,35.65625],[139.715625,35.658333],[139.7125,35.658333],[139.7125,35.65625]]]},"properties":{"c":"5339358733","n_welfare_capacity":0.5977,"n_sped_school":0.8285,"n_station_flow":0.9307,"n_clinic":0.9839,"n_zoning":0.7148,"n_noise":0.2395,"n_crowding":0.7771,"n_green":0.0,"demand":0.9668,"load":0.7202,"priority":0.9157,"host":"氷川区民会館","host_kind":"区民センター","host_ward":"渋谷区","host_d":612,"f_welfare_n":29,"f_welfare_cap":262,"f_clinic_n":11,"f_station_riders":176901,"f_station_dist":872,"f_noise_db":68.0,"f_station_name":"表参道","f_zoning_name":"第二種中高層住居専用地域"}},{"type":"Feature","geometry":{"type":"Polygon","coordinates":[[[139.590625,35.658333],[139.59375,35.658333],[139.59375,35.660417],[139.590625,35.660417],[139.590625,35.658333]]]},"properties":{"c":"5339349712","n_welfare_capacity":0.1389,"n_sped_school":0.0,"n_station_flow":0.299,"n_clinic":0.3163,"n_zoning":0.174,"n_noise":0.7713,"n_crowding":0.2207,"n_green":0.3221,"demand":0.1353,"load":0.2726,"priority":0.183,"host":"給田地区会館（複合施設）","host_kind":"区民センター","host_ward":"世田谷区","host_d":627,"f_welfare_n":27,"f_welfare_cap":172,"f_clinic_n":4,"f_station_riders":70712,"f_station_dist":712,"f_noise_db":71.1,"f_green_pct":0.8,"f_station_name":"仙川","f_zoning_name":"第一種低層住居専用地域"}},{"type":"Feature","geometry":{"type":"Polygon","coordinates":[[[139.59375,35.658333],[139.596875,35.658333],[139.596875,35.660417],[139.59375,35.660417],[139.59375,35.658333]]]},"properties":{"c":"5339349721","n_welfare_capacity":0.0717,"n_sped_school":0.0,"n_station_flow":0.2218,"n_clinic":0.336,"n_zoning":0.2843,"n_noise":0.8045,"n_crowding":0.056,"n_green":0.6859,"demand":0.103,"load":0.148,"priority":0.1004,"host":"上祖師谷まちづくりセンター（複合施設）","host_kind":"出張所","host_ward":"世田谷区","host_d":469,"f_welfare_n":28,"f_welfare_cap":168,"f_station_riders":70712,"f_station_dist":971,"f_noise_db":71.6,"f_green_pct":3.1,"f_station_name":"仙川","f_zoning_name":"第一種低層住居専用地域"}},{"type":"Feature","geometry":{"type":"Polygon","coordinates":[[[139.596875,35.658333],[139.6,35.658333],[139.6,35.660417],[139.596875,35.660417],[139.596875,35.658333]]]},"properties":{"c":"5339349722","n_welfare_capacity":0.0824,"n_sped_school":0.0,"n_station_flow":0.1149,"n_clinic":0.3575,"n_zoning":0.1184,"n_noise":0.9901,"n_crowding":0.056,"n_green":0.6163,"demand":0.0869,"load":0.174,"priority":0.0996,"host":"上祖師谷まちづくりセンター（複合施設）","host_kind":"出張所","host_ward":"世田谷区","host_d":276,"f_welfare_n":24,"f_welfare_cap":148,"f_station_riders":79689,"f_station_dist":955,"f_noise_db":75.0,"f_green_pct":2.3,"f_station_name":"千歳烏山","f_zoning_name":"第一種低層住居専用地域"}},{"type":"Feature","geometry":{"type":"Polygon","coordinates":[[[139.6,35.658333],[139.603125,35.658333],[139.603125,35.660417],[139.6,35.660417],[139.6,35.658333]]]},"properties":{"c":"5339349811","n_welfare_capacity":0.0762,"n_sped_school":0.0,"n_station_flow":0.1188,"n_clinic":0.3701,"n_zoning":0.1094,"n_noise":0.7839,"n_crowding":0.0672,"n_green":0.2724,"demand":0.0887,"load":0.1848,"priority":0.1058,"host":"粕谷図書館（複合施設）","host_kind":"図書館","host_ward":"世田谷区","host_d":526,"f_welfare_n":23,"f_welfare_cap":143,"f_station_riders":79689,"f_station_dist":945,"f_noise_db":71.3,"f_green_pct":0.6,"f_station_name":"千歳烏山","f_zoning_name":"第一種低層住居専用地域"}},{"type":"Feature","geometry":{"type":"Polygon","coordinates":[[[139.603125,35.658333],[139.60625,35.658333],[139.60625,35.660417],[139.603125,35.660417],[139.603125,35.658333]]]},"properties":{"c":"5339349812","n_welfare_capacity":0.1272,"n_sped_school":0.0,"n_station_flow":0.0931,"n_clinic":0.3253,"n_zoning":0.2143,"n_noise":0.6744,"n_crowding":0.0672,"n_green":0.0,"demand":0.0905,"load":0.2834,"priority":0.1426,"host":"粕谷図書館（複合施設）","host_kind":"図書館","host_ward":"世田谷区","host_d":415,"f_welfare_n":19,"f_welfare_cap":123,"f_clinic_n":1,"f_station_riders":79689,"f_station_dist":1017,"f_noise_db":70.2,"f_station_name":"千歳烏山","f_zoning_name":"第一種低層住居専用地域"}},{"type":"Feature","geometry":{"type":"Polygon","coordinates":[[[139.60625,35.658333],[139.609375,35.658333],[139.609375,35.660417],[139.60625,35.660417],[139.60625,35.658333]]]},"properties":{"c":"5339349821","n_welfare_capacity":0.1461,"n_sped_school":0.0,"n_station_flow":0.0505,"n_clinic":0.3145,"n_zoning":0.3256,"n_noise":0.157,"n_crowding":0.5411,"n_green":0.0,"demand":0.0815,"load":0.2987,"priority":0.1363,"host":"粕谷図書館（複合施設）","host_kind":"図書館","host_ward":"世田谷区","host_d":478,"f_welfare_n":21,"f_welfare_cap":178,"f_clinic_n":1,"f_station_riders":79689,"f_station_dist":1155,"f_noise_db":67.6,"f_station_name":"千歳烏山","f_zoning_name":"第一種中高層住居専用地域"}},{"type":"Feature","geometry":{"type":"Polygon","coordinates":[[[139.609375,35.658333],[139.6125,35.658333],[139.6125,35.660417],[139.609375,35.660417],[139.609375,35.658333]]]},"properties":{"c":"5339349822","n_welfare_capacity":0.2751,"n_sped_school":0.0,"n_station_flow":0.0,"n_clinic":0.2849,"n_zoning":0.6018,"n_noise":0.2368,"n_crowding":0.5411,"n_green":0.672,"demand":0.0968,"load":0.2646,"priority":0.1399,"host":"粕谷図書館（複合施設）","host_kind":"図書館","host_ward":"世田谷区","host_d":667,"f_welfare_n":18,"f_welfare_cap":150,"f_clinic_n":1,"f_station_riders":37716,"f_station_dist":1230,"f_noise_db":68.0,"f_green_pct":2.8,"f_station_name":"八幡山","f_zoning_name":"第二種中高層住居専用地域"}},{"type":"Feature","geometry":{"type":"Polygon","coordinates":[[[139.6125,35.658333],[139.615625,35.658333],[139.615625,35.660417],[139.6125,35.660417],[139.6125,35.658333]]]},"properties":{"c":"5339349911","n_welfare_capacity":0.4373,"n_sped_school":0.0,"n_station_flow":0.0119,"n_clinic":0.2321,"n_zoning":0.7659,"n_noise":0.2323,"n_crowding":0.579,"n_green":0.7853,"demand":0.1335,"load":0.3426,"priority":0.2027,"host":"千歳台地区会館（複合施設）","host_kind":"区民センター","host_ward":"世田谷区","host_d":675,"f_welfare_n":12,"f_welfare_cap":140,"f_clinic_n":2,"f_station_riders":37716,"f_station_dist":1188,"f_noise_db":68.0,"f_green_pct":6.2,"f_station_name":"八幡山","f_zoning_name":"第二種住居地域"}},{"type":"Feature","geometry":{"type":"Polygon","coordinates":[[[139.615625,35.658333],[139.61875,35.658333],[139.61875,35.660417],[139.615625,35.660417],[139.615625,35.658333]]]},"properties":{"c":"5339349912","n_welfare_capacity":0.5869,"n_sped_school":0.0028,"n_station_flow":0.001,"n_clinic":0.1747,"n_zoning":0.8502,"n_noise":0.2332,"n_crowding":0.579,"n_green":0.8966,"demand":0.1765,"load":0.3587,"priority":0.2484,"host":"上北沢地区会館","host_kind":"区民センター","host_ward":"世田谷区","host_d":641,"f_welfare_n":12,"f_welfare_cap":180,"f_clinic_n":2,"f_station_riders":14678,"f_station_dist":1192,"f_noise_db":68.0,"f_green_pct":27.2,"f_station_name":"上北沢","f_zoning_name":"第一種住居地域"}},{"type":"Feature","geometry":{"type":"Polygon","coordinates":[[[139.61875,35.658333],[139.621875,35.658333],[139.621875,35.660417],[139.61875,35.660417],[139.61875,35.658333]]]},"properties":{"c":"5339349921","n_welfare_capacity":0.7115,"n_sped_school":0.1004,"n_station_flow":0.002,"n_clinic":0.1891,"n_zoning":0.5677,"n_noise":0.2386,"n_crowding":0.579,"n_green":0.2525,"demand":0.2751,"load":0.426,"priority":0.3668,"host":"上北沢地区会館","host_kind":"区民センター","host_ward":"世田谷区","host_d":468,"f_welfare_n":14,"f_welfare_cap":215,"f_clinic_n":3,"f_station_riders":14678,"f_station_dist":1088,"f_noise_db":68.0,"f_green_pct":0.6,"f_station_name":"上北沢","f_zoning_name":"第一種中高層住居専用地域"}},{"type":"Feature","geometry":{"type":"Polygon","coordinates":[[[139.621875,35.658333],[139.625,35.658333],[139.625,35.660417],[139.621875,35.660417],[139.621875,35.658333]]]},"properties":{"c":"5339349922","n_welfare_capacity":0.7375,"n_sped_school":0.325,"n_station_flow":0.0218,"n_clinic":0.1971,"n_zoning":0.6987,"n_noise":0.417,"n_crowding":0.579,"n_green":0.4533,"demand":0.3943,"load":0.5462,"priority":0.5085,"host":"上北沢地区会館","host_kind":"区民センター","host_ward":"世田谷区","host_d":434,"f_welfare_n":16,"f_welfare_cap":233,"f_clinic_n":2,"f_station_riders":14678,"f_station_dist":1051,"f_noise_db":69.2,"f_green_pct":1.3,"f_station_name":"上北沢","f_zoning_name":"第一種中高層住居専用地域"}},{"type":"Feature","geometry":{"type":"Polygon","coordinates":[[[139.625,35.658333],[139.628125,35.658333],[139.628125,35.660417],[139.625,35.660417],[139.625,35.658333]]]},"properties":{"c":"5339359011","n_welfare_capacity":0.7186,"n_sped_school":0.6667,"n_station_flow":0.0356,"n_clinic":0.2563,"n_zoning":0.2045,"n_noise":0.4547,"n_crowding":0.0943,"n_green":0.0,"demand":0.5439,"load":0.1758,"priority":0.3247,"host":"上北沢地区会館","host_kind":"区民センター","host_ward":"世田谷区","host_d":564,"f_welfare_n":14,"f_welfare_cap":218,"f_clinic_n":2,"f_station_riders":36224,"f_station_dist":1019,"f_noise_db":69.5,"f_station_name":"桜上水","f_zoning_name":"第一種低層住居専用地域"}},{"type":"Feature","geometry":{"type":"Polygon","coordinates":[[[139.628125,35.658333],[139.63125,35.658333],[139.63125,35.660417],[139.628125,35.660417],[139.628125,35.658333]]]},"properties":{"c":"5339359012","n_welfare_capacity":0.5968,"n_sped_school":0.8215,"n_station_flow":0.1584,"n_clinic":0.2876,"n_zoning":0.0345,"n_noise":0.7462,"n_crowding":0.0943,"n_green":0.0,"demand":0.5878,"load":0.2251,"priority":0.3946,"host":"桜上水南地区会館","host_kind":"区民センター","host_ward":"世田谷区","host_d":345,"f_welfare_n":9,"f_welfare_cap":118,"f_clinic_n":1,"f_station_riders":36224,"f_station_dist":931,"f_noise_db":70.8,"f_station_name":"桜上水","f_zoning_name":"第一種低層住居専用地域"}},{"type":"Feature","geometry":{"type":"Polygon","coordinates":[[[139.63125,35.658333],[139.634375,35.658333],[139.634375,35.660417],[139.63125,35.660417],[139.63125,35.658333]]]},"properties":{"c":"5339359021","n_welfare_capacity":0.4588,"n_sped_school":0.8773,"n_station_flow":0.2822,"n_clinic":0.3333,"n_zoning":0.1417,"n_noise":0.8287,"n_crowding":0.5736,"n_green":0.0,"demand":0.5986,"load":0.5955,"priority":0.6682,"host":"桜上水南地区会館","host_kind":"区民センター","host_ward":"世田谷区","host_d":62,"f_welfare_n":11,"f_welfare_cap":138,"f_clinic_n":2,"f_station_riders":3113,"f_station_dist":827,"f_noise_db":71.9,"f_station_name":"松原","f_zoning_name":"第一種低層住居専用地域"}},{"type":"Feature","geometry":{"type":"Polygon","coordinates":[[[139.634375,35.658333],[139.6375,35.658333],[139.6375,35.660417],[139.634375,35.660417],[139.634375,35.658333]]]},"properties":{"c":"5339359022","n_welfare_capacity":0.6496,"n_sped_school":0.9205,"n_station_flow":0.4347,"n_clinic":0.4059,"n_zoning":0.0345,"n_noise":0.8233,"n_crowding":0.5736,"n_green":0.5885,"demand":0.7088,"load":0.2861,"priority":0.4888,"host":"桜上水南地区会館","host_kind":"区民センター","host_ward":"世田谷区","host_d":222,"f_welfare_n":22,"f_welfare_cap":175,"f_clinic_n":2,"f_station_riders":3113,"f_station_dist":547,"f_noise_db":71.9,"f_green_pct":2.0,"f_station_name":"松原","f_zoning_name":"第一種低層住居専用地域"}},{"type":"Feature","geometry":{"type":"Polygon","coordinates":[[[139.6375,35.658333],[139.640625,35.658333],[139.640625,35.660417],[139.6375,35.660417],[139.6375,35.658333]]]},"properties":{"c":"5339359111","n_welfare_capacity":0.7832,"n_sped_school":0.9442,"n_station_flow":0.4921,"n_clinic":0.4471,"n_zoning":0.0345,"n_noise":0.8215,"n_crowding":0.3028,"n_green":0.0,"demand":0.7858,"load":0.3731,"priority":0.5964,"host":"桜上水南地区会館","host_kind":"区民センター","host_ward":"世田谷区","host_d":504,"f_welfare_n":17,"f_welfare_cap":120,"f_school_n":2,"f_clinic_n":3,"f_station_riders":3113,"f_station_dist":272,"f_noise_db":71.8,"f_station_name":"松原","f_zoning_name":"第一種低層住居専用地域"}},{"type":"Feature","geometry":{"type":"Polygon","coordinates":[[[139.640625,35.658333],[139.64375,35.658333],[139.64375,35.660417],[139.640625,35.660417],[139.640625,35.658333]]]},"properties":{"c":"5339359112","n_welfare_capacity":0.8772,"n_sped_school":0.9623,"n_station_flow":0.5139,"n_clinic":0.4507,"n_zoning":0.7686,"n_noise":0.9094,"n_crowding":0.3028,"n_green":0.0,"demand":0.8387,"load":0.8511,"priority":0.9238,"host":"松原地区会館（複合施設）","host_kind":"区民センター","host_ward":"世田谷区","host_d":570,"f_welfare_n":59,"f_welfare_cap":649,"f_school_n":2,"f_clinic_n":5,"f_station_riders":3113,"f_station_dist":95,"f_noise_db":73.0,"f_station_name":"松原","f_zoning_name":"第一種低層住居専用地域"}},{"type":"Feature","geometry":{"type":"Polygon","coordinates":[[[139.64375,35.658333],[139.646875,35.658333],[139.646875,35.660417],[139.64375,35.660417],[139.64375,35.658333]]]},"properties":{"c":"5339359121","n_welfare_capacity":0.9543,"n_sped_school":0.9693,"n_station_flow":0.6455,"n_clinic":0.4238,"n_zoning":0.0345,"n_noise":0.774,"n_crowding":0.0131,"n_green":0.0,"demand":0.9292,"load":0.2036,"priority":0.4682,"host":"松原地区会館（複合施設）","host_kind":"区民センター","host_ward":"世田谷区","host_d":323,"f_welfare_n":62,"f_welfare_cap":679,"f_school_n":1,"f_clinic_n":5,"f_station_riders":3113,"f_station_dist":323,"f_noise_db":71.2,"f_station_name":"松原","f_zoning_name":"第一種低層住居専用地域"}},{"type":"Feature","geometry":{"type":"Polygon","coordinates":[[[139.646875,35.658333],[139.65,35.658333],[139.65,35.660417],[139.646875,35.660417],[139.646875,35.658333]]]},"properties":{"c":"5339359122","n_welfare_capacity":0.9857,"n_sped_school":0.9679,"n_station_flow":0.6386,"n_clinic":0.3539,"n_zoning":0.3731,"n_noise":0.7614,"n_crowding":0.0131,"n_green":0.0,"demand":0.922,"load":0.4117,"priority":0.687,"host":"梅丘図書館","host_kind":"図書館","host_ward":"世田谷区","host_d":607,"f_welfare_n":80,"f_welfare_cap":764,"f_school_n":1,"f_clinic_n":3,"f_station_riders":32280,"f_station_dist":594,"f_noise_db":71.0,"f_station_name":"梅ヶ丘","f_zoning_name":"第一種低層住居専用地域"}},{"type":"Feature","geometry":{"type":"Polygon","coordinates":[[[139.65,35.658333],[139.653125,35.658333],[139.653125,35.660417],[139.65,35.660417],[139.65,35.658333]]]},"properties":{"c":"5339359211","n_welfare_capacity":0.991,"n_sped_school":0.9596,"n_station_flow":0.6495,"n_clinic":0.3978,"n_zoning":0.73,"n_noise":0.7453,"n_crowding":0.5023,"n_green":0.4592,"demand":0.94,"load":0.7067,"priority":0.8942,"host":"梅丘図書館","host_kind":"図書館","host_ward":"世田谷区","host_d":356,"f_welfare_n":71,"f_welfare_cap":684,"f_school_n":1,"f_clinic_n":2,"f_station_riders":32280,"f_station_dist":413,"f_noise_db":70.8,"f_green_pct":1.3,"f_station_name":"梅ヶ丘","f_zoning_name":"第一種住居地域"}},{"type":"Feature","geometry":{"type":"Polygon","coordinates":[[[139.653125,35.658333],[139.65625,35.658333],[139.65625,35.660417],[139.653125,35.660417],[139.653125,35.658333]]]},"properties":{"c":"5339359212","n_welfare_capacity":0.9731,"n_sped_school":0.9428,"n_station_flow":0.7168,"n_clinic":0.3907,"n_zoning":0.3354,"n_noise":0.5812,"n_crowding":0.5023,"n_green":0.9602,"demand":0.957,"load":0.1731,"priority":0.4395,"host":"梅丘図書館","host_kind":"図書館","host_ward":"世田谷区","host_d":213,"f_welfare_n":62,"f_welfare_cap":634,"f_school_n":1,"f_clinic_n":2,"f_station_riders":15426,"f_station_dist":373,"f_noise_db":69.8,"f_green_pct":72.3,"f_station_name":"東松原","f_zoning_name":"第一種中高層住居専用地域"}},{"type":"Feature","geometry":{"type":"Polygon","coordinates":[[[139.65625,35.658333],[139.659375,35.658333],[139.659375,35.660417],[139.65625,35.660417],[139.65625,35.658333]]]},"properties":{"c":"5339359221","n_welfare_capacity":0.8871,"n_sped_school":0.9177,"n_station_flow":0.7772,"n_clinic":0.4427,"n_zoning":0.1031,"n_noise":0.391,"n_crowding":0.44,"n_green":0.7515,"demand":0.9391,"load":0.052,"priority":0.2143,"host":"梅丘図書館","host_kind":"図書館","host_ward":"世田谷区","host_d":353,"f_welfare_n":51,"f_welfare_cap":578,"f_school_n":1,"f_clinic_n":5,"f_station_riders":9582,"f_station_dist":361,"f_noise_db":68.9,"f_green_pct":4.4,"f_station_name":"世田谷代田","f_zoning_name":"第一種低層住居専用地域"}},{"type":"Feature","geometry":{"type":"Polygon","coordinates":[[[139.659375,35.658333],[139.6625,35.658333],[139.6625,35.660417],[139.659375,35.660417],[139.659375,35.658333]]]},"properties":{"c":"5339359222","n_welfare_capacity":0.7509,"n_sped_school":0.8689,"n_station_flow":0.8218,"n_clinic":0.5538,"n_zoning":0.6197,"n_noise":0.3417,"n_crowding":0.44,"n_green":0.0,"demand":0.8996,"load":0.5552,"priority":0.7749,"host":"代田図書館（複合施設）","host_kind":"図書館","host_ward":"世田谷区","host_d":389,"f_welfare_n":27,"f_welfare_cap":195,"f_school_n":1,"f_clinic_n":7,"f_station_riders":9582,"f_station_dist":128,"f_noise_db":68.6,"f_station_name":"世田谷代田","f_zoning_name":"第一種低層住居専用地域"}},{"type":"Feature","geometry":{"type":"Polygon","coordinates":[[[139.6625,35.658333],[139.665625,35.658333],[139.665625,35.660417],[139.6625,35.660417],[139.6625,35.658333]]]},"properties":{"c":"5339359311","n_welfare_capacity":0.4973,"n_sped_school":0.742,"n_station_flow":0.8604,"n_clinic":0.5887,"n_zoning":0.2466,"n_noise":0.1883,"n_crowding":0.8732,"n_green":0.0,"demand":0.7616,"load":0.4404,"priority":0.6457,"host":"代田図書館（複合施設）","host_kind":"図書館","host_ward":"世田谷区","host_d":496,"f_welfare_n":16,"f_welfare_cap":130,"f_school_n":1,"f_clinic_n":9,"f_station_riders":9582,"f_station_dist":250,"f_noise_db":68.0,"f_station_name":"世田谷代田","f_zoning_name":"第一種低層住居専用地域"}},{"type":"Feature","geometry":{"type":"Polygon","coordinates":[[[139.665625,35.658333],[139.66875,35.658333],[139.66875,35.660417],[139.665625,35.660417],[139.665625,35.658333]]]},"properties":{"c":"5339359312","n_welfare_capacity":0.4274,"n_sped_school":0.5676,"n_station_flow":0.8703,"n_clinic":0.6371,"n_zoning":0.9058,"n_noise":0.0897,"n_crowding":0.8732,"n_green":0.0,"demand":0.7106,"load":0.7883,"priority":0.8206,"host":"図書館カウンター下北沢","host_kind":"図書館","host_ward":"世田谷区","host_d":279,"f_welfare_n":16,"f_welfare_cap":95,"f_clinic_n":9,"f_station_riders":229107,"f_station_dist":230,"f_noise_db":66.9,"f_station_name":"下北沢","f_zoning_name":"商業地域"}},{"type":"Feature","geometry":{"type":"Polygon","coordinates":[[[139.66875,35.658333],[139.671875,35.658333],[139.671875,35.660417],[139.66875,35.660417],[139.66875,35.658333]]]},"properties":{"c":"5339359321","n_welfare_capacity":0.2832,"n_sped_school":0.4603,"n_station_flow":0.8505,"n_clinic":0.6559,"n_zoning":0.3381,"n_noise":0.0771,"n_crowding":0.7008,"n_green":0.0,"demand":0.6461,"load":0.3435,"priority":0.5166,"host":"図書館カウンター下北沢","host_kind":"図書館","host_ward":"世田谷区","host_d":237,"f_welfare_n":18,"f_welfare_cap":120,"f_clinic_n":8,"f_station_riders":9179,"f_station_dist":305,"f_noise_db":66.6,"f_station_name":"池ノ上","f_zoning_name":"第一種低層住居専用地域"}},{"type":"Feature","geometry":{"type":"Polygon","coordinates":[[[139.671875,35.658333],[139.675,35.658333],[139.675,35.660417],[139.671875,35.660417],[139.671875,35.658333]]]},"properties":{"c":"5339359322","n_welfare_capacity":0.3647,"n_sped_school":0.357,"n_station_flow":0.8149,"n_clinic":0.6452,"n_zoning":0.4897,"n_noise":0.1363,"n_crowding":0.7008,"n_green":0.0,"demand":0.638,"load":0.4834,"priority":0.6197,"host":"図書館カウンター下北沢","host_kind":"図書館","host_ward":"世田谷区","host_d":441,"f_welfare_n":16,"f_welfare_cap":110,"f_clinic_n":8,"f_station_riders":9179,"f_station_dist":110,"f_noise_db":67.3,"f_station_name":"池ノ上","f_zoning_name":"第一種低層住居専用地域"}},{"type":"Feature","geometry":{"type":"Polygon","coordinates":[[[139.675,35.658333],[139.678125,35.658333],[139.678125,35.660417],[139.675,35.660417],[139.675,35.658333]]]},"properties":{"c":"5339359411","n_welfare_capacity":0.4776,"n_sped_school":0.2985,"n_station_flow":0.8109,"n_clinic":0.6362,"n_zoning":0.1587,"n_noise":0.3022,"n_crowding":0.5045,"n_green":0.0,"demand":0.6514,"load":0.261,"priority":0.4466,"host":"代沢東地区会館","host_kind":"区民センター","host_ward":"世田谷区","host_d":176,"f_welfare_n":11,"f_welfare_cap":320,"f_clinic_n":6,"f_station_riders":9179,"f_station_dist":302,"f_noise_db":68.4,"f_station_name":"池ノ上","f_zoning_name":"第一種低層住居専用地域"}},{"type":"Feature","geometry":{"type":"Polygon","coordinates":[[[139.6875,35.658333],[139.690625,35.658333],[139.690625,35.660417],[139.6875,35.660417],[139.6875,35.658333]]]},"properties":{"c":"5339359511","n_welfare_capacity":0.4633,"n_sped_school":0.1632,"n_station_flow":0.4198,"n_clinic":0.8495,"n_zoning":0.6682,"n_noise":0.4108,"n_crowding":0.7658,"n_green":0.0,"demand":0.5341,"load":0.7677,"priority":0.7175,"host":"松濤美術館","host_kind":"文化施設","host_ward":"渋谷区","host_d":254,"f_welfare_n":15,"f_welfare_cap":375,"f_clinic_n":7,"f_station_riders":10963,"f_station_dist":442,"f_noise_db":69.1,"f_station_name":"神泉","f_zoning_name":"第一種中高層住居専用地域"}},{"type":"Feature","geometry":{"type":"Polygon","coordinates":[[[139.690625,35.658333],[139.69375,35.658333],[139.69375,35.660417],[139.690625,35.660417],[139.690625,35.658333]]]},"properties":{"c":"5339359512","n_welfare_capacity":0.4713,"n_sped_school":0.1353,"n_station_flow":0.9416,"n_clinic":0.8808,"n_zoning":0.4888,"n_noise":0.3955,"n_crowding":0.7658,"n_green":0.8072,"demand":0.681,"load":0.3462,"priority":0.5336,"host":"松濤美術館","host_kind":"文化施設","host_ward":"渋谷区","host_d":86,"f_welfare_n":20,"f_welfare_cap":170,"f_clinic_n":8,"f_station_riders":10963,"f_station_dist":259,"f_noise_db":69.0,"f_green_pct":7.7,"f_station_name":"神泉","f_zoning_name":"第一種低層住居専用地域"}},{"type":"Feature","geometry":{"type":"Polygon","coordinates":[[[139.69375,35.658333],[139.696875,35.658333],[139.696875,35.660417],[139.69375,35.660417],[139.69375,35.658333]]]},"properties":{"c":"5339359521","n_welfare_capacity":0.4265,"n_sped_school":0.0921,"n_station_flow":0.9713,"n_clinic":0.9032,"n_zoning":0.9749,"n_noise":0.3803,"n_crowding":0.9869,"n_green":0.0,"demand":0.6694,"load":0.9543,"priority":0.878,"host":"こもれび大和田図書館","host_kind":"図書館","host_ward":"渋谷区","host_d":601,"f_welfare_n":27,"f_welfare_cap":215,"f_clinic_n":10,"f_station_riders":10963,"f_station_dist":314,"f_noise_db":68.9,"f_station_name":"神泉","f_zoning_name":"商業地域"}},{"type":"Feature","geometry":{"type":"Polygon","coordinates":[[[139.696875,35.658333],[139.7,35.658333],[139.7,35.660417],[139.696875,35.660417],[139.696875,35.658333]]]},"properties":{"c":"5339359522","n_welfare_capacity":0.4435,"n_sped_school":0.0335,"n_station_flow":0.9921,"n_clinic":0.9247,"n_zoning":0.9951,"n_noise":0.3229,"n_crowding":0.9869,"n_green":0.0,"demand":0.6685,"load":0.9408,"priority":0.8709,"host":"こもれび大和田図書館","host_kind":"図書館","host_ward":"渋谷区","host_d":450,"f_welfare_n":30,"f_welfare_cap":250,"f_clinic_n":18,"f_station_riders":2897703,"f_station_dist":371,"f_noise_db":68.6,"f_station_name":"渋谷","f_zoning_name":"商業地域"}},{"type":"Feature","geometry":{"type":"Polygon","coordinates":[[[139.7,35.658333],[139.703125,35.658333],[139.703125,35.660417],[139.7,35.660417],[139.7,35.658333]]]},"properties":{"c":"5339359611","n_welfare_capacity":0.5081,"n_sped_school":0.0893,"n_station_flow":0.999,"n_clinic":0.957,"n_zoning":0.9951,"n_noise":0.3444,"n_crowding":0.995,"n_green":0.0,"demand":0.7016,"load":0.9507,"priority":0.8951,"host":"こもれび大和田図書館","host_kind":"図書館","host_ward":"渋谷区","host_d":452,"f_welfare_n":41,"f_welfare_cap":335,"f_clinic_n":19,"f_station_riders":2897703,"f_station_dist":93,"f_noise_db":68.7,"f_station_name":"渋谷","f_zoning_name":"商業地域"}},{"type":"Feature","geometry":{"type":"Polygon","coordinates":[[[139.703125,35.658333],[139.70625,35.658333],[139.70625,35.660417],[139.703125,35.660417],[139.703125,35.658333]]]},"properties":{"c":"5339359612","n_welfare_capacity":0.5349,"n_sped_school":0.3766,"n_station_flow":0.998,"n_clinic":0.9794,"n_zoning":0.9951,"n_noise":0.374,"n_crowding":0.995,"n_green":0.0,"demand":0.8002,"load":0.9587,"priority":0.9543,"host":"こもれび大和田図書館","host_kind":"図書館","host_ward":"渋谷区","host_d":605,"f_welfare_n":32,"f_welfare_cap":275,"f_clinic_n":24,"f_station_riders":2897703,"f_station_dist":199,"f_noise_db":68.9,"f_station_name":"渋谷","f_zoning_name":"商業地域"}},{"type":"Feature","geometry":{"type":"Polygon","coordinates":[[[139.70625,35.658333],[139.709375,35.658333],[139.709375,35.660417],[139.70625,35.660417],[139.70625,35.658333]]]},"properties":{"c":"5339359621","n_welfare_capacity":0.5762,"n_sped_school":0.569,"n_station_flow":0.9861,"n_clinic":0.991,"n_zoning":0.9794,"n_noise":0.3883,"n_crowding":0.9589,"n_green":0.0,"demand":0.8799,"load":0.9498,"priority":0.9731,"host":"氷川区民会館","host_kind":"区民センター","host_ward":"渋谷区","host_d":642,"f_welfare_n":24,"f_welfare_cap":215,"f_clinic_n":25,"f_station_riders":2897703,"f_station_dist":480,"f_noise_db":68.9,"f_station_name":"渋谷","f_zoning_name":"商業地域"}},{"type":"Feature","geometry":{"type":"Polygon","coordinates":[[[139.709375,35.658333],[139.7125,35.658333],[139.7125,35.660417],[139.709375,35.660417],[139.709375,35.658333]]]},"properties":{"c":"5339359622","n_welfare_capacity":0.5627,"n_sped_school":0.7406,"n_station_flow":0.9644,"n_clinic":0.9919,"n_zoning":0.8305,"n_noise":0.3471,"n_crowding":0.9589,"n_green":0.0,"demand":0.9274,"load":0.8816,"priority":0.9695,"host":"氷川区民会館","host_kind":"区民センター","host_ward":"渋谷区","host_d":658,"f_welfare_n":21,"f_welfare_cap":180,"f_clinic_n":24,"f_station_riders":176901,"f_station_dist":644,"f_noise_db":68.7,"f_station_name":"表参道","f_zoning_name":"第二種中高層住居専用地域"}},{"type":"Feature","geometry":{"type":"Polygon","coordinates":[[[139.590625,35.660417],[139.59375,35.660417],[139.59375,35.6625],[139.590625,35.6625],[139.590625,35.660417]]]},"properties":{"c":"5339349714","n_welfare_capacity":0.1532,"n_sped_school":0.0418,"n_station_flow":0.4307,"n_clinic":0.4453,"n_zoning":0.1022,"n_noise":0.8377,"n_crowding":0.2207,"n_green":0.0,"demand":0.2213,"load":0.3848,"priority":0.3049,"host":"給田地区会館（複合施設）","host_kind":"区民センター","host_ward":"世田谷区","host_d":404,"f_welfare_n":28,"f_welfare_cap":170,"f_clinic_n":4,"f_station_riders":70712,"f_station_dist":637,"f_noise_db":72.0,"f_station_name":"仙川","f_zoning_name":"第一種低層住居専用地域"}},{"type":"Feature","geometry":{"type":"Polygon","coordinates":[[[139.59375,35.660417],[139.596875,35.660417],[139.596875,35.6625],[139.59375,35.6625],[139.59375,35.660417]]]},"properties":{"c":"5339349723","n_welfare_capacity":0.1075,"n_sped_school":0.0642,"n_station_flow":0.3653,"n_clinic":0.4973,"n_zoning":0.0888,"n_noise":0.9345,"n_crowding":0.056,"n_green":0.1213,"demand":0.198,"load":0.2996,"priority":0.2413,"host":"給田地区会館（複合施設）","host_kind":"区民センター","host_ward":"世田谷区","host_d":565,"f_welfare_n":30,"f_welfare_cap":180,"f_station_riders":79689,"f_station_dist":843,"f_noise_db":73.8,"f_green_pct":0.3,"f_station_name":"千歳烏山","f_zoning_name":"第一種低層住居専用地域"}},{"type":"Feature","geometry":{"type":"Polygon","coordinates":[[[139.596875,35.660417],[139.6,35.660417],[139.6,35.6625],[139.596875,35.6625],[139.596875,35.660417]]]},"properties":{"c":"5339349724","n_welfare_capacity":0.1452,"n_sped_school":0.0572,"n_station_flow":0.3228,"n_clinic":0.5341,"n_zoning":0.0753,"n_noise":0.9193,"n_crowding":0.056,"n_green":0.0,"demand":0.2016,"load":0.3283,"priority":0.2583,"host":"粕谷図書館（複合施設）","host_kind":"図書館","host_ward":"世田谷区","host_d":635,"f_welfare_n":30,"f_welfare_cap":198,"f_clinic_n":3,"f_station_riders":79689,"f_station_dist":729,"f_noise_db":73.2,"f_station_name":"千歳烏山","f_zoning_name":"第一種低層住居専用地域"}},{"type":"Feature","geometry":{"type":"Polygon","coordinates":[[[139.6,35.660417],[139.603125,35.660417],[139.603125,35.6625],[139.6,35.6625],[139.6,35.660417]]]},"properties":{"c":"5339349813","n_welfare_capacity":0.1317,"n_sped_school":0.0349,"n_station_flow":0.2604,"n_clinic":0.5394,"n_zoning":0.0345,"n_noise":0.8825,"n_crowding":0.0672,"n_green":0.0,"demand":0.1676,"load":0.2879,"priority":0.2117,"host":"粕谷図書館（複合施設）","host_kind":"図書館","host_ward":"世田谷区","host_d":373,"f_welfare_n":28,"f_welfare_cap":183,"f_clinic_n":3,"f_station_riders":79689,"f_station_dist":716,"f_noise_db":72.5,"f_station_name":"千歳烏山","f_zoning_name":"第一種低層住居専用地域"}},{"type":"Feature","geometry":{"type":"Polygon","coordinates":[[[139.603125,35.660417],[139.60625,35.660417],[139.60625,35.6625],[139.603125,35.6625],[139.603125,35.660417]]]},"properties":{"c":"5339349814","n_welfare_capacity":0.1685,"n_sped_school":0.0098,"n_station_flow":0.2069,"n_clinic":0.5072,"n_zoning":0.0345,"n_noise":0.7067,"n_crowding":0.0672,"n_green":0.0,"demand":0.1559,"load":0.1928,"priority":0.165,"host":"粕谷図書館（複合施設）","host_kind":"図書館","host_ward":"世田谷区","host_d":187,"f_welfare_n":23,"f_welfare_cap":153,"f_clinic_n":4,"f_station_riders":79689,"f_station_dist":808,"f_noise_db":70.5,"f_station_name":"千歳烏山","f_zoning_name":"第一種低層住居専用地域"}},{"type":"Feature","geometry":{"type":"Polygon","coordinates":[[[139.60625,35.660417],[139.609375,35.660417],[139.609375,35.6625],[139.60625,35.6625],[139.60625,35.660417]]]},"properties":{"c":"5339349823","n_welfare_capacity":0.2222,"n_sped_school":0.0,"n_station_flow":0.1762,"n_clinic":0.4695,"n_zoning":0.3534,"n_noise":0.4753,"n_crowding":0.5411,"n_green":0.0,"demand":0.155,"load":0.513,"priority":0.2906,"host":"粕谷図書館（複合施設）","host_kind":"図書館","host_ward":"世田谷区","host_d":301,"f_welfare_n":18,"f_welfare_cap":128,"f_clinic_n":2,"f_station_riders":79689,"f_station_dist":977,"f_noise_db":69.6,"f_station_name":"千歳烏山","f_zoning_name":"第一種中高層住居専用地域"}},{"type":"Feature","geometry":{"type":"Polygon","coordinates":[[[139.609375,35.660417],[139.6125,35.660417],[139.6125,35.6625],[139.609375,35.6625],[139.609375,35.660417]]]},"properties":{"c":"5339349824","n_welfare_capacity":0.3629,"n_sped_school":0.0,"n_station_flow":0.1218,"n_clinic":0.4194,"n_zoning":0.5525,"n_noise":0.2996,"n_crowding":0.5411,"n_green":0.9384,"demand":0.1792,"load":0.1776,"priority":0.1713,"host":"粕谷図書館（複合施設）","host_kind":"図書館","host_ward":"世田谷区","host_d":554,"f_welfare_n":14,"f_welfare_cap":95,"f_clinic_n":1,"f_station_riders":37716,"f_station_dist":1008,"f_noise_db":68.4,"f_green_pct":52.3,"f_station_name":"八幡山","f_zoning_name":"第一種中高層住居専用地域"}},{"type":"Feature","geometry":{"type":"Polygon","coordinates":[[[139.6125,35.660417],[139.615625,35.660417],[139.615625,35.6625],[139.6125,35.6625],[139.6125,35.660417]]]},"properties":{"c":"5339349913","n_welfare_capacity":0.4086,"n_sped_school":0.0,"n_station_flow":0.0673,"n_clinic":0.3208,"n_zoning":0.617,"n_noise":0.2314,"n_crowding":0.579,"n_green":0.9344,"demand":0.1577,"load":0.1946,"priority":0.1659,"f_welfare_n":13,"f_welfare_cap":115,"f_clinic_n":1,"f_station_riders":37716,"f_station_dist":957,"f_noise_db":68.0,"f_green_pct":48.8,"f_station_name":"八幡山","f_zoning_name":"第一種中高層住居専用地域"}},{"type":"Feature","geometry":{"type":"Polygon","coordinates":[[[139.615625,35.660417],[139.61875,35.660417],[139.61875,35.6625],[139.615625,35.6625],[139.615625,35.660417]]]},"properties":{"c":"5339349914","n_welfare_capacity":0.5771,"n_sped_school":0.046,"n_station_flow":0.0584,"n_clinic":0.267,"n_zoning":0.2978,"n_noise":0.1839,"n_crowding":0.579,"n_green":0.6382,"demand":0.2249,"load":0.1148,"priority":0.1444,"host":"上北沢地区会館","host_kind":"区民センター","host_ward":"世田谷区","host_d":517,"f_welfare_n":11,"f_welfare_cap":145,"f_clinic_n":3,"f_station_riders":37716,"f_station_dist":987,"f_noise_db":67.9,"f_green_pct":2.5,"f_station_name":"八幡山","f_zoning_name":"第一種低層住居専用地域"}},{"type":"Feature","geometry":{"type":"Polygon","coordinates":[[[139.61875,35.660417],[139.621875,35.660417],[139.621875,35.6625],[139.61875,35.6625],[139.61875,35.660417]]]},"properties":{"c":"5339349923","n_welfare_capacity":0.6703,"n_sped_school":0.1409,"n_station_flow":0.0475,"n_clinic":0.2052,"n_zoning":0.1309,"n_noise":0.2987,"n_crowding":0.579,"n_green":0.2644,"demand":0.3011,"load":0.183,"priority":0.235,"host":"上北沢地区会館","host_kind":"区民センター","host_ward":"世田谷区","host_d":276,"f_welfare_n":16,"f_welfare_cap":218,"f_clinic_n":3,"f_station_riders":14678,"f_station_dist":866,"f_noise_db":68.4,"f_green_pct":0.6,"f_station_name":"上北沢","f_zoning_name":"第一種低層住居専用地域"}},{"type":"Feature","geometry":{"type":"Polygon","coordinates":[[[139.621875,35.660417],[139.625,35.660417],[139.625,35.6625],[139.621875,35.6625],[139.621875,35.660417]]]},"properties":{"c":"5339349924","n_welfare_capacity":0.7052,"n_sped_school":0.4296,"n_station_flow":0.0634,"n_clinic":0.2303,"n_zoning":0.3471,"n_noise":0.3713,"n_crowding":0.579,"n_green":0.2823,"demand":0.4489,"load":0.3489,"priority":0.4242,"host":"上北沢地区会館","host_kind":"区民センター","host_ward":"世田谷区","host_d":213,"f_welfare_n":17,"f_welfare_cap":258,"f_clinic_n":2,"f_station_riders":14678,"f_station_dist":819,"f_noise_db":68.8,"f_green_pct":0.6,"f_station_name":"上北沢","f_zoning_name":"第一種低層住居専用地域"}},{"type":"Feature","geometry":{"type":"Polygon","coordinates":[[[139.625,35.660417],[139.628125,35.660417],[139.628125,35.6625],[139.625,35.6625],[139.625,35.660417]]]},"properties":{"c":"5339359013","n_welfare_capacity":0.6828,"n_sped_school":0.7322,"n_station_flow":0.096,"n_clinic":0.2608,"n_zoning":0.1193,"n_noise":0.4296,"n_crowding":0.0943,"n_green":0.0,"demand":0.5708,"load":0.1256,"priority":0.2682,"host":"上北沢図書館（複合施設）","host_kind":"図書館","host_ward":"世田谷区","host_d":684,"f_welfare_n":15,"f_welfare_cap":233,"f_clinic_n":2,"f_station_riders":36224,"f_station_dist":817,"f_noise_db":69.3,"f_station_name":"桜上水","f_zoning_name":"第一種低層住居専用地域"}},{"type":"Feature","geometry":{"type":"Polygon","coordinates":[[[139.628125,35.660417],[139.63125,35.660417],[139.63125,35.6625],[139.628125,35.6625],[139.628125,35.660417]]]},"properties":{"c":"5339359014","n_welfare_capacity":0.5654,"n_sped_school":0.8438,"n_station_flow":0.1139,"n_clinic":0.2841,"n_zoning":0.1354,"n_noise":0.6852,"n_crowding":0.0943,"n_green":0.0,"demand":0.5699,"load":0.2556,"priority":0.4108,"host":"桜上水南地区会館","host_kind":"区民センター","host_ward":"世田谷区","host_d":409,"f_welfare_n":15,"f_welfare_cap":198,"f_clinic_n":3,"f_station_riders":36224,"f_station_dist":704,"f_noise_db":70.2,"f_station_name":"桜上水","f_zoning_name":"第一種低層住居専用地域"}},{"type":"Feature","geometry":{"type":"Polygon","coordinates":[[[139.63125,35.660417],[139.634375,35.660417],[139.634375,35.6625],[139.63125,35.6625],[139.63125,35.660417]]]},"properties":{"c":"5339359023","n_welfare_capacity":0.4668,"n_sped_school":0.9038,"n_station_flow":0.3267,"n_clinic":0.319,"n_zoning":0.4126,"n_noise":0.826,"n_crowding":0.5736,"n_green":0.0,"demand":0.621,"load":0.7543,"priority":0.765,"host":"桜上水南地区会館","host_kind":"区民センター","host_ward":"世田谷区","host_d":229,"f_welfare_n":11,"f_welfare_cap":113,"f_school_n":1,"f_clinic_n":4,"f_station_riders":36224,"f_station_dist":697,"f_noise_db":71.9,"f_station_name":"桜上水","f_zoning_name":"第一種中高層住居専用地域"}},{"type":"Feature","geometry":{"type":"Polygon","coordinates":[[[139.634375,35.660417],[139.6375,35.660417],[139.6375,35.6625],[139.634375,35.6625],[139.634375,35.660417]]]},"properties":{"c":"5339359024","n_welfare_capacity":0.6514,"n_sped_school":0.9386,"n_station_flow":0.405,"n_clinic":0.3898,"n_zoning":0.2179,"n_noise":0.8188,"n_crowding":0.5736,"n_green":0.33,"demand":0.7043,"load":0.5157,"priority":0.6735,"host":"桜上水南地区会館","host_kind":"区民センター","host_ward":"世田谷区","host_d":313,"f_welfare_n":12,"f_welfare_cap":125,"f_school_n":1,"f_clinic_n":5,"f_station_riders":3113,"f_station_dist":557,"f_noise_db":71.8,"f_green_pct":0.8,"f_station_name":"松原","f_zoning_name":"第一種低層住居専用地域"}},{"type":"Feature","geometry":{"type":"Polygon","coordinates":[[[139.6375,35.660417],[139.640625,35.660417],[139.640625,35.6625],[139.6375,35.6625],[139.6375,35.660417]]]},"properties":{"c":"5339359113","n_welfare_capacity":0.7643,"n_sped_school":0.9637,"n_station_flow":0.4901,"n_clinic":0.4373,"n_zoning":0.0345,"n_noise":0.8161,"n_crowding":0.3028,"n_green":0.0,"demand":0.7787,"load":0.3695,"priority":0.5839,"host":"松沢まちづくりセンター（複合施設）","host_kind":"出張所","host_ward":"世田谷区","host_d":445,"f_welfare_n":22,"f_welfare_cap":155,"f_school_n":3,"f_clinic_n":3,"f_station_riders":3113,"f_station_dist":292,"f_noise_db":71.8,"f_station_name":"松原","f_zoning_name":"第一種低層住居専用地域"}},{"type":"Feature","geometry":{"type":"Polygon","coordinates":[[[139.640625,35.660417],[139.64375,35.660417],[139.64375,35.6625],[139.640625,35.6625],[139.640625,35.660417]]]},"properties":{"c":"5339359114","n_welfare_capacity":0.845,"n_sped_school":0.9749,"n_station_flow":0.5911,"n_clinic":0.4391,"n_zoning":0.27,"n_noise":0.8655,"n_crowding":0.3028,"n_green":0.839,"demand":0.8611,"load":0.2296,"priority":0.4798,"host":"松原地区会館（複合施設）","host_kind":"区民センター","host_ward":"世田谷区","host_d":531,"f_welfare_n":27,"f_welfare_cap":185,"f_school_n":3,"f_clinic_n":3,"f_station_riders":3113,"f_station_dist":142,"f_noise_db":72.2,"f_green_pct":10.6,"f_station_name":"松原","f_zoning_name":"第一種低層住居専用地域"}},{"type":"Feature","geometry":{"type":"Polygon","coordinates":[[[139.64375,35.660417],[139.646875,35.660417],[139.646875,35.6625],[139.64375,35.6625],[139.64375,35.660417]]]},"properties":{"c":"5339359123","n_welfare_capacity":0.9409,"n_sped_school":0.9819,"n_station_flow":0.6545,"n_clinic":0.4068,"n_zoning":0.0345,"n_noise":0.7883,"n_crowding":0.0131,"n_green":0.0,"demand":0.9265,"load":0.2108,"priority":0.4762,"host":"松原地区会館（複合施設）","host_kind":"区民センター","host_ward":"世田谷区","host_d":249,"f_welfare_n":64,"f_welfare_cap":669,"f_school_n":3,"f_clinic_n":5,"f_station_riders":3113,"f_station_dist":339,"f_noise_db":71.4,"f_station_name":"松原","f_zoning_name":"第一種低層住居専用地域"}},{"type":"Feature","geometry":{"type":"Polygon","coordinates":[[[139.646875,35.660417],[139.65,35.660417],[139.65,35.6625],[139.646875,35.6625],[139.646875,35.660417]]]},"properties":{"c":"5339359124","n_welfare_capacity":0.9659,"n_sped_school":0.9791,"n_station_flow":0.6881,"n_clinic":0.3943,"n_zoning":0.1713,"n_noise":0.8242,"n_crowding":0.0131,"n_green":0.0,"demand":0.9561,"load":0.313,"priority":0.6045,"host":"松原地区会館（複合施設）","host_kind":"区民センター","host_ward":"世田谷区","host_d":42,"f_welfare_n":76,"f_welfare_cap":749,"f_school_n":3,"f_clinic_n":4,"f_station_riders":3113,"f_station_dist":609,"f_noise_db":71.9,"f_station_name":"松原","f_zoning_name":"第一種低層住居専用地域"}},{"type":"Feature","geometry":{"type":"Polygon","coordinates":[[[139.65,35.660417],[139.653125,35.660417],[139.653125,35.6625],[139.65,35.6625],[139.65,35.660417]]]},"properties":{"c":"5339359213","n_welfare_capacity":0.9677,"n_sped_school":0.9707,"n_station_flow":0.6891,"n_clinic":0.3638,"n_zoning":0.2395,"n_noise":0.7381,"n_crowding":0.5023,"n_green":0.1988,"demand":0.9453,"load":0.4933,"priority":0.7623,"host":"梅丘図書館","host_kind":"図書館","host_ward":"世田谷区","host_d":528,"f_welfare_n":65,"f_welfare_cap":664,"f_school_n":2,"f_clinic_n":2,"f_station_riders":15426,"f_station_dist":395,"f_noise_db":70.8,"f_green_pct":0.4,"f_station_name":"東松原","f_zoning_name":"第一種低層住居専用地域"}},{"type":"Feature","geometry":{"type":"Polygon","coordinates":[[[139.653125,35.660417],[139.65625,35.660417],[139.65625,35.6625],[139.653125,35.6625],[139.653125,35.660417]]]},"properties":{"c":"5339359214","n_welfare_capacity":0.9516,"n_sped_school":0.9568,"n_station_flow":0.7376,"n_clinic":0.4185,"n_zoning":0.6439,"n_noise":0.3839,"n_crowding":0.5023,"n_green":0.0,"demand":0.9677,"load":0.6332,"priority":0.8637,"host":"梅丘図書館","host_kind":"図書館","host_ward":"世田谷区","host_d":444,"f_welfare_n":64,"f_welfare_cap":684,"f_school_n":1,"f_clinic_n":2,"f_station_riders":15426,"f_station_dist":159,"f_noise_db":68.9,"f_station_name":"東松原","f_zoning_name":"第一種低層住居専用地域"}},{"type":"Feature","geometry":{"type":"Polygon","coordinates":[[[139.65625,35.660417],[139.659375,35.660417],[139.659375,35.6625],[139.65625,35.6625],[139.65625,35.660417]]]},"properties":{"c":"5339359223","n_welfare_capacity":0.8835,"n_sped_school":0.9289,"n_station_flow":0.7941,"n_clinic":0.5314,"n_zoning":0.0345,"n_noise":0.3489,"n_crowding":0.44,"n_green":0.0,"demand":0.9713,"load":0.1803,"priority":0.4538,"host":"代田図書館（複合施設）","host_kind":"図書館","host_ward":"世田谷区","host_d":301,"f_welfare_n":29,"f_welfare_cap":220,"f_school_n":1,"f_clinic_n":5,"f_station_riders":15426,"f_station_dist":233,"f_noise_db":68.7,"f_station_name":"東松原","f_zoning_name":"第一種低層住居専用地域"}},{"type":"Feature","geometry":{"type":"Polygon","coordinates":[[[139.659375,35.660417],[139.6625,35.660417],[139.6625,35.6625],[139.659375,35.6625],[139.659375,35.660417]]]},"properties":{"c":"5339359224","n_welfare_capacity":0.7706,"n_sped_school":0.887,"n_station_flow":0.8327,"n_clinic":0.603,"n_zoning":0.5345,"n_noise":0.3076,"n_crowding":0.44,"n_green":0.0,"demand":0.9364,"load":0.4762,"priority":0.7462,"host":"代田図書館（複合施設）","host_kind":"図書館","host_ward":"世田谷区","host_d":159,"f_welfare_n":29,"f_welfare_cap":205,"f_school_n":1,"f_clinic_n":7,"f_station_riders":8765,"f_station_dist":122,"f_noise_db":68.5,"f_station_name":"新代田","f_zoning_name":"第一種低層住居専用地域"}},{"type":"Feature","geometry":{"type":"Polygon","coordinates":[[[139.6625,35.660417],[139.665625,35.660417],[139.665625,35.6625],[139.6625,35.6625],[139.6625,35.660417]]]},"properties":{"c":"5339359313","n_welfare_capacity":0.5896,"n_sped_school":0.8257,"n_station_flow":0.8723,"n_clinic":0.6505,"n_zoning":0.13,"n_noise":0.1848,"n_crowding":0.8732,"n_green":0.2783,"demand":0.8513,"load":0.2565,"priority":0.5121,"host":"代田図書館（複合施設）","host_kind":"図書館","host_ward":"世田谷区","host_d":346,"f_welfare_n":22,"f_welfare_cap":175,"f_clinic_n":8,"f_station_riders":8765,"f_station_dist":268,"f_noise_db":67.9,"f_green_pct":0.6,"f_station_name":"新代田","f_zoning_name":"第一種低層住居専用地域"}},{"type":"Feature","geometry":{"type":"Polygon","coordinates":[[[139.665625,35.660417],[139.66875,35.660417],[139.66875,35.6625],[139.665625,35.6625],[139.665625,35.660417]]]},"properties":{"c":"5339359314","n_welfare_capacity":0.491,"n_sped_school":0.576,"n_station_flow":0.8802,"n_clinic":0.6873,"n_zoning":0.974,"n_noise":0.0834,"n_crowding":0.8732,"n_green":0.0,"demand":0.7384,"load":0.817,"priority":0.8538,"host":"図書館カウンター下北沢","host_kind":"図書館","host_ward":"世田谷区","host_d":180,"f_welfare_n":22,"f_welfare_cap":195,"f_clinic_n":9,"f_station_riders":229107,"f_station_dist":14,"f_noise_db":66.9,"f_station_name":"下北沢","f_zoning_name":"商業地域"}},{"type":"Feature","geometry":{"type":"Polygon","coordinates":[[[139.66875,35.660417],[139.671875,35.660417],[139.671875,35.6625],[139.66875,35.6625],[139.66875,35.660417]]]},"properties":{"c":"5339359323","n_welfare_capacity":0.3324,"n_sped_school":0.2371,"n_station_flow":0.8653,"n_clinic":0.7106,"n_zoning":0.9022,"n_noise":0.0574,"n_crowding":0.7008,"n_green":0.0417,"demand":0.6246,"load":0.6825,"priority":0.7309,"host":"図書館カウンター下北沢","host_kind":"図書館","host_ward":"世田谷区","host_d":105,"f_welfare_n":17,"f_welfare_cap":130,"f_clinic_n":8,"f_station_riders":229107,"f_station_dist":269,"f_noise_db":66.2,"f_green_pct":0.1,"f_station_name":"下北沢","f_zoning_name":"第一種住居地域"}},{"type":"Feature","geometry":{"type":"Polygon","coordinates":[[[139.671875,35.660417],[139.675,35.660417],[139.675,35.6625],[139.671875,35.6625],[139.671875,35.660417]]]},"properties":{"c":"5339359324","n_welfare_capacity":0.345,"n_sped_school":0.2775,"n_station_flow":0.8752,"n_clinic":0.6586,"n_zoning":0.7587,"n_noise":0.052,"n_crowding":0.7008,"n_green":0.0,"demand":0.6308,"load":0.6117,"priority":0.6933,"host":"図書館カウンター下北沢","host_kind":"図書館","host_ward":"世田谷区","host_d":387,"f_welfare_n":13,"f_welfare_cap":95,"f_clinic_n":8,"f_station_riders":9179,"f_station_dist":121,"f_noise_db":66.1,"f_station_name":"池ノ上","f_zoning_name":"第一種低層住居専用地域"}},{"type":"Feature","geometry":{"type":"Polygon","coordinates":[[[139.6875,35.660417],[139.690625,35.660417],[139.690625,35.6625],[139.6875,35.6625],[139.6875,35.660417]]]},"properties":{"c":"5339359513","n_welfare_capacity":0.31,"n_sped_school":0.0865,"n_station_flow":0.6178,"n_clinic":0.853,"n_zoning":0.5363,"n_noise":0.3892,"n_crowding":0.7658,"n_green":0.0,"demand":0.5179,"load":0.6897,"priority":0.67,"host":"松濤美術館","host_kind":"文化施設","host_ward":"渋谷区","host_d":391,"f_welfare_n":8,"f_welfare_cap":90,"f_clinic_n":8,"f_station_riders":35206,"f_station_dist":547,"f_noise_db":68.9,"f_station_name":"駒場東大前","f_zoning_name":"第一種低層住居専用地域"}},{"type":"Feature","geometry":{"type":"Polygon","coordinates":[[[139.690625,35.660417],[139.69375,35.660417],[139.69375,35.6625],[139.690625,35.6625],[139.690625,35.660417]]]},"properties":{"c":"5339359514","n_welfare_capacity":0.302,"n_sped_school":0.0614,"n_station_flow":0.9347,"n_clinic":0.8772,"n_zoning":0.0345,"n_noise":0.3758,"n_crowding":0.7658,"n_green":0.0,"demand":0.6138,"load":0.3596,"priority":0.513,"host":"松濤美術館","host_kind":"文化施設","host_ward":"渋谷区","host_d":310,"f_welfare_n":18,"f_welfare_cap":160,"f_clinic_n":11,"f_station_riders":10963,"f_station_dist":483,"f_noise_db":68.9,"f_station_name":"神泉","f_zoning_name":"第一種低層住居専用地域"}},{"type":"Feature","geometry":{"type":"Polygon","coordinates":[[[139.69375,35.660417],[139.696875,35.660417],[139.696875,35.6625],[139.69375,35.6625],[139.69375,35.660417]]]},"properties":{"c":"5339359523","n_welfare_capacity":0.2876,"n_sped_school":0.0181,"n_station_flow":0.9663,"n_clinic":0.9005,"n_zoning":0.8834,"n_noise":0.3211,"n_crowding":0.9869,"n_green":0.0,"demand":0.6111,"load":0.8978,"priority":0.8117,"host":"子ども家庭支援センター","host_kind":"児童館","host_ward":"渋谷区","host_d":321,"f_welfare_n":21,"f_welfare_cap":185,"f_clinic_n":11,"f_station_riders":10963,"f_station_dist":515,"f_noise_db":68.6,"f_station_name":"神泉","f_zoning_name":"第一種低層住居専用地域"}},{"type":"Feature","geometry":{"type":"Polygon","coordinates":[[[139.696875,35.660417],[139.7,35.660417],[139.7,35.6625],[139.696875,35.6625],[139.696875,35.660417]]]},"properties":{"c":"5339359524","n_welfare_capacity":0.3387,"n_sped_school":0.0251,"n_station_flow":0.9891,"n_clinic":0.9256,"n_zoning":0.9892,"n_noise":0.3049,"n_crowding":0.9869,"n_green":0.0,"demand":0.6389,"load":0.9309,"priority":0.8484,"host":"こもれび大和田図書館","host_kind":"図書館","host_ward":"渋谷区","host_d":674,"f_welfare_n":21,"f_welfare_cap":190,"f_clinic_n":17,"f_station_riders":2897703,"f_station_dist":454,"f_noise_db":68.4,"f_station_name":"渋谷","f_zoning_name":"商業地域"}},{"type":"Feature","geometry":{"type":"Polygon","coordinates":[[[139.7,35.660417],[139.703125,35.660417],[139.703125,35.6625],[139.7,35.6625],[139.7,35.660417]]]},"properties":{"c":"5339359613","n_welfare_capacity":0.457,"n_sped_school":0.1241,"n_station_flow":0.996,"n_clinic":0.9498,"n_zoning":0.9848,"n_noise":0.3435,"n_crowding":0.995,"n_green":0.8648,"demand":0.6935,"load":0.73,"priority":0.7803,"host":"こもれび大和田図書館","host_kind":"図書館","host_ward":"渋谷区","host_d":675,"f_welfare_n":22,"f_welfare_cap":190,"f_clinic_n":19,"f_station_riders":2897703,"f_station_dist":277,"f_noise_db":68.6,"f_green_pct":16.5,"f_station_name":"渋谷","f_zoning_name":"商業地域"}},{"type":"Feature","geometry":{"type":"Polygon","coordinates":[[[139.703125,35.660417],[139.70625,35.660417],[139.70625,35.6625],[139.703125,35.6625],[139.703125,35.660417]]]},"properties":{"c":"5339359614","n_welfare_capacity":0.5403,"n_sped_school":0.4114,"n_station_flow":0.9941,"n_clinic":0.974,"n_zoning":0.9686,"n_noise":0.3731,"n_crowding":0.995,"n_green":0.7535,"demand":0.8091,"load":0.7659,"priority":0.8664,"host":"神宮前出張所","host_kind":"出張所","host_ward":"渋谷区","host_d":677,"f_welfare_n":25,"f_welfare_cap":190,"f_clinic_n":25,"f_station_riders":2897703,"f_station_dist":328,"f_noise_db":68.8,"f_green_pct":4.4,"f_station_name":"渋谷","f_zoning_name":"商業地域"}},{"type":"Feature","geometry":{"type":"Polygon","coordinates":[[[139.70625,35.660417],[139.709375,35.660417],[139.709375,35.6625],[139.70625,35.6625],[139.70625,35.660417]]]},"properties":{"c":"5339359623","n_welfare_capacity":0.5824,"n_sped_school":0.5969,"n_station_flow":0.9812,"n_clinic":0.9848,"n_zoning":0.9704,"n_noise":0.3946,"n_crowding":0.9589,"n_green":0.0,"demand":0.8889,"load":0.948,"priority":0.9749,"f_welfare_n":17,"f_welfare_cap":145,"f_clinic_n":28,"f_station_riders":2897703,"f_station_dist":547,"f_noise_db":69.0,"f_station_name":"渋谷","f_zoning_name":"商業地域"}},{"type":"Feature","geometry":{"type":"Polygon","coordinates":[[[139.709375,35.660417],[139.7125,35.660417],[139.7125,35.6625],[139.709375,35.6625],[139.709375,35.660417]]]},"properties":{"c":"5339359624","n_welfare_capacity":0.5663,"n_sped_school":0.7615,"n_station_flow":0.9634,"n_clinic":0.9892,"n_zoning":0.7812,"n_noise":0.3596,"n_crowding":0.9589,"n_green":0.0,"demand":0.9382,"load":0.8682,"priority":0.9668,"host":"白根記念渋谷区郷土博物館・文学館","host_kind":"文化施設","host_ward":"渋谷区","host_d":575,"f_welfare_n":17,"f_welfare_cap":130,"f_clinic_n":26,"f_station_riders":176901,"f_station_dist":421,"f_noise_db":68.7,"f_station_name":"表参道","f_zoning_name":"第二種中高層住居専用地域"}},{"type":"Feature","geometry":{"type":"Polygon","coordinates":[[[139.5875,35.6625],[139.590625,35.6625],[139.590625,35.664583],[139.5875,35.664583],[139.5875,35.6625]]]},"properties":{"c":"5339349731","n_welfare_capacity":0.1667,"n_sped_school":0.1046,"n_station_flow":0.5267,"n_clinic":0.5233,"n_zoning":0.2789,"n_noise":0.7973,"n_crowding":0.4431,"n_green":0.0,"demand":0.3253,"load":0.6,"priority":0.4744,"host":"給田地区会館（複合施設）","host_kind":"区民センター","host_ward":"世田谷区","host_d":211,"f_welfare_n":17,"f_welfare_cap":116,"f_clinic_n":4,"f_station_riders":70712,"f_station_dist":370,"f_noise_db":71.5,"f_station_name":"仙川","f_zoning_name":"第一種低層住居専用地域"}},{"type":"Feature","geometry":{"type":"Polygon","coordinates":[[[139.590625,35.6625],[139.59375,35.6625],[139.59375,35.664583],[139.590625,35.664583],[139.590625,35.6625]]]},"properties":{"c":"5339349732","n_welfare_capacity":0.164,"n_sped_school":0.1311,"n_station_flow":0.4931,"n_clinic":0.5475,"n_zoning":0.1839,"n_noise":0.9363,"n_crowding":0.4431,"n_green":0.6183,"demand":0.3262,"load":0.3686,"priority":0.3713,"host":"給田地区会館（複合施設）","host_kind":"区民センター","host_ward":"世田谷区","host_d":201,"f_welfare_n":32,"f_welfare_cap":196,"f_clinic_n":4,"f_station_riders":70712,"f_station_dist":642,"f_noise_db":73.8,"f_green_pct":2.3,"f_station_name":"仙川","f_zoning_name":"第一種低層住居専用地域"}},{"type":"Feature","geometry":{"type":"Polygon","coordinates":[[[139.59375,35.6625],[139.596875,35.6625],[139.596875,35.664583],[139.59375,35.664583],[139.59375,35.6625]]]},"properties":{"c":"5339349741","n_welfare_capacity":0.1523,"n_sped_school":0.1423,"n_station_flow":0.4733,"n_clinic":0.6066,"n_zoning":0.0834,"n_noise":0.9578,"n_crowding":0.0745,"n_green":0.0,"demand":0.3315,"load":0.365,"priority":0.3767,"host":"給田地区会館（複合施設）","host_kind":"区民センター","host_ward":"世田谷区","host_d":443,"f_welfare_n":41,"f_welfare_cap":276,"f_clinic_n":5,"f_station_riders":79689,"f_station_dist":661,"f_noise_db":74.2,"f_station_name":"千歳烏山","f_zoning_name":"第一種低層住居専用地域"}},{"type":"Feature","geometry":{"type":"Polygon","coordinates":[[[139.596875,35.6625],[139.6,35.6625],[139.6,35.664583],[139.596875,35.664583],[139.596875,35.6625]]]},"properties":{"c":"5339349742","n_welfare_capacity":0.1595,"n_sped_school":0.1395,"n_station_flow":0.4208,"n_clinic":0.638,"n_zoning":0.1139,"n_noise":0.9749,"n_crowding":0.0745,"n_green":0.0,"demand":0.3127,"load":0.3973,"priority":0.3812,"host":"粕谷図書館（複合施設）","host_kind":"図書館","host_ward":"世田谷区","host_d":611,"f_welfare_n":42,"f_welfare_cap":285,"f_clinic_n":8,"f_station_riders":79689,"f_station_dist":508,"f_noise_db":74.7,"f_station_name":"千歳烏山","f_zoning_name":"第一種低層住居専用地域"}},{"type":"Feature","geometry":{"type":"Polygon","coordinates":[[[139.6,35.6625],[139.603125,35.6625],[139.603125,35.664583],[139.6,35.664583],[139.6,35.6625]]]},"properties":{"c":"5339349831","n_welfare_capacity":0.2321,"n_sped_school":0.1199,"n_station_flow":0.4436,"n_clinic":0.6443,"n_zoning":0.1399,"n_noise":0.913,"n_crowding":0.4725,"n_green":0.5527,"demand":0.3557,"load":0.3677,"priority":0.391,"host":"粕谷図書館（複合施設）","host_kind":"図書館","host_ward":"世田谷区","host_d":329,"f_welfare_n":41,"f_welfare_cap":275,"f_clinic_n":8,"f_station_riders":79689,"f_station_dist":488,"f_noise_db":73.0,"f_green_pct":1.8,"f_station_name":"千歳烏山","f_zoning_name":"第一種低層住居専用地域"}},{"type":"Feature","geometry":{"type":"Polygon","coordinates":[[[139.603125,35.6625],[139.60625,35.6625],[139.60625,35.664583],[139.603125,35.664583],[139.603125,35.6625]]]},"properties":{"c":"5339349832","n_welfare_capacity":0.2437,"n_sped_school":0.0907,"n_station_flow":0.4267,"n_clinic":0.6263,"n_zoning":0.5184,"n_noise":0.7587,"n_crowding":0.4725,"n_green":0.0,"demand":0.3405,"load":0.7345,"priority":0.5471,"host":"粕谷図書館（複合施設）","host_kind":"図書館","host_ward":"世田谷区","host_d":65,"f_welfare_n":36,"f_welfare_cap":245,"f_clinic_n":6,"f_station_riders":79689,"f_station_dist":616,"f_noise_db":71.0,"f_station_name":"千歳烏山","f_zoning_name":"第一種低層住居専用地域"}},{"type":"Feature","geometry":{"type":"Polygon","coordinates":[[[139.60625,35.6625],[139.609375,35.6625],[139.609375,35.664583],[139.60625,35.664583],[139.60625,35.6625]]]},"properties":{"c":"5339349841","n_welfare_capacity":0.3217,"n_sped_school":0.0488,"n_station_flow":0.3277,"n_clinic":0.6004,"n_zoning":0.2834,"n_noise":0.5901,"n_crowding":0.3795,"n_green":0.0,"demand":0.31,"load":0.443,"priority":0.4,"host":"粕谷図書館（複合施設）","host_kind":"図書館","host_ward":"世田谷区","host_d":245,"f_welfare_n":23,"f_welfare_cap":165,"f_clinic_n":6,"f_station_riders":14016,"f_station_dist":777,"f_noise_db":69.9,"f_station_name":"芦花公園","f_zoning_name":"第一種低層住居専用地域"}},{"type":"Feature","geometry":{"type":"Polygon","coordinates":[[[139.609375,35.6625],[139.6125,35.6625],[139.6125,35.664583],[139.609375,35.664583],[139.609375,35.6625]]]},"properties":{"c":"5339349842","n_welfare_capacity":0.4229,"n_sped_school":0.0,"n_station_flow":0.2307,"n_clinic":0.5376,"n_zoning":0.1525,"n_noise":0.2978,"n_crowding":0.3795,"n_green":0.825,"demand":0.2832,"load":0.026,"priority":0.0592,"host":"粕谷図書館（複合施設）","host_kind":"図書館","host_ward":"世田谷区","host_d":525,"f_welfare_n":18,"f_welfare_cap":140,"f_clinic_n":3,"f_station_riders":37716,"f_station_dist":793,"f_noise_db":68.4,"f_green_pct":8.7,"f_station_name":"八幡山","f_zoning_name":"第一種低層住居専用地域"}},{"type":"Feature","geometry":{"type":"Polygon","coordinates":[[[139.6125,35.6625],[139.615625,35.6625],[139.615625,35.664583],[139.6125,35.664583],[139.6125,35.6625]]]},"properties":{"c":"5339349931","n_welfare_capacity":0.5072,"n_sped_school":0.0,"n_station_flow":0.1337,"n_clinic":0.4041,"n_zoning":0.5695,"n_noise":0.2511,"n_crowding":0.1485,"n_green":0.841,"demand":0.2464,"load":0.0709,"priority":0.1184,"f_welfare_n":17,"f_welfare_cap":150,"f_clinic_n":4,"f_station_riders":37716,"f_station_dist":726,"f_noise_db":68.1,"f_green_pct":10.6,"f_station_name":"八幡山","f_zoning_name":"第一種低層住居専用地域"}},{"type":"Feature","geometry":{"type":"Polygon","coordinates":[[[139.615625,35.6625],[139.61875,35.6625],[139.61875,35.664583],[139.615625,35.664583],[139.615625,35.6625]]]},"properties":{"c":"5339349932","n_welfare_capacity":0.6102,"n_sped_school":0.0809,"n_station_flow":0.1297,"n_clinic":0.3011,"n_zoning":0.0345,"n_noise":0.2404,"n_crowding":0.1485,"n_green":0.002,"demand":0.3073,"load":0.0565,"priority":0.1157,"host":"上北沢地区会館","host_kind":"区民センター","host_ward":"世田谷区","host_d":481,"f_welfare_n":24,"f_welfare_cap":230,"f_clinic_n":3,"f_station_riders":37716,"f_station_dist":765,"f_noise_db":68.0,"f_station_name":"八幡山","f_zoning_name":"第一種低層住居専用地域"}},{"type":"Feature","geometry":{"type":"Polygon","coordinates":[[[139.61875,35.6625],[139.621875,35.6625],[139.621875,35.664583],[139.61875,35.664583],[139.61875,35.6625]]]},"properties":{"c":"5339349941","n_welfare_capacity":0.6228,"n_sped_school":0.1729,"n_station_flow":0.1495,"n_clinic":0.2348,"n_zoning":0.2197,"n_noise":0.296,"n_crowding":0.2685,"n_green":0.4692,"demand":0.3396,"load":0.0735,"priority":0.1381,"host":"上北沢図書館（複合施設）","host_kind":"図書館","host_ward":"世田谷区","host_d":652,"f_welfare_n":21,"f_welfare_cap":233,"f_clinic_n":3,"f_station_riders":14678,"f_station_dist":652,"f_noise_db":68.4,"f_green_pct":1.3,"f_station_name":"上北沢","f_zoning_name":"第一種低層住居専用地域"}},{"type":"Feature","geometry":{"type":"Polygon","coordinates":[[[139.621875,35.6625],[139.625,35.6625],[139.625,35.664583],[139.621875,35.664583],[139.621875,35.6625]]]},"properties":{"c":"5339349942","n_welfare_capacity":0.6353,"n_sped_school":0.5091,"n_station_flow":0.1663,"n_clinic":0.2222,"n_zoning":0.4314,"n_noise":0.383,"n_crowding":0.2685,"n_green":0.3022,"demand":0.4879,"load":0.243,"priority":0.3686,"host":"上北沢図書館（複合施設）","host_kind":"図書館","host_ward":"世田谷区","host_d":486,"f_welfare_n":20,"f_welfare_cap":288,"f_clinic_n":3,"f_station_riders":14678,"f_station_dist":588,"f_noise_db":68.9,"f_green_pct":0.7,"f_station_name":"上北沢","f_zoning_name":"第一種中高層住居専用地域"}},{"type":"Feature","geometry":{"type":"Polygon","coordinates":[[[139.625,35.6625],[139.628125,35.6625],[139.628125,35.664583],[139.625,35.664583],[139.625,35.6625]]]},"properties":{"c":"5339359031","n_welfare_capacity":0.6084,"n_sped_school":0.7824,"n_station_flow":0.1624,"n_clinic":0.2643,"n_zoning":0.4646,"n_noise":0.5283,"n_crowding":0.2459,"n_green":0.0,"demand":0.5753,"load":0.4565,"priority":0.557,"host":"上北沢図書館（複合施設）","host_kind":"図書館","host_ward":"世田谷区","host_d":456,"f_welfare_n":21,"f_welfare_cap":291,"f_clinic_n":3,"f_station_riders":36224,"f_station_dist":635,"f_noise_db":69.6,"f_station_name":"桜上水","f_zoning_name":"第一種中高層住居専用地域"}},{"type":"Feature","geometry":{"type":"Polygon","coordinates":[[[139.628125,35.6625],[139.63125,35.6625],[139.63125,35.664583],[139.628125,35.664583],[139.628125,35.6625]]]},"properties":{"c":"5339359032","n_welfare_capacity":0.5582,"n_sped_school":0.8661,"n_station_flow":0.2634,"n_clinic":0.2903,"n_zoning":0.3749,"n_noise":0.6735,"n_crowding":0.2459,"n_green":0.3698,"demand":0.6156,"load":0.3318,"priority":0.4915,"host":"上北沢図書館（複合施設）","host_kind":"図書館","host_ward":"世田谷区","host_d":582,"f_welfare_n":21,"f_welfare_cap":291,"f_school_n":1,"f_clinic_n":3,"f_station_riders":36224,"f_station_dist":482,"f_noise_db":70.1,"f_green_pct":1.0,"f_station_name":"桜上水","f_zoning_name":"第一種中高層住居専用地域"}},{"type":"Feature","geometry":{"type":"Polygon","coordinates":[[[139.63125,35.6625],[139.634375,35.6625],[139.634375,35.664583],[139.63125,35.664583],[139.63125,35.6625]]]},"properties":{"c":"5339359041","n_welfare_capacity":0.4919,"n_sped_school":0.9219,"n_station_flow":0.3446,"n_clinic":0.3056,"n_zoning":0.496,"n_noise":0.8206,"n_crowding":0.1792,"n_green":0.0,"demand":0.6344,"load":0.6206,"priority":0.7049,"host":"桜上水南地区会館","host_kind":"区民センター","host_ward":"世田谷区","host_d":456,"f_welfare_n":18,"f_welfare_cap":191,"f_school_n":1,"f_clinic_n":5,"f_station_riders":36224,"f_station_dist":471,"f_noise_db":71.8,"f_station_name":"桜上水","f_zoning_name":"第一種中高層住居専用地域"}},{"type":"Feature","geometry":{"type":"Polygon","coordinates":[[[139.634375,35.6625],[139.6375,35.6625],[139.6375,35.664583],[139.634375,35.664583],[139.634375,35.6625]]]},"properties":{"c":"5339359042","n_welfare_capacity":0.6434,"n_sped_school":0.954,"n_station_flow":0.4079,"n_clinic":0.3665,"n_zoning":0.3812,"n_noise":0.8126,"n_crowding":0.1792,"n_green":0.5189,"demand":0.7007,"load":0.3256,"priority":0.5238,"host":"松沢まちづくりセンター（複合施設）","host_kind":"出張所","host_ward":"世田谷区","host_d":279,"f_welfare_n":26,"f_welfare_cap":231,"f_school_n":2,"f_clinic_n":5,"f_station_riders":36224,"f_station_dist":609,"f_noise_db":71.7,"f_green_pct":1.6,"f_station_name":"桜上水","f_zoning_name":"第一種中高層住居専用地域"}},{"type":"Feature","geometry":{"type":"Polygon","coordinates":[[[139.6375,35.6625],[139.640625,35.6625],[139.640625,35.664583],[139.6375,35.664583],[139.6375,35.6625]]]},"properties":{"c":"5339359131","n_welfare_capacity":0.7294,"n_sped_school":0.9721,"n_station_flow":0.5545,"n_clinic":0.4131,"n_zoning":0.1596,"n_noise":0.8448,"n_crowding":0.7153,"n_green":0.0,"demand":0.7903,"load":0.6852,"priority":0.8054,"host":"松沢まちづくりセンター（複合施設）","host_kind":"出張所","host_ward":"世田谷区","host_d":225,"f_welfare_n":25,"f_welfare_cap":191,"f_school_n":2,"f_clinic_n":5,"f_station_riders":55782,"f_station_dist":389,"f_noise_db":72.0,"f_station_name":"下高井戸","f_zoning_name":"第一種低層住居専用地域"}},{"type":"Feature","geometry":{"type":"Polygon","coordinates":[[[139.640625,35.6625],[139.64375,35.6625],[139.64375,35.664583],[139.640625,35.664583],[139.640625,35.6625]]]},"properties":{"c":"5339359132","n_welfare_capacity":0.802,"n_sped_school":0.9833,"n_station_flow":0.6564,"n_clinic":0.3952,"n_zoning":0.435,"n_noise":0.8637,"n_crowding":0.7153,"n_green":0.0,"demand":0.862,"load":0.8332,"priority":0.9256,"host":"松沢まちづくりセンター（複合施設）","host_kind":"出張所","host_ward":"世田谷区","host_d":428,"f_welfare_n":33,"f_welfare_cap":231,"f_school_n":3,"f_clinic_n":3,"f_station_riders":55782,"f_station_dist":282,"f_noise_db":72.2,"f_station_name":"下高井戸","f_zoning_name":"第一種低層住居専用地域"}},{"type":"Feature","geometry":{"type":"Polygon","coordinates":[[[139.64375,35.6625],[139.646875,35.6625],[139.646875,35.664583],[139.64375,35.664583],[139.64375,35.6625]]]},"properties":{"c":"5339359141","n_welfare_capacity":0.8808,"n_sped_school":0.9874,"n_station_flow":0.7099,"n_clinic":0.353,"n_zoning":0.0345,"n_noise":0.817,"n_crowding":0.2125,"n_green":0.0,"demand":0.9122,"load":0.3202,"priority":0.5919,"host":"松原地区会館（複合施設）","host_kind":"区民センター","host_ward":"世田谷区","host_d":356,"f_welfare_n":47,"f_welfare_cap":326,"f_school_n":3,"f_clinic_n":5,"f_station_riders":55782,"f_station_dist":410,"f_noise_db":71.8,"f_station_name":"下高井戸","f_zoning_name":"第一種低層住居専用地域"}},{"type":"Feature","geometry":{"type":"Polygon","coordinates":[[[139.646875,35.6625],[139.65,35.6625],[139.65,35.664583],[139.646875,35.664583],[139.646875,35.6625]]]},"properties":{"c":"5339359142","n_welfare_capacity":0.9427,"n_sped_school":0.9847,"n_station_flow":0.7248,"n_clinic":0.3441,"n_zoning":0.2475,"n_noise":0.8529,"n_crowding":0.2125,"n_green":0.5149,"demand":0.9507,"load":0.2843,"priority":0.5632,"host":"松原地区会館（複合施設）","host_kind":"区民センター","host_ward":"世田谷区","host_d":257,"f_welfare_n":68,"f_welfare_cap":679,"f_school_n":3,"f_clinic_n":5,"f_station_riders":91172,"f_station_dist":568,"f_noise_db":72.1,"f_green_pct":1.6,"f_station_name":"明大前","f_zoning_name":"第一種低層住居専用地域"}},{"type":"Feature","geometry":{"type":"Polygon","coordinates":[[[139.65,35.6625],[139.653125,35.6625],[139.653125,35.664583],[139.65,35.664583],[139.65,35.6625]]]},"properties":{"c":"5339359231","n_welfare_capacity":0.9489,"n_sped_school":0.9763,"n_station_flow":0.7267,"n_clinic":0.3557,"n_zoning":0.1543,"n_noise":0.6709,"n_crowding":0.2089,"n_green":0.3101,"demand":0.9534,"load":0.2009,"priority":0.4717,"host":"松原まちづくりセンター（複合施設）","host_kind":"出張所","host_ward":"世田谷区","host_d":128,"f_welfare_n":56,"f_welfare_cap":578,"f_school_n":2,"f_clinic_n":3,"f_station_riders":15426,"f_station_dist":386,"f_noise_db":70.1,"f_green_pct":0.7,"f_station_name":"東松原","f_zoning_name":"第一種低層住居専用地域"}},{"type":"Feature","geometry":{"type":"Polygon","coordinates":[[[139.653125,35.6625],[139.65625,35.6625],[139.65625,35.664583],[139.653125,35.664583],[139.653125,35.6625]]]},"properties":{"c":"5339359232","n_welfare_capacity":0.9462,"n_sped_school":0.9582,"n_station_flow":0.7535,"n_clinic":0.4606,"n_zoning":0.7327,"n_noise":0.4224,"n_crowding":0.2089,"n_green":0.0,"demand":0.9776,"load":0.5561,"priority":0.8072,"host":"代田図書館（複合施設）","host_kind":"図書館","host_ward":"世田谷区","host_d":545,"f_welfare_n":34,"f_welfare_cap":250,"f_school_n":2,"f_clinic_n":3,"f_station_riders":15426,"f_station_dist":135,"f_noise_db":69.2,"f_station_name":"東松原","f_zoning_name":"第一種低層住居専用地域"}},{"type":"Feature","geometry":{"type":"Polygon","coordinates":[[[139.65625,35.6625],[139.659375,35.6625],[139.659375,35.664583],[139.65625,35.664583],[139.65625,35.6625]]]},"properties":{"c":"5339359241","n_welfare_capacity":0.8889,"n_sped_school":0.9498,"n_station_flow":0.797,"n_clinic":0.5708,"n_zoning":0.1668,"n_noise":0.3785,"n_crowding":0.3245,"n_green":0.0775,"demand":0.9848,"load":0.191,"priority":0.4673,"host":"代田図書館（複合施設）","host_kind":"図書館","host_ward":"世田谷区","host_d":267,"f_welfare_n":28,"f_welfare_cap":205,"f_school_n":1,"f_clinic_n":4,"f_station_riders":15426,"f_station_dist":217,"f_noise_db":68.9,"f_green_pct":0.2,"f_station_name":"東松原","f_zoning_name":"第一種低層住居専用地域"}},{"type":"Feature","geometry":{"type":"Polygon","coordinates":[[[139.659375,35.6625],[139.6625,35.6625],[139.6625,35.664583],[139.659375,35.664583],[139.659375,35.6625]]]},"properties":{"c":"5339359242","n_welfare_capacity":0.7903,"n_sped_school":0.9149,"n_station_flow":0.8376,"n_clinic":0.6183,"n_zoning":0.5605,"n_noise":0.3686,"n_crowding":0.3245,"n_green":0.0,"demand":0.9642,"load":0.4691,"priority":0.7534,"host":"代田図書館（複合施設）","host_kind":"図書館","host_ward":"世田谷区","host_d":79,"f_welfare_n":25,"f_welfare_cap":190,"f_school_n":1,"f_clinic_n":6,"f_station_riders":8765,"f_station_dist":123,"f_noise_db":68.8,"f_station_name":"新代田","f_zoning_name":"第一種低層住居専用地域"}},{"type":"Feature","geometry":{"type":"Polygon","coordinates":[[[139.6625,35.6625],[139.665625,35.6625],[139.665625,35.664583],[139.6625,35.664583],[139.6625,35.6625]]]},"properties":{"c":"5339359331","n_welfare_capacity":0.6927,"n_sped_school":0.8605,"n_station_flow":0.8663,"n_clinic":0.6604,"n_zoning":0.2296,"n_noise":0.1758,"n_crowding":0.7459,"n_green":0.0,"demand":0.914,"load":0.3578,"priority":0.6386,"host":"代田図書館（複合施設）","host_kind":"図書館","host_ward":"世田谷区","host_d":318,"f_welfare_n":24,"f_welfare_cap":215,"f_clinic_n":8,"f_station_riders":8765,"f_station_dist":268,"f_noise_db":67.8,"f_station_name":"新代田","f_zoning_name":"第一種低層住居専用地域"}},{"type":"Feature","geometry":{"type":"Polygon","coordinates":[[[139.665625,35.6625],[139.66875,35.6625],[139.66875,35.664583],[139.665625,35.664583],[139.665625,35.6625]]]},"properties":{"c":"5339359332","n_welfare_capacity":0.3844,"n_sped_school":0.7001,"n_station_flow":0.8792,"n_clinic":0.6998,"n_zoning":0.9408,"n_noise":0.0744,"n_crowding":0.7459,"n_green":0.5129,"demand":0.7357,"load":0.5704,"priority":0.7247,"host":"図書館カウンター下北沢","host_kind":"図書館","host_ward":"世田谷区","host_d":307,"f_welfare_n":24,"f_welfare_cap":225,"f_clinic_n":8,"f_station_riders":229107,"f_station_dist":233,"f_noise_db":66.6,"f_green_pct":1.6,"f_station_name":"下北沢","f_zoning_name":"商業地域"}},{"type":"Feature","geometry":{"type":"Polygon","coordinates":[[[139.66875,35.6625],[139.671875,35.6625],[139.671875,35.664583],[139.66875,35.664583],[139.66875,35.6625]]]},"properties":{"c":"5339359341","n_welfare_capacity":0.4382,"n_sped_school":0.3612,"n_station_flow":0.8941,"n_clinic":0.7312,"n_zoning":0.8717,"n_noise":0.0377,"n_crowding":0.5609,"n_green":0.1034,"demand":0.6882,"load":0.565,"priority":0.6987,"host":"図書館カウンター下北沢","host_kind":"図書館","host_ward":"世田谷区","host_d":270,"f_welfare_n":20,"f_welfare_cap":170,"f_clinic_n":9,"f_station_riders":8030,"f_station_dist":325,"f_noise_db":65.9,"f_green_pct":0.2,"f_station_name":"東北沢","f_zoning_name":"第一種住居地域"}},{"type":"Feature","geometry":{"type":"Polygon","coordinates":[[[139.671875,35.6625],[139.675,35.6625],[139.675,35.664583],[139.671875,35.664583],[139.671875,35.6625]]]},"properties":{"c":"5339359342","n_welfare_capacity":0.3539,"n_sped_school":0.1213,"n_station_flow":0.8851,"n_clinic":0.707,"n_zoning":0.8143,"n_noise":0.0242,"n_crowding":0.5609,"n_green":0.0,"demand":0.6022,"load":0.5614,"priority":0.6484,"host":"図書館カウンター下北沢","host_kind":"図書館","host_ward":"世田谷区","host_d":460,"f_welfare_n":16,"f_welfare_cap":140,"f_clinic_n":9,"f_station_riders":8030,"f_station_dist":214,"f_noise_db":65.5,"f_station_name":"東北沢","f_zoning_name":"第一種住居地域"}},{"type":"Feature","geometry":{"type":"Polygon","coordinates":[[[139.68125,35.6625],[139.684375,35.6625],[139.684375,35.664583],[139.68125,35.664583],[139.68125,35.6625]]]},"properties":{"c":"5339359441","n_welfare_capacity":0.2052,"n_sped_school":0.0139,"n_station_flow":0.8356,"n_clinic":0.7097,"n_zoning":0.6583,"n_noise":0.2682,"n_crowding":0.5293,"n_green":0.0,"demand":0.5,"load":0.5848,"priority":0.5928,"host":"富ヶ谷図書館","host_kind":"図書館","host_ward":"渋谷区","host_d":683,"f_welfare_n":2,"f_welfare_cap":20,"f_clinic_n":4,"f_station_riders":35206,"f_station_dist":552,"f_noise_db":68.2,"f_station_name":"駒場東大前","f_zoning_name":"第一種低層住居専用地域"}},{"type":"Feature","geometry":{"type":"Polygon","coordinates":[[[139.684375,35.6625],[139.6875,35.6625],[139.6875,35.664583],[139.684375,35.664583],[139.684375,35.6625]]]},"properties":{"c":"5339359442","n_welfare_capacity":0.1864,"n_sped_school":0.0126,"n_station_flow":0.8089,"n_clinic":0.7473,"n_zoning":0.9085,"n_noise":0.3722,"n_crowding":0.5293,"n_green":0.4135,"demand":0.4866,"load":0.6466,"priority":0.6251,"host":"富ヶ谷図書館","host_kind":"図書館","host_ward":"渋谷区","host_d":564,"f_welfare_n":1,"f_welfare_cap":10,"f_clinic_n":8,"f_station_riders":35206,"f_station_dist":566,"f_noise_db":68.8,"f_green_pct":1.1,"f_station_name":"駒場東大前","f_zoning_name":"近隣商業地域"}},{"type":"Feature","geometry":{"type":"Polygon","coordinates":[[[139.6875,35.6625],[139.690625,35.6625],[139.690625,35.664583],[139.6875,35.664583],[139.6875,35.6625]]]},"properties":{"c":"5339359531","n_welfare_capacity":0.1514,"n_sped_school":0.0,"n_station_flow":0.7149,"n_clinic":0.8405,"n_zoning":0.417,"n_noise":0.3399,"n_crowding":0.8669,"n_green":0.0,"demand":0.4453,"load":0.6448,"priority":0.5821,"host":"富ヶ谷図書館","host_kind":"図書館","host_ward":"渋谷区","host_d":575,"f_welfare_n":9,"f_welfare_cap":90,"f_clinic_n":9,"f_station_riders":28862,"f_station_dist":621,"f_noise_db":68.6,"f_station_name":"代々木公園","f_zoning_name":"第一種低層住居専用地域"}},{"type":"Feature","geometry":{"type":"Polygon","coordinates":[[[139.690625,35.6625],[139.69375,35.6625],[139.69375,35.664583],[139.690625,35.664583],[139.690625,35.6625]]]},"properties":{"c":"5339359532","n_welfare_capacity":0.1299,"n_sped_school":0.0,"n_station_flow":0.9277,"n_clinic":0.871,"n_zoning":0.261,"n_noise":0.2709,"n_crowding":0.8669,"n_green":0.0,"demand":0.5367,"load":0.5022,"priority":0.5623,"host":"松濤美術館","host_kind":"文化施設","host_ward":"渋谷区","host_d":540,"f_welfare_n":14,"f_welfare_cap":115,"f_clinic_n":11,"f_station_riders":28862,"f_station_dist":654,"f_noise_db":68.2,"f_station_name":"代々木公園","f_zoning_name":"第一種低層住居専用地域"}},{"type":"Feature","geometry":{"type":"Polygon","coordinates":[[[139.69375,35.6625],[139.696875,35.6625],[139.696875,35.664583],[139.69375,35.664583],[139.69375,35.6625]]]},"properties":{"c":"5339359541","n_welfare_capacity":0.2563,"n_sped_school":0.0,"n_station_flow":0.9545,"n_clinic":0.8934,"n_zoning":0.9677,"n_noise":0.2816,"n_crowding":0.9517,"n_green":0.0,"demand":0.5914,"load":0.9085,"priority":0.8018,"host":"子ども家庭支援センター","host_kind":"児童館","host_ward":"渋谷区","host_d":287,"f_welfare_n":17,"f_welfare_cap":155,"f_clinic_n":12,"f_station_riders":10963,"f_station_dist":734,"f_noise_db":68.3,"f_station_name":"神泉","f_zoning_name":"近隣商業地域"}},{"type":"Feature","geometry":{"type":"Polygon","coordinates":[[[139.696875,35.6625],[139.7,35.6625],[139.7,35.664583],[139.696875,35.664583],[139.696875,35.6625]]]},"properties":{"c":"5339359542","n_welfare_capacity":0.2841,"n_sped_school":0.0586,"n_station_flow":0.9782,"n_clinic":0.9131,"n_zoning":0.9951,"n_noise":0.3004,"n_crowding":0.9517,"n_green":0.4911,"demand":0.6281,"load":0.8117,"priority":0.7839,"host":"子ども家庭支援センター","host_kind":"児童館","host_ward":"渋谷区","host_d":71,"f_welfare_n":15,"f_welfare_cap":140,"f_clinic_n":15,"f_station_riders":2897703,"f_station_dist":617,"f_noise_db":68.4,"f_green_pct":1.5,"f_station_name":"渋谷","f_zoning_name":"商業地域"}},{"type":"Feature","geometry":{"type":"Polygon","coordinates":[[[139.7,35.6625],[139.703125,35.6625],[139.703125,35.664583],[139.7,35.664583],[139.7,35.6625]]]},"properties":{"c":"5339359631","n_welfare_capacity":0.4167,"n_sped_school":0.1562,"n_station_flow":0.9851,"n_clinic":0.9382,"n_zoning":0.983,"n_noise":0.3381,"n_crowding":0.9625,"n_green":0.0,"demand":0.6873,"load":0.9318,"priority":0.8807,"host":"神宮前出張所","host_kind":"出張所","host_ward":"渋谷区","host_d":554,"f_welfare_n":16,"f_welfare_cap":130,"f_clinic_n":21,"f_station_riders":2897703,"f_station_dist":502,"f_noise_db":68.6,"f_station_name":"渋谷","f_zoning_name":"商業地域"}},{"type":"Feature","geometry":{"type":"Polygon","coordinates":[[[139.703125,35.6625],[139.70625,35.6625],[139.70625,35.664583],[139.703125,35.664583],[139.703125,35.6625]]]},"properties":{"c":"5339359632","n_welfare_capacity":0.5224,"n_sped_school":0.4282,"n_station_flow":0.9842,"n_clinic":0.9642,"n_zoning":0.7668,"n_noise":0.3776,"n_crowding":0.9625,"n_green":0.0,"demand":0.8038,"load":0.8717,"priority":0.9175,"host":"神宮前出張所","host_kind":"出張所","host_ward":"渋谷区","host_d":447,"f_welfare_n":15,"f_welfare_cap":95,"f_clinic_n":21,"f_station_riders":2897703,"f_station_dist":532,"f_noise_db":68.9,"f_station_name":"渋谷","f_zoning_name":"第二種住居地域"}},{"type":"Feature","geometry":{"type":"Polygon","coordinates":[[[139.70625,35.6625],[139.709375,35.6625],[139.709375,35.664583],[139.70625,35.664583],[139.70625,35.6625]]]},"properties":{"c":"5339359641","n_welfare_capacity":0.5457,"n_sped_school":0.6109,"n_station_flow":0.9743,"n_clinic":0.9812,"n_zoning":0.8637,"n_noise":0.3865,"n_crowding":0.9689,"n_green":0.0,"demand":0.8728,"load":0.9112,"priority":0.9614,"host":"神宮前出張所","host_kind":"出張所","host_ward":"渋谷区","host_d":503,"f_welfare_n":8,"f_welfare_cap":55,"f_clinic_n":27,"f_station_riders":176901,"f_station_dist":454,"f_noise_db":68.9,"f_station_name":"表参道","f_zoning_name":"第二種住居地域"}},{"type":"Feature","geometry":{"type":"Polygon","coordinates":[[[139.590625,35.664583],[139.59375,35.664583],[139.59375,35.666667],[139.590625,35.666667],[139.590625,35.664583]]]},"properties":{"c":"5339349734","n_welfare_capacity":0.1622,"n_sped_school":0.2022,"n_station_flow":0.501,"n_clinic":0.6138,"n_zoning":0.2771,"n_noise":0.9309,"n_crowding":0.4431,"n_green":0.0,"demand":0.3754,"load":0.6726,"priority":0.5498,"host":"給田地区会館（複合施設）","host_kind":"区民センター","host_ward":"世田谷区","host_d":157,"f_welfare_n":24,"f_welfare_cap":166,"f_clinic_n":5,"f_station_riders":70712,"f_station_dist":725,"f_noise_db":73.7,"f_station_name":"仙川","f_zoning_name":"第一種低層住居専用地域"}},{"type":"Feature","geometry":{"type":"Polygon","coordinates":[[[139.59375,35.664583],[139.596875,35.664583],[139.596875,35.666667],[139.59375,35.666667],[139.59375,35.664583]]]},"properties":{"c":"5339349743","n_welfare_capacity":0.1998,"n_sped_school":0.2176,"n_station_flow":0.5406,"n_clinic":0.6864,"n_zoning":0.3076,"n_noise":0.9722,"n_crowding":0.0745,"n_green":0.0,"demand":0.4391,"load":0.5274,"priority":0.5283,"host":"烏山図書館（複合施設）","host_kind":"図書館","host_ward":"世田谷区","host_d":592,"f_welfare_n":39,"f_welfare_cap":261,"f_clinic_n":9,"f_station_riders":79689,"f_station_dist":520,"f_noise_db":74.5,"f_station_name":"千歳烏山","f_zoning_name":"第一種中高層住居専用地域"}},{"type":"Feature","geometry":{"type":"Polygon","coordinates":[[[139.596875,35.664583],[139.6,35.664583],[139.6,35.666667],[139.596875,35.666667],[139.596875,35.664583]]]},"properties":{"c":"5339349744","n_welfare_capacity":0.2742,"n_sped_school":0.2162,"n_station_flow":0.5396,"n_clinic":0.7536,"n_zoning":0.409,"n_noise":0.9767,"n_crowding":0.0745,"n_green":0.0,"demand":0.491,"load":0.5964,"priority":0.5937,"host":"烏山図書館（複合施設）","host_kind":"図書館","host_ward":"世田谷区","host_d":404,"f_welfare_n":45,"f_welfare_cap":301,"f_clinic_n":11,"f_station_riders":79689,"f_station_dist":301,"f_noise_db":74.8,"f_station_name":"千歳烏山","f_zoning_name":"第一種中高層住居専用地域"}},{"type":"Feature","geometry":{"type":"Polygon","coordinates":[[[139.6,35.664583],[139.603125,35.664583],[139.603125,35.666667],[139.6,35.666667],[139.6,35.664583]]]},"properties":{"c":"5339349833","n_welfare_capacity":0.3109,"n_sped_school":0.1994,"n_station_flow":0.5743,"n_clinic":0.7742,"n_zoning":0.3462,"n_noise":0.8933,"n_crowding":0.4725,"n_green":0.4672,"demand":0.5251,"load":0.5327,"priority":0.5713,"host":"烏山図書館（複合施設）","host_kind":"図書館","host_ward":"世田谷区","host_d":368,"f_welfare_n":48,"f_welfare_cap":315,"f_clinic_n":10,"f_station_riders":79689,"f_station_dist":268,"f_noise_db":72.7,"f_green_pct":1.3,"f_station_name":"千歳烏山","f_zoning_name":"第一種低層住居専用地域"}},{"type":"Feature","geometry":{"type":"Polygon","coordinates":[[[139.603125,35.664583],[139.60625,35.664583],[139.60625,35.666667],[139.603125,35.666667],[139.603125,35.664583]]]},"properties":{"c":"5339349834","n_welfare_capacity":0.328,"n_sped_school":0.1674,"n_station_flow":0.5683,"n_clinic":0.7321,"n_zoning":0.3605,"n_noise":0.7955,"n_crowding":0.4725,"n_green":0.0,"demand":0.5116,"load":0.6655,"priority":0.652,"host":"粕谷図書館（複合施設）","host_kind":"図書館","host_ward":"世田谷区","host_d":284,"f_welfare_n":40,"f_welfare_cap":270,"f_clinic_n":12,"f_station_riders":79689,"f_station_dist":461,"f_noise_db":71.5,"f_station_name":"千歳烏山","f_zoning_name":"第一種低層住居専用地域"}},{"type":"Feature","geometry":{"type":"Polygon","coordinates":[[[139.60625,35.664583],[139.609375,35.664583],[139.609375,35.666667],[139.60625,35.666667],[139.60625,35.664583]]]},"properties":{"c":"5339349843","n_welfare_capacity":0.4185,"n_sped_school":0.1269,"n_station_flow":0.4683,"n_clinic":0.6756,"n_zoning":0.3955,"n_noise":0.6888,"n_crowding":0.3795,"n_green":0.0,"demand":0.4812,"load":0.5821,"priority":0.5722,"host":"粕谷図書館（複合施設）","host_kind":"図書館","host_ward":"世田谷区","host_d":369,"f_welfare_n":22,"f_welfare_cap":170,"f_clinic_n":9,"f_station_riders":14016,"f_station_dist":546,"f_noise_db":70.3,"f_station_name":"芦花公園","f_zoning_name":"第一種中高層住居専用地域"}},{"type":"Feature","geometry":{"type":"Polygon","coordinates":[[[139.609375,35.664583],[139.6125,35.664583],[139.6125,35.666667],[139.609375,35.666667],[139.609375,35.664583]]]},"properties":{"c":"5339349844","n_welfare_capacity":0.4785,"n_sped_school":0.0683,"n_station_flow":0.395,"n_clinic":0.6075,"n_zoning":0.3695,"n_noise":0.3345,"n_crowding":0.3795,"n_green":0.0,"demand":0.4328,"load":0.348,"priority":0.417,"host":"粕谷図書館（複合施設）","host_kind":"図書館","host_ward":"世田谷区","host_d":594,"f_welfare_n":21,"f_welfare_cap":170,"f_clinic_n":5,"f_station_riders":37716,"f_station_dist":589,"f_noise_db":68.6,"f_station_name":"八幡山","f_zoning_name":"第一種中高層住居専用地域"}},{"type":"Feature","geometry":{"type":"Polygon","coordinates":[[[139.6125,35.664583],[139.615625,35.664583],[139.615625,35.666667],[139.6125,35.666667],[139.6125,35.664583]]]},"properties":{"c":"5339349933","n_welfare_capacity":0.5466,"n_sped_school":0.0,"n_station_flow":0.2317,"n_clinic":0.4991,"n_zoning":0.5937,"n_noise":0.2529,"n_crowding":0.1485,"n_green":0.0,"demand":0.3369,"load":0.322,"priority":0.3498,"host":"上北沢まちづくりセンター（複合施設）","host_kind":"出張所","host_ward":"世田谷区","host_d":598,"f_welfare_n":21,"f_welfare_cap":150,"f_clinic_n":4,"f_station_riders":37716,"f_station_dist":495,"f_noise_db":68.1,"f_station_name":"八幡山","f_zoning_name":"第一種中高層住居専用地域"}},{"type":"Feature","geometry":{"type":"Polygon","coordinates":[[[139.615625,35.664583],[139.61875,35.664583],[139.61875,35.666667],[139.615625,35.666667],[139.615625,35.664583]]]},"properties":{"c":"5339349934","n_welfare_capacity":0.6272,"n_sped_school":0.1032,"n_station_flow":0.2188,"n_clinic":0.3602,"n_zoning":0.0996,"n_noise":0.2583,"n_crowding":0.1485,"n_green":0.5905,"demand":0.3799,"load":0.0135,"priority":0.0466,"host":"上北沢まちづくりセンター（複合施設）","host_kind":"出張所","host_ward":"世田谷区","host_d":487,"f_welfare_n":27,"f_welfare_cap":280,"f_clinic_n":2,"f_station_riders":37716,"f_station_dist":551,"f_noise_db":68.2,"f_green_pct":2.0,"f_station_name":"八幡山","f_zoning_name":"第一種低層住居専用地域"}},{"type":"Feature","geometry":{"type":"Polygon","coordinates":[[[139.61875,35.664583],[139.621875,35.664583],[139.621875,35.666667],[139.61875,35.666667],[139.61875,35.664583]]]},"properties":{"c":"5339349943","n_welfare_capacity":0.6676,"n_sped_school":0.3459,"n_station_flow":0.2257,"n_clinic":0.2518,"n_zoning":0.4556,"n_noise":0.2726,"n_crowding":0.2685,"n_green":0.0,"demand":0.4758,"load":0.3103,"priority":0.4126,"host":"上北沢図書館（複合施設）","host_kind":"図書館","host_ward":"世田谷区","host_d":522,"f_welfare_n":25,"f_welfare_cap":263,"f_clinic_n":3,"f_station_riders":14678,"f_station_dist":454,"f_noise_db":68.3,"f_station_name":"上北沢","f_zoning_name":"第一種中高層住居専用地域"}},{"type":"Feature","geometry":{"type":"Polygon","coordinates":[[[139.621875,35.664583],[139.625,35.664583],[139.625,35.666667],[139.621875,35.666667],[139.621875,35.664583]]]},"properties":{"c":"5339349944","n_welfare_capacity":0.6048,"n_sped_school":0.5607,"n_station_flow":0.2475,"n_clinic":0.2545,"n_zoning":0.1552,"n_noise":0.3919,"n_crowding":0.2685,"n_green":0.0,"demand":0.5385,"load":0.1919,"priority":0.339,"host":"上北沢図書館（複合施設）","host_kind":"図書館","host_ward":"世田谷区","host_d":289,"f_welfare_n":21,"f_welfare_cap":243,"f_clinic_n":3,"f_station_riders":14678,"f_station_dist":357,"f_noise_db":69.0,"f_station_name":"上北沢","f_zoning_name":"第一種低層住居専用地域"}},{"type":"Feature","geometry":{"type":"Polygon","coordinates":[[[139.625,35.664583],[139.628125,35.664583],[139.628125,35.666667],[139.625,35.666667],[139.625,35.664583]]]},"properties":{"c":"5339359033","n_welfare_capacity":0.603,"n_sped_school":0.749,"n_station_flow":0.2228,"n_clinic":0.2428,"n_zoning":0.1363,"n_noise":0.5946,"n_crowding":0.2459,"n_green":0.6501,"demand":0.5789,"load":0.0888,"priority":0.2224,"host":"上北沢図書館（複合施設）","host_kind":"図書館","host_ward":"世田谷区","host_d":234,"f_welfare_n":21,"f_welfare_cap":281,"f_clinic_n":4,"f_station_riders":14678,"f_station_dist":457,"f_noise_db":70.0,"f_green_pct":2.6,"f_station_name":"上北沢","f_zoning_name":"第一種低層住居専用地域"}},{"type":"Feature","geometry":{"type":"Polygon","coordinates":[[[139.628125,35.664583],[139.63125,35.664583],[139.63125,35.666667],[139.628125,35.666667],[139.628125,35.664583]]]},"properties":{"c":"5339359034","n_welfare_capacity":0.5717,"n_sped_school":0.8856,"n_station_flow":0.3465,"n_clinic":0.2616,"n_zoning":0.1749,"n_noise":0.7202,"n_crowding":0.2459,"n_green":0.1789,"demand":0.6434,"load":0.3067,"priority":0.4789,"host":"上北沢図書館（複合施設）","host_kind":"図書館","host_ward":"世田谷区","host_d":431,"f_welfare_n":19,"f_welfare_cap":251,"f_school_n":1,"f_clinic_n":3,"f_station_riders":36224,"f_station_dist":275,"f_noise_db":70.6,"f_green_pct":0.4,"f_station_name":"桜上水","f_zoning_name":"第一種低層住居専用地域"}},{"type":"Feature","geometry":{"type":"Polygon","coordinates":[[[139.63125,35.664583],[139.634375,35.664583],[139.634375,35.666667],[139.63125,35.666667],[139.63125,35.664583]]]},"properties":{"c":"5339359043","n_welfare_capacity":0.5269,"n_sped_school":0.9344,"n_station_flow":0.4376,"n_clinic":0.3073,"n_zoning":0.6143,"n_noise":0.7489,"n_crowding":0.1792,"n_green":0.0,"demand":0.6649,"load":0.6529,"priority":0.7399,"host":"上北沢図書館（複合施設）","host_kind":"図書館","host_ward":"世田谷区","host_d":691,"f_welfare_n":16,"f_welfare_cap":171,"f_school_n":1,"f_clinic_n":5,"f_station_riders":36224,"f_station_dist":255,"f_noise_db":70.8,"f_station_name":"桜上水","f_zoning_name":"第一種中高層住居専用地域"}},{"type":"Feature","geometry":{"type":"Polygon","coordinates":[[[139.634375,35.664583],[139.6375,35.664583],[139.6375,35.666667],[139.634375,35.666667],[139.634375,35.664583]]]},"properties":{"c":"5339359044","n_welfare_capacity":0.4534,"n_sped_school":0.9609,"n_station_flow":0.4891,"n_clinic":0.3262,"n_zoning":0.7363,"n_noise":0.8036,"n_crowding":0.1792,"n_green":0.0,"demand":0.6676,"load":0.7489,"priority":0.7758,"host":"松沢まちづくりセンター（複合施設）","host_kind":"出張所","host_ward":"世田谷区","host_d":192,"f_welfare_n":27,"f_welfare_cap":242,"f_school_n":2,"f_clinic_n":5,"f_station_riders":36224,"f_station_dist":463,"f_noise_db":71.6,"f_station_name":"桜上水","f_zoning_name":"第一種住居地域"}},{"type":"Feature","geometry":{"type":"Polygon","coordinates":[[[139.6375,35.664583],[139.640625,35.664583],[139.640625,35.666667],[139.6375,35.666667],[139.6375,35.664583]]]},"properties":{"c":"5339359133","n_welfare_capacity":0.6837,"n_sped_school":0.9777,"n_station_flow":0.6327,"n_clinic":0.3611,"n_zoning":0.8224,"n_noise":0.8314,"n_crowding":0.7153,"n_green":0.0,"demand":0.7939,"load":0.9632,"priority":0.9534,"host":"松沢まちづくりセンター（複合施設）","host_kind":"出張所","host_ward":"世田谷区","host_d":97,"f_welfare_n":25,"f_welfare_cap":196,"f_school_n":2,"f_clinic_n":5,"f_station_riders":55782,"f_station_dist":273,"f_noise_db":71.9,"f_station_name":"下高井戸","f_zoning_name":"近隣商業地域"}},{"type":"Feature","geometry":{"type":"Polygon","coordinates":[[[139.640625,35.664583],[139.64375,35.664583],[139.64375,35.666667],[139.640625,35.666667],[139.640625,35.664583]]]},"properties":{"c":"5339359134","n_welfare_capacity":0.7428,"n_sped_school":0.9916,"n_station_flow":0.704,"n_clinic":0.362,"n_zoning":0.9139,"n_noise":0.8619,"n_crowding":0.7153,"n_green":0.0,"demand":0.8441,"load":0.9839,"priority":0.9722,"host":"松沢まちづくりセンター（複合施設）","host_kind":"出張所","host_ward":"世田谷区","host_d":377,"f_welfare_n":35,"f_welfare_cap":266,"f_school_n":2,"f_clinic_n":4,"f_station_riders":55782,"f_station_dist":53,"f_noise_db":72.2,"f_station_name":"下高井戸","f_zoning_name":"商業地域"}},{"type":"Feature","geometry":{"type":"Polygon","coordinates":[[[139.64375,35.664583],[139.646875,35.664583],[139.646875,35.666667],[139.64375,35.666667],[139.64375,35.664583]]]},"properties":{"c":"5339359143","n_welfare_capacity":0.81,"n_sped_school":0.9958,"n_station_flow":0.7178,"n_clinic":0.3199,"n_zoning":0.2825,"n_noise":0.8664,"n_crowding":0.2125,"n_green":0.0,"demand":0.8781,"load":0.5238,"priority":0.7587,"host":"松原まちづくりセンター（複合施設）","host_kind":"出張所","host_ward":"世田谷区","host_d":541,"f_welfare_n":38,"f_welfare_cap":276,"f_school_n":3,"f_clinic_n":4,"f_station_riders":55782,"f_station_dist":302,"f_noise_db":72.2,"f_station_name":"下高井戸","f_zoning_name":"第一種低層住居専用地域"}},{"type":"Feature","geometry":{"type":"Polygon","coordinates":[[[139.646875,35.664583],[139.65,35.664583],[139.65,35.666667],[139.646875,35.666667],[139.646875,35.664583]]]},"properties":{"c":"5339359144","n_welfare_capacity":0.8781,"n_sped_school":0.9944,"n_station_flow":0.7426,"n_clinic":0.3127,"n_zoning":0.5175,"n_noise":0.7686,"n_crowding":0.2125,"n_green":0.0,"demand":0.9176,"load":0.6233,"priority":0.8296,"host":"松原まちづくりセンター（複合施設）","host_kind":"出張所","host_ward":"世田谷区","host_d":270,"f_welfare_n":46,"f_welfare_cap":316,"f_school_n":3,"f_clinic_n":4,"f_station_riders":91172,"f_station_dist":359,"f_noise_db":71.1,"f_station_name":"明大前","f_zoning_name":"第一種中高層住居専用地域"}},{"type":"Feature","geometry":{"type":"Polygon","coordinates":[[[139.65,35.664583],[139.653125,35.664583],[139.653125,35.666667],[139.65,35.666667],[139.65,35.664583]]]},"properties":{"c":"5339359233","n_welfare_capacity":0.9041,"n_sped_school":0.993,"n_station_flow":0.7396,"n_clinic":0.3647,"n_zoning":0.2637,"n_noise":0.7229,"n_crowding":0.2089,"n_green":0.0,"demand":0.9462,"load":0.4188,"priority":0.7067,"host":"松原まちづくりセンター（複合施設）","host_kind":"出張所","host_ward":"世田谷区","host_d":114,"f_welfare_n":36,"f_welfare_cap":235,"f_school_n":3,"f_clinic_n":2,"f_station_riders":91172,"f_station_dist":317,"f_noise_db":70.6,"f_station_name":"明大前","f_zoning_name":"第一種低層住居専用地域"}},{"type":"Feature","geometry":{"type":"Polygon","coordinates":[[[139.653125,35.664583],[139.65625,35.664583],[139.65625,35.666667],[139.653125,35.666667],[139.653125,35.664583]]]},"properties":{"c":"5339359234","n_welfare_capacity":0.9194,"n_sped_school":0.9861,"n_station_flow":0.7129,"n_clinic":0.483,"n_zoning":0.2099,"n_noise":0.5623,"n_crowding":0.2089,"n_green":0.0,"demand":0.9686,"load":0.2897,"priority":0.5749,"host":"代田図書館（複合施設）","host_kind":"図書館","host_ward":"世田谷区","host_d":620,"f_welfare_n":38,"f_welfare_cap":280,"f_school_n":2,"f_clinic_n":2,"f_station_riders":15426,"f_station_dist":344,"f_noise_db":69.7,"f_station_name":"東松原","f_zoning_name":"第一種低層住居専用地域"}},{"type":"Feature","geometry":{"type":"Polygon","coordinates":[[[139.65625,35.664583],[139.659375,35.664583],[139.659375,35.666667],[139.65625,35.666667],[139.65625,35.664583]]]},"properties":{"c":"5339359243","n_welfare_capacity":0.8763,"n_sped_school":0.9665,"n_station_flow":0.7792,"n_clinic":0.5627,"n_zoning":0.5444,"n_noise":0.3982,"n_crowding":0.3245,"n_green":0.4155,"demand":0.9794,"load":0.3085,"priority":0.6081,"host":"代田図書館（複合施設）","host_kind":"図書館","host_ward":"世田谷区","host_d":399,"f_welfare_n":26,"f_welfare_cap":200,"f_school_n":1,"f_clinic_n":3,"f_station_riders":15426,"f_station_dist":384,"f_noise_db":69.0,"f_green_pct":1.1,"f_station_name":"東松原","f_zoning_name":"第一種低層住居専用地域"}},{"type":"Feature","geometry":{"type":"Polygon","coordinates":[[[139.659375,35.664583],[139.6625,35.664583],[139.6625,35.666667],[139.659375,35.666667],[139.659375,35.664583]]]},"properties":{"c":"5339359244","n_welfare_capacity":0.8244,"n_sped_school":0.9372,"n_station_flow":0.8248,"n_clinic":0.6111,"n_zoning":0.5238,"n_noise":0.3552,"n_crowding":0.3245,"n_green":0.1511,"demand":0.9785,"load":0.3713,"priority":0.6744,"host":"代田図書館（複合施設）","host_kind":"図書館","host_ward":"世田谷区","host_d":307,"f_welfare_n":23,"f_welfare_cap":195,"f_clinic_n":5,"f_station_riders":8765,"f_station_dist":350,"f_noise_db":68.7,"f_green_pct":0.3,"f_station_name":"新代田","f_zoning_name":"第一種低層住居専用地域"}},{"type":"Feature","geometry":{"type":"Polygon","coordinates":[[[139.6625,35.664583],[139.665625,35.664583],[139.665625,35.666667],[139.6625,35.666667],[139.6625,35.664583]]]},"properties":{"c":"5339359333","n_welfare_capacity":0.7419,"n_sped_school":0.8675,"n_station_flow":0.8446,"n_clinic":0.6685,"n_zoning":0.4583,"n_noise":0.1291,"n_crowding":0.7459,"n_green":0.0497,"demand":0.9355,"load":0.4601,"priority":0.7363,"host":"代田図書館（複合施設）","host_kind":"図書館","host_ward":"世田谷区","host_d":435,"f_welfare_n":24,"f_welfare_cap":220,"f_clinic_n":7,"f_station_riders":8765,"f_station_dist":423,"f_noise_db":67.3,"f_green_pct":0.1,"f_station_name":"新代田","f_zoning_name":"第一種低層住居専用地域"}},{"type":"Feature","geometry":{"type":"Polygon","coordinates":[[[139.665625,35.664583],[139.66875,35.664583],[139.66875,35.666667],[139.665625,35.666667],[139.665625,35.664583]]]},"properties":{"c":"5339359334","n_welfare_capacity":0.5636,"n_sped_school":0.7225,"n_station_flow":0.8564,"n_clinic":0.7079,"n_zoning":0.3049,"n_noise":0.0413,"n_crowding":0.7459,"n_green":0.4791,"demand":0.8136,"load":0.1552,"priority":0.3848,"host":"図書館カウンター下北沢","host_kind":"図書館","host_ward":"世田谷区","host_d":513,"f_welfare_n":24,"f_welfare_cap":230,"f_clinic_n":8,"f_station_riders":229107,"f_station_dist":464,"f_noise_db":66.0,"f_green_pct":1.4,"f_station_name":"下北沢","f_zoning_name":"第一種低層住居専用地域"}},{"type":"Feature","geometry":{"type":"Polygon","coordinates":[[[139.66875,35.664583],[139.671875,35.664583],[139.671875,35.666667],[139.66875,35.666667],[139.66875,35.664583]]]},"properties":{"c":"5339359343","n_welfare_capacity":0.5242,"n_sped_school":0.5523,"n_station_flow":0.8901,"n_clinic":0.7303,"n_zoning":0.426,"n_noise":0.0215,"n_crowding":0.5609,"n_green":0.2664,"demand":0.7482,"load":0.1991,"priority":0.4152,"host":"図書館カウンター下北沢","host_kind":"図書館","host_ward":"世田谷区","host_d":491,"f_welfare_n":21,"f_welfare_cap":215,"f_clinic_n":8,"f_station_riders":8030,"f_station_dist":248,"f_noise_db":65.4,"f_green_pct":0.6,"f_station_name":"東北沢","f_zoning_name":"第一種中高層住居専用地域"}},{"type":"Feature","geometry":{"type":"Polygon","coordinates":[[[139.671875,35.664583],[139.675,35.664583],[139.675,35.666667],[139.671875,35.666667],[139.671875,35.664583]]]},"properties":{"c":"5339359344","n_welfare_capacity":0.4427,"n_sped_school":0.2427,"n_station_flow":0.8931,"n_clinic":0.7339,"n_zoning":0.8179,"n_noise":0.0063,"n_crowding":0.5609,"n_green":0.4871,"demand":0.6595,"load":0.3534,"priority":0.5309,"host":"図書館カウンター下北沢","host_kind":"図書館","host_ward":"世田谷区","host_d":616,"f_welfare_n":17,"f_welfare_cap":145,"f_clinic_n":6,"f_station_riders":8030,"f_station_dist":41,"f_noise_db":64.9,"f_green_pct":1.4,"f_station_name":"東北沢","f_zoning_name":"近隣商業地域"}},{"type":"Feature","geometry":{"type":"Polygon","coordinates":[[[139.675,35.664583],[139.678125,35.664583],[139.678125,35.666667],[139.675,35.666667],[139.675,35.664583]]]},"properties":{"c":"5339359433","n_welfare_capacity":0.2975,"n_sped_school":0.0,"n_station_flow":0.8921,"n_clinic":0.7043,"n_zoning":0.1336,"n_noise":0.0368,"n_crowding":0.5293,"n_green":0.0,"demand":0.5618,"load":0.1345,"priority":0.2798,"host":"北沢地区会館（複合施設）","host_kind":"区民センター","host_ward":"世田谷区","host_d":373,"f_welfare_n":15,"f_welfare_cap":120,"f_clinic_n":5,"f_station_riders":8030,"f_station_dist":320,"f_noise_db":65.8,"f_station_name":"東北沢","f_zoning_name":"第一種低層住居専用地域"}},{"type":"Feature","geometry":{"type":"Polygon","coordinates":[[[139.678125,35.664583],[139.68125,35.664583],[139.68125,35.666667],[139.678125,35.666667],[139.678125,35.664583]]]},"properties":{"c":"5339359434","n_welfare_capacity":0.1927,"n_sped_school":0.0,"n_station_flow":0.8812,"n_clinic":0.6882,"n_zoning":0.4798,"n_noise":0.0673,"n_crowding":0.5293,"n_green":0.497,"demand":0.5018,"load":0.1632,"priority":0.2987,"host":"上原出張所","host_kind":"出張所","host_ward":"渋谷区","host_d":447,"f_welfare_n":5,"f_welfare_cap":45,"f_clinic_n":4,"f_station_riders":269075,"f_station_dist":377,"f_noise_db":66.5,"f_green_pct":1.5,"f_station_name":"代々木上原","f_zoning_name":"第一種低層住居専用地域"}},{"type":"Feature","geometry":{"type":"Polygon","coordinates":[[[139.68125,35.664583],[139.684375,35.664583],[139.684375,35.666667],[139.68125,35.666667],[139.68125,35.664583]]]},"properties":{"c":"5339359443","n_welfare_capacity":0.1102,"n_sped_school":0.0,"n_station_flow":0.8762,"n_clinic":0.7258,"n_zoning":0.0345,"n_noise":0.1408,"n_crowding":0.5293,"n_green":0.0,"demand":0.4695,"load":0.1309,"priority":0.2448,"host":"富ヶ谷図書館","host_kind":"図書館","host_ward":"渋谷区","host_d":515,"f_welfare_n":2,"f_welfare_cap":20,"f_clinic_n":9,"f_station_riders":269075,"f_station_dist":461,"f_noise_db":67.4,"f_station_name":"代々木上原","f_zoning_name":"第一種低層住居専用地域"}},{"type":"Feature","geometry":{"type":"Polygon","coordinates":[[[139.684375,35.664583],[139.6875,35.664583],[139.6875,35.666667],[139.684375,35.666667],[139.684375,35.664583]]]},"properties":{"c":"5339359444","n_welfare_capacity":0.069,"n_sped_school":0.0,"n_station_flow":0.8406,"n_clinic":0.7787,"n_zoning":0.4278,"n_noise":0.2637,"n_crowding":0.5293,"n_green":0.0,"demand":0.4444,"load":0.4224,"priority":0.4664,"host":"富ヶ谷図書館","host_kind":"図書館","host_ward":"渋谷区","host_d":342,"f_welfare_n":1,"f_welfare_cap":10,"f_clinic_n":11,"f_station_riders":28862,"f_station_dist":521,"f_noise_db":68.2,"f_station_name":"代々木公園","f_zoning_name":"第一種低層住居専用地域"}},{"type":"Feature","geometry":{"type":"Polygon","coordinates":[[[139.6875,35.664583],[139.690625,35.664583],[139.690625,35.666667],[139.6875,35.666667],[139.6875,35.664583]]]},"properties":{"c":"5339359533","n_welfare_capacity":0.0385,"n_sped_school":0.0,"n_station_flow":0.7653,"n_clinic":0.8136,"n_zoning":0.4825,"n_noise":0.2484,"n_crowding":0.8669,"n_green":0.0,"demand":0.3987,"load":0.6377,"priority":0.5525,"host":"富ヶ谷図書館","host_kind":"図書館","host_ward":"渋谷区","host_d":359,"f_welfare_n":2,"f_welfare_cap":30,"f_clinic_n":9,"f_station_riders":28862,"f_station_dist":392,"f_noise_db":68.1,"f_station_name":"代々木公園","f_zoning_name":"第一種低層住居専用地域"}},{"type":"Feature","geometry":{"type":"Polygon","coordinates":[[[139.690625,35.664583],[139.69375,35.664583],[139.69375,35.666667],[139.690625,35.666667],[139.690625,35.664583]]]},"properties":{"c":"5339359534","n_welfare_capacity":0.0341,"n_sped_school":0.0,"n_station_flow":0.9218,"n_clinic":0.862,"n_zoning":0.7848,"n_noise":0.2547,"n_crowding":0.8669,"n_green":0.0,"demand":0.4848,"load":0.7991,"priority":0.6969,"host":"富ヶ谷図書館","host_kind":"図書館","host_ward":"渋谷区","host_d":549,"f_welfare_n":12,"f_welfare_cap":100,"f_clinic_n":9,"f_station_riders":28862,"f_station_dist":443,"f_noise_db":68.1,"f_station_name":"代々木公園","f_zoning_name":"近隣商業地域"}},{"type":"Feature","geometry":{"type":"Polygon","coordinates":[[[139.69375,35.664583],[139.696875,35.664583],[139.696875,35.666667],[139.69375,35.666667],[139.69375,35.664583]]]},"properties":{"c":"5339359543","n_welfare_capacity":0.1022,"n_sped_school":0.0,"n_station_flow":0.9396,"n_clinic":0.8844,"n_zoning":0.9713,"n_noise":0.2762,"n_crowding":0.9517,"n_green":0.0,"demand":0.5314,"load":0.9067,"priority":0.7704,"host":"子ども家庭支援センター","host_kind":"児童館","host_ward":"渋谷区","host_d":411,"f_welfare_n":13,"f_welfare_cap":115,"f_clinic_n":7,"f_station_riders":28862,"f_station_dist":632,"f_noise_db":68.3,"f_station_name":"代々木公園","f_zoning_name":"商業地域"}},{"type":"Feature","geometry":{"type":"Polygon","coordinates":[[[139.696875,35.664583],[139.7,35.664583],[139.7,35.666667],[139.696875,35.666667],[139.696875,35.664583]]]},"properties":{"c":"5339359544","n_welfare_capacity":0.233,"n_sped_school":0.0739,"n_station_flow":0.9584,"n_clinic":0.9068,"n_zoning":0.9435,"n_noise":0.3121,"n_crowding":0.9517,"n_green":0.0,"demand":0.6048,"load":0.9103,"priority":0.8143,"host":"神宮前出張所","host_kind":"出張所","host_ward":"渋谷区","host_d":650,"f_welfare_n":11,"f_welfare_cap":90,"f_clinic_n":8,"f_station_riders":105665,"f_station_dist":632,"f_noise_db":68.5,"f_station_name":"明治神宮前","f_zoning_name":"商業地域"}},{"type":"Feature","geometry":{"type":"Polygon","coordinates":[[[139.7,35.664583],[139.703125,35.664583],[139.703125,35.666667],[139.7,35.666667],[139.7,35.664583]]]},"properties":{"c":"5339359633","n_welfare_capacity":0.3746,"n_sped_school":0.1715,"n_station_flow":0.9703,"n_clinic":0.9185,"n_zoning":0.93,"n_noise":0.3614,"n_crowding":0.9625,"n_green":0.7634,"demand":0.6756,"load":0.7274,"priority":0.7731,"host":"神宮前出張所","host_kind":"出張所","host_ward":"渋谷区","host_d":394,"f_welfare_n":11,"f_welfare_cap":75,"f_clinic_n":17,"f_station_riders":105665,"f_station_dist":444,"f_noise_db":68.7,"f_green_pct":4.8,"f_station_name":"明治神宮前","f_zoning_name":"商業地域"}},{"type":"Feature","geometry":{"type":"Polygon","coordinates":[[[139.703125,35.664583],[139.70625,35.664583],[139.70625,35.666667],[139.703125,35.666667],[139.703125,35.664583]]]},"properties":{"c":"5339359634","n_welfare_capacity":0.5116,"n_sped_school":0.2692,"n_station_flow":0.9693,"n_clinic":0.9489,"n_zoning":0.8619,"n_noise":0.3632,"n_crowding":0.9625,"n_green":0.0,"demand":0.7321,"load":0.8951,"priority":0.8888,"host":"神宮前出張所","host_kind":"出張所","host_ward":"渋谷区","host_d":219,"f_welfare_n":28,"f_welfare_cap":294,"f_clinic_n":19,"f_station_riders":105665,"f_station_dist":394,"f_noise_db":68.8,"f_station_name":"明治神宮前","f_zoning_name":"第一種住居地域"}},{"type":"Feature","geometry":{"type":"Polygon","coordinates":[[[139.70625,35.664583],[139.709375,35.664583],[139.709375,35.666667],[139.70625,35.666667],[139.70625,35.664583]]]},"properties":{"c":"5339359643","n_welfare_capacity":0.5645,"n_sped_school":0.6095,"n_station_flow":0.9594,"n_clinic":0.9704,"n_zoning":0.5901,"n_noise":0.3749,"n_crowding":0.9689,"n_green":0.0,"demand":0.8719,"load":0.7982,"priority":0.9148,"host":"神宮前出張所","host_kind":"出張所","host_ward":"渋谷区","host_d":317,"f_welfare_n":24,"f_welfare_cap":269,"f_clinic_n":24,"f_station_riders":176901,"f_station_dist":427,"f_noise_db":68.9,"f_station_name":"表参道","f_zoning_name":"第一種中高層住居専用地域"}},{"type":"Feature","geometry":{"type":"Polygon","coordinates":[[[139.590625,35.666667],[139.59375,35.666667],[139.59375,35.66875],[139.590625,35.66875],[139.590625,35.666667]]]},"properties":{"c":"5339440712","n_welfare_capacity":0.1801,"n_sped_school":0.2999,"n_station_flow":0.4554,"n_clinic":0.6667,"n_zoning":0.7345,"n_noise":0.965,"n_crowding":0.2319,"n_green":0.0,"demand":0.4131,"load":0.8386,"priority":0.6592,"host":"給田地区会館（複合施設）","host_kind":"区民センター","host_ward":"世田谷区","host_d":340,"f_welfare_n":29,"f_welfare_cap":231,"f_clinic_n":5,"f_station_riders":79689,"f_station_dist":741,"f_noise_db":74.3,"f_station_name":"千歳烏山","f_zoning_name":"第一種住居地域"}},{"type":"Feature","geometry":{"type":"Polygon","coordinates":[[[139.59375,35.666667],[139.596875,35.666667],[139.596875,35.66875],[139.59375,35.66875],[139.59375,35.666667]]]},"properties":{"c":"5339440721","n_welfare_capacity":0.2957,"n_sped_school":0.3236,"n_station_flow":0.5376,"n_clinic":0.7616,"n_zoning":0.6027,"n_noise":0.9803,"n_crowding":0.7495,"n_green":0.0,"demand":0.5466,"load":0.9426,"priority":0.7865,"host":"烏山図書館（複合施設）","host_kind":"図書館","host_ward":"世田谷区","host_d":489,"f_welfare_n":43,"f_welfare_cap":281,"f_clinic_n":11,"f_station_riders":79689,"f_station_dist":459,"f_noise_db":74.9,"f_station_name":"千歳烏山","f_zoning_name":"第一種住居地域"}},{"type":"Feature","geometry":{"type":"Polygon","coordinates":[[[139.596875,35.666667],[139.6,35.666667],[139.6,35.66875],[139.596875,35.66875],[139.596875,35.666667]]]},"properties":{"c":"5339440722","n_welfare_capacity":0.3692,"n_sped_school":0.3208,"n_station_flow":0.597,"n_clinic":0.802,"n_zoning":0.5749,"n_noise":0.9534,"n_crowding":0.7495,"n_green":0.0,"demand":0.5923,"load":0.9247,"priority":0.8099,"host":"烏山図書館（複合施設）","host_kind":"図書館","host_ward":"世田谷区","host_d":228,"f_welfare_n":49,"f_welfare_cap":332,"f_clinic_n":11,"f_station_riders":79689,"f_station_dist":176,"f_noise_db":74.0,"f_station_name":"千歳烏山","f_zoning_name":"第一種中高層住居専用地域"}},{"type":"Feature","geometry":{"type":"Polygon","coordinates":[[[139.6,35.666667],[139.603125,35.666667],[139.603125,35.66875],[139.6,35.66875],[139.6,35.666667]]]},"properties":{"c":"5339440811","n_welfare_capacity":0.4104,"n_sped_school":0.2859,"n_station_flow":0.6505,"n_clinic":0.8199,"n_zoning":0.948,"n_noise":0.8574,"n_crowding":0.8443,"n_green":0.0,"demand":0.6165,"load":0.9937,"priority":0.8628,"host":"烏山図書館（複合施設）","host_kind":"図書館","host_ward":"世田谷区","host_d":156,"f_welfare_n":54,"f_welfare_cap":376,"f_clinic_n":14,"f_station_riders":79689,"f_station_dist":108,"f_noise_db":72.2,"f_station_name":"千歳烏山","f_zoning_name":"近隣商業地域"}},{"type":"Feature","geometry":{"type":"Polygon","coordinates":[[[139.603125,35.666667],[139.60625,35.666667],[139.60625,35.66875],[139.603125,35.66875],[139.603125,35.666667]]]},"properties":{"c":"5339440812","n_welfare_capacity":0.4247,"n_sped_school":0.2399,"n_station_flow":0.6257,"n_clinic":0.8065,"n_zoning":0.6179,"n_noise":0.765,"n_crowding":0.8443,"n_green":0.0,"demand":0.5995,"load":0.9076,"priority":0.8081,"host":"烏山図書館（複合施設）","host_kind":"図書館","host_ward":"世田谷区","host_d":396,"f_welfare_n":54,"f_welfare_cap":376,"f_clinic_n":13,"f_station_riders":79689,"f_station_dist":391,"f_noise_db":71.0,"f_station_name":"千歳烏山","f_zoning_name":"第一種中高層住居専用地域"}},{"type":"Feature","geometry":{"type":"Polygon","coordinates":[[[139.60625,35.666667],[139.609375,35.666667],[139.609375,35.66875],[139.60625,35.66875],[139.60625,35.666667]]]},"properties":{"c":"5339440821","n_welfare_capacity":0.4982,"n_sped_school":0.1925,"n_station_flow":0.5554,"n_clinic":0.7554,"n_zoning":0.5489,"n_noise":0.5614,"n_crowding":0.5447,"n_green":0.6521,"demand":0.5833,"load":0.4296,"priority":0.548,"host":"粕谷図書館（複合施設）","host_kind":"図書館","host_ward":"世田谷区","host_d":565,"f_welfare_n":39,"f_welfare_cap":300,"f_clinic_n":11,"f_station_riders":14016,"f_station_dist":316,"f_noise_db":69.7,"f_green_pct":2.6,"f_station_name":"芦花公園","f_zoning_name":"第一種中高層住居専用地域"}},{"type":"Feature","geometry":{"type":"Polygon","coordinates":[[[139.609375,35.666667],[139.6125,35.666667],[139.6125,35.66875],[139.609375,35.66875],[139.609375,35.666667]]]},"properties":{"c":"5339440822","n_welfare_capacity":0.5161,"n_sped_school":0.1339,"n_station_flow":0.4772,"n_clinic":0.6622,"n_zoning":0.5045,"n_noise":0.3561,"n_crowding":0.5447,"n_green":0.0219,"demand":0.5278,"load":0.5318,"priority":0.5758,"host":"上北沢まちづくりセンター（複合施設）","host_kind":"出張所","host_ward":"世田谷区","host_d":685,"f_welfare_n":28,"f_welfare_cap":220,"f_clinic_n":6,"f_station_riders":14016,"f_station_dist":397,"f_noise_db":68.7,"f_green_pct":0.1,"f_station_name":"芦花公園","f_zoning_name":"第一種中高層住居専用地域"}},{"type":"Feature","geometry":{"type":"Polygon","coordinates":[[[139.6125,35.666667],[139.615625,35.666667],[139.615625,35.66875],[139.6125,35.66875],[139.6125,35.666667]]]},"properties":{"c":"5339440911","n_welfare_capacity":0.5797,"n_sped_school":0.2092,"n_station_flow":0.3257,"n_clinic":0.5484,"n_zoning":0.5991,"n_noise":0.1964,"n_crowding":0.7992,"n_green":0.167,"demand":0.4928,"load":0.5803,"priority":0.5803,"host":"上北沢まちづくりセンター（複合施設）","host_kind":"出張所","host_ward":"世田谷区","host_d":434,"f_welfare_n":22,"f_welfare_cap":190,"f_clinic_n":5,"f_station_riders":37716,"f_station_dist":265,"f_noise_db":68.0,"f_green_pct":0.4,"f_station_name":"八幡山","f_zoning_name":"第一種中高層住居専用地域"}},{"type":"Feature","geometry":{"type":"Polygon","coordinates":[[[139.615625,35.666667],[139.61875,35.666667],[139.61875,35.66875],[139.615625,35.66875],[139.615625,35.666667]]]},"properties":{"c":"5339440912","n_welfare_capacity":0.6138,"n_sped_school":0.1158,"n_station_flow":0.296,"n_clinic":0.4014,"n_zoning":0.2798,"n_noise":0.1399,"n_crowding":0.7992,"n_green":0.0,"demand":0.4211,"load":0.3928,"priority":0.4386,"host":"上北沢まちづくりセンター（複合施設）","host_kind":"出張所","host_ward":"世田谷区","host_d":261,"f_welfare_n":28,"f_welfare_cap":290,"f_clinic_n":3,"f_station_riders":37716,"f_station_dist":359,"f_noise_db":67.4,"f_station_name":"八幡山","f_zoning_name":"第一種低層住居専用地域"}},{"type":"Feature","geometry":{"type":"Polygon","coordinates":[[[139.61875,35.666667],[139.621875,35.666667],[139.621875,35.66875],[139.61875,35.66875],[139.61875,35.666667]]]},"properties":{"c":"5339440921","n_welfare_capacity":0.6022,"n_sped_school":0.3849,"n_station_flow":0.3158,"n_clinic":0.2491,"n_zoning":0.4619,"n_noise":0.1937,"n_crowding":0.6647,"n_green":0.6779,"demand":0.4964,"load":0.2152,"priority":0.3462,"host":"上北沢図書館（複合施設）","host_kind":"図書館","host_ward":"世田谷区","host_d":476,"f_welfare_n":26,"f_welfare_cap":278,"f_clinic_n":3,"f_station_riders":14678,"f_station_dist":308,"f_noise_db":68.0,"f_green_pct":2.9,"f_station_name":"上北沢","f_zoning_name":"第一種中高層住居専用地域"}},{"type":"Feature","geometry":{"type":"Polygon","coordinates":[[[139.621875,35.666667],[139.625,35.666667],[139.625,35.66875],[139.621875,35.66875],[139.621875,35.666667]]]},"properties":{"c":"5339440922","n_welfare_capacity":0.5448,"n_sped_school":0.5997,"n_station_flow":0.2921,"n_clinic":0.2357,"n_zoning":0.3767,"n_noise":0.3848,"n_crowding":0.6647,"n_green":0.0,"demand":0.5412,"load":0.539,"priority":0.5901,"host":"上北沢図書館（複合施設）","host_kind":"図書館","host_ward":"世田谷区","host_d":193,"f_welfare_n":32,"f_welfare_cap":341,"f_clinic_n":3,"f_station_riders":14678,"f_station_dist":126,"f_noise_db":68.9,"f_station_name":"上北沢","f_zoning_name":"第一種低層住居専用地域"}},{"type":"Feature","geometry":{"type":"Polygon","coordinates":[[[139.625,35.666667],[139.628125,35.666667],[139.628125,35.66875],[139.625,35.66875],[139.625,35.666667]]]},"properties":{"c":"5339450011","n_welfare_capacity":0.612,"n_sped_school":0.7755,"n_station_flow":0.3109,"n_clinic":0.2249,"n_zoning":0.4753,"n_noise":0.7031,"n_crowding":0.5907,"n_green":0.0,"demand":0.612,"load":0.7363,"priority":0.7525,"host":"上北沢図書館（複合施設）","host_kind":"図書館","host_ward":"世田谷区","host_d":92,"f_welfare_n":26,"f_welfare_cap":306,"f_clinic_n":4,"f_station_riders":14678,"f_station_dist":312,"f_noise_db":70.4,"f_station_name":"上北沢","f_zoning_name":"第一種低層住居専用地域"}},{"type":"Feature","geometry":{"type":"Polygon","coordinates":[[[139.628125,35.666667],[139.63125,35.666667],[139.63125,35.66875],[139.628125,35.66875],[139.628125,35.666667]]]},"properties":{"c":"5339450012","n_welfare_capacity":0.6254,"n_sped_school":0.8926,"n_station_flow":0.3861,"n_clinic":0.2482,"n_zoning":0.5794,"n_noise":0.7919,"n_crowding":0.5907,"n_green":0.0,"demand":0.6613,"load":0.8251,"priority":0.809,"host":"上北沢図書館（複合施設）","host_kind":"図書館","host_ward":"世田谷区","host_d":374,"f_welfare_n":19,"f_welfare_cap":226,"f_school_n":1,"f_clinic_n":3,"f_station_riders":36224,"f_station_dist":161,"f_noise_db":71.5,"f_station_name":"桜上水","f_zoning_name":"第一種住居地域"}},{"type":"Feature","geometry":{"type":"Polygon","coordinates":[[[139.63125,35.666667],[139.634375,35.666667],[139.634375,35.66875],[139.63125,35.66875],[139.63125,35.666667]]]},"properties":{"c":"5339450021","n_welfare_capacity":0.6075,"n_sped_school":0.9358,"n_station_flow":0.4485,"n_clinic":0.2634,"n_zoning":0.8135,"n_noise":0.7596,"n_crowding":0.7365,"n_green":0.0,"demand":0.6864,"load":0.9435,"priority":0.8843,"host":"上北沢図書館（複合施設）","host_kind":"図書館","host_ward":"世田谷区","host_d":656,"f_welfare_n":15,"f_welfare_cap":156,"f_school_n":2,"f_clinic_n":5,"f_station_riders":36224,"f_station_dist":122,"f_noise_db":71.0,"f_station_name":"桜上水","f_zoning_name":"第一種住居地域"}},{"type":"Feature","geometry":{"type":"Polygon","coordinates":[[[139.646875,35.666667],[139.65,35.666667],[139.65,35.66875],[139.646875,35.66875],[139.646875,35.666667]]]},"properties":{"c":"5339450122","n_welfare_capacity":0.828,"n_sped_school":1.0,"n_station_flow":0.7604,"n_clinic":0.2948,"n_zoning":0.8673,"n_noise":0.8027,"n_crowding":0.7211,"n_green":0.0,"demand":0.8978,"load":0.9695,"priority":0.9803,"host":"松原まちづくりセンター（複合施設）","host_kind":"出張所","host_ward":"世田谷区","host_d":420,"f_welfare_n":44,"f_welfare_cap":296,"f_school_n":3,"f_clinic_n":4,"f_station_riders":91172,"f_station_dist":205,"f_noise_db":71.6,"f_station_name":"明大前","f_zoning_name":"第一種中高層住居専用地域"}},{"type":"Feature","geometry":{"type":"Polygon","coordinates":[[[139.65,35.666667],[139.653125,35.666667],[139.653125,35.66875],[139.65,35.66875],[139.65,35.666667]]]},"properties":{"c":"5339450211","n_welfare_capacity":0.8584,"n_sped_school":0.9972,"n_station_flow":0.7406,"n_clinic":0.3226,"n_zoning":0.7354,"n_noise":0.8018,"n_crowding":0.7604,"n_green":0.0,"demand":0.9095,"load":0.9372,"priority":0.9776,"host":"松原まちづくりセンター（複合施設）","host_kind":"出張所","host_ward":"世田谷区","host_d":341,"f_welfare_n":39,"f_welfare_cap":266,"f_school_n":3,"f_clinic_n":2,"f_station_riders":91172,"f_station_dist":116,"f_noise_db":71.6,"f_station_name":"明大前","f_zoning_name":"第一種低層住居専用地域"}},{"type":"Feature","geometry":{"type":"Polygon","coordinates":[[[139.653125,35.666667],[139.65625,35.666667],[139.65625,35.66875],[139.653125,35.66875],[139.653125,35.666667]]]},"properties":{"c":"5339450212","n_welfare_capacity":0.8853,"n_sped_school":0.9888,"n_station_flow":0.7059,"n_clinic":0.431,"n_zoning":0.1103,"n_noise":0.7085,"n_crowding":0.7604,"n_green":0.0,"demand":0.9328,"load":0.6027,"priority":0.8224,"host":"松原まちづくりセンター（複合施設）","host_kind":"出張所","host_ward":"世田谷区","host_d":465,"f_welfare_n":32,"f_welfare_cap":245,"f_school_n":2,"f_clinic_n":3,"f_station_riders":91172,"f_station_dist":381,"f_noise_db":70.5,"f_station_name":"明大前","f_zoning_name":"第一種低層住居専用地域"}},{"type":"Feature","geometry":{"type":"Polygon","coordinates":[[[139.65625,35.666667],[139.659375,35.666667],[139.659375,35.66875],[139.65625,35.66875],[139.65625,35.666667]]]},"properties":{"c":"5339450221","n_welfare_capacity":0.8754,"n_sped_school":0.9735,"n_station_flow":0.7624,"n_clinic":0.5367,"n_zoning":0.5265,"n_noise":0.5274,"n_crowding":0.4084,"n_green":0.0,"demand":0.9722,"load":0.5883,"priority":0.8305,"host":"代田図書館（複合施設）","host_kind":"図書館","host_ward":"世田谷区","host_d":595,"f_welfare_n":38,"f_welfare_cap":355,"f_school_n":1,"f_clinic_n":3,"f_station_riders":17148,"f_station_dist":400,"f_noise_db":69.6,"f_station_name":"代田橋","f_zoning_name":"第一種低層住居専用地域"}},{"type":"Feature","geometry":{"type":"Polygon","coordinates":[[[139.659375,35.666667],[139.6625,35.666667],[139.6625,35.66875],[139.659375,35.66875],[139.659375,35.666667]]]},"properties":{"c":"5339450222","n_welfare_capacity":0.853,"n_sped_school":0.947,"n_station_flow":0.804,"n_clinic":0.5986,"n_zoning":0.8332,"n_noise":0.2771,"n_crowding":0.4084,"n_green":0.1054,"demand":0.9803,"load":0.5946,"priority":0.8395,"host":"代田図書館（複合施設）","host_kind":"図書館","host_ward":"世田谷区","host_d":538,"f_welfare_n":26,"f_welfare_cap":285,"f_clinic_n":4,"f_station_riders":17148,"f_station_dist":399,"f_noise_db":68.3,"f_green_pct":0.2,"f_station_name":"代田橋","f_zoning_name":"近隣商業地域"}},{"type":"Feature","geometry":{"type":"Polygon","coordinates":[[[139.6625,35.666667],[139.665625,35.666667],[139.665625,35.66875],[139.6625,35.66875],[139.6625,35.666667]]]},"properties":{"c":"5339450311","n_welfare_capacity":0.7957,"n_sped_school":0.9079,"n_station_flow":0.8158,"n_clinic":0.6577,"n_zoning":0.1623,"n_noise":0.0646,"n_crowding":0.1124,"n_green":0.3499,"demand":0.9633,"load":0.0143,"priority":0.0906,"host":"代田図書館（複合施設）","host_kind":"図書館","host_ward":"世田谷区","host_d":620,"f_welfare_n":33,"f_welfare_cap":370,"f_clinic_n":12,"f_station_riders":17148,"f_station_dist":564,"f_noise_db":66.5,"f_green_pct":0.9,"f_station_name":"代田橋","f_zoning_name":"第一種低層住居専用地域"}},{"type":"Feature","geometry":{"type":"Polygon","coordinates":[[[139.665625,35.666667],[139.66875,35.666667],[139.66875,35.66875],[139.665625,35.66875],[139.665625,35.666667]]]},"properties":{"c":"5339450312","n_welfare_capacity":0.7608,"n_sped_school":0.7559,"n_station_flow":0.8574,"n_clinic":0.7124,"n_zoning":0.2457,"n_noise":0.0126,"n_crowding":0.1124,"n_green":0.3837,"demand":0.9158,"load":0.0179,"priority":0.1067,"host":"笹塚図書館","host_kind":"図書館","host_ward":"渋谷区","host_d":649,"f_welfare_n":30,"f_welfare_cap":305,"f_clinic_n":11,"f_station_riders":8030,"f_station_dist":587,"f_noise_db":65.1,"f_green_pct":1.0,"f_station_name":"東北沢","f_zoning_name":"第一種低層住居専用地域"}},{"type":"Feature","geometry":{"type":"Polygon","coordinates":[[[139.66875,35.666667],[139.671875,35.666667],[139.671875,35.66875],[139.66875,35.66875],[139.66875,35.666667]]]},"properties":{"c":"5339450321","n_welfare_capacity":0.6935,"n_sped_school":0.5872,"n_station_flow":0.8772,"n_clinic":0.7133,"n_zoning":0.2556,"n_noise":0.0045,"n_crowding":0.3569,"n_green":0.4493,"demand":0.8262,"load":0.035,"priority":0.1605,"host":"笹塚図書館","host_kind":"図書館","host_ward":"渋谷区","host_d":687,"f_welfare_n":22,"f_welfare_cap":200,"f_clinic_n":8,"f_station_riders":8030,"f_station_dist":353,"f_noise_db":64.8,"f_green_pct":1.2,"f_station_name":"東北沢","f_zoning_name":"第一種低層住居専用地域"}},{"type":"Feature","geometry":{"type":"Polygon","coordinates":[[[139.671875,35.666667],[139.675,35.666667],[139.675,35.66875],[139.671875,35.66875],[139.671875,35.666667]]]},"properties":{"c":"5339450322","n_welfare_capacity":0.5538,"n_sped_school":0.2762,"n_station_flow":0.898,"n_clinic":0.7267,"n_zoning":0.7112,"n_noise":0.026,"n_crowding":0.3569,"n_green":0.6083,"demand":0.698,"load":0.157,"priority":0.3516,"host":"北沢地区会館（複合施設）","host_kind":"区民センター","host_ward":"世田谷区","host_d":170,"f_welfare_n":21,"f_welfare_cap":170,"f_clinic_n":5,"f_station_riders":8030,"f_station_dist":254,"f_noise_db":65.6,"f_green_pct":2.2,"f_station_name":"東北沢","f_zoning_name":"第一種低層住居専用地域"}},{"type":"Feature","geometry":{"type":"Polygon","coordinates":[[[139.675,35.666667],[139.678125,35.666667],[139.678125,35.66875],[139.675,35.66875],[139.675,35.666667]]]},"properties":{"c":"5339450411","n_welfare_capacity":0.3835,"n_sped_school":0.0669,"n_station_flow":0.9089,"n_clinic":0.7401,"n_zoning":0.3704,"n_noise":0.0332,"n_crowding":0.8263,"n_green":0.0,"demand":0.6129,"load":0.4036,"priority":0.5448,"host":"北沢地区会館（複合施設）","host_kind":"区民センター","host_ward":"世田谷区","host_d":393,"f_welfare_n":16,"f_welfare_cap":130,"f_clinic_n":4,"f_station_riders":269075,"f_station_dist":334,"f_noise_db":65.7,"f_station_name":"代々木上原","f_zoning_name":"第一種低層住居専用地域"}},{"type":"Feature","geometry":{"type":"Polygon","coordinates":[[[139.678125,35.666667],[139.68125,35.666667],[139.68125,35.66875],[139.678125,35.66875],[139.678125,35.666667]]]},"properties":{"c":"5339450412","n_welfare_capacity":0.1765,"n_sped_school":0.0209,"n_station_flow":0.902,"n_clinic":0.7088,"n_zoning":0.765,"n_noise":0.043,"n_crowding":0.8263,"n_green":0.0,"demand":0.517,"load":0.6682,"priority":0.6583,"host":"富ヶ谷図書館","host_kind":"図書館","host_ward":"渋谷区","host_d":692,"f_welfare_n":5,"f_welfare_cap":45,"f_clinic_n":3,"f_station_riders":269075,"f_station_dist":146,"f_noise_db":66.0,"f_station_name":"代々木上原","f_zoning_name":"第一種低層住居専用地域"}},{"type":"Feature","geometry":{"type":"Polygon","coordinates":[[[139.68125,35.666667],[139.684375,35.666667],[139.684375,35.66875],[139.68125,35.66875],[139.68125,35.666667]]]},"properties":{"c":"5339450421","n_welfare_capacity":0.0806,"n_sped_school":0.0363,"n_station_flow":0.897,"n_clinic":0.7213,"n_zoning":0.7803,"n_noise":0.1318,"n_crowding":0.8028,"n_green":0.0,"demand":0.4785,"load":0.7166,"priority":0.6565,"host":"富ヶ谷図書館","host_kind":"図書館","host_ward":"渋谷区","host_d":413,"f_welfare_n":3,"f_welfare_cap":25,"f_clinic_n":9,"f_station_riders":269075,"f_station_dist":303,"f_noise_db":67.3,"f_station_name":"代々木上原","f_zoning_name":"近隣商業地域"}},{"type":"Feature","geometry":{"type":"Polygon","coordinates":[[[139.684375,35.666667],[139.6875,35.666667],[139.6875,35.66875],[139.684375,35.66875],[139.684375,35.666667]]]},"properties":{"c":"5339450422","n_welfare_capacity":0.0314,"n_sped_school":0.0446,"n_station_flow":0.8584,"n_clinic":0.7357,"n_zoning":0.8386,"n_noise":0.2538,"n_crowding":0.8028,"n_green":0.0,"demand":0.4409,"load":0.8,"priority":0.6655,"host":"富ヶ谷図書館","host_kind":"図書館","host_ward":"渋谷区","host_d":150,"f_welfare_n":3,"f_welfare_cap":20,"f_clinic_n":9,"f_station_riders":18567,"f_station_dist":360,"f_noise_db":68.1,"f_station_name":"代々木八幡","f_zoning_name":"近隣商業地域"}},{"type":"Feature","geometry":{"type":"Polygon","coordinates":[[[139.6875,35.666667],[139.690625,35.666667],[139.690625,35.66875],[139.6875,35.66875],[139.6875,35.666667]]]},"properties":{"c":"5339450511","n_welfare_capacity":0.0152,"n_sped_school":0.0377,"n_station_flow":0.795,"n_clinic":0.7939,"n_zoning":0.922,"n_noise":0.2377,"n_crowding":0.8407,"n_green":0.7475,"demand":0.4086,"load":0.6054,"priority":0.5448,"host":"富ヶ谷図書館","host_kind":"図書館","host_ward":"渋谷区","host_d":185,"f_welfare_n":3,"f_welfare_cap":20,"f_clinic_n":9,"f_station_riders":28862,"f_station_dist":169,"f_noise_db":68.0,"f_green_pct":4.4,"f_station_name":"代々木公園","f_zoning_name":"近隣商業地域"}},{"type":"Feature","geometry":{"type":"Polygon","coordinates":[[[139.690625,35.666667],[139.69375,35.666667],[139.69375,35.66875],[139.690625,35.66875],[139.690625,35.666667]]]},"properties":{"c":"5339450512","n_welfare_capacity":0.0116,"n_sped_school":0.0237,"n_station_flow":0.7762,"n_clinic":0.8459,"n_zoning":0.8368,"n_noise":0.235,"n_crowding":0.8407,"n_green":0.8807,"demand":0.4041,"load":0.496,"priority":0.4852,"host":"富ヶ谷図書館","host_kind":"図書館","host_ward":"渋谷区","host_d":454,"f_welfare_n":8,"f_welfare_cap":45,"f_clinic_n":7,"f_station_riders":28862,"f_station_dist":267,"f_noise_db":68.0,"f_green_pct":21.9,"f_station_name":"代々木公園","f_zoning_name":"第二種中高層住居専用地域"}},{"type":"Feature","geometry":{"type":"Polygon","coordinates":[[[139.69375,35.666667],[139.696875,35.666667],[139.696875,35.66875],[139.69375,35.66875],[139.69375,35.666667]]]},"properties":{"c":"5339450521","n_welfare_capacity":0.0672,"n_sped_school":0.0,"n_station_flow":0.9238,"n_clinic":0.8692,"n_zoning":0.6664,"n_noise":0.261,"n_crowding":0.0,"n_green":0.2863,"demand":0.5072,"load":0.1955,"priority":0.3318,"host":"子ども家庭支援センター","host_kind":"児童館","host_ward":"渋谷区","host_d":602,"f_welfare_n":8,"f_welfare_cap":45,"f_clinic_n":7,"f_station_riders":28862,"f_station_dist":523,"f_noise_db":68.2,"f_green_pct":0.7,"f_station_name":"代々木公園","f_zoning_name":"第二種中高層住居専用地域"}},{"type":"Feature","geometry":{"type":"Polygon","coordinates":[[[139.696875,35.666667],[139.7,35.666667],[139.7,35.66875],[139.696875,35.66875],[139.696875,35.666667]]]},"properties":{"c":"5339450522","n_welfare_capacity":0.207,"n_sped_school":0.0879,"n_station_flow":0.9376,"n_clinic":0.8871,"n_zoning":0.6978,"n_noise":0.3094,"n_crowding":0.0,"n_green":0.0,"demand":0.5932,"load":0.3498,"priority":0.5013,"host":"神宮前出張所","host_kind":"出張所","host_ward":"渋谷区","host_d":614,"f_welfare_n":10,"f_welfare_cap":70,"f_clinic_n":7,"f_station_riders":105665,"f_station_dist":523,"f_noise_db":68.5,"f_station_name":"明治神宮前","f_zoning_name":"第二種中高層住居専用地域"}},{"type":"Feature","geometry":{"type":"Polygon","coordinates":[[[139.7,35.666667],[139.703125,35.666667],[139.703125,35.66875],[139.7,35.66875],[139.7,35.666667]]]},"properties":{"c":"5339450611","n_welfare_capacity":0.397,"n_sped_school":0.1813,"n_station_flow":0.9495,"n_clinic":0.9077,"n_zoning":0.661,"n_noise":0.3354,"n_crowding":0.9093,"n_green":0.0,"demand":0.6765,"load":0.7928,"priority":0.8009,"host":"中央図書館","host_kind":"図書館","host_ward":"渋谷区","host_d":672,"f_welfare_n":21,"f_welfare_cap":163,"f_clinic_n":6,"f_station_riders":105665,"f_station_dist":267,"f_noise_db":68.6,"f_station_name":"明治神宮前","f_zoning_name":"第二種中高層住居専用地域"}},{"type":"Feature","geometry":{"type":"Polygon","coordinates":[[[139.703125,35.666667],[139.70625,35.666667],[139.70625,35.66875],[139.703125,35.66875],[139.703125,35.666667]]]},"properties":{"c":"5339450612","n_welfare_capacity":0.5358,"n_sped_school":0.2915,"n_station_flow":0.9505,"n_clinic":0.9229,"n_zoning":0.9471,"n_noise":0.3507,"n_crowding":0.9093,"n_green":0.0,"demand":0.7366,"load":0.9121,"priority":0.8987,"host":"中央図書館","host_kind":"図書館","host_ward":"渋谷区","host_d":543,"f_welfare_n":26,"f_welfare_cap":284,"f_clinic_n":10,"f_station_riders":105665,"f_station_dist":171,"f_noise_db":68.7,"f_station_name":"明治神宮前","f_zoning_name":"商業地域"}},{"type":"Feature","geometry":{"type":"Polygon","coordinates":[[[139.70625,35.666667],[139.709375,35.666667],[139.709375,35.66875],[139.70625,35.66875],[139.70625,35.666667]]]},"properties":{"c":"5339450621","n_welfare_capacity":0.6487,"n_sped_school":0.5927,"n_station_flow":0.9406,"n_clinic":0.9462,"n_zoning":0.9175,"n_noise":0.3704,"n_crowding":0.9129,"n_green":0.0,"demand":0.8898,"load":0.9058,"priority":0.9641,"host":"中央図書館","host_kind":"図書館","host_ward":"渋谷区","host_d":547,"f_welfare_n":23,"f_welfare_cap":269,"f_clinic_n":16,"f_station_riders":105665,"f_station_dist":384,"f_noise_db":68.8,"f_station_name":"明治神宮前","f_zoning_name":"第一種中高層住居専用地域"}},{"type":"Feature","geometry":{"type":"Polygon","coordinates":[[[139.709375,35.666667],[139.7125,35.666667],[139.7125,35.66875],[139.709375,35.66875],[139.709375,35.666667]]]},"properties":{"c":"5339450622","n_welfare_capacity":0.6237,"n_sped_school":0.7531,"n_station_flow":0.904,"n_clinic":0.9552,"n_zoning":0.7677,"n_noise":0.2888,"n_crowding":0.9129,"n_green":0.0,"demand":0.9256,"load":0.8215,"priority":0.9507,"host":"中央図書館","host_kind":"図書館","host_ward":"渋谷区","host_d":680,"f_welfare_n":27,"f_welfare_cap":284,"f_school_n":1,"f_clinic_n":18,"f_station_riders":176901,"f_station_dist":327,"f_noise_db":68.3,"f_station_name":"表参道","f_zoning_name":"第一種中高層住居専用地域"}},{"type":"Feature","geometry":{"type":"Polygon","coordinates":[[[139.5875,35.66875],[139.590625,35.66875],[139.590625,35.670833],[139.5875,35.670833],[139.5875,35.66875]]]},"properties":{"c":"5339440713","n_welfare_capacity":0.0986,"n_sped_school":0.3654,"n_station_flow":0.2564,"n_clinic":0.5565,"n_zoning":0.1865,"n_noise":0.9148,"n_crowding":0.2319,"n_green":0.0,"demand":0.2841,"load":0.4996,"priority":0.4081,"host":"給田地区会館（複合施設）","host_kind":"区民センター","host_ward":"世田谷区","host_d":563,"f_welfare_n":12,"f_welfare_cap":126,"f_clinic_n":2,"f_station_riders":70712,"f_station_dist":892,"f_noise_db":73.0,"f_station_name":"仙川","f_zoning_name":"第一種低層住居専用地域"}},{"type":"Feature","geometry":{"type":"Polygon","coordinates":[[[139.590625,35.66875],[139.59375,35.66875],[139.59375,35.670833],[139.590625,35.670833],[139.590625,35.66875]]]},"properties":{"c":"5339440714","n_welfare_capacity":0.2312,"n_sped_school":0.4421,"n_station_flow":0.3495,"n_clinic":0.6801,"n_zoning":0.1848,"n_noise":0.9704,"n_crowding":0.2319,"n_green":0.7575,"demand":0.4606,"load":0.2305,"priority":0.3453,"host":"北烏山地区会館","host_kind":"区民センター","host_ward":"世田谷区","host_d":506,"f_welfare_n":31,"f_welfare_cap":246,"f_clinic_n":7,"f_station_riders":79689,"f_station_dist":772,"f_noise_db":74.5,"f_green_pct":4.5,"f_station_name":"千歳烏山","f_zoning_name":"第一種低層住居専用地域"}},{"type":"Feature","geometry":{"type":"Polygon","coordinates":[[[139.59375,35.66875],[139.596875,35.66875],[139.596875,35.670833],[139.59375,35.670833],[139.59375,35.66875]]]},"properties":{"c":"5339440723","n_welfare_capacity":0.3495,"n_sped_school":0.4714,"n_station_flow":0.4238,"n_clinic":0.7894,"n_zoning":0.722,"n_noise":0.9794,"n_crowding":0.7495,"n_green":0.0,"demand":0.5726,"load":0.974,"priority":0.8188,"host":"烏山図書館（複合施設）","host_kind":"図書館","host_ward":"世田谷区","host_d":485,"f_welfare_n":39,"f_welfare_cap":301,"f_clinic_n":11,"f_station_riders":79689,"f_station_dist":507,"f_noise_db":74.9,"f_station_name":"千歳烏山","f_zoning_name":"第一種低層住居専用地域"}},{"type":"Feature","geometry":{"type":"Polygon","coordinates":[[[139.596875,35.66875],[139.6,35.66875],[139.6,35.670833],[139.596875,35.670833],[139.596875,35.66875]]]},"properties":{"c":"5339440724","n_welfare_capacity":0.4301,"n_sped_school":0.4644,"n_station_flow":0.5653,"n_clinic":0.8315,"n_zoning":0.8843,"n_noise":0.9543,"n_crowding":0.7495,"n_green":0.0,"demand":0.6443,"load":0.991,"priority":0.8771,"host":"烏山図書館（複合施設）","host_kind":"図書館","host_ward":"世田谷区","host_d":218,"f_welfare_n":45,"f_welfare_cap":307,"f_clinic_n":11,"f_station_riders":79689,"f_station_dist":279,"f_noise_db":74.1,"f_station_name":"千歳烏山","f_zoning_name":"第一種住居地域"}},{"type":"Feature","geometry":{"type":"Polygon","coordinates":[[[139.6,35.66875],[139.603125,35.66875],[139.603125,35.670833],[139.6,35.670833],[139.6,35.66875]]]},"properties":{"c":"5339440813","n_welfare_capacity":0.4857,"n_sped_school":0.4198,"n_station_flow":0.6337,"n_clinic":0.8423,"n_zoning":0.9229,"n_noise":0.8484,"n_crowding":0.8443,"n_green":0.0,"demand":0.6622,"load":0.9919,"priority":0.8897,"host":"烏山図書館（複合施設）","host_kind":"図書館","host_ward":"世田谷区","host_d":141,"f_welfare_n":50,"f_welfare_cap":361,"f_clinic_n":14,"f_station_riders":79689,"f_station_dist":242,"f_noise_db":72.1,"f_station_name":"千歳烏山","f_zoning_name":"第一種住居地域"}},{"type":"Feature","geometry":{"type":"Polygon","coordinates":[[[139.603125,35.66875],[139.60625,35.66875],[139.60625,35.670833],[139.603125,35.670833],[139.603125,35.66875]]]},"properties":{"c":"5339440814","n_welfare_capacity":0.509,"n_sped_school":0.3403,"n_station_flow":0.6188,"n_clinic":0.8351,"n_zoning":0.7928,"n_noise":0.7749,"n_crowding":0.8443,"n_green":0.0,"demand":0.6487,"load":0.9677,"priority":0.87,"host":"烏山図書館（複合施設）","host_kind":"図書館","host_ward":"世田谷区","host_d":390,"f_welfare_n":53,"f_welfare_cap":433,"f_clinic_n":13,"f_station_riders":14016,"f_station_dist":333,"f_noise_db":71.2,"f_station_name":"芦花公園","f_zoning_name":"第一種住居地域"}},{"type":"Feature","geometry":{"type":"Polygon","coordinates":[[[139.60625,35.66875],[139.609375,35.66875],[139.609375,35.670833],[139.60625,35.670833],[139.60625,35.66875]]]},"properties":{"c":"5339440823","n_welfare_capacity":0.5251,"n_sped_school":0.2524,"n_station_flow":0.5673,"n_clinic":0.7885,"n_zoning":0.7821,"n_noise":0.5695,"n_crowding":0.5447,"n_green":0.0,"demand":0.6147,"load":0.809,"priority":0.774,"host":"烏山図書館（複合施設）","host_kind":"図書館","host_ward":"世田谷区","host_d":667,"f_welfare_n":48,"f_welfare_cap":423,"f_clinic_n":12,"f_station_riders":14016,"f_station_dist":91,"f_noise_db":69.7,"f_station_name":"芦花公園","f_zoning_name":"第一種中高層住居専用地域"}},{"type":"Feature","geometry":{"type":"Polygon","coordinates":[[[139.609375,35.66875],[139.6125,35.66875],[139.6125,35.670833],[139.609375,35.670833],[139.609375,35.66875]]]},"properties":{"c":"5339440824","n_welfare_capacity":0.5412,"n_sped_school":0.1939,"n_station_flow":0.504,"n_clinic":0.6774,"n_zoning":0.5552,"n_noise":0.33,"n_crowding":0.5447,"n_green":0.0,"demand":0.5717,"load":0.5632,"priority":0.6332,"host":"上北沢まちづくりセンター（複合施設）","host_kind":"出張所","host_ward":"世田谷区","host_d":637,"f_welfare_n":32,"f_welfare_cap":297,"f_clinic_n":5,"f_station_riders":14016,"f_station_dist":257,"f_noise_db":68.6,"f_station_name":"芦花公園","f_zoning_name":"第一種中高層住居専用地域"}},{"type":"Feature","geometry":{"type":"Polygon","coordinates":[[[139.6125,35.66875],[139.615625,35.66875],[139.615625,35.670833],[139.6125,35.670833],[139.6125,35.66875]]]},"properties":{"c":"5339440913","n_welfare_capacity":0.586,"n_sped_school":0.2441,"n_station_flow":0.3752,"n_clinic":0.5556,"n_zoning":0.7507,"n_noise":0.2502,"n_crowding":0.7992,"n_green":0.0,"demand":0.5358,"load":0.7552,"priority":0.7157,"host":"上北沢まちづくりセンター（複合施設）","host_kind":"出張所","host_ward":"世田谷区","host_d":355,"f_welfare_n":28,"f_welfare_cap":250,"f_clinic_n":5,"f_station_riders":37716,"f_station_dist":49,"f_noise_db":68.1,"f_station_name":"八幡山","f_zoning_name":"第二種中高層住居専用地域"}},{"type":"Feature","geometry":{"type":"Polygon","coordinates":[[[139.615625,35.66875],[139.61875,35.66875],[139.61875,35.670833],[139.615625,35.670833],[139.615625,35.66875]]]},"properties":{"c":"5339440914","n_welfare_capacity":0.6362,"n_sped_school":0.2594,"n_station_flow":0.3416,"n_clinic":0.4319,"n_zoning":0.7776,"n_noise":0.1417,"n_crowding":0.7992,"n_green":0.0,"demand":0.5224,"load":0.7184,"priority":0.6825,"host":"上北沢まちづくりセンター（複合施設）","host_kind":"出張所","host_ward":"世田谷区","host_d":74,"f_welfare_n":28,"f_welfare_cap":254,"f_clinic_n":4,"f_station_riders":37716,"f_station_dist":247,"f_noise_db":67.4,"f_station_name":"八幡山","f_zoning_name":"第一種住居地域"}},{"type":"Feature","geometry":{"type":"Polygon","coordinates":[[[139.61875,35.66875],[139.621875,35.66875],[139.621875,35.670833],[139.61875,35.670833],[139.61875,35.66875]]]},"properties":{"c":"5339440923","n_welfare_capacity":0.6174,"n_sped_school":0.4059,"n_station_flow":0.3386,"n_clinic":0.233,"n_zoning":0.7605,"n_noise":0.2915,"n_crowding":0.6647,"n_green":0.0517,"demand":0.5197,"load":0.7049,"priority":0.6762,"host":"上北沢図書館（複合施設）","host_kind":"図書館","host_ward":"世田谷区","host_d":536,"f_welfare_n":24,"f_welfare_cap":260,"f_clinic_n":2,"f_station_riders":14678,"f_station_dist":300,"f_noise_db":68.4,"f_green_pct":0.1,"f_station_name":"上北沢","f_zoning_name":"第一種住居地域"}},{"type":"Feature","geometry":{"type":"Polygon","coordinates":[[[139.621875,35.66875],[139.625,35.66875],[139.625,35.670833],[139.621875,35.670833],[139.621875,35.66875]]]},"properties":{"c":"5339440924","n_welfare_capacity":0.6685,"n_sped_school":0.6137,"n_station_flow":0.2941,"n_clinic":0.1962,"n_zoning":0.8969,"n_noise":0.3363,"n_crowding":0.6647,"n_green":0.0,"demand":0.5771,"load":0.8099,"priority":0.7641,"host":"上北沢図書館（複合施設）","host_kind":"図書館","host_ward":"世田谷区","host_d":313,"f_welfare_n":31,"f_welfare_cap":336,"f_clinic_n":3,"f_station_riders":14678,"f_station_dist":105,"f_noise_db":68.6,"f_station_name":"上北沢","f_zoning_name":"第一種住居地域"}},{"type":"Feature","geometry":{"type":"Polygon","coordinates":[[[139.65,35.66875],[139.653125,35.66875],[139.653125,35.670833],[139.65,35.670833],[139.65,35.66875]]]},"properties":{"c":"5339450213","n_welfare_capacity":0.8145,"n_sped_school":0.9986,"n_station_flow":0.7366,"n_clinic":0.2993,"n_zoning":0.9605,"n_noise":0.8987,"n_crowding":0.7604,"n_green":0.0,"demand":0.8844,"load":0.9928,"priority":0.9821,"host":"松原まちづくりセンター（複合施設）","host_kind":"出張所","host_ward":"世田谷区","host_d":572,"f_welfare_n":34,"f_welfare_cap":216,"f_school_n":2,"f_clinic_n":2,"f_station_riders":91172,"f_station_dist":183,"f_noise_db":72.8,"f_station_name":"明大前","f_zoning_name":"商業地域"}},{"type":"Feature","geometry":{"type":"Polygon","coordinates":[[[139.653125,35.66875],[139.65625,35.66875],[139.65625,35.670833],[139.653125,35.670833],[139.653125,35.66875]]]},"properties":{"c":"5339450214","n_welfare_capacity":0.8414,"n_sped_school":0.9902,"n_station_flow":0.6604,"n_clinic":0.3799,"n_zoning":0.7982,"n_noise":0.7722,"n_crowding":0.7604,"n_green":0.2883,"demand":0.8817,"load":0.887,"priority":0.9587,"host":"松原まちづくりセンター（複合施設）","host_kind":"出張所","host_ward":"世田谷区","host_d":653,"f_welfare_n":36,"f_welfare_cap":333,"f_school_n":1,"f_clinic_n":3,"f_station_riders":91172,"f_station_dist":406,"f_noise_db":71.2,"f_green_pct":0.7,"f_station_name":"明大前","f_zoning_name":"第一種住居地域"}},{"type":"Feature","geometry":{"type":"Polygon","coordinates":[[[139.65625,35.66875],[139.659375,35.66875],[139.659375,35.670833],[139.65625,35.670833],[139.65625,35.66875]]]},"properties":{"c":"5339450223","n_welfare_capacity":0.888,"n_sped_school":0.9805,"n_station_flow":0.6663,"n_clinic":0.5081,"n_zoning":0.8296,"n_noise":0.7812,"n_crowding":0.4084,"n_green":0.0,"demand":0.9301,"load":0.8628,"priority":0.9623,"host":"守山地区会館（複合施設）","host_kind":"区民センター","host_ward":"世田谷区","host_d":599,"f_welfare_n":39,"f_welfare_cap":373,"f_school_n":1,"f_clinic_n":4,"f_station_riders":17148,"f_station_dist":202,"f_noise_db":71.3,"f_station_name":"代田橋","f_zoning_name":"第一種住居地域"}},{"type":"Feature","geometry":{"type":"Polygon","coordinates":[[[139.659375,35.66875],[139.6625,35.66875],[139.6625,35.670833],[139.659375,35.670833],[139.659375,35.66875]]]},"properties":{"c":"5339450224","n_welfare_capacity":0.8629,"n_sped_school":0.9554,"n_station_flow":0.7495,"n_clinic":0.5744,"n_zoning":0.8691,"n_noise":0.3291,"n_crowding":0.4084,"n_green":0.4314,"demand":0.9659,"load":0.5247,"priority":0.7821,"host":"守山地区会館（複合施設）","host_kind":"区民センター","host_ward":"世田谷区","host_d":488,"f_welfare_n":32,"f_welfare_cap":378,"f_clinic_n":5,"f_station_riders":17148,"f_station_dist":199,"f_noise_db":68.6,"f_green_pct":1.2,"f_station_name":"代田橋","f_zoning_name":"近隣商業地域"}},{"type":"Feature","geometry":{"type":"Polygon","coordinates":[[[139.6625,35.66875],[139.665625,35.66875],[139.665625,35.670833],[139.6625,35.670833],[139.6625,35.66875]]]},"properties":{"c":"5339450313","n_welfare_capacity":0.9005,"n_sped_school":0.9191,"n_station_flow":0.7545,"n_clinic":0.6523,"n_zoning":0.3345,"n_noise":0.0655,"n_crowding":0.1124,"n_green":0.4215,"demand":0.983,"load":0.0269,"priority":0.1489,"host":"笹塚図書館","host_kind":"図書館","host_ward":"渋谷区","host_d":534,"f_welfare_n":36,"f_welfare_cap":410,"f_clinic_n":6,"f_station_riders":17148,"f_station_dist":446,"f_noise_db":66.5,"f_green_pct":1.1,"f_station_name":"代田橋","f_zoning_name":"第一種低層住居専用地域"}},{"type":"Feature","geometry":{"type":"Polygon","coordinates":[[[139.665625,35.66875],[139.66875,35.66875],[139.66875,35.670833],[139.665625,35.670833],[139.665625,35.66875]]]},"properties":{"c":"5339450314","n_welfare_capacity":0.871,"n_sped_school":0.8368,"n_station_flow":0.8307,"n_clinic":0.6953,"n_zoning":0.2709,"n_noise":0.0278,"n_crowding":0.1124,"n_green":0.0,"demand":0.9821,"load":0.0619,"priority":0.2439,"host":"笹塚図書館","host_kind":"図書館","host_ward":"渋谷区","host_d":419,"f_welfare_n":41,"f_welfare_cap":475,"f_clinic_n":7,"f_station_riders":73199,"f_station_dist":429,"f_noise_db":65.6,"f_station_name":"笹塚","f_zoning_name":"第一種低層住居専用地域"}},{"type":"Feature","geometry":{"type":"Polygon","coordinates":[[[139.66875,35.66875],[139.671875,35.66875],[139.671875,35.670833],[139.66875,35.670833],[139.66875,35.66875]]]},"properties":{"c":"5339450323","n_welfare_capacity":0.819,"n_sped_school":0.6332,"n_station_flow":0.8644,"n_clinic":0.6837,"n_zoning":0.6251,"n_noise":0.0143,"n_crowding":0.3569,"n_green":0.6342,"demand":0.8916,"load":0.1139,"priority":0.3363,"host":"笹塚図書館","host_kind":"図書館","host_ward":"渋谷区","host_d":475,"f_welfare_n":39,"f_welfare_cap":340,"f_clinic_n":5,"f_station_riders":73199,"f_station_dist":515,"f_noise_db":65.1,"f_green_pct":2.5,"f_station_name":"笹塚","f_zoning_name":"第一種中高層住居専用地域"}},{"type":"Feature","geometry":{"type":"Polygon","coordinates":[[[139.671875,35.66875],[139.675,35.66875],[139.675,35.670833],[139.671875,35.670833],[139.671875,35.66875]]]},"properties":{"c":"5339450324","n_welfare_capacity":0.6998,"n_sped_school":0.4993,"n_station_flow":0.8871,"n_clinic":0.7159,"n_zoning":0.4188,"n_noise":0.0296,"n_crowding":0.3569,"n_green":0.0,"demand":0.8109,"load":0.1973,"priority":0.4278,"host":"笹塚図書館","host_kind":"図書館","host_ward":"渋谷区","host_d":661,"f_welfare_n":33,"f_welfare_cap":275,"f_clinic_n":6,"f_station_riders":8030,"f_station_dist":484,"f_noise_db":65.7,"f_station_name":"東北沢","f_zoning_name":"第一種低層住居専用地域"}},{"type":"Feature","geometry":{"type":"Polygon","coordinates":[[[139.675,35.66875],[139.678125,35.66875],[139.678125,35.670833],[139.675,35.670833],[139.675,35.66875]]]},"properties":{"c":"5339450413","n_welfare_capacity":0.4758,"n_sped_school":0.3026,"n_station_flow":0.8911,"n_clinic":0.741,"n_zoning":0.0978,"n_noise":0.0188,"n_crowding":0.8263,"n_green":0.0,"demand":0.6855,"load":0.2224,"priority":0.4206,"host":"西原図書館","host_kind":"図書館","host_ward":"渋谷区","host_d":583,"f_welfare_n":24,"f_welfare_cap":215,"f_clinic_n":4,"f_station_riders":269075,"f_station_dist":312,"f_noise_db":65.3,"f_station_name":"代々木上原","f_zoning_name":"第一種低層住居専用地域"}},{"type":"Feature","geometry":{"type":"Polygon","coordinates":[[[139.678125,35.66875],[139.68125,35.66875],[139.68125,35.670833],[139.678125,35.670833],[139.678125,35.66875]]]},"properties":{"c":"5339450414","n_welfare_capacity":0.2043,"n_sped_school":0.2636,"n_station_flow":0.903,"n_clinic":0.7527,"n_zoning":0.6825,"n_noise":0.0439,"n_crowding":0.8263,"n_green":0.0,"demand":0.6039,"load":0.6278,"priority":0.6852,"host":"西原図書館","host_kind":"図書館","host_ward":"渋谷区","host_d":598,"f_welfare_n":14,"f_welfare_cap":95,"f_clinic_n":6,"f_station_riders":269075,"f_station_dist":87,"f_noise_db":66.0,"f_station_name":"代々木上原","f_zoning_name":"第一種住居地域"}},{"type":"Feature","geometry":{"type":"Polygon","coordinates":[[[139.68125,35.66875],[139.684375,35.66875],[139.684375,35.670833],[139.68125,35.670833],[139.68125,35.66875]]]},"properties":{"c":"5339450423","n_welfare_capacity":0.0789,"n_sped_school":0.1255,"n_station_flow":0.896,"n_clinic":0.7249,"n_zoning":0.8726,"n_noise":0.0825,"n_crowding":0.8028,"n_green":0.0,"demand":0.5152,"load":0.7399,"priority":0.6879,"host":"富ヶ谷図書館","host_kind":"図書館","host_ward":"渋谷区","host_d":428,"f_welfare_n":7,"f_welfare_cap":35,"f_clinic_n":8,"f_station_riders":269075,"f_station_dist":279,"f_noise_db":66.8,"f_station_name":"代々木上原","f_zoning_name":"近隣商業地域"}},{"type":"Feature","geometry":{"type":"Polygon","coordinates":[[[139.684375,35.66875],[139.6875,35.66875],[139.6875,35.670833],[139.684375,35.670833],[139.684375,35.66875]]]},"properties":{"c":"5339450424","n_welfare_capacity":0.0081,"n_sped_school":0.1325,"n_station_flow":0.8614,"n_clinic":0.7384,"n_zoning":0.8215,"n_noise":0.1695,"n_crowding":0.8028,"n_green":0.0338,"demand":0.4659,"load":0.7462,"priority":0.6628,"host":"富ヶ谷図書館","host_kind":"図書館","host_ward":"渋谷区","host_d":186,"f_welfare_n":8,"f_welfare_cap":45,"f_clinic_n":9,"f_station_riders":18567,"f_station_dist":285,"f_noise_db":67.8,"f_green_pct":0.1,"f_station_name":"代々木八幡","f_zoning_name":"第二種中高層住居専用地域"}},{"type":"Feature","geometry":{"type":"Polygon","coordinates":[[[139.6875,35.66875],[139.690625,35.66875],[139.690625,35.670833],[139.6875,35.670833],[139.6875,35.66875]]]},"properties":{"c":"5339450513","n_welfare_capacity":0.0009,"n_sped_school":0.1283,"n_station_flow":0.796,"n_clinic":0.776,"n_zoning":0.9013,"n_noise":0.2139,"n_crowding":0.8407,"n_green":0.9682,"demand":0.4427,"load":0.4924,"priority":0.5112,"host":"富ヶ谷図書館","host_kind":"図書館","host_ward":"渋谷区","host_d":216,"f_welfare_n":2,"f_welfare_cap":10,"f_clinic_n":8,"f_station_riders":18567,"f_station_dist":10,"f_noise_db":68.0,"f_green_pct":78.3,"f_station_name":"代々木八幡","f_zoning_name":"近隣商業地域"}},{"type":"Feature","geometry":{"type":"Polygon","coordinates":[[[139.690625,35.66875],[139.69375,35.66875],[139.69375,35.670833],[139.690625,35.670833],[139.690625,35.66875]]]},"properties":{"c":"5339450514","n_welfare_capacity":0.0179,"n_sped_school":0.106,"n_station_flow":0.801,"n_clinic":0.8109,"n_zoning":0.6511,"n_noise":0.2139,"n_crowding":0.8407,"n_green":0.9891,"demand":0.4525,"load":0.3121,"priority":0.4072,"host":"富ヶ谷図書館","host_kind":"図書館","host_ward":"渋谷区","host_d":467,"f_welfare_n":2,"f_welfare_cap":10,"f_clinic_n":7,"f_station_riders":28862,"f_station_dist":230,"f_noise_db":68.0,"f_green_pct":100.0,"f_station_name":"代々木公園","f_zoning_name":"第二種中高層住居専用地域"}},{"type":"Feature","geometry":{"type":"Polygon","coordinates":[[[139.69375,35.66875],[139.696875,35.66875],[139.696875,35.670833],[139.69375,35.670833],[139.69375,35.66875]]]},"properties":{"c":"5339450523","n_welfare_capacity":0.078,"n_sped_school":0.0753,"n_station_flow":0.7911,"n_clinic":0.8566,"n_zoning":0.6377,"n_noise":0.2475,"n_crowding":0.0,"n_green":0.9404,"demand":0.4794,"load":0.0413,"priority":0.1238,"host":"SCC千駄ヶ谷コミュニティセンター","host_kind":"区民センター","host_ward":"渋谷区","host_d":585,"f_welfare_n":6,"f_welfare_cap":35,"f_clinic_n":7,"f_station_riders":28862,"f_station_dist":506,"f_noise_db":68.1,"f_green_pct":53.8,"f_station_name":"代々木公園","f_zoning_name":"第二種中高層住居専用地域"}},{"type":"Feature","geometry":{"type":"Polygon","coordinates":[[[139.696875,35.66875],[139.7,35.66875],[139.7,35.670833],[139.696875,35.670833],[139.696875,35.66875]]]},"properties":{"c":"5339450524","n_welfare_capacity":0.2581,"n_sped_school":0.2315,"n_station_flow":0.8465,"n_clinic":0.8763,"n_zoning":0.6377,"n_noise":0.2906,"n_crowding":0.0,"n_green":0.0,"demand":0.6201,"load":0.2969,"priority":0.4619,"host":"神宮前出張所","host_kind":"出張所","host_ward":"渋谷区","host_d":662,"f_welfare_n":8,"f_welfare_cap":45,"f_clinic_n":6,"f_station_riders":134814,"f_station_dist":421,"f_noise_db":68.4,"f_station_name":"原宿","f_zoning_name":"第二種中高層住居専用地域"}},{"type":"Feature","geometry":{"type":"Polygon","coordinates":[[[139.7,35.66875],[139.703125,35.66875],[139.703125,35.670833],[139.7,35.670833],[139.7,35.66875]]]},"properties":{"c":"5339450613","n_welfare_capacity":0.3961,"n_sped_school":0.1855,"n_station_flow":0.9297,"n_clinic":0.888,"n_zoning":0.8117,"n_noise":0.3283,"n_crowding":0.9093,"n_green":0.0,"demand":0.6667,"load":0.8529,"priority":0.8269,"host":"中央図書館","host_kind":"図書館","host_ward":"渋谷区","host_d":511,"f_welfare_n":27,"f_welfare_cap":334,"f_clinic_n":4,"f_station_riders":134814,"f_station_dist":198,"f_noise_db":68.6,"f_station_name":"原宿","f_zoning_name":"第二種中高層住居専用地域"}},{"type":"Feature","geometry":{"type":"Polygon","coordinates":[[[139.703125,35.66875],[139.70625,35.66875],[139.70625,35.670833],[139.703125,35.670833],[139.703125,35.66875]]]},"properties":{"c":"5339450614","n_welfare_capacity":0.5923,"n_sped_school":0.2943,"n_station_flow":0.9059,"n_clinic":0.9086,"n_zoning":0.9354,"n_noise":0.339,"n_crowding":0.9093,"n_green":0.0,"demand":0.741,"load":0.9004,"priority":0.896,"host":"中央図書館","host_kind":"図書館","host_ward":"渋谷区","host_d":324,"f_welfare_n":24,"f_welfare_cap":319,"f_clinic_n":7,"f_station_riders":105665,"f_station_dist":100,"f_noise_db":68.6,"f_station_name":"明治神宮前","f_zoning_name":"第一種住居地域"}},{"type":"Feature","geometry":{"type":"Polygon","coordinates":[[[139.70625,35.66875],[139.709375,35.66875],[139.709375,35.670833],[139.70625,35.670833],[139.70625,35.66875]]]},"properties":{"c":"5339450623","n_welfare_capacity":0.6622,"n_sped_school":0.4728,"n_station_flow":0.9079,"n_clinic":0.9158,"n_zoning":0.8439,"n_noise":0.1641,"n_crowding":0.9129,"n_green":0.0,"demand":0.8289,"load":0.8054,"priority":0.8969,"host":"中央図書館","host_kind":"図書館","host_ward":"渋谷区","host_d":330,"f_welfare_n":24,"f_welfare_cap":304,"f_clinic_n":14,"f_station_riders":105665,"f_station_dist":358,"f_noise_db":67.7,"f_station_name":"明治神宮前","f_zoning_name":"第一種住居地域"}},{"type":"Feature","geometry":{"type":"Polygon","coordinates":[[[139.709375,35.66875],[139.7125,35.66875],[139.7125,35.670833],[139.709375,35.670833],[139.709375,35.66875]]]},"properties":{"c":"5339450624","n_welfare_capacity":0.6658,"n_sped_school":0.7169,"n_station_flow":0.901,"n_clinic":0.9292,"n_zoning":0.5318,"n_noise":0.243,"n_crowding":0.9129,"n_green":0.0,"demand":0.9247,"load":0.6771,"priority":0.8682,"host":"中央図書館","host_kind":"図書館","host_ward":"渋谷区","host_d":522,"f_welfare_n":30,"f_welfare_cap":344,"f_school_n":1,"f_clinic_n":17,"f_station_riders":176901,"f_station_dist":545,"f_noise_db":68.1,"f_station_name":"表参道","f_zoning_name":"第一種中高層住居専用地域"}},{"type":"Feature","geometry":{"type":"Polygon","coordinates":[[[139.7125,35.66875],[139.715625,35.66875],[139.715625,35.670833],[139.7125,35.670833],[139.7125,35.66875]]]},"properties":{"c":"5339450713","n_welfare_capacity":0.5932,"n_sped_school":0.8229,"n_station_flow":0.9,"n_clinic":0.9364,"n_zoning":0.8592,"n_noise":0.2969,"n_crowding":0.9422,"n_green":0.0,"demand":0.9346,"load":0.8744,"priority":0.9677,"host":"港区立赤坂子ども中高生プラザ青山館","host_kind":"児童館","host_ward":"港区","host_d":254,"f_welfare_n":30,"f_welfare_cap":324,"f_school_n":1,"f_clinic_n":20,"f_station_riders":74637,"f_station_dist":347,"f_noise_db":68.4,"f_station_name":"外苑前","f_zoning_name":"第一種住居地域"}},{"type":"Feature","geometry":{"type":"Polygon","coordinates":[[[139.584375,35.670833],[139.5875,35.670833],[139.5875,35.672917],[139.584375,35.672917],[139.584375,35.670833]]]},"properties":{"c":"5339440642","n_welfare_capacity":0.1004,"n_sped_school":0.4003,"n_station_flow":0.0663,"n_clinic":0.3763,"n_zoning":0.3578,"n_noise":0.5821,"n_crowding":0.3118,"n_green":0.326,"demand":0.1703,"load":0.3175,"priority":0.2314,"host":"北烏山地区会館","host_kind":"区民センター","host_ward":"世田谷区","host_d":642,"f_welfare_n":5,"f_welfare_cap":76,"f_clinic_n":1,"f_station_riders":70712,"f_station_dist":1056,"f_noise_db":69.8,"f_green_pct":0.8,"f_station_name":"仙川","f_zoning_name":"第一種低層住居専用地域"}},{"type":"Feature","geometry":{"type":"Polygon","coordinates":[[[139.5875,35.670833],[139.590625,35.670833],[139.590625,35.672917],[139.5875,35.672917],[139.5875,35.670833]]]},"properties":{"c":"5339440731","n_welfare_capacity":0.103,"n_sped_school":0.4951,"n_station_flow":0.1446,"n_clinic":0.5269,"n_zoning":0.5193,"n_noise":0.8879,"n_crowding":0.2387,"n_green":0.5845,"demand":0.2778,"load":0.4744,"priority":0.3937,"host":"北烏山地区会館","host_kind":"区民センター","host_ward":"世田谷区","host_d":405,"f_welfare_n":9,"f_welfare_cap":106,"f_clinic_n":3,"f_station_riders":70712,"f_station_dist":1109,"f_noise_db":72.6,"f_green_pct":1.9,"f_station_name":"仙川","f_zoning_name":"第一種低層住居専用地域"}},{"type":"Feature","geometry":{"type":"Polygon","coordinates":[[[139.590625,35.670833],[139.59375,35.670833],[139.59375,35.672917],[139.590625,35.672917],[139.590625,35.670833]]]},"properties":{"c":"5339440732","n_welfare_capacity":0.2213,"n_sped_school":0.5411,"n_station_flow":0.1574,"n_clinic":0.6541,"n_zoning":0.4807,"n_noise":0.9614,"n_crowding":0.2387,"n_green":0.7813,"demand":0.3961,"load":0.4099,"priority":0.4332,"host":"北烏山地区会館","host_kind":"区民センター","host_ward":"世田谷区","host_d":275,"f_welfare_n":32,"f_welfare_cap":251,"f_school_n":1,"f_clinic_n":8,"f_station_riders":79689,"f_station_dist":866,"f_noise_db":74.2,"f_green_pct":5.6,"f_station_name":"千歳烏山","f_zoning_name":"第一種低層住居専用地域"}},{"type":"Feature","geometry":{"type":"Polygon","coordinates":[[[139.59375,35.670833],[139.596875,35.670833],[139.596875,35.672917],[139.59375,35.672917],[139.59375,35.670833]]]},"properties":{"c":"5339440741","n_welfare_capacity":0.3477,"n_sped_school":0.5704,"n_station_flow":0.3139,"n_clinic":0.7706,"n_zoning":0.2655,"n_noise":0.9552,"n_crowding":0.5375,"n_green":0.3917,"demand":0.5681,"load":0.583,"priority":0.643,"host":"烏山図書館（複合施設）","host_kind":"図書館","host_ward":"世田谷区","host_d":581,"f_welfare_n":40,"f_welfare_cap":307,"f_school_n":1,"f_clinic_n":10,"f_station_riders":79689,"f_station_dist":641,"f_noise_db":74.1,"f_green_pct":1.0,"f_station_name":"千歳烏山","f_zoning_name":"第一種低層住居専用地域"}},{"type":"Feature","geometry":{"type":"Polygon","coordinates":[[[139.596875,35.670833],[139.6,35.670833],[139.6,35.672917],[139.596875,35.672917],[139.596875,35.670833]]]},"properties":{"c":"5339440742","n_welfare_capacity":0.4489,"n_sped_school":0.5662,"n_station_flow":0.4564,"n_clinic":0.8091,"n_zoning":0.6996,"n_noise":0.9013,"n_crowding":0.5375,"n_green":0.0,"demand":0.6407,"load":0.8906,"priority":0.8278,"host":"烏山図書館（複合施設）","host_kind":"図書館","host_ward":"世田谷区","host_d":387,"f_welfare_n":48,"f_welfare_cap":327,"f_school_n":1,"f_clinic_n":11,"f_station_riders":79689,"f_station_dist":481,"f_noise_db":72.9,"f_station_name":"千歳烏山","f_zoning_name":"第一種低層住居専用地域"}},{"type":"Feature","geometry":{"type":"Polygon","coordinates":[[[139.6,35.670833],[139.603125,35.670833],[139.603125,35.672917],[139.6,35.672917],[139.6,35.670833]]]},"properties":{"c":"5339440831","n_welfare_capacity":0.5045,"n_sped_school":0.5314,"n_station_flow":0.5347,"n_clinic":0.8306,"n_zoning":0.8422,"n_noise":0.8493,"n_crowding":0.514,"n_green":0.2366,"demand":0.6703,"load":0.8709,"priority":0.8404,"host":"烏山図書館（複合施設）","host_kind":"図書館","host_ward":"世田谷区","host_d":350,"f_welfare_n":50,"f_welfare_cap":413,"f_clinic_n":14,"f_station_riders":79689,"f_station_dist":461,"f_noise_db":72.1,"f_green_pct":0.5,"f_station_name":"千歳烏山","f_zoning_name":"第一種住居地域"}},{"type":"Feature","geometry":{"type":"Polygon","coordinates":[[[139.603125,35.670833],[139.60625,35.670833],[139.60625,35.672917],[139.603125,35.672917],[139.603125,35.670833]]]},"properties":{"c":"5339440832","n_welfare_capacity":0.5753,"n_sped_school":0.4686,"n_station_flow":0.5297,"n_clinic":0.8154,"n_zoning":0.835,"n_noise":0.9004,"n_crowding":0.514,"n_green":0.3161,"demand":0.672,"load":0.8664,"priority":0.8386,"host":"烏山図書館（複合施設）","host_kind":"図書館","host_ward":"世田谷区","host_d":505,"f_welfare_n":49,"f_welfare_cap":413,"f_clinic_n":13,"f_station_riders":14016,"f_station_dist":355,"f_noise_db":72.8,"f_green_pct":0.7,"f_station_name":"芦花公園","f_zoning_name":"第一種住居地域"}},{"type":"Feature","geometry":{"type":"Polygon","coordinates":[[[139.60625,35.670833],[139.609375,35.670833],[139.609375,35.672917],[139.60625,35.672917],[139.60625,35.670833]]]},"properties":{"c":"5339440841","n_welfare_capacity":0.526,"n_sped_school":0.3529,"n_station_flow":0.496,"n_clinic":0.7751,"n_zoning":0.8682,"n_noise":0.6834,"n_crowding":0.4923,"n_green":0.0,"demand":0.6192,"load":0.8726,"priority":0.8036,"host":"烏山児童館","host_kind":"児童館","host_ward":"世田谷区","host_d":558,"f_welfare_n":49,"f_welfare_cap":408,"f_clinic_n":12,"f_station_riders":14016,"f_station_dist":154,"f_noise_db":70.2,"f_station_name":"芦花公園","f_zoning_name":"第一種住居地域"}},{"type":"Feature","geometry":{"type":"Polygon","coordinates":[[[139.615625,35.670833],[139.61875,35.670833],[139.61875,35.672917],[139.615625,35.672917],[139.615625,35.670833]]]},"properties":{"c":"5339440932","n_welfare_capacity":0.6129,"n_sped_school":0.3013,"n_station_flow":0.305,"n_clinic":0.3826,"n_zoning":0.8027,"n_noise":0.4673,"n_crowding":0.7121,"n_green":0.332,"demand":0.4973,"load":0.7426,"priority":0.6771,"host":"上北沢まちづくりセンター（複合施設）","host_kind":"出張所","host_ward":"世田谷区","host_d":223,"f_welfare_n":23,"f_welfare_cap":219,"f_clinic_n":3,"f_station_riders":37716,"f_station_dist":316,"f_noise_db":69.5,"f_green_pct":0.8,"f_station_name":"八幡山","f_zoning_name":"近隣商業地域"}},{"type":"Feature","geometry":{"type":"Polygon","coordinates":[[[139.61875,35.670833],[139.621875,35.670833],[139.621875,35.672917],[139.61875,35.672917],[139.61875,35.670833]]]},"properties":{"c":"5339440941","n_welfare_capacity":0.5493,"n_sped_school":0.3947,"n_station_flow":0.2891,"n_clinic":0.2097,"n_zoning":0.7435,"n_noise":0.1785,"n_crowding":0.3069,"n_green":0.0,"demand":0.4534,"load":0.4673,"priority":0.5031,"host":"上北沢図書館（複合施設）","host_kind":"図書館","host_ward":"世田谷区","host_d":674,"f_welfare_n":23,"f_welfare_cap":214,"f_clinic_n":2,"f_station_riders":14678,"f_station_dist":438,"f_noise_db":67.8,"f_station_name":"上北沢","f_zoning_name":"第一種中高層住居専用地域"}},{"type":"Feature","geometry":{"type":"Polygon","coordinates":[[[139.659375,35.670833],[139.6625,35.670833],[139.6625,35.672917],[139.659375,35.672917],[139.659375,35.670833]]]},"properties":{"c":"5339450242","n_welfare_capacity":0.9265,"n_sped_school":0.9651,"n_station_flow":0.6317,"n_clinic":0.552,"n_zoning":0.9417,"n_noise":0.0879,"n_crowding":0.7861,"n_green":0.0,"demand":0.9418,"load":0.7668,"priority":0.93,"host":"笹塚図書館","host_kind":"図書館","host_ward":"渋谷区","host_d":645,"f_welfare_n":31,"f_welfare_cap":373,"f_clinic_n":5,"f_station_riders":17148,"f_station_dist":165,"f_noise_db":66.9,"f_station_name":"代田橋","f_zoning_name":"商業地域"}},{"type":"Feature","geometry":{"type":"Polygon","coordinates":[[[139.6625,35.670833],[139.665625,35.670833],[139.665625,35.672917],[139.6625,35.672917],[139.6625,35.670833]]]},"properties":{"c":"5339450331","n_welfare_capacity":0.9597,"n_sped_school":0.9303,"n_station_flow":0.7139,"n_clinic":0.6299,"n_zoning":0.7139,"n_noise":0.0735,"n_crowding":0.8831,"n_green":0.8549,"demand":0.9875,"load":0.3471,"priority":0.6556,"host":"笹塚図書館","host_kind":"図書館","host_ward":"渋谷区","host_d":383,"f_welfare_n":35,"f_welfare_cap":408,"f_clinic_n":6,"f_station_riders":73199,"f_station_dist":344,"f_noise_db":66.6,"f_green_pct":12.7,"f_station_name":"笹塚","f_zoning_name":"第二種中高層住居専用地域"}},{"type":"Feature","geometry":{"type":"Polygon","coordinates":[[[139.665625,35.670833],[139.66875,35.670833],[139.66875,35.672917],[139.665625,35.672917],[139.665625,35.670833]]]},"properties":{"c":"5339450332","n_welfare_capacity":0.9498,"n_sped_school":0.8536,"n_station_flow":0.8119,"n_clinic":0.6613,"n_zoning":0.6493,"n_noise":0.0565,"n_crowding":0.8831,"n_green":0.2406,"demand":0.991,"load":0.5453,"priority":0.8045,"host":"笹塚図書館","host_kind":"図書館","host_ward":"渋谷区","host_d":192,"f_welfare_n":39,"f_welfare_cap":420,"f_clinic_n":6,"f_station_riders":73199,"f_station_dist":198,"f_noise_db":66.2,"f_green_pct":0.5,"f_station_name":"笹塚","f_zoning_name":"第二種中高層住居専用地域"}},{"type":"Feature","geometry":{"type":"Polygon","coordinates":[[[139.66875,35.670833],[139.671875,35.670833],[139.671875,35.672917],[139.66875,35.672917],[139.66875,35.670833]]]},"properties":{"c":"5339450341","n_welfare_capacity":0.8961,"n_sped_school":0.834,"n_station_flow":0.8396,"n_clinic":0.6631,"n_zoning":0.6834,"n_noise":0.0341,"n_crowding":0.8615,"n_green":0.7276,"demand":0.9839,"load":0.3417,"priority":0.6466,"host":"笹塚図書館","host_kind":"図書館","host_ward":"渋谷区","host_d":295,"f_welfare_n":42,"f_welfare_cap":376,"f_clinic_n":6,"f_station_riders":73199,"f_station_dist":346,"f_noise_db":65.8,"f_green_pct":3.8,"f_station_name":"笹塚","f_zoning_name":"第一種中高層住居専用地域"}},{"type":"Feature","geometry":{"type":"Polygon","coordinates":[[[139.671875,35.670833],[139.675,35.670833],[139.675,35.672917],[139.671875,35.672917],[139.671875,35.670833]]]},"properties":{"c":"5339450342","n_welfare_capacity":0.8109,"n_sped_school":0.4965,"n_station_flow":0.8485,"n_clinic":0.7016,"n_zoning":0.7498,"n_noise":0.0404,"n_crowding":0.8615,"n_green":0.4473,"demand":0.8315,"load":0.5076,"priority":0.7283,"host":"西原図書館","host_kind":"図書館","host_ward":"渋谷区","host_d":520,"f_welfare_n":38,"f_welfare_cap":336,"f_clinic_n":8,"f_station_riders":73199,"f_station_dist":601,"f_noise_db":65.9,"f_green_pct":1.2,"f_station_name":"笹塚","f_zoning_name":"第二種中高層住居専用地域"}},{"type":"Feature","geometry":{"type":"Polygon","coordinates":[[[139.675,35.670833],[139.678125,35.670833],[139.678125,35.672917],[139.675,35.672917],[139.675,35.670833]]]},"properties":{"c":"5339450431","n_welfare_capacity":0.6595,"n_sped_school":0.4672,"n_station_flow":0.8822,"n_clinic":0.7437,"n_zoning":0.374,"n_noise":0.0099,"n_crowding":0.5104,"n_green":0.8787,"demand":0.7823,"load":0.0332,"priority":0.1453,"host":"西原図書館","host_kind":"図書館","host_ward":"渋谷区","host_d":358,"f_welfare_n":36,"f_welfare_cap":271,"f_clinic_n":5,"f_station_riders":269075,"f_station_dist":437,"f_noise_db":64.9,"f_green_pct":21.8,"f_station_name":"代々木上原","f_zoning_name":"第一種低層住居専用地域"}},{"type":"Feature","geometry":{"type":"Polygon","coordinates":[[[139.678125,35.670833],[139.68125,35.670833],[139.68125,35.672917],[139.678125,35.672917],[139.678125,35.670833]]]},"properties":{"c":"5339450432","n_welfare_capacity":0.3235,"n_sped_school":0.424,"n_station_flow":0.895,"n_clinic":0.7366,"n_zoning":0.1157,"n_noise":0.0448,"n_crowding":0.5104,"n_green":0.0,"demand":0.6738,"load":0.1193,"priority":0.2942,"host":"西原図書館","host_kind":"図書館","host_ward":"渋谷区","host_d":382,"f_welfare_n":28,"f_welfare_cap":196,"f_clinic_n":6,"f_station_riders":269075,"f_station_dist":317,"f_noise_db":66.0,"f_station_name":"代々木上原","f_zoning_name":"第一種低層住居専用地域"}},{"type":"Feature","geometry":{"type":"Polygon","coordinates":[[[139.68125,35.670833],[139.684375,35.670833],[139.684375,35.672917],[139.68125,35.672917],[139.68125,35.670833]]]},"properties":{"c":"5339450441","n_welfare_capacity":0.138,"n_sped_school":0.3682,"n_station_flow":0.8842,"n_clinic":0.7276,"n_zoning":0.3336,"n_noise":0.0753,"n_crowding":0.7739,"n_green":0.0,"demand":0.6013,"load":0.3749,"priority":0.5193,"host":"富ヶ谷図書館","host_kind":"図書館","host_ward":"渋谷区","host_d":549,"f_welfare_n":17,"f_welfare_cap":100,"f_clinic_n":6,"f_station_riders":269075,"f_station_dist":413,"f_noise_db":66.6,"f_station_name":"代々木上原","f_zoning_name":"第一種低層住居専用地域"}},{"type":"Feature","geometry":{"type":"Polygon","coordinates":[[[139.684375,35.670833],[139.6875,35.670833],[139.6875,35.672917],[139.684375,35.672917],[139.684375,35.670833]]]},"properties":{"c":"5339450442","n_welfare_capacity":0.0278,"n_sped_school":0.2106,"n_station_flow":0.8535,"n_clinic":0.7348,"n_zoning":0.3614,"n_noise":0.1516,"n_crowding":0.7739,"n_green":0.7952,"demand":0.5036,"load":0.1471,"priority":0.278,"host":"富ヶ谷図書館","host_kind":"図書館","host_ward":"渋谷区","host_d":392,"f_welfare_n":7,"f_welfare_cap":35,"f_clinic_n":9,"f_station_riders":18567,"f_station_dist":373,"f_noise_db":67.6,"f_green_pct":6.9,"f_station_name":"代々木八幡","f_zoning_name":"第一種低層住居専用地域"}},{"type":"Feature","geometry":{"type":"Polygon","coordinates":[[[139.6875,35.670833],[139.690625,35.670833],[139.690625,35.672917],[139.6875,35.672917],[139.6875,35.670833]]]},"properties":{"c":"5339450531","n_welfare_capacity":0.0305,"n_sped_school":0.2008,"n_station_flow":0.802,"n_clinic":0.7518,"n_zoning":0.6637,"n_noise":0.1677,"n_crowding":0.6042,"n_green":0.996,"demand":0.483,"load":0.1794,"priority":0.3076,"host":"富ヶ谷図書館","host_kind":"図書館","host_ward":"渋谷区","host_d":407,"f_welfare_n":8,"f_welfare_cap":40,"f_clinic_n":7,"f_station_riders":18567,"f_station_dist":241,"f_noise_db":67.8,"f_green_pct":100.0,"f_station_name":"代々木八幡","f_zoning_name":"第二種低層住居専用地域"}},{"type":"Feature","geometry":{"type":"Polygon","coordinates":[[[139.690625,35.670833],[139.69375,35.670833],[139.69375,35.672917],[139.690625,35.672917],[139.690625,35.670833]]]},"properties":{"c":"5339450532","n_welfare_capacity":0.0573,"n_sped_school":0.1841,"n_station_flow":0.803,"n_clinic":0.7858,"n_zoning":0.6574,"n_noise":0.174,"n_crowding":0.6042,"n_green":0.9891,"demand":0.4982,"load":0.1821,"priority":0.3184,"host":"富ヶ谷図書館","host_kind":"図書館","host_ward":"渋谷区","host_d":581,"f_welfare_n":6,"f_welfare_cap":30,"f_clinic_n":7,"f_station_riders":18567,"f_station_dist":371,"f_noise_db":67.8,"f_green_pct":100.0,"f_station_name":"代々木八幡","f_zoning_name":"第二種中高層住居専用地域"}},{"type":"Feature","geometry":{"type":"Polygon","coordinates":[[[139.69375,35.670833],[139.696875,35.670833],[139.696875,35.672917],[139.69375,35.672917],[139.69375,35.670833]]]},"properties":{"c":"5339450541","n_welfare_capacity":0.1873,"n_sped_school":0.1534,"n_station_flow":0.7901,"n_clinic":0.819,"n_zoning":0.6377,"n_noise":0.2139,"n_crowding":0.0,"n_green":0.9742,"demand":0.5511,"load":0.0314,"priority":0.113,"host":"SCC千駄ヶ谷コミュニティセンター","host_kind":"区民センター","host_ward":"渋谷区","host_d":530,"f_welfare_n":4,"f_welfare_cap":20,"f_clinic_n":6,"f_station_riders":28862,"f_station_dist":587,"f_noise_db":68.0,"f_green_pct":82.3,"f_station_name":"代々木公園","f_zoning_name":"第二種中高層住居専用地域"}},{"type":"Feature","geometry":{"type":"Polygon","coordinates":[[[139.696875,35.670833],[139.7,35.670833],[139.7,35.672917],[139.696875,35.672917],[139.696875,35.670833]]]},"properties":{"c":"5339450542","n_welfare_capacity":0.3611,"n_sped_school":0.2803,"n_station_flow":0.8455,"n_clinic":0.8575,"n_zoning":0.6377,"n_noise":0.27,"n_crowding":0.0,"n_green":0.0,"demand":0.6532,"load":0.2852,"priority":0.4637,"f_welfare_n":4,"f_welfare_cap":65,"f_clinic_n":1,"f_station_riders":134814,"f_station_dist":390,"f_noise_db":68.2,"f_station_name":"原宿","f_zoning_name":"第二種中高層住居専用地域"}},{"type":"Feature","geometry":{"type":"Polygon","coordinates":[[[139.7,35.670833],[139.703125,35.670833],[139.703125,35.672917],[139.7,35.672917],[139.7,35.670833]]]},"properties":{"c":"5339450631","n_welfare_capacity":0.5376,"n_sped_school":0.3375,"n_station_flow":0.8743,"n_clinic":0.8683,"n_zoning":0.7309,"n_noise":0.3247,"n_crowding":0.7884,"n_green":0.0,"demand":0.7195,"load":0.7713,"priority":0.817,"host":"中央図書館","host_kind":"図書館","host_ward":"渋谷区","host_d":422,"f_welfare_n":19,"f_welfare_cap":274,"f_clinic_n":4,"f_station_riders":134814,"f_station_dist":120,"f_noise_db":68.6,"f_station_name":"原宿","f_zoning_name":"第二種中高層住居専用地域"}},{"type":"Feature","geometry":{"type":"Polygon","coordinates":[[[139.703125,35.670833],[139.70625,35.670833],[139.70625,35.672917],[139.703125,35.672917],[139.703125,35.670833]]]},"properties":{"c":"5339450632","n_welfare_capacity":0.6855,"n_sped_school":0.2789,"n_station_flow":0.8891,"n_clinic":0.8898,"n_zoning":0.8565,"n_noise":0.3309,"n_crowding":0.7884,"n_green":0.0,"demand":0.7563,"load":0.8341,"priority":0.8726,"host":"中央図書館","host_kind":"図書館","host_ward":"渋谷区","host_d":149,"f_welfare_n":22,"f_welfare_cap":294,"f_clinic_n":4,"f_station_riders":134814,"f_station_dist":191,"f_noise_db":68.6,"f_station_name":"原宿","f_zoning_name":"第二種中高層住居専用地域"}},{"type":"Feature","geometry":{"type":"Polygon","coordinates":[[[139.70625,35.670833],[139.709375,35.670833],[139.709375,35.672917],[139.70625,35.672917],[139.70625,35.670833]]]},"properties":{"c":"5339450641","n_welfare_capacity":0.7276,"n_sped_school":0.4491,"n_station_flow":0.899,"n_clinic":0.8978,"n_zoning":0.9274,"n_noise":0.1265,"n_crowding":0.9328,"n_green":0.0,"demand":0.8423,"load":0.8368,"priority":0.9211,"host":"中央図書館","host_kind":"図書館","host_ward":"渋谷区","host_d":161,"f_welfare_n":24,"f_welfare_cap":319,"f_clinic_n":6,"f_station_riders":105665,"f_station_dist":464,"f_noise_db":67.2,"f_station_name":"明治神宮前","f_zoning_name":"第二種中高層住居専用地域"}},{"type":"Feature","geometry":{"type":"Polygon","coordinates":[[[139.709375,35.670833],[139.7125,35.670833],[139.7125,35.672917],[139.709375,35.672917],[139.709375,35.670833]]]},"properties":{"c":"5339450642","n_welfare_capacity":0.7285,"n_sped_school":0.5746,"n_station_flow":0.8881,"n_clinic":0.9104,"n_zoning":0.7067,"n_noise":0.0852,"n_crowding":0.9328,"n_green":0.0,"demand":0.8907,"load":0.7076,"priority":0.8717,"host":"中央図書館","host_kind":"図書館","host_ward":"渋谷区","host_d":436,"f_welfare_n":31,"f_welfare_cap":364,"f_school_n":1,"f_clinic_n":10,"f_station_riders":74637,"f_station_dist":645,"f_noise_db":66.9,"f_station_name":"外苑前","f_zoning_name":"第一種中高層住居専用地域"}},{"type":"Feature","geometry":{"type":"Polygon","coordinates":[[[139.7125,35.670833],[139.715625,35.670833],[139.715625,35.672917],[139.7125,35.672917],[139.7125,35.670833]]]},"properties":{"c":"5339450731","n_welfare_capacity":0.6281,"n_sped_school":0.7782,"n_station_flow":0.8832,"n_clinic":0.9149,"n_zoning":0.8574,"n_noise":0.0906,"n_crowding":0.9156,"n_green":0.0,"demand":0.9194,"load":0.7821,"priority":0.9274,"host":"港区立赤坂子ども中高生プラザ青山館","host_kind":"児童館","host_ward":"港区","host_d":482,"f_welfare_n":29,"f_welfare_cap":309,"f_school_n":1,"f_clinic_n":14,"f_station_riders":74637,"f_station_dist":379,"f_noise_db":67.0,"f_station_name":"外苑前","f_zoning_name":"近隣商業地域"}},{"type":"Feature","geometry":{"type":"Polygon","coordinates":[[[139.584375,35.672917],[139.5875,35.672917],[139.5875,35.675],[139.584375,35.675],[139.584375,35.672917]]]},"properties":{"c":"5339440644","n_welfare_capacity":0.1281,"n_sped_school":0.4979,"n_station_flow":0.0,"n_clinic":0.3047,"n_zoning":0.4224,"n_noise":0.4332,"n_crowding":0.3118,"n_green":0.0,"demand":0.1774,"load":0.4045,"priority":0.2691,"host":"北烏山地区会館","host_kind":"区民センター","host_ward":"世田谷区","host_d":582,"f_welfare_n":6,"f_welfare_cap":81,"f_clinic_n":3,"f_station_riders":70712,"f_station_dist":1286,"f_noise_db":69.4,"f_station_name":"仙川","f_zoning_name":"第一種低層住居専用地域"}},{"type":"Feature","geometry":{"type":"Polygon","coordinates":[[[139.5875,35.672917],[139.590625,35.672917],[139.590625,35.675],[139.5875,35.675],[139.5875,35.672917]]]},"properties":{"c":"5339440733","n_welfare_capacity":0.0869,"n_sped_school":0.5802,"n_station_flow":0.0,"n_clinic":0.4615,"n_zoning":0.6296,"n_noise":0.861,"n_crowding":0.2387,"n_green":0.0,"demand":0.2115,"load":0.7435,"priority":0.426,"host":"北烏山地区会館","host_kind":"区民センター","host_ward":"世田谷区","host_d":300,"f_welfare_n":8,"f_welfare_cap":96,"f_school_n":1,"f_clinic_n":4,"f_station_riders":79689,"f_station_dist":1229,"f_noise_db":72.2,"f_station_name":"千歳烏山","f_zoning_name":"第一種住居地域"}},{"type":"Feature","geometry":{"type":"Polygon","coordinates":[[[139.590625,35.672917],[139.59375,35.672917],[139.59375,35.675],[139.590625,35.675],[139.590625,35.672917]]]},"properties":{"c":"5339440734","n_welfare_capacity":0.2061,"n_sped_school":0.6485,"n_station_flow":0.098,"n_clinic":0.6013,"n_zoning":0.5417,"n_noise":0.8834,"n_crowding":0.2387,"n_green":0.4374,"demand":0.3934,"load":0.5471,"priority":0.5067,"host":"北烏山地区会館","host_kind":"区民センター","host_ward":"世田谷区","host_d":46,"f_welfare_n":16,"f_welfare_cap":141,"f_school_n":1,"f_clinic_n":5,"f_station_riders":79689,"f_station_dist":1005,"f_noise_db":72.5,"f_green_pct":1.2,"f_station_name":"千歳烏山","f_zoning_name":"第一種低層住居専用地域"}},{"type":"Feature","geometry":{"type":"Polygon","coordinates":[[[139.59375,35.672917],[139.596875,35.672917],[139.596875,35.675],[139.59375,35.675],[139.59375,35.672917]]]},"properties":{"c":"5339440743","n_welfare_capacity":0.3262,"n_sped_school":0.6778,"n_station_flow":0.1792,"n_clinic":0.7052,"n_zoning":0.1489,"n_noise":0.8386,"n_crowding":0.5375,"n_green":0.2445,"demand":0.5269,"load":0.4942,"priority":0.5552,"host":"北烏山地区会館","host_kind":"区民センター","host_ward":"世田谷区","host_d":272,"f_welfare_n":38,"f_welfare_cap":292,"f_school_n":1,"f_clinic_n":9,"f_station_riders":79689,"f_station_dist":819,"f_noise_db":72.0,"f_green_pct":0.5,"f_station_name":"千歳烏山","f_zoning_name":"第一種低層住居専用地域"}},{"type":"Feature","geometry":{"type":"Polygon","coordinates":[[[139.596875,35.672917],[139.6,35.672917],[139.6,35.675],[139.596875,35.675],[139.596875,35.672917]]]},"properties":{"c":"5339440744","n_welfare_capacity":0.4014,"n_sped_school":0.675,"n_station_flow":0.2772,"n_clinic":0.7805,"n_zoning":0.0345,"n_noise":0.8,"n_crowding":0.5375,"n_green":0.3797,"demand":0.5977,"load":0.3327,"priority":0.4816,"host":"烏山図書館（複合施設）","host_kind":"図書館","host_ward":"世田谷区","host_d":599,"f_welfare_n":43,"f_welfare_cap":301,"f_school_n":1,"f_clinic_n":10,"f_station_riders":79689,"f_station_dist":702,"f_noise_db":71.6,"f_green_pct":1.0,"f_station_name":"千歳烏山","f_zoning_name":"第一種低層住居専用地域"}},{"type":"Feature","geometry":{"type":"Polygon","coordinates":[[[139.6,35.672917],[139.603125,35.672917],[139.603125,35.675],[139.6,35.675],[139.6,35.672917]]]},"properties":{"c":"5339440833","n_welfare_capacity":0.4928,"n_sped_school":0.6262,"n_station_flow":0.3297,"n_clinic":0.8002,"n_zoning":0.4009,"n_noise":0.8143,"n_crowding":0.514,"n_green":0.662,"demand":0.6335,"load":0.4646,"priority":0.5991,"host":"烏山図書館（複合施設）","host_kind":"図書館","host_ward":"世田谷区","host_d":576,"f_welfare_n":52,"f_welfare_cap":413,"f_school_n":1,"f_clinic_n":13,"f_station_riders":79689,"f_station_dist":688,"f_noise_db":71.8,"f_green_pct":2.7,"f_station_name":"千歳烏山","f_zoning_name":"第一種中高層住居専用地域"}},{"type":"Feature","geometry":{"type":"Polygon","coordinates":[[[139.603125,35.672917],[139.60625,35.672917],[139.60625,35.675],[139.603125,35.675],[139.603125,35.672917]]]},"properties":{"c":"5339440834","n_welfare_capacity":0.5618,"n_sped_school":0.5495,"n_station_flow":0.3901,"n_clinic":0.7912,"n_zoning":0.4448,"n_noise":0.9139,"n_crowding":0.514,"n_green":0.7038,"demand":0.647,"load":0.5408,"priority":0.6637,"host":"烏山図書館（複合施設）","host_kind":"図書館","host_ward":"世田谷区","host_d":681,"f_welfare_n":42,"f_welfare_cap":348,"f_school_n":1,"f_clinic_n":12,"f_station_riders":14016,"f_station_dist":498,"f_noise_db":73.0,"f_green_pct":3.3,"f_station_name":"芦花公園","f_zoning_name":"第一種低層住居専用地域"}},{"type":"Feature","geometry":{"type":"Polygon","coordinates":[[[139.60625,35.672917],[139.609375,35.672917],[139.609375,35.675],[139.60625,35.675],[139.60625,35.672917]]]},"properties":{"c":"5339440843","n_welfare_capacity":0.569,"n_sped_school":0.4616,"n_station_flow":0.3594,"n_clinic":0.7115,"n_zoning":0.3848,"n_noise":0.5336,"n_crowding":0.4923,"n_green":0.0,"demand":0.6102,"load":0.5426,"priority":0.6422,"host":"烏山児童館","host_kind":"児童館","host_ward":"世田谷区","host_d":613,"f_welfare_n":31,"f_welfare_cap":283,"f_clinic_n":8,"f_station_riders":14016,"f_station_dist":382,"f_noise_db":69.6,"f_station_name":"芦花公園","f_zoning_name":"第一種低層住居専用地域"}},{"type":"Feature","geometry":{"type":"Polygon","coordinates":[[[139.6125,35.672917],[139.615625,35.672917],[139.615625,35.675],[139.6125,35.675],[139.6125,35.672917]]]},"properties":{"c":"5339440933","n_welfare_capacity":0.5385,"n_sped_school":0.2064,"n_station_flow":0.3327,"n_clinic":0.4642,"n_zoning":0.6278,"n_noise":0.2646,"n_crowding":0.7121,"n_green":0.0,"demand":0.457,"load":0.6556,"priority":0.6054,"host":"上北沢まちづくりセンター（複合施設）","host_kind":"出張所","host_ward":"世田谷区","host_d":567,"f_welfare_n":27,"f_welfare_cap":291,"f_clinic_n":5,"f_station_riders":37716,"f_station_dist":432,"f_noise_db":68.2,"f_station_name":"八幡山","f_zoning_name":"準住居地域"}},{"type":"Feature","geometry":{"type":"Polygon","coordinates":[[[139.615625,35.672917],[139.61875,35.672917],[139.61875,35.675],[139.615625,35.675],[139.615625,35.672917]]]},"properties":{"c":"5339440934","n_welfare_capacity":0.4955,"n_sped_school":0.3278,"n_station_flow":0.297,"n_clinic":0.3172,"n_zoning":0.2448,"n_noise":0.2664,"n_crowding":0.7121,"n_green":0.0596,"demand":0.4283,"load":0.374,"priority":0.4287,"host":"上北沢まちづくりセンター（複合施設）","host_kind":"出張所","host_ward":"世田谷区","host_d":448,"f_welfare_n":22,"f_welfare_cap":194,"f_clinic_n":2,"f_station_riders":37716,"f_station_dist":496,"f_noise_db":68.2,"f_green_pct":0.2,"f_station_name":"八幡山","f_zoning_name":"第二種低層住居専用地域"}},{"type":"Feature","geometry":{"type":"Polygon","coordinates":[[[139.6625,35.672917],[139.665625,35.672917],[139.665625,35.675],[139.6625,35.675],[139.6625,35.672917]]]},"properties":{"c":"5339450333","n_welfare_capacity":0.9803,"n_sped_school":0.94,"n_station_flow":0.6119,"n_clinic":0.5959,"n_zoning":0.9381,"n_noise":0.0628,"n_crowding":0.8831,"n_green":0.1233,"demand":0.9597,"load":0.7587,"priority":0.9345,"host":"笹塚図書館","host_kind":"図書館","host_ward":"渋谷区","host_d":338,"f_welfare_n":43,"f_welfare_cap":489,"f_school_n":1,"f_clinic_n":6,"f_station_riders":73199,"f_station_dist":284,"f_noise_db":66.4,"f_green_pct":0.3,"f_station_name":"笹塚","f_zoning_name":"商業地域"}},{"type":"Feature","geometry":{"type":"Polygon","coordinates":[[[139.665625,35.672917],[139.66875,35.672917],[139.66875,35.675],[139.665625,35.675],[139.665625,35.672917]]]},"properties":{"c":"5339450334","n_welfare_capacity":0.974,"n_sped_school":0.8996,"n_station_flow":0.6446,"n_clinic":0.6219,"n_zoning":0.9758,"n_noise":0.0682,"n_crowding":0.8831,"n_green":0.0,"demand":0.9624,"load":0.8152,"priority":0.9596,"host":"笹塚図書館","host_kind":"図書館","host_ward":"渋谷区","host_d":70,"f_welfare_n":53,"f_welfare_cap":557,"f_clinic_n":6,"f_station_riders":73199,"f_station_dist":33,"f_noise_db":66.5,"f_station_name":"笹塚","f_zoning_name":"商業地域"}},{"type":"Feature","geometry":{"type":"Polygon","coordinates":[[[139.66875,35.672917],[139.671875,35.672917],[139.671875,35.675],[139.66875,35.675],[139.66875,35.672917]]]},"properties":{"c":"5339450343","n_welfare_capacity":0.9606,"n_sped_school":0.8382,"n_station_flow":0.7871,"n_clinic":0.6246,"n_zoning":0.9444,"n_noise":0.0502,"n_crowding":0.8615,"n_green":0.2604,"demand":0.9857,"load":0.704,"priority":0.913,"host":"笹塚図書館","host_kind":"図書館","host_ward":"渋谷区","host_d":235,"f_welfare_n":49,"f_welfare_cap":482,"f_clinic_n":7,"f_station_riders":73199,"f_station_dist":286,"f_noise_db":66.1,"f_green_pct":0.6,"f_station_name":"笹塚","f_zoning_name":"商業地域"}},{"type":"Feature","geometry":{"type":"Polygon","coordinates":[[[139.671875,35.672917],[139.675,35.672917],[139.675,35.675],[139.671875,35.675],[139.671875,35.672917]]]},"properties":{"c":"5339450344","n_welfare_capacity":0.8996,"n_sped_school":0.629,"n_station_flow":0.8287,"n_clinic":0.6514,"n_zoning":0.7937,"n_noise":0.0359,"n_crowding":0.8615,"n_green":0.3638,"demand":0.905,"load":0.5713,"priority":0.7883,"host":"西原図書館","host_kind":"図書館","host_ward":"渋谷区","host_d":408,"f_welfare_n":48,"f_welfare_cap":426,"f_clinic_n":8,"f_station_riders":29965,"f_station_dist":497,"f_noise_db":65.8,"f_green_pct":0.9,"f_station_name":"幡ヶ谷","f_zoning_name":"第二種中高層住居専用地域"}},{"type":"Feature","geometry":{"type":"Polygon","coordinates":[[[139.675,35.672917],[139.678125,35.672917],[139.678125,35.675],[139.675,35.675],[139.675,35.672917]]]},"properties":{"c":"5339450433","n_welfare_capacity":0.7455,"n_sped_school":0.5983,"n_station_flow":0.8495,"n_clinic":0.6855,"n_zoning":0.626,"n_noise":0.0054,"n_crowding":0.5104,"n_green":0.0,"demand":0.8369,"load":0.3892,"priority":0.6368,"host":"西原図書館","host_kind":"図書館","host_ward":"渋谷区","host_d":155,"f_welfare_n":39,"f_welfare_cap":316,"f_clinic_n":6,"f_station_riders":29965,"f_station_dist":328,"f_noise_db":64.8,"f_station_name":"幡ヶ谷","f_zoning_name":"第二種中高層住居専用地域"}},{"type":"Feature","geometry":{"type":"Polygon","coordinates":[[[139.678125,35.672917],[139.68125,35.672917],[139.68125,35.675],[139.678125,35.675],[139.678125,35.672917]]]},"properties":{"c":"5339450434","n_welfare_capacity":0.4624,"n_sped_school":0.5635,"n_station_flow":0.8713,"n_clinic":0.6962,"n_zoning":0.4081,"n_noise":0.0592,"n_crowding":0.5104,"n_green":0.0,"demand":0.7258,"load":0.2807,"priority":0.4906,"host":"西原図書館","host_kind":"図書館","host_ward":"渋谷区","host_d":205,"f_welfare_n":37,"f_welfare_cap":261,"f_clinic_n":6,"f_station_riders":29965,"f_station_dist":358,"f_noise_db":66.3,"f_station_name":"幡ヶ谷","f_zoning_name":"第一種低層住居専用地域"}},{"type":"Feature","geometry":{"type":"Polygon","coordinates":[[[139.68125,35.672917],[139.684375,35.672917],[139.684375,35.675],[139.68125,35.675],[139.68125,35.672917]]]},"properties":{"c":"5339450443","n_welfare_capacity":0.2509,"n_sped_school":0.5244,"n_station_flow":0.8554,"n_clinic":0.7375,"n_zoning":0.3498,"n_noise":0.0789,"n_crowding":0.7739,"n_green":0.6461,"demand":0.6604,"load":0.1561,"priority":0.3381,"host":"西原図書館","host_kind":"図書館","host_ward":"渋谷区","host_d":469,"f_welfare_n":19,"f_welfare_cap":120,"f_clinic_n":7,"f_station_riders":29965,"f_station_dist":556,"f_noise_db":66.7,"f_green_pct":2.6,"f_station_name":"幡ヶ谷","f_zoning_name":"第一種低層住居専用地域"}},{"type":"Feature","geometry":{"type":"Polygon","coordinates":[[[139.684375,35.672917],[139.6875,35.672917],[139.6875,35.675],[139.684375,35.675],[139.684375,35.672917]]]},"properties":{"c":"5339450444","n_welfare_capacity":0.1308,"n_sped_school":0.3068,"n_station_flow":0.8297,"n_clinic":0.7231,"n_zoning":0.6206,"n_noise":0.1632,"n_crowding":0.7739,"n_green":0.668,"demand":0.569,"load":0.3605,"priority":0.4951,"host":"富ヶ谷図書館","host_kind":"図書館","host_ward":"渋谷区","host_d":616,"f_welfare_n":17,"f_welfare_cap":100,"f_clinic_n":8,"f_station_riders":18567,"f_station_dist":551,"f_noise_db":67.7,"f_green_pct":2.8,"f_station_name":"代々木八幡","f_zoning_name":"第一種低層住居専用地域"}},{"type":"Feature","geometry":{"type":"Polygon","coordinates":[[[139.6875,35.672917],[139.690625,35.672917],[139.690625,35.675],[139.6875,35.675],[139.6875,35.672917]]]},"properties":{"c":"5339450533","n_welfare_capacity":0.0887,"n_sped_school":0.2971,"n_station_flow":0.7663,"n_clinic":0.7608,"n_zoning":0.5946,"n_noise":0.1821,"n_crowding":0.6042,"n_green":0.9722,"demand":0.5349,"load":0.1587,"priority":0.304,"host":"富ヶ谷図書館","host_kind":"図書館","host_ward":"渋谷区","host_d":626,"f_welfare_n":12,"f_welfare_cap":70,"f_clinic_n":9,"f_station_riders":18567,"f_station_dist":472,"f_noise_db":67.9,"f_green_pct":82.0,"f_station_name":"代々木八幡","f_zoning_name":"第二種低層住居専用地域"}},{"type":"Feature","geometry":{"type":"Polygon","coordinates":[[[139.690625,35.672917],[139.69375,35.672917],[139.69375,35.675],[139.690625,35.675],[139.690625,35.672917]]]},"properties":{"c":"5339450534","n_welfare_capacity":0.1891,"n_sped_school":0.2566,"n_station_flow":0.705,"n_clinic":0.8244,"n_zoning":0.6951,"n_noise":0.1928,"n_crowding":0.6042,"n_green":0.996,"demand":0.5538,"load":0.2099,"priority":0.3659,"host":"SCC千駄ヶ谷コミュニティセンター","host_kind":"区民センター","host_ward":"渋谷区","host_d":327,"f_welfare_n":8,"f_welfare_cap":50,"f_clinic_n":8,"f_station_riders":13182,"f_station_dist":531,"f_noise_db":68.0,"f_green_pct":100.0,"f_station_name":"参宮橋","f_zoning_name":"第二種中高層住居専用地域"}},{"type":"Feature","geometry":{"type":"Polygon","coordinates":[[[139.69375,35.672917],[139.696875,35.672917],[139.696875,35.675],[139.69375,35.675],[139.69375,35.672917]]]},"properties":{"c":"5339450543","n_welfare_capacity":0.3289,"n_sped_school":0.2218,"n_station_flow":0.7822,"n_clinic":0.8504,"n_zoning":0.6377,"n_noise":0.2439,"n_crowding":0.0,"n_green":0.9463,"demand":0.6174,"load":0.0386,"priority":0.1327,"host":"SCC千駄ヶ谷コミュニティセンター","host_kind":"区民センター","host_ward":"渋谷区","host_d":571,"f_welfare_n":6,"f_welfare_cap":30,"f_clinic_n":5,"f_station_riders":13182,"f_station_dist":539,"f_noise_db":68.1,"f_green_pct":57.7,"f_station_name":"参宮橋","f_zoning_name":"第二種中高層住居専用地域"}},{"type":"Feature","geometry":{"type":"Polygon","coordinates":[[[139.696875,35.672917],[139.7,35.672917],[139.7,35.675],[139.696875,35.675],[139.696875,35.672917]]]},"properties":{"c":"5339450544","n_welfare_capacity":0.4875,"n_sped_school":0.3431,"n_station_flow":0.8416,"n_clinic":0.845,"n_zoning":0.6377,"n_noise":0.3372,"n_crowding":0.0,"n_green":0.0,"demand":0.6962,"load":0.3238,"priority":0.5202,"f_welfare_n":16,"f_welfare_cap":140,"f_clinic_n":1,"f_station_riders":134814,"f_station_dist":484,"f_noise_db":68.6,"f_station_name":"原宿","f_zoning_name":"第二種中高層住居専用地域"}},{"type":"Feature","geometry":{"type":"Polygon","coordinates":[[[139.7,35.672917],[139.703125,35.672917],[139.703125,35.675],[139.7,35.675],[139.7,35.672917]]]},"properties":{"c":"5339450633","n_welfare_capacity":0.6765,"n_sped_school":0.371,"n_station_flow":0.8683,"n_clinic":0.8665,"n_zoning":0.6377,"n_noise":0.3031,"n_crowding":0.7884,"n_green":0.0,"demand":0.7733,"load":0.7175,"priority":0.8161,"host":"中央図書館","host_kind":"図書館","host_ward":"渋谷区","host_d":450,"f_welfare_n":27,"f_welfare_cap":329,"f_clinic_n":3,"f_station_riders":134814,"f_station_dist":310,"f_noise_db":68.4,"f_station_name":"原宿","f_zoning_name":"第二種中高層住居専用地域"}},{"type":"Feature","geometry":{"type":"Polygon","coordinates":[[[139.703125,35.672917],[139.70625,35.672917],[139.70625,35.675],[139.703125,35.675],[139.703125,35.672917]]]},"properties":{"c":"5339450634","n_welfare_capacity":0.7321,"n_sped_school":0.4477,"n_station_flow":0.8733,"n_clinic":0.8781,"n_zoning":0.7462,"n_noise":0.078,"n_crowding":0.7884,"n_green":0.0,"demand":0.828,"load":0.6637,"priority":0.8126,"host":"中央図書館","host_kind":"図書館","host_ward":"渋谷区","host_d":215,"f_welfare_n":24,"f_welfare_cap":319,"f_clinic_n":4,"f_station_riders":134814,"f_station_dist":344,"f_noise_db":66.7,"f_station_name":"原宿","f_zoning_name":"第二種中高層住居専用地域"}},{"type":"Feature","geometry":{"type":"Polygon","coordinates":[[[139.70625,35.672917],[139.709375,35.672917],[139.709375,35.675],[139.70625,35.675],[139.70625,35.672917]]]},"properties":{"c":"5339450643","n_welfare_capacity":0.7849,"n_sped_school":0.4045,"n_station_flow":0.8693,"n_clinic":0.8835,"n_zoning":0.9184,"n_noise":0.0664,"n_crowding":0.9328,"n_green":0.0,"demand":0.8378,"load":0.8072,"priority":0.9013,"host":"中央図書館","host_kind":"図書館","host_ward":"渋谷区","host_d":223,"f_welfare_n":24,"f_welfare_cap":319,"f_clinic_n":5,"f_station_riders":23768,"f_station_dist":546,"f_noise_db":66.5,"f_station_name":"北参道","f_zoning_name":"第二種中高層住居専用地域"}},{"type":"Feature","geometry":{"type":"Polygon","coordinates":[[[139.709375,35.672917],[139.7125,35.672917],[139.7125,35.675],[139.709375,35.675],[139.709375,35.672917]]]},"properties":{"c":"5339450644","n_welfare_capacity":0.724,"n_sped_school":0.537,"n_station_flow":0.8525,"n_clinic":0.8907,"n_zoning":0.87,"n_noise":0.0314,"n_crowding":0.9328,"n_green":0.1889,"demand":0.8539,"load":0.7094,"priority":0.8556,"host":"中央図書館","host_kind":"図書館","host_ward":"渋谷区","host_d":462,"f_welfare_n":28,"f_welfare_cap":349,"f_school_n":1,"f_clinic_n":6,"f_station_riders":23768,"f_station_dist":706,"f_noise_db":65.7,"f_green_pct":0.4,"f_station_name":"北参道","f_zoning_name":"第一種住居地域"}},{"type":"Feature","geometry":{"type":"Polygon","coordinates":[[[139.7125,35.672917],[139.715625,35.672917],[139.715625,35.675],[139.7125,35.675],[139.7125,35.672917]]]},"properties":{"c":"5339450733","n_welfare_capacity":0.6219,"n_sped_school":0.6555,"n_station_flow":0.8624,"n_clinic":0.8961,"n_zoning":0.7085,"n_noise":0.0117,"n_crowding":0.9156,"n_green":0.7396,"demand":0.8557,"load":0.3668,"priority":0.6242,"f_welfare_n":32,"f_welfare_cap":374,"f_school_n":1,"f_clinic_n":6,"f_station_riders":74637,"f_station_dist":524,"f_noise_db":65.0,"f_green_pct":4.2,"f_station_name":"外苑前","f_zoning_name":"第二種中高層住居専用地域"}},{"type":"Feature","geometry":{"type":"Polygon","coordinates":[[[139.5875,35.675],[139.590625,35.675],[139.590625,35.677083],[139.5875,35.677083],[139.5875,35.675]]]},"properties":{"c":"5339441711","n_welfare_capacity":0.0914,"n_sped_school":0.6695,"n_station_flow":0.0,"n_clinic":0.3351,"n_zoning":0.4726,"n_noise":0.8117,"n_crowding":0.3091,"n_green":0.2545,"demand":0.2186,"load":0.5722,"priority":0.383,"host":"北烏山地区会館","host_kind":"区民センター","host_ward":"世田谷区","host_d":351,"f_welfare_n":11,"f_welfare_cap":114,"f_school_n":1,"f_clinic_n":4,"f_station_riders":79689,"f_station_dist":1370,"f_noise_db":71.7,"f_green_pct":0.6,"f_station_name":"千歳烏山","f_zoning_name":"第一種中高層住居専用地域"}},{"type":"Feature","geometry":{"type":"Polygon","coordinates":[[[139.590625,35.675],[139.59375,35.675],[139.59375,35.677083],[139.590625,35.677083],[139.590625,35.675]]]},"properties":{"c":"5339441712","n_welfare_capacity":0.1729,"n_sped_school":0.7183,"n_station_flow":0.0426,"n_clinic":0.509,"n_zoning":0.3722,"n_noise":0.7094,"n_crowding":0.3091,"n_green":0.7217,"demand":0.3522,"load":0.252,"priority":0.3148,"host":"北烏山地区会館","host_kind":"区民センター","host_ward":"世田谷区","host_d":188,"f_welfare_n":15,"f_welfare_cap":149,"f_school_n":1,"f_clinic_n":4,"f_station_riders":79689,"f_station_dist":1174,"f_noise_db":70.5,"f_green_pct":3.7,"f_station_name":"千歳烏山","f_zoning_name":"第一種中高層住居専用地域"}},{"type":"Feature","geometry":{"type":"Polygon","coordinates":[[[139.59375,35.675],[139.596875,35.675],[139.596875,35.677083],[139.59375,35.677083],[139.59375,35.675]]]},"properties":{"c":"5339441721","n_welfare_capacity":0.2715,"n_sped_school":0.7476,"n_station_flow":0.0921,"n_clinic":0.6344,"n_zoning":0.3121,"n_noise":0.6978,"n_crowding":0.1611,"n_green":0.0,"demand":0.474,"load":0.4126,"priority":0.4771,"host":"北烏山地区会館","host_kind":"区民センター","host_ward":"世田谷区","host_d":327,"f_welfare_n":26,"f_welfare_cap":229,"f_school_n":1,"f_clinic_n":6,"f_station_riders":79689,"f_station_dist":1019,"f_noise_db":70.4,"f_station_name":"千歳烏山","f_zoning_name":"第一種低層住居専用地域"}},{"type":"Feature","geometry":{"type":"Polygon","coordinates":[[[139.596875,35.675],[139.6,35.675],[139.6,35.677083],[139.596875,35.677083],[139.596875,35.675]]]},"properties":{"c":"5339441722","n_welfare_capacity":0.3754,"n_sped_school":0.7392,"n_station_flow":0.1455,"n_clinic":0.698,"n_zoning":0.2682,"n_noise":0.5731,"n_crowding":0.1611,"n_green":0.0,"demand":0.5591,"load":0.3076,"priority":0.4484,"host":"北烏山地区会館","host_kind":"区民センター","host_ward":"世田谷区","host_d":582,"f_welfare_n":36,"f_welfare_cap":239,"f_school_n":1,"f_clinic_n":8,"f_station_riders":79689,"f_station_dist":927,"f_noise_db":69.8,"f_station_name":"千歳烏山","f_zoning_name":"第一種低層住居専用地域"}},{"type":"Feature","geometry":{"type":"Polygon","coordinates":[[[139.6,35.675],[139.603125,35.675],[139.603125,35.677083],[139.6,35.677083],[139.6,35.675]]]},"properties":{"c":"5339441811","n_welfare_capacity":0.4364,"n_sped_school":0.7029,"n_station_flow":0.1851,"n_clinic":0.7177,"n_zoning":0.4179,"n_noise":0.4359,"n_crowding":0.116,"n_green":0.0,"demand":0.5806,"load":0.3022,"priority":0.4556,"host":"烏山児童館（複合施設）","host_kind":"児童館","host_ward":"世田谷区","host_d":481,"f_welfare_n":39,"f_welfare_cap":323,"f_school_n":1,"f_clinic_n":8,"f_station_riders":14016,"f_station_dist":860,"f_noise_db":69.4,"f_station_name":"芦花公園","f_zoning_name":"第一種中高層住居専用地域"}},{"type":"Feature","geometry":{"type":"Polygon","coordinates":[[[139.603125,35.675],[139.60625,35.675],[139.60625,35.677083],[139.603125,35.677083],[139.603125,35.675]]]},"properties":{"c":"5339441812","n_welfare_capacity":0.5323,"n_sped_school":0.6276,"n_station_flow":0.2327,"n_clinic":0.6918,"n_zoning":0.1247,"n_noise":0.3318,"n_crowding":0.116,"n_green":0.2624,"demand":0.6004,"load":0.0547,"priority":0.174,"host":"烏山児童館","host_kind":"児童館","host_ward":"世田谷区","host_d":558,"f_welfare_n":35,"f_welfare_cap":308,"f_school_n":1,"f_clinic_n":9,"f_station_riders":14016,"f_station_dist":691,"f_noise_db":68.6,"f_green_pct":0.6,"f_station_name":"芦花公園","f_zoning_name":"第一種低層住居専用地域"}},{"type":"Feature","geometry":{"type":"Polygon","coordinates":[[[139.60625,35.675],[139.609375,35.675],[139.609375,35.677083],[139.60625,35.677083],[139.60625,35.675]]]},"properties":{"c":"5339441821","n_welfare_capacity":0.5305,"n_sped_school":0.5202,"n_station_flow":0.3,"n_clinic":0.6389,"n_zoning":0.0345,"n_noise":0.0915,"n_crowding":0.0492,"n_green":0.2962,"demand":0.586,"load":0.0072,"priority":0.0404,"host":"高井戸西児童館","host_kind":"児童館","host_ward":"杉並区","host_d":599,"f_welfare_n":27,"f_welfare_cap":252,"f_clinic_n":6,"f_station_riders":14016,"f_station_dist":612,"f_noise_db":67.0,"f_green_pct":0.7,"f_station_name":"芦花公園","f_zoning_name":"第一種低層住居専用地域"}},{"type":"Feature","geometry":{"type":"Polygon","coordinates":[[[139.609375,35.675],[139.6125,35.675],[139.6125,35.677083],[139.609375,35.677083],[139.609375,35.675]]]},"properties":{"c":"5339441822","n_welfare_capacity":0.517,"n_sped_school":0.3808,"n_station_flow":0.2584,"n_clinic":0.5529,"n_zoning":0.0018,"n_noise":0.1274,"n_crowding":0.0492,"n_green":0.0,"demand":0.5027,"load":0.0206,"priority":0.0744,"host":"高井戸西児童館","host_kind":"児童館","host_ward":"杉並区","host_d":697,"f_welfare_n":30,"f_welfare_cap":267,"f_clinic_n":5,"f_station_riders":14016,"f_station_dist":658,"f_noise_db":67.2,"f_station_name":"芦花公園","f_zoning_name":"第一種低層住居専用地域"}},{"type":"Feature","geometry":{"type":"Polygon","coordinates":[[[139.6625,35.675],[139.665625,35.675],[139.665625,35.677083],[139.6625,35.677083],[139.6625,35.675]]]},"properties":{"c":"5339451311","n_welfare_capacity":0.9812,"n_sped_school":0.9484,"n_station_flow":0.5842,"n_clinic":0.5108,"n_zoning":0.6843,"n_noise":0.0816,"n_crowding":0.6182,"n_green":0.5765,"demand":0.9283,"load":0.3031,"priority":0.5776,"host":"笹塚図書館","host_kind":"図書館","host_ward":"渋谷区","host_d":435,"f_welfare_n":39,"f_welfare_cap":459,"f_school_n":1,"f_clinic_n":5,"f_station_riders":73199,"f_station_dist":386,"f_noise_db":66.8,"f_green_pct":1.9,"f_station_name":"笹塚","f_zoning_name":"第一種住居地域"}},{"type":"Feature","geometry":{"type":"Polygon","coordinates":[[[139.665625,35.675],[139.66875,35.675],[139.66875,35.677083],[139.665625,35.677083],[139.665625,35.675]]]},"properties":{"c":"5339451312","n_welfare_capacity":0.9919,"n_sped_school":0.9052,"n_station_flow":0.6248,"n_clinic":0.5654,"n_zoning":0.843,"n_noise":0.0637,"n_crowding":0.6182,"n_green":0.2465,"demand":0.9525,"load":0.5309,"priority":0.7794,"host":"笹塚図書館","host_kind":"図書館","host_ward":"渋谷区","host_d":283,"f_welfare_n":57,"f_welfare_cap":592,"f_school_n":1,"f_clinic_n":6,"f_station_riders":73199,"f_station_dist":264,"f_noise_db":66.4,"f_green_pct":0.6,"f_station_name":"笹塚","f_zoning_name":"第一種住居地域"}},{"type":"Feature","geometry":{"type":"Polygon","coordinates":[[[139.66875,35.675],[139.671875,35.675],[139.671875,35.677083],[139.66875,35.677083],[139.66875,35.675]]]},"properties":{"c":"5339451321","n_welfare_capacity":0.9839,"n_sped_school":0.8731,"n_station_flow":0.7317,"n_clinic":0.5896,"n_zoning":0.9623,"n_noise":0.0538,"n_crowding":0.8533,"n_green":0.5388,"demand":0.9812,"load":0.6143,"priority":0.8529,"host":"笹塚こども図書館","host_kind":"図書館","host_ward":"渋谷区","host_d":293,"f_welfare_n":46,"f_welfare_cap":467,"f_school_n":1,"f_clinic_n":9,"f_station_riders":73199,"f_station_dist":388,"f_noise_db":66.1,"f_green_pct":1.7,"f_station_name":"笹塚","f_zoning_name":"商業地域"}},{"type":"Feature","geometry":{"type":"Polygon","coordinates":[[[139.671875,35.675],[139.675,35.675],[139.675,35.677083],[139.671875,35.677083],[139.671875,35.675]]]},"properties":{"c":"5339451322","n_welfare_capacity":0.9507,"n_sped_school":0.8243,"n_station_flow":0.7733,"n_clinic":0.6147,"n_zoning":0.9534,"n_noise":0.0386,"n_crowding":0.8533,"n_green":0.0,"demand":0.974,"load":0.7812,"priority":0.9516,"host":"西原図書館","host_kind":"図書館","host_ward":"渋谷区","host_d":411,"f_welfare_n":57,"f_welfare_cap":512,"f_clinic_n":7,"f_station_riders":29965,"f_station_dist":396,"f_noise_db":65.9,"f_station_name":"幡ヶ谷","f_zoning_name":"商業地域"}},{"type":"Feature","geometry":{"type":"Polygon","coordinates":[[[139.675,35.675],[139.678125,35.675],[139.678125,35.677083],[139.675,35.677083],[139.675,35.675]]]},"properties":{"c":"5339451411","n_welfare_capacity":0.8091,"n_sped_school":0.7197,"n_station_flow":0.805,"n_clinic":0.6407,"n_zoning":0.9157,"n_noise":0.017,"n_crowding":0.8768,"n_green":0.0,"demand":0.8862,"load":0.7623,"priority":0.8996,"host":"西原図書館","host_kind":"図書館","host_ward":"渋谷区","host_d":164,"f_welfare_n":47,"f_welfare_cap":366,"f_clinic_n":5,"f_station_riders":29965,"f_station_dist":132,"f_noise_db":65.2,"f_station_name":"幡ヶ谷","f_zoning_name":"第一種住居地域"}},{"type":"Feature","geometry":{"type":"Polygon","coordinates":[[[139.678125,35.675],[139.68125,35.675],[139.68125,35.677083],[139.678125,35.677083],[139.678125,35.675]]]},"properties":{"c":"5339451412","n_welfare_capacity":0.6192,"n_sped_school":0.6974,"n_station_flow":0.8257,"n_clinic":0.6765,"n_zoning":0.7758,"n_noise":0.035,"n_crowding":0.8768,"n_green":0.0,"demand":0.8118,"load":0.6937,"priority":0.8233,"host":"西原図書館","host_kind":"図書館","host_ward":"渋谷区","host_d":211,"f_welfare_n":44,"f_welfare_cap":336,"f_clinic_n":6,"f_station_riders":29965,"f_station_dist":195,"f_noise_db":65.8,"f_station_name":"幡ヶ谷","f_zoning_name":"第一種住居地域"}},{"type":"Feature","geometry":{"type":"Polygon","coordinates":[[[139.68125,35.675],[139.684375,35.675],[139.684375,35.677083],[139.68125,35.677083],[139.68125,35.675]]]},"properties":{"c":"5339451421","n_welfare_capacity":0.3808,"n_sped_school":0.6611,"n_station_flow":0.8178,"n_clinic":0.6989,"n_zoning":0.8341,"n_noise":0.1372,"n_crowding":0.7044,"n_green":0.0,"demand":0.7124,"load":0.7022,"priority":0.7767,"host":"西原図書館","host_kind":"図書館","host_ward":"渋谷区","host_d":472,"f_welfare_n":31,"f_welfare_cap":200,"f_clinic_n":9,"f_station_riders":29965,"f_station_dist":468,"f_noise_db":67.3,"f_station_name":"幡ヶ谷","f_zoning_name":"第二種住居地域"}},{"type":"Feature","geometry":{"type":"Polygon","coordinates":[[[139.684375,35.675],[139.6875,35.675],[139.6875,35.677083],[139.684375,35.677083],[139.684375,35.675]]]},"properties":{"c":"5339451422","n_welfare_capacity":0.2724,"n_sped_school":0.6039,"n_station_flow":0.7881,"n_clinic":0.7778,"n_zoning":0.4036,"n_noise":0.1507,"n_crowding":0.7044,"n_green":0.0,"demand":0.6783,"load":0.4323,"priority":0.5973,"host":"本町図書館","host_kind":"図書館","host_ward":"渋谷区","host_d":649,"f_welfare_n":22,"f_welfare_cap":140,"f_clinic_n":7,"f_station_riders":59407,"f_station_dist":633,"f_noise_db":67.5,"f_station_name":"初台","f_zoning_name":"第一種低層住居専用地域"}},{"type":"Feature","geometry":{"type":"Polygon","coordinates":[[[139.6875,35.675],[139.690625,35.675],[139.690625,35.677083],[139.6875,35.677083],[139.6875,35.675]]]},"properties":{"c":"5339451511","n_welfare_capacity":0.2796,"n_sped_school":0.4407,"n_station_flow":0.7307,"n_clinic":0.8513,"n_zoning":0.6036,"n_noise":0.1731,"n_crowding":0.597,"n_green":0.7972,"demand":0.6398,"load":0.2135,"priority":0.3991,"host":"SCC千駄ヶ谷コミュニティセンター","host_kind":"区民センター","host_ward":"渋谷区","host_d":447,"f_welfare_n":18,"f_welfare_cap":115,"f_clinic_n":5,"f_station_riders":13182,"f_station_dist":498,"f_noise_db":67.8,"f_green_pct":7.1,"f_station_name":"参宮橋","f_zoning_name":"第二種低層住居専用地域"}},{"type":"Feature","geometry":{"type":"Polygon","coordinates":[[[139.690625,35.675],[139.69375,35.675],[139.69375,35.677083],[139.690625,35.677083],[139.690625,35.675]]]},"properties":{"c":"5339451512","n_welfare_capacity":0.2473,"n_sped_school":0.3835,"n_station_flow":0.6426,"n_clinic":0.8656,"n_zoning":0.5919,"n_noise":0.2359,"n_crowding":0.597,"n_green":0.9006,"demand":0.595,"load":0.2027,"priority":0.374,"host":"SCC千駄ヶ谷コミュニティセンター","host_kind":"区民センター","host_ward":"渋谷区","host_d":509,"f_welfare_n":21,"f_welfare_cap":135,"f_clinic_n":6,"f_station_riders":13182,"f_station_dist":311,"f_noise_db":68.0,"f_green_pct":28.3,"f_station_name":"参宮橋","f_zoning_name":"第二種低層住居専用地域"}},{"type":"Feature","geometry":{"type":"Polygon","coordinates":[[[139.69375,35.675],[139.696875,35.675],[139.696875,35.677083],[139.69375,35.677083],[139.69375,35.675]]]},"properties":{"c":"5339451521","n_welfare_capacity":0.4946,"n_sped_school":0.3082,"n_station_flow":0.8,"n_clinic":0.8737,"n_zoning":0.6377,"n_noise":0.2592,"n_crowding":0.2775,"n_green":0.5646,"demand":0.6891,"load":0.209,"priority":0.409,"host":"代々木図書館","host_kind":"図書館","host_ward":"渋谷区","host_d":660,"f_welfare_n":13,"f_welfare_cap":85,"f_clinic_n":5,"f_station_riders":13182,"f_station_dist":325,"f_noise_db":68.2,"f_green_pct":1.8,"f_station_name":"参宮橋","f_zoning_name":"第二種中高層住居専用地域"}},{"type":"Feature","geometry":{"type":"Polygon","coordinates":[[[139.696875,35.675],[139.7,35.675],[139.7,35.677083],[139.696875,35.677083],[139.696875,35.675]]]},"properties":{"c":"5339451522","n_welfare_capacity":0.6443,"n_sped_school":0.4184,"n_station_flow":0.8366,"n_clinic":0.8719,"n_zoning":0.6377,"n_noise":0.3874,"n_crowding":0.2775,"n_green":0.0,"demand":0.7634,"load":0.5094,"priority":0.6996,"host":"代々木図書館","host_kind":"図書館","host_ward":"渋谷区","host_d":694,"f_welfare_n":18,"f_welfare_cap":160,"f_clinic_n":5,"f_station_riders":13182,"f_station_dist":523,"f_noise_db":68.9,"f_station_name":"参宮橋","f_zoning_name":"第二種中高層住居専用地域"}},{"type":"Feature","geometry":{"type":"Polygon","coordinates":[[[139.7,35.675],[139.703125,35.675],[139.703125,35.677083],[139.7,35.677083],[139.7,35.675]]]},"properties":{"c":"5339451611","n_welfare_capacity":0.7401,"n_sped_school":0.4212,"n_station_flow":0.8545,"n_clinic":0.8754,"n_zoning":0.6377,"n_noise":0.3937,"n_crowding":0.8335,"n_green":0.0,"demand":0.819,"load":0.7767,"priority":0.8762,"host":"中央図書館","host_kind":"図書館","host_ward":"渋谷区","host_d":577,"f_welfare_n":18,"f_welfare_cap":190,"f_clinic_n":7,"f_station_riders":23768,"f_station_dist":447,"f_noise_db":69.0,"f_station_name":"北参道","f_zoning_name":"第二種中高層住居専用地域"}},{"type":"Feature","geometry":{"type":"Polygon","coordinates":[[[139.703125,35.675],[139.70625,35.675],[139.70625,35.677083],[139.703125,35.677083],[139.703125,35.675]]]},"properties":{"c":"5339451612","n_welfare_capacity":0.8118,"n_sped_school":0.4547,"n_station_flow":0.8594,"n_clinic":0.8853,"n_zoning":0.7211,"n_noise":0.0027,"n_crowding":0.8335,"n_green":0.0,"demand":0.8665,"load":0.6323,"priority":0.8108,"host":"中央図書館","host_kind":"図書館","host_ward":"渋谷区","host_d":420,"f_welfare_n":36,"f_welfare_cap":434,"f_clinic_n":7,"f_station_riders":23768,"f_station_dist":282,"f_noise_db":64.6,"f_station_name":"北参道","f_zoning_name":"第二種中高層住居専用地域"}},{"type":"Feature","geometry":{"type":"Polygon","coordinates":[[[139.70625,35.675],[139.709375,35.675],[139.709375,35.677083],[139.70625,35.677083],[139.70625,35.675]]]},"properties":{"c":"5339451621","n_welfare_capacity":0.8253,"n_sped_school":0.5049,"n_station_flow":0.8426,"n_clinic":0.8817,"n_zoning":0.8709,"n_noise":0.0224,"n_crowding":0.9292,"n_green":0.0,"demand":0.8853,"load":0.7632,"priority":0.9004,"host":"中央図書館","host_kind":"図書館","host_ward":"渋谷区","host_d":425,"f_welfare_n":29,"f_welfare_cap":344,"f_clinic_n":7,"f_station_riders":23768,"f_station_dist":345,"f_noise_db":65.4,"f_station_name":"北参道","f_zoning_name":"第二種中高層住居専用地域"}},{"type":"Feature","geometry":{"type":"Polygon","coordinates":[[[139.709375,35.675],[139.7125,35.675],[139.7125,35.677083],[139.709375,35.677083],[139.709375,35.675]]]},"properties":{"c":"5339451622","n_welfare_capacity":0.7921,"n_sped_school":0.4812,"n_station_flow":0.8208,"n_clinic":0.8862,"n_zoning":0.8314,"n_noise":0.0135,"n_crowding":0.9292,"n_green":0.8887,"demand":0.8504,"load":0.4009,"priority":0.6529,"host":"中央図書館","host_kind":"図書館","host_ward":"渋谷区","host_d":587,"f_welfare_n":25,"f_welfare_cap":324,"f_clinic_n":4,"f_station_riders":13711,"f_station_dist":554,"f_noise_db":65.1,"f_green_pct":24.1,"f_station_name":"国立競技場","f_zoning_name":"第一種住居地域"}},{"type":"Feature","geometry":{"type":"Polygon","coordinates":[[[139.5875,35.677083],[139.590625,35.677083],[139.590625,35.679167],[139.5875,35.679167],[139.5875,35.677083]]]},"properties":{"c":"5339441713","n_welfare_capacity":0.1039,"n_sped_school":0.7071,"n_station_flow":0.0,"n_clinic":0.2599,"n_zoning":0.191,"n_noise":0.7964,"n_crowding":0.3091,"n_green":0.0,"demand":0.224,"load":0.47,"priority":0.3426,"host":"北烏山地区会館","host_kind":"区民センター","host_ward":"世田谷区","host_d":513,"f_welfare_n":9,"f_welfare_cap":108,"f_school_n":1,"f_clinic_n":3,"f_station_riders":38168,"f_station_dist":1448,"f_noise_db":71.5,"f_station_name":"久我山","f_zoning_name":"第一種低層住居専用地域"}},{"type":"Feature","geometry":{"type":"Polygon","coordinates":[[[139.590625,35.677083],[139.59375,35.677083],[139.59375,35.679167],[139.590625,35.679167],[139.590625,35.677083]]]},"properties":{"c":"5339441714","n_welfare_capacity":0.155,"n_sped_school":0.7643,"n_station_flow":0.0,"n_clinic":0.4247,"n_zoning":0.1632,"n_noise":0.4502,"n_crowding":0.3091,"n_green":0.163,"demand":0.3244,"load":0.1901,"priority":0.2457,"host":"北烏山地区会館","host_kind":"区民センター","host_ward":"世田谷区","host_d":419,"f_welfare_n":13,"f_welfare_cap":170,"f_school_n":1,"f_clinic_n":3,"f_station_riders":38168,"f_station_dist":1285,"f_noise_db":69.5,"f_green_pct":0.4,"f_station_name":"久我山","f_zoning_name":"第一種低層住居専用地域"}},{"type":"Feature","geometry":{"type":"Polygon","coordinates":[[[139.59375,35.677083],[139.596875,35.677083],[139.596875,35.679167],[139.59375,35.679167],[139.59375,35.677083]]]},"properties":{"c":"5339441723","n_welfare_capacity":0.2787,"n_sped_school":0.788,"n_station_flow":0.0139,"n_clinic":0.5448,"n_zoning":0.0345,"n_noise":0.3973,"n_crowding":0.1611,"n_green":0.0,"demand":0.4346,"load":0.1076,"priority":0.2063,"host":"北烏山地区会館","host_kind":"区民センター","host_ward":"世田谷区","host_d":497,"f_welfare_n":25,"f_welfare_cap":200,"f_school_n":1,"f_clinic_n":3,"f_station_riders":38168,"f_station_dist":1169,"f_noise_db":69.0,"f_station_name":"久我山","f_zoning_name":"第一種低層住居専用地域"}},{"type":"Feature","geometry":{"type":"Polygon","coordinates":[[[139.596875,35.677083],[139.6,35.677083],[139.6,35.679167],[139.596875,35.679167],[139.596875,35.677083]]]},"properties":{"c":"5339441724","n_welfare_capacity":0.362,"n_sped_school":0.781,"n_station_flow":0.1089,"n_clinic":0.6057,"n_zoning":0.3031,"n_noise":0.2448,"n_crowding":0.1611,"n_green":0.0974,"demand":0.5296,"load":0.1372,"priority":0.2726,"host":"北烏山地区会館","host_kind":"区民センター","host_ward":"世田谷区","host_d":692,"f_welfare_n":28,"f_welfare_cap":226,"f_school_n":1,"f_clinic_n":3,"f_station_riders":13091,"f_station_dist":1085,"f_noise_db":68.1,"f_green_pct":0.2,"f_station_name":"富士見ヶ丘","f_zoning_name":"第一種低層住居専用地域"}},{"type":"Feature","geometry":{"type":"Polygon","coordinates":[[[139.6,35.677083],[139.603125,35.677083],[139.603125,35.679167],[139.6,35.679167],[139.6,35.677083]]]},"properties":{"c":"5339441813","n_welfare_capacity":0.4068,"n_sped_school":0.7545,"n_station_flow":0.1436,"n_clinic":0.6192,"n_zoning":0.4152,"n_noise":0.0888,"n_crowding":0.116,"n_green":0.495,"demand":0.56,"load":0.0404,"priority":0.1291,"host":"高井戸西児童館","host_kind":"児童館","host_ward":"杉並区","host_d":605,"f_welfare_n":33,"f_welfare_cap":320,"f_school_n":1,"f_clinic_n":3,"f_station_riders":13091,"f_station_dist":900,"f_noise_db":66.9,"f_green_pct":1.5,"f_station_name":"富士見ヶ丘","f_zoning_name":"第一種中高層住居専用地域"}},{"type":"Feature","geometry":{"type":"Polygon","coordinates":[[[139.603125,35.677083],[139.60625,35.677083],[139.60625,35.679167],[139.603125,35.679167],[139.603125,35.677083]]]},"properties":{"c":"5339441814","n_welfare_capacity":0.4561,"n_sped_school":0.6876,"n_station_flow":0.0782,"n_clinic":0.5869,"n_zoning":0.0345,"n_noise":0.0081,"n_crowding":0.116,"n_green":0.2346,"demand":0.5233,"load":0.009,"priority":0.0439,"host":"高井戸西児童館","host_kind":"児童館","host_ward":"杉並区","host_d":414,"f_welfare_n":31,"f_welfare_cap":278,"f_school_n":1,"f_clinic_n":4,"f_station_riders":13091,"f_station_dist":776,"f_noise_db":64.9,"f_green_pct":0.5,"f_station_name":"富士見ヶ丘","f_zoning_name":"第一種低層住居専用地域"}},{"type":"Feature","geometry":{"type":"Polygon","coordinates":[[[139.665625,35.677083],[139.66875,35.677083],[139.66875,35.679167],[139.665625,35.679167],[139.665625,35.677083]]]},"properties":{"c":"5339451314","n_welfare_capacity":0.9982,"n_sped_school":0.9261,"n_station_flow":0.5366,"n_clinic":0.5161,"n_zoning":0.7749,"n_noise":0.0709,"n_crowding":0.6182,"n_green":0.6143,"demand":0.9086,"load":0.339,"priority":0.6188,"host":"笹塚こども図書館","host_kind":"図書館","host_ward":"渋谷区","host_d":250,"f_welfare_n":46,"f_welfare_cap":537,"f_school_n":1,"f_clinic_n":5,"f_station_riders":73199,"f_station_dist":495,"f_noise_db":66.5,"f_green_pct":2.3,"f_station_name":"笹塚","f_zoning_name":"第一種住居地域"}},{"type":"Feature","geometry":{"type":"Polygon","coordinates":[[[139.66875,35.677083],[139.671875,35.677083],[139.671875,35.679167],[139.66875,35.679167],[139.66875,35.677083]]]},"properties":{"c":"5339451323","n_welfare_capacity":0.9937,"n_sped_school":0.9024,"n_station_flow":0.4535,"n_clinic":0.5636,"n_zoning":0.8646,"n_noise":0.0529,"n_crowding":0.8533,"n_green":0.7495,"demand":0.8746,"load":0.4619,"priority":0.7139,"host":"笹塚こども図書館","host_kind":"図書館","host_ward":"渋谷区","host_d":72,"f_welfare_n":45,"f_welfare_cap":457,"f_school_n":1,"f_clinic_n":8,"f_station_riders":73199,"f_station_dist":571,"f_noise_db":66.1,"f_green_pct":4.4,"f_station_name":"笹塚","f_zoning_name":"第一種住居地域"}},{"type":"Feature","geometry":{"type":"Polygon","coordinates":[[[139.671875,35.677083],[139.675,35.677083],[139.675,35.679167],[139.671875,35.679167],[139.671875,35.677083]]]},"properties":{"c":"5339451324","n_welfare_capacity":0.9758,"n_sped_school":0.8591,"n_station_flow":0.6772,"n_clinic":0.595,"n_zoning":0.9462,"n_noise":0.0251,"n_crowding":0.8533,"n_green":0.4056,"demand":0.9588,"load":0.643,"priority":0.8655,"host":"笹塚こども図書館","host_kind":"図書館","host_ward":"渋谷区","host_d":328,"f_welfare_n":54,"f_welfare_cap":492,"f_clinic_n":5,"f_station_riders":29965,"f_station_dist":416,"f_noise_db":65.5,"f_green_pct":1.1,"f_station_name":"幡ヶ谷","f_zoning_name":"準工業地域"}},{"type":"Feature","geometry":{"type":"Polygon","coordinates":[[[139.675,35.677083],[139.678125,35.677083],[139.678125,35.679167],[139.675,35.679167],[139.675,35.677083]]]},"properties":{"c":"5339451413","n_welfare_capacity":0.905,"n_sped_school":0.8117,"n_station_flow":0.7238,"n_clinic":0.6165,"n_zoning":0.9372,"n_noise":0.0305,"n_crowding":0.8768,"n_green":0.1272,"demand":0.9229,"load":0.7417,"priority":0.9067,"host":"西原図書館","host_kind":"図書館","host_ward":"渋谷区","host_d":369,"f_welfare_n":53,"f_welfare_cap":447,"f_clinic_n":4,"f_station_riders":29965,"f_station_dist":184,"f_noise_db":65.7,"f_green_pct":0.3,"f_station_name":"幡ヶ谷","f_zoning_name":"第一種住居地域"}},{"type":"Feature","geometry":{"type":"Polygon","coordinates":[[[139.678125,35.677083],[139.68125,35.677083],[139.68125,35.679167],[139.678125,35.679167],[139.678125,35.677083]]]},"properties":{"c":"5339451414","n_welfare_capacity":0.7742,"n_sped_school":0.7838,"n_station_flow":0.7198,"n_clinic":0.6496,"n_zoning":0.939,"n_noise":0.061,"n_crowding":0.8768,"n_green":0.7734,"demand":0.8584,"load":0.522,"priority":0.7489,"host":"本町図書館","host_kind":"図書館","host_ward":"渋谷区","host_d":343,"f_welfare_n":58,"f_welfare_cap":471,"f_clinic_n":5,"f_station_riders":29965,"f_station_dist":234,"f_noise_db":66.4,"f_green_pct":5.2,"f_station_name":"幡ヶ谷","f_zoning_name":"第一種住居地域"}},{"type":"Feature","geometry":{"type":"Polygon","coordinates":[[[139.68125,35.677083],[139.684375,35.677083],[139.684375,35.679167],[139.68125,35.679167],[139.68125,35.677083]]]},"properties":{"c":"5339451423","n_welfare_capacity":0.5573,"n_sped_school":0.7573,"n_station_flow":0.7416,"n_clinic":0.733,"n_zoning":0.7946,"n_noise":0.0726,"n_crowding":0.7044,"n_green":0.0,"demand":0.7805,"load":0.6493,"priority":0.7812,"host":"本町図書館","host_kind":"図書館","host_ward":"渋谷区","host_d":309,"f_welfare_n":44,"f_welfare_cap":301,"f_school_n":1,"f_clinic_n":6,"f_station_riders":29965,"f_station_dist":485,"f_noise_db":66.6,"f_station_name":"幡ヶ谷","f_zoning_name":"第一種住居地域"}},{"type":"Feature","geometry":{"type":"Polygon","coordinates":[[[139.684375,35.677083],[139.6875,35.677083],[139.6875,35.679167],[139.684375,35.679167],[139.684375,35.677083]]]},"properties":{"c":"5339451424","n_welfare_capacity":0.4238,"n_sped_school":0.7127,"n_station_flow":0.7356,"n_clinic":0.8324,"n_zoning":0.452,"n_noise":0.1238,"n_crowding":0.7044,"n_green":0.0,"demand":0.7312,"load":0.4466,"priority":0.6377,"host":"本町図書館","host_kind":"図書館","host_ward":"渋谷区","host_d":483,"f_welfare_n":46,"f_welfare_cap":285,"f_school_n":1,"f_clinic_n":6,"f_station_riders":59407,"f_station_dist":422,"f_noise_db":67.1,"f_station_name":"初台","f_zoning_name":"第一種低層住居専用地域"}},{"type":"Feature","geometry":{"type":"Polygon","coordinates":[[[139.6875,35.677083],[139.690625,35.677083],[139.690625,35.679167],[139.6875,35.679167],[139.6875,35.677083]]]},"properties":{"c":"5339451513","n_welfare_capacity":0.4516,"n_sped_school":0.5439,"n_station_flow":0.5921,"n_clinic":0.8746,"n_zoning":0.6619,"n_noise":0.1489,"n_crowding":0.597,"n_green":0.0,"demand":0.6792,"load":0.5525,"priority":0.6816,"host":"初台出張所","host_kind":"出張所","host_ward":"渋谷区","host_d":413,"f_welfare_n":37,"f_welfare_cap":260,"f_school_n":1,"f_clinic_n":6,"f_station_riders":59407,"f_station_dist":373,"f_noise_db":67.5,"f_station_name":"初台","f_zoning_name":"第二種低層住居専用地域"}},{"type":"Feature","geometry":{"type":"Polygon","coordinates":[[[139.690625,35.677083],[139.69375,35.677083],[139.69375,35.679167],[139.690625,35.679167],[139.690625,35.677083]]]},"properties":{"c":"5339451514","n_welfare_capacity":0.44,"n_sped_school":0.5077,"n_station_flow":0.6554,"n_clinic":0.8889,"n_zoning":0.6762,"n_noise":0.1803,"n_crowding":0.597,"n_green":0.6123,"demand":0.6837,"load":0.33,"priority":0.5211,"host":"代々木図書館","host_kind":"図書館","host_ward":"渋谷区","host_d":548,"f_welfare_n":30,"f_welfare_cap":215,"f_clinic_n":6,"f_station_riders":13182,"f_station_dist":137,"f_noise_db":67.8,"f_green_pct":2.2,"f_station_name":"参宮橋","f_zoning_name":"第二種低層住居専用地域"}},{"type":"Feature","geometry":{"type":"Polygon","coordinates":[[[139.69375,35.677083],[139.696875,35.677083],[139.696875,35.679167],[139.69375,35.679167],[139.69375,35.677083]]]},"properties":{"c":"5339451523","n_welfare_capacity":0.6461,"n_sped_school":0.431,"n_station_flow":0.7683,"n_clinic":0.8952,"n_zoning":0.6628,"n_noise":0.2897,"n_crowding":0.2775,"n_green":0.493,"demand":0.7473,"load":0.2709,"priority":0.4879,"host":"代々木図書館","host_kind":"図書館","host_ward":"渋谷区","host_d":431,"f_welfare_n":38,"f_welfare_cap":310,"f_clinic_n":6,"f_station_riders":13182,"f_station_dist":165,"f_noise_db":68.3,"f_green_pct":1.5,"f_station_name":"参宮橋","f_zoning_name":"第二種中高層住居専用地域"}},{"type":"Feature","geometry":{"type":"Polygon","coordinates":[[[139.696875,35.677083],[139.7,35.677083],[139.7,35.679167],[139.696875,35.679167],[139.696875,35.677083]]]},"properties":{"c":"5339451524","n_welfare_capacity":0.7348,"n_sped_school":0.3152,"n_station_flow":0.8238,"n_clinic":0.8996,"n_zoning":0.6377,"n_noise":0.3013,"n_crowding":0.2775,"n_green":0.0,"demand":0.7688,"load":0.452,"priority":0.6619,"host":"代々木図書館","host_kind":"図書館","host_ward":"渋谷区","host_d":481,"f_welfare_n":34,"f_welfare_cap":340,"f_clinic_n":8,"f_station_riders":13182,"f_station_dist":442,"f_noise_db":68.4,"f_station_name":"参宮橋","f_zoning_name":"第二種中高層住居専用地域"}},{"type":"Feature","geometry":{"type":"Polygon","coordinates":[[[139.7,35.677083],[139.703125,35.677083],[139.703125,35.679167],[139.7,35.679167],[139.7,35.677083]]]},"properties":{"c":"5339451613","n_welfare_capacity":0.8289,"n_sped_school":0.463,"n_station_flow":0.8436,"n_clinic":0.9014,"n_zoning":0.6457,"n_noise":0.4475,"n_crowding":0.8335,"n_green":0.0,"demand":0.8763,"load":0.8018,"priority":0.9193,"host":"代々木図書館","host_kind":"図書館","host_ward":"渋谷区","host_d":661,"f_welfare_n":27,"f_welfare_cap":310,"f_clinic_n":9,"f_station_riders":23768,"f_station_dist":357,"f_noise_db":69.4,"f_station_name":"北参道","f_zoning_name":"第二種中高層住居専用地域"}},{"type":"Feature","geometry":{"type":"Polygon","coordinates":[[[139.703125,35.677083],[139.70625,35.677083],[139.70625,35.679167],[139.703125,35.679167],[139.703125,35.677083]]]},"properties":{"c":"5339451614","n_welfare_capacity":0.897,"n_sped_school":0.4575,"n_station_flow":0.8475,"n_clinic":0.8925,"n_zoning":0.887,"n_noise":0.1211,"n_crowding":0.8335,"n_green":0.0,"demand":0.9032,"load":0.7785,"priority":0.9202,"host":"中央図書館","host_kind":"図書館","host_ward":"渋谷区","host_d":644,"f_welfare_n":21,"f_welfare_cap":225,"f_clinic_n":9,"f_station_riders":23768,"f_station_dist":83,"f_noise_db":67.1,"f_station_name":"北参道","f_zoning_name":"第二種中高層住居専用地域"}},{"type":"Feature","geometry":{"type":"Polygon","coordinates":[[[139.70625,35.677083],[139.709375,35.677083],[139.709375,35.679167],[139.70625,35.679167],[139.70625,35.677083]]]},"properties":{"c":"5339451623","n_welfare_capacity":0.879,"n_sped_school":0.4756,"n_station_flow":0.8317,"n_clinic":0.905,"n_zoning":0.8188,"n_noise":0.0206,"n_crowding":0.9292,"n_green":0.0,"demand":0.8987,"load":0.7372,"priority":0.8933,"host":"中央図書館","host_kind":"図書館","host_ward":"渋谷区","host_d":647,"f_welfare_n":36,"f_welfare_cap":434,"f_clinic_n":7,"f_station_riders":23768,"f_station_dist":216,"f_noise_db":65.4,"f_station_name":"北参道","f_zoning_name":"第二種中高層住居専用地域"}},{"type":"Feature","geometry":{"type":"Polygon","coordinates":[[[139.709375,35.677083],[139.7125,35.677083],[139.7125,35.679167],[139.709375,35.679167],[139.709375,35.677083]]]},"properties":{"c":"5339451624","n_welfare_capacity":0.8315,"n_sped_school":0.3933,"n_station_flow":0.8188,"n_clinic":0.8943,"n_zoning":0.8251,"n_noise":0.0072,"n_crowding":0.9292,"n_green":0.0199,"demand":0.8342,"load":0.7265,"priority":0.8565,"host":"千駄ヶ谷出張所","host_kind":"出張所","host_ward":"渋谷区","host_d":593,"f_welfare_n":19,"f_welfare_cap":271,"f_clinic_n":7,"f_station_riders":34572,"f_station_dist":345,"f_noise_db":64.9,"f_green_pct":0.1,"f_station_name":"千駄ヶ谷","f_zoning_name":"第二種中高層住居専用地域"}},{"type":"Feature","geometry":{"type":"Polygon","coordinates":[[[139.5875,35.679167],[139.590625,35.679167],[139.590625,35.68125],[139.5875,35.68125],[139.5875,35.679167]]]},"properties":{"c":"5339441731","n_welfare_capacity":0.0941,"n_sped_school":0.7364,"n_station_flow":0.0,"n_clinic":0.2016,"n_zoning":0.2,"n_noise":0.7471,"n_crowding":0.1435,"n_green":0.5268,"demand":0.2142,"load":0.1668,"priority":0.1803,"host":"東多世代交流センター","host_kind":"児童館","host_ward":"三鷹市","host_d":603,"f_welfare_n":11,"f_welfare_cap":130,"f_school_n":1,"f_clinic_n":2,"f_station_riders":38168,"f_station_dist":1280,"f_noise_db":70.8,"f_green_pct":1.6,"f_station_name":"久我山","f_zoning_name":"第一種低層住居専用地域"}},{"type":"Feature","geometry":{"type":"Polygon","coordinates":[[[139.590625,35.679167],[139.59375,35.679167],[139.59375,35.68125],[139.590625,35.68125],[139.590625,35.679167]]]},"properties":{"c":"5339441732","n_welfare_capacity":0.1738,"n_sped_school":0.7908,"n_station_flow":0.0168,"n_clinic":0.302,"n_zoning":0.0345,"n_noise":0.3408,"n_crowding":0.1435,"n_green":0.0,"demand":0.3172,"load":0.0843,"priority":0.1507,"host":"北烏山地区会館","host_kind":"区民センター","host_ward":"世田谷区","host_d":650,"f_welfare_n":10,"f_welfare_cap":110,"f_school_n":1,"f_clinic_n":2,"f_station_riders":38168,"f_station_dist":1092,"f_noise_db":68.6,"f_station_name":"久我山","f_zoning_name":"第一種低層住居専用地域"}},{"type":"Feature","geometry":{"type":"Polygon","coordinates":[[[139.59375,35.679167],[139.596875,35.679167],[139.596875,35.68125],[139.59375,35.68125],[139.59375,35.679167]]]},"properties":{"c":"5339441741","n_welfare_capacity":0.2455,"n_sped_school":0.8173,"n_station_flow":0.0535,"n_clinic":0.4023,"n_zoning":0.1561,"n_noise":0.1892,"n_crowding":0.671,"n_green":0.0,"demand":0.4023,"load":0.2771,"priority":0.357,"f_welfare_n":11,"f_welfare_cap":120,"f_school_n":1,"f_clinic_n":1,"f_station_riders":38168,"f_station_dist":952,"f_noise_db":68.0,"f_station_name":"久我山","f_zoning_name":"第一種低層住居専用地域"}},{"type":"Feature","geometry":{"type":"Polygon","coordinates":[[[139.596875,35.679167],[139.6,35.679167],[139.6,35.68125],[139.596875,35.68125],[139.596875,35.679167]]]},"properties":{"c":"5339441742","n_welfare_capacity":0.3029,"n_sped_school":0.8103,"n_station_flow":0.0752,"n_clinic":0.4892,"n_zoning":0.3928,"n_noise":0.1184,"n_crowding":0.671,"n_green":0.0,"demand":0.4704,"load":0.3874,"priority":0.4592,"f_welfare_n":18,"f_welfare_cap":161,"f_school_n":1,"f_clinic_n":1,"f_station_riders":38168,"f_station_dist":884,"f_noise_db":67.0,"f_station_name":"久我山","f_zoning_name":"第一種中高層住居専用地域"}},{"type":"Feature","geometry":{"type":"Polygon","coordinates":[[[139.6,35.679167],[139.603125,35.679167],[139.603125,35.68125],[139.6,35.68125],[139.6,35.679167]]]},"properties":{"c":"5339441831","n_welfare_capacity":0.3602,"n_sped_school":0.7699,"n_station_flow":0.0901,"n_clinic":0.4982,"n_zoning":0.5426,"n_noise":0.0323,"n_crowding":0.0406,"n_green":0.0,"demand":0.4892,"load":0.1408,"priority":0.2619,"host":"高井戸西児童館","host_kind":"児童館","host_ward":"杉並区","host_d":501,"f_welfare_n":28,"f_welfare_cap":226,"f_school_n":1,"f_clinic_n":2,"f_station_riders":13091,"f_station_dist":721,"f_noise_db":65.7,"f_station_name":"富士見ヶ丘","f_zoning_name":"第一種中高層住居専用地域"}},{"type":"Feature","geometry":{"type":"Polygon","coordinates":[[[139.66875,35.679167],[139.671875,35.679167],[139.671875,35.68125],[139.66875,35.68125],[139.66875,35.679167]]]},"properties":{"c":"5339451341","n_welfare_capacity":0.9991,"n_sped_school":0.9093,"n_station_flow":0.3812,"n_clinic":0.543,"n_zoning":0.7794,"n_noise":0.0422,"n_crowding":0.3953,"n_green":0.171,"demand":0.8396,"load":0.383,"priority":0.6323,"host":"笹塚こども図書館","host_kind":"図書館","host_ward":"渋谷区","host_d":176,"f_welfare_n":52,"f_welfare_cap":492,"f_school_n":1,"f_clinic_n":5,"f_station_riders":29965,"f_station_dist":772,"f_noise_db":66.0,"f_green_pct":0.4,"f_station_name":"幡ヶ谷","f_zoning_name":"第一種住居地域"}},{"type":"Feature","geometry":{"type":"Polygon","coordinates":[[[139.671875,35.679167],[139.675,35.679167],[139.675,35.68125],[139.671875,35.68125],[139.671875,35.679167]]]},"properties":{"c":"5339451342","n_welfare_capacity":0.9884,"n_sped_school":0.8884,"n_station_flow":0.2673,"n_clinic":0.5573,"n_zoning":0.7632,"n_noise":0.0233,"n_crowding":0.3953,"n_green":0.0815,"demand":0.7957,"load":0.3982,"priority":0.6287,"host":"笹塚こども図書館","host_kind":"図書館","host_ward":"渋谷区","host_d":366,"f_welfare_n":51,"f_welfare_cap":442,"f_school_n":1,"f_clinic_n":4,"f_station_riders":29965,"f_station_dist":545,"f_noise_db":65.5,"f_green_pct":0.2,"f_station_name":"幡ヶ谷","f_zoning_name":"第一種住居地域"}},{"type":"Feature","geometry":{"type":"Polygon","coordinates":[[[139.675,35.679167],[139.678125,35.679167],[139.678125,35.68125],[139.675,35.68125],[139.675,35.679167]]]},"properties":{"c":"5339451431","n_welfare_capacity":0.9364,"n_sped_school":0.8424,"n_station_flow":0.3366,"n_clinic":0.5995,"n_zoning":0.8825,"n_noise":0.0269,"n_crowding":0.6683,"n_green":0.1352,"demand":0.7912,"load":0.6063,"priority":0.7695,"host":"本町図書館","host_kind":"図書館","host_ward":"渋谷区","host_d":468,"f_welfare_n":59,"f_welfare_cap":502,"f_clinic_n":5,"f_station_riders":29965,"f_station_dist":397,"f_noise_db":65.6,"f_green_pct":0.3,"f_station_name":"幡ヶ谷","f_zoning_name":"第一種住居地域"}},{"type":"Feature","geometry":{"type":"Polygon","coordinates":[[[139.678125,35.679167],[139.68125,35.679167],[139.68125,35.68125],[139.678125,35.68125],[139.678125,35.679167]]]},"properties":{"c":"5339451432","n_welfare_capacity":0.8172,"n_sped_school":0.8354,"n_station_flow":0.3851,"n_clinic":0.6434,"n_zoning":0.8126,"n_noise":0.0556,"n_crowding":0.6683,"n_green":0.2028,"demand":0.7572,"load":0.5543,"priority":0.7256,"host":"本町図書館","host_kind":"図書館","host_ward":"渋谷区","host_d":191,"f_welfare_n":53,"f_welfare_cap":406,"f_school_n":1,"f_clinic_n":5,"f_station_riders":29965,"f_station_dist":422,"f_noise_db":66.2,"f_green_pct":0.4,"f_station_name":"幡ヶ谷","f_zoning_name":"第一種住居地域"}},{"type":"Feature","geometry":{"type":"Polygon","coordinates":[[[139.68125,35.679167],[139.684375,35.679167],[139.684375,35.68125],[139.68125,35.68125],[139.68125,35.679167]]]},"properties":{"c":"5339451441","n_welfare_capacity":0.7366,"n_sped_school":0.8271,"n_station_flow":0.5069,"n_clinic":0.7849,"n_zoning":0.9121,"n_noise":0.0583,"n_crowding":0.9725,"n_green":0.0,"demand":0.8073,"load":0.8143,"priority":0.8906,"host":"本町図書館","host_kind":"図書館","host_ward":"渋谷区","host_d":118,"f_welfare_n":43,"f_welfare_cap":305,"f_school_n":1,"f_clinic_n":6,"f_station_riders":59407,"f_station_dist":512,"f_noise_db":66.3,"f_station_name":"初台","f_zoning_name":"第一種住居地域"}},{"type":"Feature","geometry":{"type":"Polygon","coordinates":[[[139.684375,35.679167],[139.6875,35.679167],[139.6875,35.68125],[139.684375,35.68125],[139.684375,35.679167]]]},"properties":{"c":"5339451442","n_welfare_capacity":0.6066,"n_sped_school":0.7978,"n_station_flow":0.5881,"n_clinic":0.8647,"n_zoning":0.9453,"n_noise":0.0798,"n_crowding":0.9725,"n_green":0.0,"demand":0.7867,"load":0.8422,"priority":0.8924,"host":"本町図書館","host_kind":"図書館","host_ward":"渋谷区","host_d":390,"f_welfare_n":53,"f_welfare_cap":365,"f_school_n":1,"f_clinic_n":5,"f_station_riders":59407,"f_station_dist":250,"f_noise_db":66.7,"f_station_name":"初台","f_zoning_name":"商業地域"}},{"type":"Feature","geometry":{"type":"Polygon","coordinates":[[[139.6875,35.679167],[139.690625,35.679167],[139.690625,35.68125],[139.6875,35.68125],[139.6875,35.679167]]]},"properties":{"c":"5339451531","n_welfare_capacity":0.5708,"n_sped_school":0.6583,"n_station_flow":0.6406,"n_clinic":0.8916,"n_zoning":0.7857,"n_noise":0.1552,"n_crowding":0.9219,"n_green":0.0,"demand":0.7437,"load":0.7794,"priority":0.8368,"host":"代々木図書館","host_kind":"図書館","host_ward":"渋谷区","host_d":656,"f_welfare_n":42,"f_welfare_cap":290,"f_school_n":1,"f_clinic_n":6,"f_station_riders":59407,"f_station_dist":152,"f_noise_db":67.6,"f_station_name":"初台","f_zoning_name":"準住居地域"}},{"type":"Feature","geometry":{"type":"Polygon","coordinates":[[[139.690625,35.679167],[139.69375,35.679167],[139.69375,35.68125],[139.690625,35.68125],[139.690625,35.679167]]]},"properties":{"c":"5339451532","n_welfare_capacity":0.6398,"n_sped_school":0.6025,"n_station_flow":0.7109,"n_clinic":0.9113,"n_zoning":0.5659,"n_noise":0.2493,"n_crowding":0.9219,"n_green":0.5785,"demand":0.7948,"load":0.4897,"priority":0.7022,"host":"代々木図書館","host_kind":"図書館","host_ward":"渋谷区","host_d":395,"f_welfare_n":47,"f_welfare_cap":385,"f_school_n":1,"f_clinic_n":8,"f_station_riders":13182,"f_station_dist":218,"f_noise_db":68.1,"f_green_pct":1.9,"f_station_name":"参宮橋","f_zoning_name":"第二種低層住居専用地域"}},{"type":"Feature","geometry":{"type":"Polygon","coordinates":[[[139.69375,35.679167],[139.696875,35.679167],[139.696875,35.68125],[139.69375,35.68125],[139.69375,35.679167]]]},"properties":{"c":"5339451541","n_welfare_capacity":0.6989,"n_sped_school":0.523,"n_station_flow":0.7842,"n_clinic":0.9274,"n_zoning":0.7031,"n_noise":0.2717,"n_crowding":0.8371,"n_green":0.1312,"demand":0.8199,"load":0.7139,"priority":0.8413,"host":"代々木図書館","host_kind":"図書館","host_ward":"渋谷区","host_d":204,"f_welfare_n":54,"f_welfare_cap":450,"f_clinic_n":14,"f_station_riders":13182,"f_station_dist":237,"f_noise_db":68.2,"f_green_pct":0.3,"f_station_name":"参宮橋","f_zoning_name":"第二種中高層住居専用地域"}},{"type":"Feature","geometry":{"type":"Polygon","coordinates":[[[139.696875,35.679167],[139.7,35.679167],[139.7,35.68125],[139.696875,35.68125],[139.696875,35.679167]]]},"properties":{"c":"5339451542","n_welfare_capacity":0.8378,"n_sped_school":0.4142,"n_station_flow":0.9267,"n_clinic":0.9418,"n_zoning":0.6816,"n_noise":0.3901,"n_crowding":0.8371,"n_green":0.0,"demand":0.9041,"load":0.7973,"priority":0.9283,"host":"代々木図書館","host_kind":"図書館","host_ward":"渋谷区","host_d":296,"f_welfare_n":48,"f_welfare_cap":395,"f_clinic_n":14,"f_station_riders":3926,"f_station_dist":372,"f_noise_db":68.9,"f_station_name":"南新宿","f_zoning_name":"第二種中高層住居専用地域"}},{"type":"Feature","geometry":{"type":"Polygon","coordinates":[[[139.7,35.679167],[139.703125,35.679167],[139.703125,35.68125],[139.7,35.68125],[139.7,35.679167]]]},"properties":{"c":"5339451631","n_welfare_capacity":0.931,"n_sped_school":0.4826,"n_station_flow":0.9287,"n_clinic":0.9328,"n_zoning":0.8906,"n_noise":0.6332,"n_crowding":0.9553,"n_green":0.0,"demand":0.9767,"load":0.9767,"priority":0.9955,"host":"代々木図書館","host_kind":"図書館","host_ward":"渋谷区","host_d":542,"f_welfare_n":38,"f_welfare_cap":375,"f_clinic_n":12,"f_station_riders":23768,"f_station_dist":402,"f_noise_db":70.0,"f_station_name":"北参道","f_zoning_name":"第二種住居地域"}},{"type":"Feature","geometry":{"type":"Polygon","coordinates":[[[139.703125,35.679167],[139.70625,35.679167],[139.70625,35.68125],[139.703125,35.68125],[139.703125,35.679167]]]},"properties":{"c":"5339451632","n_welfare_capacity":0.9435,"n_sped_school":0.4505,"n_station_flow":0.9248,"n_clinic":0.9211,"n_zoning":0.9695,"n_noise":0.1749,"n_crowding":0.9553,"n_green":0.0,"demand":0.9704,"load":0.8762,"priority":0.9758,"host":"千駄ヶ谷出張所","host_kind":"出張所","host_ward":"渋谷区","host_d":131,"f_welfare_n":29,"f_welfare_cap":320,"f_clinic_n":9,"f_station_riders":23768,"f_station_dist":203,"f_noise_db":67.8,"f_station_name":"北参道","f_zoning_name":"商業地域"}},{"type":"Feature","geometry":{"type":"Polygon","coordinates":[[[139.70625,35.679167],[139.709375,35.679167],[139.709375,35.68125],[139.70625,35.68125],[139.70625,35.679167]]]},"properties":{"c":"5339451641","n_welfare_capacity":0.9328,"n_sped_school":0.4449,"n_station_flow":0.8228,"n_clinic":0.9122,"n_zoning":0.8915,"n_noise":0.0619,"n_crowding":0.894,"n_green":0.0,"demand":0.9104,"load":0.7776,"priority":0.922,"host":"千駄ヶ谷出張所","host_kind":"出張所","host_ward":"渋谷区","host_d":231,"f_welfare_n":21,"f_welfare_cap":225,"f_clinic_n":7,"f_station_riders":23768,"f_station_dist":284,"f_noise_db":66.4,"f_station_name":"北参道","f_zoning_name":"第二種住居地域"}},{"type":"Feature","geometry":{"type":"Polygon","coordinates":[[[139.709375,35.679167],[139.7125,35.679167],[139.7125,35.68125],[139.709375,35.68125],[139.709375,35.679167]]]},"properties":{"c":"5339451642","n_welfare_capacity":0.8396,"n_sped_school":0.2901,"n_station_flow":0.7812,"n_clinic":0.9059,"n_zoning":0.8206,"n_noise":0.0475,"n_crowding":0.894,"n_green":0.0,"demand":0.8029,"load":0.7336,"priority":0.8448,"host":"千駄ヶ谷出張所","host_kind":"出張所","host_ward":"渋谷区","host_d":500,"f_welfare_n":14,"f_welfare_cap":165,"f_clinic_n":6,"f_station_riders":34572,"f_station_dist":122,"f_noise_db":66.0,"f_station_name":"千駄ヶ谷","f_zoning_name":"第二種住居地域"}},{"type":"Feature","geometry":{"type":"Polygon","coordinates":[[[139.7125,35.679167],[139.715625,35.679167],[139.715625,35.68125],[139.7125,35.68125],[139.7125,35.679167]]]},"properties":{"c":"5339451731","n_welfare_capacity":0.7688,"n_sped_school":0.3891,"n_station_flow":0.7713,"n_clinic":0.897,"n_zoning":0.7274,"n_noise":0.0018,"n_crowding":0.8863,"n_green":0.0,"demand":0.7984,"load":0.6574,"priority":0.7937,"host":"信濃町子ども家庭支援センター","host_kind":"児童館","host_ward":"新宿区","host_d":659,"f_welfare_n":6,"f_welfare_cap":55,"f_clinic_n":5,"f_station_riders":13711,"f_station_dist":83,"f_noise_db":64.4,"f_station_name":"国立競技場","f_zoning_name":"第二種中高層住居専用地域"}},{"type":"Feature","geometry":{"type":"Polygon","coordinates":[[[139.5875,35.68125],[139.590625,35.68125],[139.590625,35.683333],[139.5875,35.683333],[139.5875,35.68125]]]},"properties":{"c":"5339441733","n_welfare_capacity":0.1156,"n_sped_school":0.7462,"n_station_flow":0.0317,"n_clinic":0.1362,"n_zoning":0.1175,"n_noise":0.2139,"n_crowding":0.1435,"n_green":0.0,"demand":0.2312,"load":0.0762,"priority":0.1193,"host":"東多世代交流センター","host_kind":"児童館","host_ward":"三鷹市","host_d":457,"f_welfare_n":9,"f_welfare_cap":110,"f_school_n":1,"f_clinic_n":2,"f_station_riders":19570,"f_station_dist":1083,"f_noise_db":68.0,"f_station_name":"三鷹台","f_zoning_name":"第一種低層住居専用地域"}},{"type":"Feature","geometry":{"type":"Polygon","coordinates":[[[139.671875,35.68125],[139.675,35.68125],[139.675,35.683333],[139.671875,35.683333],[139.671875,35.68125]]]},"properties":{"c":"5339451344","n_welfare_capacity":0.9892,"n_sped_school":0.9107,"n_station_flow":0.2158,"n_clinic":0.5224,"n_zoning":0.8072,"n_noise":0.0179,"n_crowding":0.3953,"n_green":0.5348,"demand":0.7679,"load":0.2475,"priority":0.4691,"host":"笹塚こども図書館","host_kind":"図書館","host_ward":"渋谷区","host_d":516,"f_welfare_n":56,"f_welfare_cap":492,"f_school_n":1,"f_clinic_n":4,"f_station_riders":29965,"f_station_dist":726,"f_noise_db":65.3,"f_green_pct":1.7,"f_station_name":"幡ヶ谷","f_zoning_name":"第一種中高層住居専用地域"}},{"type":"Feature","geometry":{"type":"Polygon","coordinates":[[[139.675,35.68125],[139.678125,35.68125],[139.678125,35.683333],[139.675,35.683333],[139.675,35.68125]]]},"properties":{"c":"5339451433","n_welfare_capacity":0.9525,"n_sped_school":0.894,"n_station_flow":0.2535,"n_clinic":0.5753,"n_zoning":0.8377,"n_noise":0.0287,"n_crowding":0.6683,"n_green":0.0,"demand":0.7706,"load":0.6368,"priority":0.7722,"host":"本町図書館","host_kind":"図書館","host_ward":"渋谷区","host_d":494,"f_welfare_n":45,"f_welfare_cap":361,"f_school_n":1,"f_clinic_n":5,"f_station_riders":29965,"f_station_dist":623,"f_noise_db":65.6,"f_station_name":"幡ヶ谷","f_zoning_name":"第一種住居地域"}},{"type":"Feature","geometry":{"type":"Polygon","coordinates":[[[139.678125,35.68125],[139.68125,35.68125],[139.68125,35.683333],[139.678125,35.683333],[139.678125,35.68125]]]},"properties":{"c":"5339451434","n_welfare_capacity":0.8728,"n_sped_school":0.8577,"n_station_flow":0.397,"n_clinic":0.6595,"n_zoning":0.852,"n_noise":0.0493,"n_crowding":0.6683,"n_green":0.0,"demand":0.8065,"load":0.652,"priority":0.7946,"host":"本町図書館","host_kind":"図書館","host_ward":"渋谷区","host_d":249,"f_welfare_n":46,"f_welfare_cap":381,"f_school_n":1,"f_clinic_n":6,"f_station_riders":29965,"f_station_dist":639,"f_noise_db":66.1,"f_station_name":"幡ヶ谷","f_zoning_name":"第一種住居地域"}},{"type":"Feature","geometry":{"type":"Polygon","coordinates":[[[139.68125,35.68125],[139.684375,35.68125],[139.684375,35.683333],[139.68125,35.683333],[139.68125,35.68125]]]},"properties":{"c":"5339451443","n_welfare_capacity":0.8029,"n_sped_school":0.8466,"n_station_flow":0.5099,"n_clinic":0.8262,"n_zoning":0.7919,"n_noise":0.0511,"n_crowding":0.9725,"n_green":0.0,"demand":0.8468,"load":0.7561,"priority":0.8798,"host":"本町図書館","host_kind":"図書館","host_ward":"渋谷区","host_d":199,"f_welfare_n":39,"f_welfare_cap":295,"f_school_n":1,"f_clinic_n":5,"f_station_riders":59407,"f_station_dist":503,"f_noise_db":66.1,"f_station_name":"初台","f_zoning_name":"第一種住居地域"}},{"type":"Feature","geometry":{"type":"Polygon","coordinates":[[[139.684375,35.68125],[139.6875,35.68125],[139.6875,35.683333],[139.684375,35.683333],[139.684375,35.68125]]]},"properties":{"c":"5339451444","n_welfare_capacity":0.767,"n_sped_school":0.8326,"n_station_flow":0.6485,"n_clinic":0.8826,"n_zoning":0.9803,"n_noise":0.0807,"n_crowding":0.9725,"n_green":0.0,"demand":0.8952,"load":0.852,"priority":0.9525,"host":"本町図書館","host_kind":"図書館","host_ward":"渋谷区","host_d":421,"f_welfare_n":51,"f_welfare_cap":355,"f_school_n":1,"f_clinic_n":5,"f_station_riders":59407,"f_station_dist":232,"f_noise_db":66.7,"f_station_name":"初台","f_zoning_name":"商業地域"}},{"type":"Feature","geometry":{"type":"Polygon","coordinates":[[[139.6875,35.68125],[139.690625,35.68125],[139.690625,35.683333],[139.6875,35.683333],[139.6875,35.68125]]]},"properties":{"c":"5339451533","n_welfare_capacity":0.7151,"n_sped_school":0.7238,"n_station_flow":0.6703,"n_clinic":0.9095,"n_zoning":0.9525,"n_noise":0.1776,"n_crowding":0.9219,"n_green":0.0,"demand":0.8459,"load":0.8574,"priority":0.9318,"host":"代々木図書館","host_kind":"図書館","host_ward":"渋谷区","host_d":627,"f_welfare_n":44,"f_welfare_cap":330,"f_school_n":1,"f_clinic_n":9,"f_station_riders":59407,"f_station_dist":120,"f_noise_db":67.8,"f_station_name":"初台","f_zoning_name":"商業地域"}},{"type":"Feature","geometry":{"type":"Polygon","coordinates":[[[139.690625,35.68125],[139.69375,35.68125],[139.69375,35.683333],[139.690625,35.683333],[139.690625,35.68125]]]},"properties":{"c":"5339451534","n_welfare_capacity":0.733,"n_sped_school":0.689,"n_station_flow":0.9228,"n_clinic":0.9346,"n_zoning":0.757,"n_noise":0.3265,"n_crowding":0.9219,"n_green":0.0,"demand":0.9606,"load":0.8377,"priority":0.9632,"host":"代々木図書館","host_kind":"図書館","host_ward":"渋谷区","host_d":345,"f_welfare_n":59,"f_welfare_cap":490,"f_school_n":1,"f_clinic_n":19,"f_station_riders":59407,"f_station_dist":368,"f_noise_db":68.6,"f_station_name":"初台","f_zoning_name":"第二種中高層住居専用地域"}},{"type":"Feature","geometry":{"type":"Polygon","coordinates":[[[139.69375,35.68125],[139.696875,35.68125],[139.696875,35.683333],[139.69375,35.683333],[139.69375,35.68125]]]},"properties":{"c":"5339451543","n_welfare_capacity":0.8127,"n_sped_school":0.5941,"n_station_flow":0.9356,"n_clinic":0.9677,"n_zoning":0.7247,"n_noise":0.3274,"n_crowding":0.8371,"n_green":0.0,"demand":0.9749,"load":0.7919,"priority":0.957,"host":"代々木図書館","host_kind":"図書館","host_ward":"渋谷区","host_d":70,"f_welfare_n":56,"f_welfare_cap":455,"f_school_n":1,"f_clinic_n":23,"f_station_riders":3926,"f_station_dist":333,"f_noise_db":68.6,"f_station_name":"南新宿","f_zoning_name":"第二種中高層住居専用地域"}},{"type":"Feature","geometry":{"type":"Polygon","coordinates":[[[139.696875,35.68125],[139.7,35.68125],[139.7,35.683333],[139.696875,35.683333],[139.696875,35.68125]]]},"properties":{"c":"5339451544","n_welfare_capacity":0.9391,"n_sped_school":0.4895,"n_station_flow":0.9515,"n_clinic":0.9821,"n_zoning":0.878,"n_noise":0.3668,"n_crowding":0.8371,"n_green":0.0,"demand":0.9901,"load":0.8735,"priority":0.9794,"host":"代々木図書館","host_kind":"図書館","host_ward":"渋谷区","host_d":225,"f_welfare_n":50,"f_welfare_cap":435,"f_clinic_n":26,"f_station_riders":3926,"f_station_dist":141,"f_noise_db":68.8,"f_station_name":"南新宿","f_zoning_name":"第二種中高層住居専用地域"}},{"type":"Feature","geometry":{"type":"Polygon","coordinates":[[[139.7,35.68125],[139.703125,35.68125],[139.703125,35.683333],[139.7,35.683333],[139.7,35.68125]]]},"properties":{"c":"5339451633","n_welfare_capacity":0.9695,"n_sped_school":0.3389,"n_station_flow":0.9525,"n_clinic":0.9785,"n_zoning":0.9614,"n_noise":0.5632,"n_crowding":0.9553,"n_green":0.0,"demand":0.9651,"load":0.9776,"priority":0.9919,"host":"代々木図書館","host_kind":"図書館","host_ward":"渋谷区","host_d":506,"f_welfare_n":36,"f_welfare_cap":335,"f_clinic_n":23,"f_station_riders":136902,"f_station_dist":177,"f_noise_db":69.7,"f_station_name":"代々木","f_zoning_name":"商業地域"}},{"type":"Feature","geometry":{"type":"Polygon","coordinates":[[[139.703125,35.68125],[139.70625,35.68125],[139.70625,35.683333],[139.703125,35.683333],[139.703125,35.68125]]]},"properties":{"c":"5339451634","n_welfare_capacity":0.9713,"n_sped_school":0.4435,"n_station_flow":0.9465,"n_clinic":0.9695,"n_zoning":0.9498,"n_noise":0.2933,"n_crowding":0.9553,"n_green":0.0,"demand":0.9892,"load":0.904,"priority":0.9848,"host":"千駄ヶ谷出張所","host_kind":"出張所","host_ward":"渋谷区","host_d":148,"f_welfare_n":31,"f_welfare_cap":285,"f_clinic_n":14,"f_station_riders":136902,"f_station_dist":279,"f_noise_db":68.4,"f_station_name":"代々木","f_zoning_name":"第二種住居地域"}},{"type":"Feature","geometry":{"type":"Polygon","coordinates":[[[139.70625,35.68125],[139.709375,35.68125],[139.709375,35.683333],[139.70625,35.683333],[139.70625,35.68125]]]},"properties":{"c":"5339451643","n_welfare_capacity":0.9624,"n_sped_school":0.3975,"n_station_flow":0.9337,"n_clinic":0.9427,"n_zoning":0.7901,"n_noise":0.1623,"n_crowding":0.894,"n_green":0.0,"demand":0.9695,"load":0.7686,"priority":0.9426,"host":"千駄ヶ谷出張所","host_kind":"出張所","host_ward":"渋谷区","host_d":241,"f_welfare_n":17,"f_welfare_cap":155,"f_clinic_n":11,"f_station_riders":34572,"f_station_dist":358,"f_noise_db":67.7,"f_station_name":"千駄ヶ谷","f_zoning_name":"第二種住居地域"}},{"type":"Feature","geometry":{"type":"Polygon","coordinates":[[[139.709375,35.68125],[139.7125,35.68125],[139.7125,35.683333],[139.709375,35.683333],[139.709375,35.68125]]]},"properties":{"c":"5339451644","n_welfare_capacity":0.9382,"n_sped_school":0.3794,"n_station_flow":0.8386,"n_clinic":0.9238,"n_zoning":0.5668,"n_noise":0.0861,"n_crowding":0.894,"n_green":0.0,"demand":0.8961,"load":0.6045,"priority":0.8063,"host":"千駄ヶ谷出張所","host_kind":"出張所","host_ward":"渋谷区","host_d":504,"f_welfare_n":19,"f_welfare_cap":205,"f_clinic_n":8,"f_station_riders":34572,"f_station_dist":133,"f_noise_db":66.9,"f_station_name":"千駄ヶ谷","f_zoning_name":"第一種中高層住居専用地域"}},{"type":"Feature","geometry":{"type":"Polygon","coordinates":[[[139.675,35.683333],[139.678125,35.683333],[139.678125,35.685417],[139.675,35.685417],[139.675,35.683333]]]},"properties":{"c":"5339452411","n_welfare_capacity":0.9668,"n_sped_school":0.9066,"n_station_flow":0.2703,"n_clinic":0.5582,"n_zoning":0.8493,"n_noise":0.0197,"n_crowding":0.2902,"n_green":0.505,"demand":0.793,"load":0.2359,"priority":0.4646,"host":"本町図書館","host_kind":"図書館","host_ward":"渋谷区","host_d":614,"f_welfare_n":36,"f_welfare_cap":360,"f_school_n":1,"f_clinic_n":5,"f_station_riders":20570,"f_station_dist":842,"f_noise_db":65.4,"f_green_pct":1.5,"f_station_name":"中野新橋","f_zoning_name":"第一種住居地域"}},{"type":"Feature","geometry":{"type":"Polygon","coordinates":[[[139.678125,35.683333],[139.68125,35.683333],[139.68125,35.685417],[139.678125,35.685417],[139.678125,35.683333]]]},"properties":{"c":"5339452412","n_welfare_capacity":0.9346,"n_sped_school":0.8745,"n_station_flow":0.3822,"n_clinic":0.6935,"n_zoning":0.7874,"n_noise":0.0484,"n_crowding":0.2902,"n_green":0.1431,"demand":0.8324,"load":0.3507,"priority":0.591,"host":"本町図書館","host_kind":"図書館","host_ward":"渋谷区","host_d":441,"f_welfare_n":34,"f_welfare_cap":265,"f_school_n":1,"f_clinic_n":4,"f_station_riders":32776,"f_station_dist":761,"f_noise_db":66.1,"f_green_pct":0.3,"f_station_name":"西新宿五丁目","f_zoning_name":"第一種住居地域"}},{"type":"Feature","geometry":{"type":"Polygon","coordinates":[[[139.68125,35.683333],[139.684375,35.683333],[139.684375,35.685417],[139.68125,35.685417],[139.68125,35.683333]]]},"properties":{"c":"5339452421","n_welfare_capacity":0.8925,"n_sped_school":0.8647,"n_station_flow":0.5723,"n_clinic":0.8557,"n_zoning":0.8547,"n_noise":0.07,"n_crowding":0.8236,"n_green":0.0,"demand":0.9337,"load":0.7327,"priority":0.9058,"host":"本町図書館","host_kind":"図書館","host_ward":"渋谷区","host_d":415,"f_welfare_n":34,"f_welfare_cap":260,"f_school_n":1,"f_clinic_n":5,"f_station_riders":59407,"f_station_dist":593,"f_noise_db":66.5,"f_station_name":"初台","f_zoning_name":"第一種住居地域"}},{"type":"Feature","geometry":{"type":"Polygon","coordinates":[[[139.690625,35.683333],[139.69375,35.683333],[139.69375,35.685417],[139.690625,35.685417],[139.690625,35.683333]]]},"properties":{"c":"5339452512","n_welfare_capacity":0.7912,"n_sped_school":0.7308,"n_station_flow":0.9366,"n_clinic":0.9668,"n_zoning":0.9578,"n_noise":0.4565,"n_crowding":0.9702,"n_green":0.0,"demand":0.9928,"load":0.965,"priority":0.9973,"host":"代々木図書館","host_kind":"図書館","host_ward":"渋谷区","host_d":435,"f_welfare_n":55,"f_welfare_cap":445,"f_school_n":1,"f_clinic_n":25,"f_station_riders":59407,"f_station_dist":483,"f_noise_db":69.5,"f_station_name":"初台","f_zoning_name":"商業地域"}},{"type":"Feature","geometry":{"type":"Polygon","coordinates":[[[139.69375,35.683333],[139.696875,35.683333],[139.696875,35.685417],[139.69375,35.685417],[139.69375,35.683333]]]},"properties":{"c":"5339452521","n_welfare_capacity":0.9032,"n_sped_school":0.6597,"n_station_flow":0.9604,"n_clinic":0.9928,"n_zoning":0.913,"n_noise":0.4063,"n_crowding":0.9833,"n_green":0.0,"demand":0.9982,"load":0.9363,"priority":0.991,"host":"代々木図書館","host_kind":"図書館","host_ward":"渋谷区","host_d":274,"f_welfare_n":48,"f_welfare_cap":395,"f_school_n":1,"f_clinic_n":25,"f_station_riders":3926,"f_station_dist":315,"f_noise_db":69.1,"f_station_name":"南新宿","f_zoning_name":"第二種中高層住居専用地域"}},{"type":"Feature","geometry":{"type":"Polygon","coordinates":[[[139.696875,35.683333],[139.7,35.683333],[139.7,35.685417],[139.696875,35.685417],[139.696875,35.683333]]]},"properties":{"c":"5339452522","n_welfare_capacity":0.9552,"n_sped_school":0.5342,"n_station_flow":0.9723,"n_clinic":0.9946,"n_zoning":0.9076,"n_noise":0.3623,"n_crowding":0.9833,"n_green":0.0,"demand":0.9964,"load":0.922,"priority":0.9874,"host":"代々木図書館","host_kind":"図書館","host_ward":"渋谷区","host_d":347,"f_welfare_n":46,"f_welfare_cap":415,"f_school_n":1,"f_clinic_n":26,"f_station_riders":3926,"f_station_dist":93,"f_noise_db":68.7,"f_station_name":"南新宿","f_zoning_name":"第二種住居地域"}},{"type":"Feature","geometry":{"type":"Polygon","coordinates":[[[139.7,35.683333],[139.703125,35.683333],[139.703125,35.685417],[139.7,35.685417],[139.7,35.683333]]]},"properties":{"c":"5339452611","n_welfare_capacity":0.9722,"n_sped_school":0.3905,"n_station_flow":0.9772,"n_clinic":0.9955,"n_zoning":0.9839,"n_noise":0.4027,"n_crowding":0.9797,"n_green":0.0,"demand":0.9884,"load":0.9605,"priority":0.9928,"host":"代々木図書館","host_kind":"図書館","host_ward":"渋谷区","host_d":571,"f_welfare_n":36,"f_welfare_cap":335,"f_clinic_n":26,"f_station_riders":136902,"f_station_dist":87,"f_noise_db":69.0,"f_station_name":"代々木","f_zoning_name":"商業地域"}},{"type":"Feature","geometry":{"type":"Polygon","coordinates":[[[139.703125,35.683333],[139.70625,35.683333],[139.70625,35.685417],[139.703125,35.685417],[139.703125,35.683333]]]},"properties":{"c":"5339452612","n_welfare_capacity":0.9901,"n_sped_school":0.4226,"n_station_flow":0.9683,"n_clinic":0.9937,"n_zoning":0.9291,"n_noise":0.5883,"n_crowding":0.9797,"n_green":0.0,"demand":0.9919,"load":0.9821,"priority":1.0,"host":"千駄ヶ谷出張所","host_kind":"出張所","host_ward":"渋谷区","host_d":365,"f_welfare_n":39,"f_welfare_cap":399,"f_clinic_n":26,"f_station_riders":136902,"f_station_dist":233,"f_noise_db":69.9,"f_station_name":"代々木","f_zoning_name":"商業地域"}},{"type":"Feature","geometry":{"type":"Polygon","coordinates":[[[139.675,35.685417],[139.678125,35.685417],[139.678125,35.6875],[139.675,35.6875],[139.675,35.685417]]]},"properties":{"c":"5339452413","n_welfare_capacity":0.9821,"n_sped_school":0.9135,"n_station_flow":0.2901,"n_clinic":0.5762,"n_zoning":0.8278,"n_noise":0.0161,"n_crowding":0.2902,"n_green":0.0,"demand":0.8127,"load":0.4152,"priority":0.6475,"host":"本町区民会館","host_kind":"区民センター","host_ward":"渋谷区","host_d":373,"f_welfare_n":43,"f_welfare_cap":366,"f_school_n":1,"f_clinic_n":4,"f_station_riders":20570,"f_station_dist":623,"f_noise_db":65.2,"f_station_name":"中野新橋","f_zoning_name":"第一種中高層住居専用地域"}},{"type":"Feature","geometry":{"type":"Polygon","coordinates":[[[139.678125,35.685417],[139.68125,35.685417],[139.68125,35.6875],[139.678125,35.6875],[139.678125,35.685417]]]},"properties":{"c":"5339452414","n_welfare_capacity":0.9588,"n_sped_school":0.8842,"n_station_flow":0.396,"n_clinic":0.7151,"n_zoning":0.8511,"n_noise":0.0457,"n_crowding":0.2902,"n_green":0.0,"demand":0.8638,"load":0.4457,"priority":0.6915,"host":"本町図書館","host_kind":"図書館","host_ward":"渋谷区","host_d":659,"f_welfare_n":34,"f_welfare_cap":266,"f_school_n":1,"f_clinic_n":5,"f_station_riders":32776,"f_station_dist":591,"f_noise_db":66.0,"f_station_name":"西新宿五丁目","f_zoning_name":"第一種住居地域"}},{"type":"Feature","geometry":{"type":"Polygon","coordinates":[[[139.68125,35.685417],[139.684375,35.685417],[139.684375,35.6875],[139.68125,35.6875],[139.68125,35.685417]]]},"properties":{"c":"5339452423","n_welfare_capacity":0.9471,"n_sped_school":0.8717,"n_station_flow":0.6436,"n_clinic":0.8629,"n_zoning":0.8583,"n_noise":0.087,"n_crowding":0.8236,"n_green":0.0,"demand":0.9866,"load":0.7444,"priority":0.9381,"host":"本町図書館","host_kind":"図書館","host_ward":"渋谷区","host_d":642,"f_welfare_n":37,"f_welfare_cap":280,"f_school_n":1,"f_clinic_n":3,"f_station_riders":32776,"f_station_dist":417,"f_noise_db":66.9,"f_station_name":"西新宿五丁目","f_zoning_name":"第一種住居地域"}},{"type":"Feature","geometry":{"type":"Polygon","coordinates":[[[139.69375,35.685417],[139.696875,35.685417],[139.696875,35.6875],[139.69375,35.6875],[139.69375,35.685417]]]},"properties":{"c":"5339452523","n_welfare_capacity":0.9292,"n_sped_school":0.696,"n_station_flow":0.9792,"n_clinic":0.9964,"n_zoning":0.9951,"n_noise":0.4,"n_crowding":0.9833,"n_green":0.0,"demand":1.0,"load":0.9623,"priority":0.9991,"host":"代々木図書館","host_kind":"図書館","host_ward":"渋谷区","host_d":502,"f_welfare_n":39,"f_welfare_cap":335,"f_school_n":1,"f_clinic_n":27,"f_station_riders":3926,"f_station_dist":442,"f_noise_db":69.0,"f_station_name":"南新宿","f_zoning_name":"商業地域"}},{"type":"Feature","geometry":{"type":"Polygon","coordinates":[[[139.696875,35.685417],[139.7,35.685417],[139.7,35.6875],[139.696875,35.6875],[139.696875,35.685417]]]},"properties":{"c":"5339452524","n_welfare_capacity":0.9651,"n_sped_school":0.5649,"n_station_flow":0.9911,"n_clinic":0.9982,"n_zoning":0.9951,"n_noise":0.357,"n_crowding":0.9833,"n_green":0.0,"demand":0.9991,"load":0.9525,"priority":0.9946,"host":"代々木図書館","host_kind":"図書館","host_ward":"渋谷区","host_d":545,"f_welfare_n":46,"f_welfare_cap":415,"f_school_n":1,"f_clinic_n":31,"f_station_riders":3926,"f_station_dist":323,"f_noise_db":68.7,"f_station_name":"南新宿","f_zoning_name":"商業地域"}},{"type":"Feature","geometry":{"type":"Polygon","coordinates":[[[139.7,35.685417],[139.703125,35.685417],[139.703125,35.6875],[139.7,35.6875],[139.7,35.685417]]]},"properties":{"c":"5339452613","n_welfare_capacity":0.983,"n_sped_school":0.4254,"n_station_flow":0.9931,"n_clinic":0.9991,"n_zoning":0.9951,"n_noise":0.4045,"n_crowding":0.9797,"n_green":0.0,"demand":0.9937,"load":0.9641,"priority":0.9964,"host":"千駄ヶ谷出張所","host_kind":"出張所","host_ward":"渋谷区","host_d":690,"f_welfare_n":35,"f_welfare_cap":340,"f_clinic_n":36,"f_station_riders":136902,"f_station_dist":301,"f_noise_db":69.1,"f_station_name":"代々木","f_zoning_name":"商業地域"}},{"type":"Feature","geometry":{"type":"Polygon","coordinates":[[[139.703125,35.685417],[139.70625,35.685417],[139.70625,35.6875],[139.703125,35.6875],[139.703125,35.685417]]]},"properties":{"c":"5339452614","n_welfare_capacity":0.9946,"n_sped_school":0.2552,"n_station_flow":0.9832,"n_clinic":0.9973,"n_zoning":0.8987,"n_noise":0.4538,"n_crowding":0.9797,"n_green":0.0,"demand":0.9615,"load":0.9471,"priority":0.9865,"host":"千駄ヶ谷出張所","host_kind":"出張所","host_ward":"渋谷区","host_d":593,"f_welfare_n":51,"f_welfare_cap":541,"f_clinic_n":35,"f_station_riders":136902,"f_station_dist":371,"f_noise_db":69.5,"f_station_name":"代々木","f_zoning_name":"第一種中高層住居専用地域"}},{"type":"Feature","geometry":{"type":"Polygon","coordinates":[[[139.678125,35.6875],[139.68125,35.6875],[139.68125,35.689583],[139.678125,35.689583],[139.678125,35.6875]]]},"properties":{"c":"5339452432","n_welfare_capacity":0.9866,"n_sped_school":0.8815,"n_station_flow":0.6158,"n_clinic":0.7455,"n_zoning":0.8816,"n_noise":0.0395,"n_crowding":0.7103,"n_green":0.2068,"demand":0.9758,"load":0.6081,"priority":0.8466,"host":"本町出張所","host_kind":"出張所","host_ward":"渋谷区","host_d":212,"f_welfare_n":36,"f_welfare_cap":281,"f_school_n":1,"f_clinic_n":4,"f_station_riders":32776,"f_station_dist":475,"f_noise_db":65.9,"f_green_pct":0.4,"f_station_name":"西新宿五丁目","f_zoning_name":"第一種中高層住居専用地域"}},{"type":"Feature","geometry":{"type":"Polygon","coordinates":[[[139.68125,35.6875],[139.684375,35.6875],[139.684375,35.689583],[139.68125,35.689583],[139.68125,35.6875]]]},"properties":{"c":"5339452441","n_welfare_capacity":0.9633,"n_sped_school":0.8703,"n_station_flow":0.7208,"n_clinic":0.8701,"n_zoning":0.957,"n_noise":0.0691,"n_crowding":0.8912,"n_green":0.0,"demand":0.9955,"load":0.8108,"priority":0.965,"host":"本町出張所","host_kind":"出張所","host_ward":"渋谷区","host_d":273,"f_welfare_n":29,"f_welfare_cap":226,"f_school_n":1,"f_clinic_n":5,"f_station_riders":32776,"f_station_dist":225,"f_noise_db":66.5,"f_station_name":"西新宿五丁目","f_zoning_name":"商業地域"}},{"type":"Feature","geometry":{"type":"Polygon","coordinates":[[[139.7,35.6875],[139.703125,35.6875],[139.703125,35.689583],[139.7,35.689583],[139.7,35.6875]]]},"properties":{"c":"5339452631","n_welfare_capacity":0.9848,"n_sped_school":0.4379,"n_station_flow":1.0,"n_clinic":1.0,"n_zoning":0.9951,"n_noise":0.4126,"n_crowding":0.9928,"n_green":0.0,"demand":0.9946,"load":0.9659,"priority":0.9982,"f_welfare_n":42,"f_welfare_cap":429,"f_clinic_n":41,"f_station_riders":2713386,"f_station_dist":202,"f_noise_db":69.1,"f_station_name":"新宿","f_zoning_name":"商業地域"}},{"type":"Feature","geometry":{"type":"Polygon","coordinates":[[[139.68125,35.689583],[139.684375,35.689583],[139.684375,35.691667],[139.68125,35.691667],[139.68125,35.689583]]]},"properties":{"c":"5339452443","n_welfare_capacity":0.9767,"n_sped_school":0.8633,"n_station_flow":0.7644,"n_clinic":0.8674,"n_zoning":0.8762,"n_noise":0.0466,"n_crowding":0.8912,"n_green":0.5229,"demand":0.9973,"load":0.5812,"priority":0.8359,"host":"本町出張所","host_kind":"出張所","host_ward":"渋谷区","host_d":466,"f_welfare_n":40,"f_welfare_cap":371,"f_school_n":1,"f_clinic_n":7,"f_station_riders":32776,"f_station_dist":186,"f_noise_db":66.0,"f_green_pct":1.6,"f_station_name":"西新宿五丁目","f_zoning_name":"第一種住居地域"}}]}