{"type":"FeatureCollection","features":[{"type":"Feature","geometry":{"type":"Point","coordinates":[139.770309,35.694522]},"properties":{"name":"千代田区神田須田町1丁目26","laeq_db":65.0,"years":"2019・2024","n_years":2,"survey":"常時監視","layer":"noise","source":"令和元〜5年度 自動車交通騒音 常時監視・要請限度測定地点（東京都環境局） / 自動車騒音の常時監視結果（環境GIS＋・国立環境研究所）","x":-5703.77,"y":-33889.45}},{"type":"Feature","geometry":{"type":"Point","coordinates":[139.747292,35.701333]},"properties":{"name":"千代田区飯田橋3丁目5-1","laeq_db":69.5,"years":"2019・2024","n_years":2,"survey":"常時監視","layer":"noise","source":"令和元〜5年度 自動車交通騒音 常時監視・要請限度測定地点（東京都環境局） / 自動車騒音の常時監視結果（環境GIS＋・国立環境研究所）","x":-7786.17,"y":-33132.24}},{"type":"Feature","geometry":{"type":"Point","coordinates":[139.754091,35.672764]},"properties":{"name":"千代田区日比谷公園1ｰ5","laeq_db":64.0,"years":"2019・2024","n_years":2,"survey":"常時監視","layer":"noise","source":"令和元〜5年度 自動車交通騒音 常時監視・要請限度測定地点（東京都環境局） / 自動車騒音の常時監視結果（環境GIS＋・国立環境研究所）","x":-7173.46,"y":-36302.26}},{"type":"Feature","geometry":{"type":"Point","coordinates":[139.767855,35.692728]},"properties":{"name":"千代田区神田司町2丁目2-5","laeq_db":66.0,"years":"2019・2024","n_years":2,"survey":"常時監視","layer":"noise","source":"令和元〜5年度 自動車交通騒音 常時監視・要請限度測定地点（東京都環境局） / 自動車騒音の常時監視結果（環境GIS＋・国立環境研究所）","x":-5925.99,"y":-34088.33}},{"type":"Feature","geometry":{"type":"Point","coordinates":[139.761758,35.693146]},"properties":{"name":"千代田区神田錦町3丁目12-10","laeq_db":65.0,"years":"2019","n_years":1,"survey":"常時監視","layer":"noise","source":"令和元〜5年度 自動車交通騒音 常時監視・要請限度測定地点（東京都環境局）","x":-6477.76,"y":-34041.58}},{"type":"Feature","geometry":{"type":"Point","coordinates":[139.786581,35.694462]},"properties":{"name":"中央区東日本橋2丁目24","laeq_db":68.5,"years":"2019・2024","n_years":2,"survey":"常時監視","layer":"noise","source":"令和元〜5年度 自動車交通騒音 常時監視・要請限度測定地点（東京都環境局） / 自動車騒音の常時監視結果（環境GIS＋・国立環境研究所）","x":-4231.14,"y":-33896.93}},{"type":"Feature","geometry":{"type":"Point","coordinates":[139.77957,35.656455]},"properties":{"name":"中央区晴海3丁目1","laeq_db":64.1,"years":"2019・2020・2021・2022・2023・2024","n_years":6,"survey":"常時監視・要請限度","layer":"noise","source":"令和元〜5年度 自動車交通騒音 常時監視・要請限度測定地点（東京都環境局） / 自動車騒音の常時監視結果（環境GIS＋・国立環境研究所）","x":-4867.95,"y":-38113.17}},{"type":"Feature","geometry":{"type":"Point","coordinates":[139.76361,35.665848]},"properties":{"name":"中央区銀座8丁目16","laeq_db":70.0,"years":"2019","n_years":1,"survey":"常時監視","layer":"noise","source":"令和元〜5年度 自動車交通騒音 常時監視・要請限度測定地点（東京都環境局）","x":-6312.3,"y":-37070.19}},{"type":"Feature","geometry":{"type":"Point","coordinates":[139.782394,35.674419]},"properties":{"name":"中央区新川2丁目23","laeq_db":64.0,"years":"2019・2024","n_years":2,"survey":"常時監視","layer":"noise","source":"令和元〜5年度 自動車交通騒音 常時監視・要請限度測定地点（東京都環境局） / 自動車騒音の常時監視結果（環境GIS＋・国立環境研究所）","x":-4611.22,"y":-36120.35}},{"type":"Feature","geometry":{"type":"Point","coordinates":[139.78474,35.693386]},"properties":{"name":"中央区日本橋横山町9","laeq_db":61.0,"years":"2019","n_years":1,"survey":"常時監視","layer":"noise","source":"令和元〜5年度 自動車交通騒音 常時監視・要請限度測定地点（東京都環境局）","x":-4397.81,"y":-34016.22}},{"type":"Feature","geometry":{"type":"Point","coordinates":[139.780197,35.676252]},"properties":{"name":"中央区新川2丁目4","laeq_db":66.0,"years":"2019・2024","n_years":2,"survey":"常時監視","layer":"noise","source":"令和元〜5年度 自動車交通騒音 常時監視・要請限度測定地点（東京都環境局） / 自動車騒音の常時監視結果（環境GIS＋・国立環境研究所）","x":-4809.99,"y":-35916.89}},{"type":"Feature","geometry":{"type":"Point","coordinates":[139.770292,35.675703]},"properties":{"name":"中央区京橋3丁目7","laeq_db":66.0,"years":"2019","n_years":1,"survey":"常時監視","layer":"noise","source":"令和元〜5年度 自動車交通騒音 常時監視・要請限度測定地点（東京都環境局）","x":-5706.65,"y":-35977.27}},{"type":"Feature","geometry":{"type":"Point","coordinates":[139.787256,35.659388]},"properties":{"name":"中央区晴海1丁目3","laeq_db":60.0,"years":"2019・2024","n_years":2,"survey":"常時監視","layer":"noise","source":"令和元〜5年度 自動車交通騒音 常時監視・要請限度測定地点（東京都環境局） / 自動車騒音の常時監視結果（環境GIS＋・国立環境研究所）","x":-4171.88,"y":-37788.14}},{"type":"Feature","geometry":{"type":"Point","coordinates":[139.750963,35.653734]},"properties":{"name":"港区芝公園2丁目12","laeq_db":64.0,"years":"2019・2024","n_years":2,"survey":"常時監視","layer":"noise","source":"令和元〜5年度 自動車交通騒音 常時監視・要請限度測定地点（東京都環境局） / 自動車騒音の常時監視結果（環境GIS＋・国立環境研究所）","x":-7458.4,"y":-38413.25}},{"type":"Feature","geometry":{"type":"Point","coordinates":[139.740521,35.655025]},"properties":{"name":"港区三田1丁目2","laeq_db":68.0,"years":"2019","n_years":1,"survey":"常時監視","layer":"noise","source":"令和元〜5年度 自動車交通騒音 常時監視・要請限度測定地点（東京都環境局）","x":-8403.76,"y":-38269.18}},{"type":"Feature","geometry":{"type":"Point","coordinates":[139.757454,35.638153]},"properties":{"name":"港区海岸3丁目33","laeq_db":67.0,"years":"2019","n_years":1,"survey":"常時監視","layer":"noise","source":"令和元〜5年度 自動車交通騒音 常時監視・要請限度測定地点（東京都環境局）","x":-6871.99,"y":-40142.3}},{"type":"Feature","geometry":{"type":"Point","coordinates":[139.756654,35.661646]},"properties":{"name":"港区東新橋2丁目7","laeq_db":71.0,"years":"2019","n_years":1,"survey":"常時監視","layer":"noise","source":"令和元〜5年度 自動車交通騒音 常時監視・要請限度測定地点（東京都環境局）","x":-6942.41,"y":-37535.9}},{"type":"Feature","geometry":{"type":"Point","coordinates":[139.737762,35.634586]},"properties":{"name":"港区高輪2丁目13","laeq_db":70.0,"years":"2019・2020・2021・2022・2023・2024","n_years":6,"survey":"常時監視・要請限度","layer":"noise","source":"令和元〜5年度 自動車交通騒音 常時監視・要請限度測定地点（東京都環境局） / 自動車騒音の常時監視結果（環境GIS＋・国立環境研究所）","x":-8655.78,"y":-40536.48}},{"type":"Feature","geometry":{"type":"Point","coordinates":[139.728297,35.643764]},"properties":{"name":"港区白金4丁目2","laeq_db":66.0,"years":"2019","n_years":1,"survey":"常時監視","layer":"noise","source":"令和元〜5年度 自動車交通騒音 常時監視・要請限度測定地点（東京都環境局）","x":-9511.92,"y":-39517.38}},{"type":"Feature","geometry":{"type":"Point","coordinates":[139.750119,35.651023]},"properties":{"name":"港区芝2丁目21","laeq_db":66.0,"years":"2019","n_years":1,"survey":"常時監視","layer":"noise","source":"令和元〜5年度 自動車交通騒音 常時監視・要請限度測定地点（東京都環境局）","x":-7535.07,"y":-38713.95}},{"type":"Feature","geometry":{"type":"Point","coordinates":[139.7472,35.641982]},"properties":{"name":"港区芝浦3丁目20","laeq_db":68.0,"years":"2019・2024","n_years":2,"survey":"常時監視","layer":"noise","source":"令和元〜5年度 自動車交通騒音 常時監視・要請限度測定地点（東京都環境局） / 自動車騒音の常時監視結果（環境GIS＋・国立環境研究所）","x":-7800.27,"y":-39716.74}},{"type":"Feature","geometry":{"type":"Point","coordinates":[139.72473,35.647203]},"properties":{"name":"港区南麻布4丁目12","laeq_db":69.0,"years":"2019","n_years":1,"survey":"常時監視","layer":"noise","source":"令和元〜5年度 自動車交通騒音 常時監視・要請限度測定地点（東京都環境局）","x":-9834.52,"y":-39135.5}},{"type":"Feature","geometry":{"type":"Point","coordinates":[139.751623,35.652688]},"properties":{"name":"港区芝2丁目5","laeq_db":62.5,"years":"2019・2024","n_years":2,"survey":"常時監視","layer":"noise","source":"令和元〜5年度 自動車交通騒音 常時監視・要請限度測定地点（東京都環境局） / 自動車騒音の常時監視結果（環境GIS＋・国立環境研究所）","x":-7398.73,"y":-38529.35}},{"type":"Feature","geometry":{"type":"Point","coordinates":[139.744312,35.62847]},"properties":{"name":"港区港南2丁目4","laeq_db":64.0,"years":"2019","n_years":1,"survey":"常時監視","layer":"noise","source":"令和元〜5年度 自動車交通騒音 常時監視・要請限度測定地点（東京都環境局）","x":-8063.17,"y":-41215.55}},{"type":"Feature","geometry":{"type":"Point","coordinates":[139.696033,35.710636]},"properties":{"name":"新宿区高田馬場4丁目39","laeq_db":67.0,"years":"2019","n_years":1,"survey":"常時監視","layer":"noise","source":"令和元〜5年度 自動車交通騒音 常時監視・要請限度測定地点（東京都環境局）","x":-12423.33,"y":-32094.87}},{"type":"Feature","geometry":{"type":"Point","coordinates":[139.713111,35.708103]},"properties":{"name":"新宿区西早稲田2丁目12","laeq_db":66.0,"years":"2019・2024","n_years":2,"survey":"常時監視","layer":"noise","source":"令和元〜5年度 自動車交通騒音 常時監視・要請限度測定地点（東京都環境局） / 自動車騒音の常時監視結果（環境GIS＋・国立環境研究所）","x":-10878.41,"y":-32377.91}},{"type":"Feature","geometry":{"type":"Point","coordinates":[139.720294,35.683078]},"properties":{"name":"新宿区信濃町20","laeq_db":68.0,"years":"2019・2024","n_years":2,"survey":"常時監視","layer":"noise","source":"令和元〜5年度 自動車交通騒音 常時監視・要請限度測定地点（東京都環境局） / 自動車騒音の常時監視結果（環境GIS＋・国立環境研究所）","x":-10231.64,"y":-35155.01}},{"type":"Feature","geometry":{"type":"Point","coordinates":[139.735873,35.692955]},"properties":{"name":"新宿区市谷田町1丁目10","laeq_db":66.5,"years":"2019・2024","n_years":2,"survey":"常時監視","layer":"noise","source":"令和元〜5年度 自動車交通騒音 常時監視・要請限度測定地点（東京都環境局） / 自動車騒音の常時監視結果（環境GIS＋・国立環境研究所）","x":-8820.44,"y":-34060.75}},{"type":"Feature","geometry":{"type":"Point","coordinates":[139.722621,35.679089]},"properties":{"name":"新宿区南元町13","laeq_db":63.0,"years":"2019・2024","n_years":2,"survey":"常時監視","layer":"noise","source":"令和元〜5年度 自動車交通騒音 常時監視・要請限度測定地点（東京都環境局） / 自動車騒音の常時監視結果（環境GIS＋・国立環境研究所）","x":-10021.52,"y":-35597.8}},{"type":"Feature","geometry":{"type":"Point","coordinates":[139.687478,35.68602]},"properties":{"name":"新宿区西新宿4丁目35","laeq_db":66.0,"years":"2019・2024","n_years":2,"survey":"常時監視","layer":"noise","source":"令和元〜5年度 自動車交通騒音 常時監視・要請限度測定地点（東京都環境局） / 自動車騒音の常時監視結果（環境GIS＋・国立環境研究所）","x":-13201.47,"y":-34824.71}},{"type":"Feature","geometry":{"type":"Point","coordinates":[139.752895,35.721648]},"properties":{"name":"文京区白山1丁目37","laeq_db":64.0,"years":"2019","n_years":1,"survey":"常時監視","layer":"noise","source":"令和元〜5年度 自動車交通騒音 常時監視・要請限度測定地点（東京都環境局）","x":-7277.29,"y":-30878.87}},{"type":"Feature","geometry":{"type":"Point","coordinates":[139.751683,35.720893]},"properties":{"name":"文京区白山5丁目36","laeq_db":64.0,"years":"2019・2024","n_years":2,"survey":"常時監視","layer":"noise","source":"令和元〜5年度 自動車交通騒音 常時監視・要請限度測定地点（東京都環境局） / 自動車騒音の常時監視結果（環境GIS＋・国立環境研究所）","x":-7387.01,"y":-30962.54}},{"type":"Feature","geometry":{"type":"Point","coordinates":[139.759168,35.725226]},"properties":{"name":"文京区千駄木5丁目4","laeq_db":63.5,"years":"2019・2024","n_years":2,"survey":"常時監視","layer":"noise","source":"令和元〜5年度 自動車交通騒音 常時監視・要請限度測定地点（東京都環境局） / 自動車騒音の常時監視結果（環境GIS＋・国立環境研究所）","x":-6709.47,"y":-30482.37}},{"type":"Feature","geometry":{"type":"Point","coordinates":[139.752426,35.728421]},"properties":{"name":"文京区本駒込3丁目22","laeq_db":65.0,"years":"2019・2024","n_years":2,"survey":"常時監視","layer":"noise","source":"令和元〜5年度 自動車交通騒音 常時監視・要請限度測定地点（東京都環境局） / 自動車騒音の常時監視結果（環境GIS＋・国立環境研究所）","x":-7319.1,"y":-30127.42}},{"type":"Feature","geometry":{"type":"Point","coordinates":[139.762282,35.73048]},"properties":{"name":"文京区千駄木3丁目50","laeq_db":67.0,"years":"2019・2024","n_years":2,"survey":"常時監視","layer":"noise","source":"令和元〜5年度 自動車交通騒音 常時監視・要請限度測定地点（東京都環境局） / 自動車騒音の常時監視結果（環境GIS＋・国立環境研究所）","x":-6427.34,"y":-29899.68}},{"type":"Feature","geometry":{"type":"Point","coordinates":[139.755515,35.726937]},"properties":{"name":"文京区本駒込3丁目8","laeq_db":61.5,"years":"2019・2024","n_years":2,"survey":"常時監視","layer":"noise","source":"令和元〜5年度 自動車交通騒音 常時監視・要請限度測定地点（東京都環境局） / 自動車騒音の常時監視結果（環境GIS＋・国立環境研究所）","x":-7039.79,"y":-30292.29}},{"type":"Feature","geometry":{"type":"Point","coordinates":[139.803406,35.728243]},"properties":{"name":"台東区清川2丁目25","laeq_db":67.5,"years":"2019・2024","n_years":2,"survey":"常時監視・要請限度","layer":"noise","source":"令和元〜5年度 自動車交通騒音 常時監視・要請限度測定地点（東京都環境局） / 自動車騒音の常時監視結果（環境GIS＋・国立環境研究所）","x":-2707.32,"y":-30149.77}},{"type":"Feature","geometry":{"type":"Point","coordinates":[139.785778,35.701958]},"properties":{"name":"台東区鳥越2丁目4","laeq_db":71.5,"years":"2019・2024","n_years":2,"survey":"常時監視・要請限度","layer":"noise","source":"令和元〜5年度 自動車交通騒音 常時監視・要請限度測定地点（東京都環境局） / 自動車騒音の常時監視結果（環境GIS＋・国立環境研究所）","x":-4303.41,"y":-33065.27}},{"type":"Feature","geometry":{"type":"Point","coordinates":[139.768692,35.712291]},"properties":{"name":"台東区上野公園2","laeq_db":62.4,"years":"2019・2024","n_years":2,"survey":"常時監視・要請限度","layer":"noise","source":"令和元〜5年度 自動車交通騒音 常時監視・要請限度測定地点（東京都環境局） / 自動車騒音の常時監視結果（環境GIS＋・国立環境研究所）","x":-5848.81,"y":-31918.02}},{"type":"Feature","geometry":{"type":"Point","coordinates":[139.794202,35.710691]},"properties":{"name":"台東区雷門1丁目13","laeq_db":65.4,"years":"2019・2024","n_years":2,"survey":"常時監視・要請限度","layer":"noise","source":"令和元〜5年度 自動車交通騒音 常時監視・要請限度測定地点（東京都環境局） / 自動車騒音の常時監視結果（環境GIS＋・国立環境研究所）","x":-3540.71,"y":-32096.75}},{"type":"Feature","geometry":{"type":"Point","coordinates":[139.806832,35.700995]},"properties":{"name":"墨田区石原4丁目26","laeq_db":68.0,"years":"2019・2024","n_years":2,"survey":"常時監視","layer":"noise","source":"令和元〜5年度 自動車交通騒音 常時監視・要請限度測定地点（東京都環境局） / 自動車騒音の常時監視結果（環境GIS＋・国立環境研究所）","x":-2398.21,"y":-33172.83}},{"type":"Feature","geometry":{"type":"Point","coordinates":[139.805244,35.694277]},"properties":{"name":"墨田区緑3丁目10","laeq_db":68.0,"years":"2019・2024","n_years":2,"survey":"常時監視","layer":"noise","source":"令和元〜5年度 自動車交通騒音 常時監視・要請限度測定地点（東京都環境局） / 自動車騒音の常時監視結果（環境GIS＋・国立環境研究所）","x":-2542.12,"y":-33918.1}},{"type":"Feature","geometry":{"type":"Point","coordinates":[139.803728,35.708783]},"properties":{"name":"墨田区吾妻橋2丁目3","laeq_db":65.7,"years":"2019・2020・2021・2022・2023・2024","n_years":6,"survey":"常時監視","layer":"noise","source":"令和元〜5年度 自動車交通騒音 常時監視・要請限度測定地点（東京都環境局） / 自動車騒音の常時監視結果（環境GIS＋・国立環境研究所）","x":-2678.84,"y":-32308.73}},{"type":"Feature","geometry":{"type":"Point","coordinates":[139.816773,35.707935]},"properties":{"name":"墨田区業平5丁目10","laeq_db":69.0,"years":"2019・2020・2021・2022","n_years":4,"survey":"常時監視","layer":"noise","source":"令和元〜5年度 自動車交通騒音 常時監視・要請限度測定地点（東京都環境局）","x":-1498.48,"y":-32403.08}},{"type":"Feature","geometry":{"type":"Point","coordinates":[139.812155,35.726114]},"properties":{"name":"墨田区堤通1丁目18","laeq_db":67.5,"years":"2019・2024","n_years":2,"survey":"常時監視","layer":"noise","source":"令和元〜5年度 自動車交通騒音 常時監視・要請限度測定地点（東京都環境局） / 自動車騒音の常時監視結果（環境GIS＋・国立環境研究所）","x":-1915.91,"y":-30386.18}},{"type":"Feature","geometry":{"type":"Point","coordinates":[139.814861,35.731012]},"properties":{"name":"墨田区墨田2丁目2","laeq_db":65.0,"years":"2019","n_years":1,"survey":"常時監視","layer":"noise","source":"令和元〜5年度 自動車交通騒音 常時監視・要請限度測定地点（東京都環境局）","x":-1671.0,"y":-29842.83}},{"type":"Feature","geometry":{"type":"Point","coordinates":[139.7974,35.699426]},"properties":{"name":"墨田区石原1丁目15","laeq_db":65.0,"years":"2019","n_years":1,"survey":"常時監視","layer":"noise","source":"令和元〜5年度 自動車交通騒音 常時監視・要請限度測定地点（東京都環境局）","x":-3251.81,"y":-33346.62}},{"type":"Feature","geometry":{"type":"Point","coordinates":[139.813862,35.706917]},"properties":{"name":"墨田区業平3丁目5","laeq_db":65.2,"years":"2019・2020・2021・2022・2023","n_years":5,"survey":"常時監視","layer":"noise","source":"令和元〜5年度 自動車交通騒音 常時監視・要請限度測定地点（東京都環境局）","x":-1761.9,"y":-32515.97}},{"type":"Feature","geometry":{"type":"Point","coordinates":[139.800614,35.672402]},"properties":{"name":"江東区富岡1丁目19","laeq_db":59.0,"years":"2019・2024","n_years":2,"survey":"常時監視","layer":"noise","source":"令和元〜5年度 自動車交通騒音 常時監視・要請限度測定地点（東京都環境局） / 自動車騒音の常時監視結果（環境GIS＋・国立環境研究所）","x":-2961.95,"y":-36344.83}},{"type":"Feature","geometry":{"type":"Point","coordinates":[139.806529,35.678859]},"properties":{"name":"江東区平野3丁目5","laeq_db":68.0,"years":"2019・2024","n_years":2,"survey":"常時監視","layer":"noise","source":"令和元〜5年度 自動車交通騒音 常時監視・要請限度測定地点（東京都環境局） / 自動車騒音の常時監視結果（環境GIS＋・国立環境研究所）","x":-2426.3,"y":-35628.64}},{"type":"Feature","geometry":{"type":"Point","coordinates":[139.808467,35.658911]},"properties":{"name":"江東区枝川3丁目3","laeq_db":71.9,"years":"2019・2020・2021・2022・2023・2024","n_years":6,"survey":"常時監視・要請限度","layer":"noise","source":"令和元〜5年度 自動車交通騒音 常時監視・要請限度測定地点（東京都環境局） / 自動車騒音の常時監視結果（環境GIS＋・国立環境研究所）","x":-2251.43,"y":-37841.75}},{"type":"Feature","geometry":{"type":"Point","coordinates":[139.798451,35.657047]},"properties":{"name":"江東区豊洲3丁目4","laeq_db":63.0,"years":"2019・2024","n_years":2,"survey":"常時監視","layer":"noise","source":"令和元〜5年度 自動車交通騒音 常時監視・要請限度測定地点（東京都環境局） / 自動車騒音の常時監視結果（環境GIS＋・国立環境研究所）","x":-3158.36,"y":-38048.27}},{"type":"Feature","geometry":{"type":"Point","coordinates":[139.816251,35.682107]},"properties":{"name":"江東区千田16-3","laeq_db":66.5,"years":"2019・2024","n_years":2,"survey":"常時監視","layer":"noise","source":"令和元〜5年度 自動車交通騒音 常時監視・要請限度測定地点（東京都環境局） / 自動車騒音の常時監視結果（環境GIS＋・国立環境研究所）","x":-1546.21,"y":-35268.49}},{"type":"Feature","geometry":{"type":"Point","coordinates":[139.791235,35.677783]},"properties":{"name":"江東区佐賀1丁目14","laeq_db":67.5,"years":"2019・2024","n_years":2,"survey":"常時監視","layer":"noise","source":"令和元〜5年度 自動車交通騒音 常時監視・要請限度測定地点（東京都環境局） / 自動車騒音の常時監視結果（環境GIS＋・国立環境研究所）","x":-3810.74,"y":-35747.52}},{"type":"Feature","geometry":{"type":"Point","coordinates":[139.799904,35.645247]},"properties":{"name":"江東区東雲1丁目8","laeq_db":64.0,"years":"2019","n_years":1,"survey":"常時監視","layer":"noise","source":"令和元〜5年度 自動車交通騒音 常時監視・要請限度測定地点（東京都環境局）","x":-3027.25,"y":-39357.42}},{"type":"Feature","geometry":{"type":"Point","coordinates":[139.70273,35.607335]},"properties":{"name":"品川区旗の台1丁目11","laeq_db":70.7,"years":"2019・2020・2022","n_years":3,"survey":"常時監視・要請限度","layer":"noise","source":"令和元〜5年度 自動車交通騒音 常時監視・要請限度測定地点（東京都環境局）","x":-11832.6,"y":-43556.08}},{"type":"Feature","geometry":{"type":"Point","coordinates":[139.72008,35.632115]},"properties":{"name":"品川区上大崎3丁目14","laeq_db":65.7,"years":"2019・2020・2023","n_years":3,"survey":"常時監視・要請限度","layer":"noise","source":"令和元〜5年度 自動車交通騒音 常時監視・要請限度測定地点（東京都環境局）","x":-10257.53,"y":-40808.91}},{"type":"Feature","geometry":{"type":"Point","coordinates":[139.717855,35.610958]},"properties":{"name":"品川区戸越4丁目7","laeq_db":63.0,"years":"2019・2020・2022","n_years":3,"survey":"常時監視・要請限度","layer":"noise","source":"令和元〜5年度 自動車交通騒音 常時監視・要請限度測定地点（東京都環境局）","x":-10461.81,"y":-43155.86}},{"type":"Feature","geometry":{"type":"Point","coordinates":[139.711911,35.613925]},"properties":{"name":"品川区平塚3丁目13","laeq_db":60.0,"years":"2019","n_years":1,"survey":"常時監視","layer":"noise","source":"令和元〜5年度 自動車交通騒音 常時監視・要請限度測定地点（東京都環境局）","x":-10999.9,"y":-42826.05}},{"type":"Feature","geometry":{"type":"Point","coordinates":[139.70451,35.618156]},"properties":{"name":"品川区小山4丁目5","laeq_db":65.7,"years":"2019・2020・2023","n_years":3,"survey":"常時監視・要請限度","layer":"noise","source":"令和元〜5年度 自動車交通騒音 常時監視・要請限度測定地点（東京都環境局）","x":-11669.76,"y":-42355.8}},{"type":"Feature","geometry":{"type":"Point","coordinates":[139.692949,35.653317]},"properties":{"name":"目黒区青葉台3丁目1","laeq_db":74.0,"years":"2019","n_years":1,"survey":"常時監視","layer":"noise","source":"令和元〜5年度 自動車交通騒音 常時監視・要請限度測定地点（東京都環境局）","x":-12711.47,"y":-38453.56}},{"type":"Feature","geometry":{"type":"Point","coordinates":[139.709903,35.633884]},"properties":{"name":"目黒区目黒2丁目8","laeq_db":70.0,"years":"2019・2021・2023","n_years":3,"survey":"常時監視・要請限度","layer":"noise","source":"令和元〜5年度 自動車交通騒音 常時監視・要請限度測定地点（東京都環境局）","x":-11179.03,"y":-40611.55}},{"type":"Feature","geometry":{"type":"Point","coordinates":[139.689743,35.653702]},"properties":{"name":"目黒区青葉台4丁目9","laeq_db":68.0,"years":"2019","n_years":1,"survey":"常時監視","layer":"noise","source":"令和元〜5年度 自動車交通騒音 常時監視・要請限度測定地点（東京都環境局）","x":-13001.7,"y":-38410.43}},{"type":"Feature","geometry":{"type":"Point","coordinates":[139.691018,35.656103]},"properties":{"name":"目黒区青葉台4丁目1","laeq_db":68.0,"years":"2019","n_years":1,"survey":"常時監視","layer":"noise","source":"令和元〜5年度 自動車交通騒音 常時監視・要請限度測定地点（東京都環境局）","x":-12885.87,"y":-38144.23}},{"type":"Feature","geometry":{"type":"Point","coordinates":[139.671301,35.626621]},"properties":{"name":"目黒区東が丘1丁目5","laeq_db":69.0,"years":"2019・2021・2023","n_years":3,"survey":"常時監視・要請限度","layer":"noise","source":"令和元〜5年度 自動車交通騒音 常時監視・要請限度測定地点（東京都環境局）","x":-14676.53,"y":-41412.24}},{"type":"Feature","geometry":{"type":"Point","coordinates":[139.691921,35.655207]},"properties":{"name":"目黒区青葉台4丁目3","laeq_db":66.0,"years":"2019","n_years":1,"survey":"常時監視","layer":"noise","source":"令和元〜5年度 自動車交通騒音 常時監視・要請限度測定地点（東京都環境局）","x":-12804.25,"y":-38243.75}},{"type":"Feature","geometry":{"type":"Point","coordinates":[139.696852,35.570158]},"properties":{"name":"大田区池上8丁目10","laeq_db":73.0,"years":"2019・2020・2021・2022・2023・2024","n_years":6,"survey":"常時監視・要請限度","layer":"noise","source":"令和元〜5年度 自動車交通騒音 常時監視・要請限度測定地点（東京都環境局） / 自動車騒音の常時監視結果（環境GIS＋・国立環境研究所）","x":-12370.86,"y":-47679.79}},{"type":"Feature","geometry":{"type":"Point","coordinates":[139.7368,35.585586]},"properties":{"name":"大田区大森本町1丁目6","laeq_db":69.0,"years":"2019・2024","n_years":2,"survey":"常時監視","layer":"noise","source":"令和元〜5年度 自動車交通騒音 常時監視・要請限度測定地点（東京都環境局） / 自動車騒音の常時監視結果（環境GIS＋・国立環境研究所）","x":-8748.24,"y":-45972.49}},{"type":"Feature","geometry":{"type":"Point","coordinates":[139.73036,35.568119]},"properties":{"name":"大田区大森中2丁目1","laeq_db":73.7,"years":"2019・2024","n_years":2,"survey":"常時監視・要請限度","layer":"noise","source":"令和元〜5年度 自動車交通騒音 常時監視・要請限度測定地点（東京都環境局） / 自動車騒音の常時監視結果（環境GIS＋・国立環境研究所）","x":-9333.88,"y":-47909.69}},{"type":"Feature","geometry":{"type":"Point","coordinates":[139.716277,35.547949]},"properties":{"name":"大田区東六郷2丁目18","laeq_db":72.0,"years":"2019・2022・2024","n_years":3,"survey":"常時監視・要請限度","layer":"noise","source":"令和元〜5年度 自動車交通騒音 常時監視・要請限度測定地点（東京都環境局） / 自動車騒音の常時監視結果（環境GIS＋・国立環境研究所）","x":-10613.08,"y":-50145.92}},{"type":"Feature","geometry":{"type":"Point","coordinates":[139.738348,35.555282]},"properties":{"name":"大田区西糀谷3丁目9","laeq_db":70.0,"years":"2019・2020","n_years":2,"survey":"常時監視・要請限度","layer":"noise","source":"令和元〜5年度 自動車交通騒音 常時監視・要請限度測定地点（東京都環境局）","x":-8611.19,"y":-49334.55}},{"type":"Feature","geometry":{"type":"Point","coordinates":[139.687874,35.599949]},"properties":{"name":"大田区南千束3丁目32","laeq_db":71.0,"years":"2019・2020・2021・2022・2023","n_years":5,"survey":"常時監視・要請限度","layer":"noise","source":"令和元〜5年度 自動車交通騒音 常時監視・要請限度測定地点（東京都環境局）","x":-13179.75,"y":-44373.6}},{"type":"Feature","geometry":{"type":"Point","coordinates":[139.731522,35.552494]},"properties":{"name":"大田区萩中2丁目3","laeq_db":71.0,"years":"2019","n_years":1,"survey":"常時監視","layer":"noise","source":"令和元〜5年度 自動車交通騒音 常時監視・要請限度測定地点（東京都環境局）","x":-9230.35,"y":-49643.23}},{"type":"Feature","geometry":{"type":"Point","coordinates":[139.709013,35.559663]},"properties":{"name":"大田区新蒲田1丁目14","laeq_db":66.5,"years":"2019・2020","n_years":2,"survey":"常時監視","layer":"noise","source":"令和元〜5年度 自動車交通騒音 常時監視・要請限度測定地点（東京都環境局）","x":-11270.04,"y":-48845.56}},{"type":"Feature","geometry":{"type":"Point","coordinates":[139.681738,35.581436]},"properties":{"name":"大田区西嶺町13","laeq_db":74.3,"years":"2019・2021・2024","n_years":3,"survey":"常時監視・要請限度","layer":"noise","source":"令和元〜5年度 自動車交通騒音 常時監視・要請限度測定地点（東京都環境局） / 自動車騒音の常時監視結果（環境GIS＋・国立環境研究所）","x":-13738.89,"y":-46426.6}},{"type":"Feature","geometry":{"type":"Point","coordinates":[139.718977,35.588639]},"properties":{"name":"大田区南馬込2丁目31","laeq_db":70.0,"years":"2019・2020・2023","n_years":3,"survey":"常時監視・要請限度","layer":"noise","source":"令和元〜5年度 自動車交通騒音 常時監視・要請限度測定地点（東京都環境局）","x":-10363.04,"y":-45632.06}},{"type":"Feature","geometry":{"type":"Point","coordinates":[139.597145,35.676633]},"properties":{"name":"世田谷区北烏山5丁目1","laeq_db":60.5,"years":"2019・2024","n_years":2,"survey":"常時監視","layer":"noise","source":"令和元〜5年度 自動車交通騒音 常時監視・要請限度測定地点（東京都環境局） / 自動車騒音の常時監視結果（環境GIS＋・国立環境研究所）","x":-21380.09,"y":-35850.22}},{"type":"Feature","geometry":{"type":"Point","coordinates":[139.658149,35.671263]},"properties":{"name":"世田谷区大原2丁目27","laeq_db":75.0,"years":"2019","n_years":1,"survey":"常時監視","layer":"noise","source":"令和元〜5年度 自動車交通騒音 常時監視・要請限度測定地点（東京都環境局）","x":-15858.98,"y":-36457.54}},{"type":"Feature","geometry":{"type":"Point","coordinates":[139.603836,35.673713]},"properties":{"name":"世田谷区北烏山1丁目13","laeq_db":76.0,"years":"2019","n_years":1,"survey":"常時監視","layer":"noise","source":"令和元〜5年度 自動車交通騒音 常時監視・要請限度測定地点（東京都環境局）","x":-20775.17,"y":-36175.61}},{"type":"Feature","geometry":{"type":"Point","coordinates":[139.627646,35.639398]},"properties":{"name":"世田谷区桜丘3丁目26","laeq_db":69.0,"years":"2019・2024","n_years":2,"survey":"常時監視","layer":"noise","source":"令和元〜5年度 自動車交通騒音 常時監視・要請限度測定地点（東京都環境局） / 自動車騒音の常時監視結果（環境GIS＋・国立環境研究所）","x":-18627.74,"y":-39987.35}},{"type":"Feature","geometry":{"type":"Point","coordinates":[139.589748,35.670318]},"properties":{"name":"世田谷区給田4丁目22","laeq_db":67.0,"years":"2019・2024","n_years":2,"survey":"常時監視","layer":"noise","source":"令和元〜5年度 自動車交通騒音 常時監視・要請限度測定地点（東京都環境局） / 自動車騒音の常時監視結果（環境GIS＋・国立環境研究所）","x":-22051.42,"y":-36549.19}},{"type":"Feature","geometry":{"type":"Point","coordinates":[139.621108,35.659976]},"properties":{"name":"世田谷区八幡山1丁目9","laeq_db":66.0,"years":"2019・2024","n_years":2,"survey":"常時監視","layer":"noise","source":"令和元〜5年度 自動車交通騒音 常時監視・要請限度測定地点（東京都環境局） / 自動車騒音の常時監視結果（環境GIS＋・国立環境研究所）","x":-19214.91,"y":-37703.13}},{"type":"Feature","geometry":{"type":"Point","coordinates":[139.622928,35.635182]},"properties":{"name":"世田谷区上用賀6丁目20","laeq_db":71.5,"years":"2019・2024","n_years":2,"survey":"常時監視","layer":"noise","source":"令和元〜5年度 自動車交通騒音 常時監視・要請限度測定地点（東京都環境局） / 自動車騒音の常時監視結果（環境GIS＋・国立環境研究所）","x":-19056.02,"y":-40454.18}},{"type":"Feature","geometry":{"type":"Point","coordinates":[139.61548,35.657395]},"properties":{"name":"世田谷区船橋7丁目19","laeq_db":66.0,"years":"2019・2024","n_years":2,"survey":"常時監視","layer":"noise","source":"令和元〜5年度 自動車交通騒音 常時監視・要請限度測定地点（東京都環境局） / 自動車騒音の常時監視結果（環境GIS＋・国立環境研究所）","x":-19725.11,"y":-37988.36}},{"type":"Feature","geometry":{"type":"Point","coordinates":[139.70891,35.653391]},"properties":{"name":"渋谷区東2丁目20","laeq_db":67.0,"years":"2019","n_years":1,"survey":"常時監視","layer":"noise","source":"令和元〜5年度 自動車交通騒音 常時監視・要請限度測定地点（東京都環境局）","x":-11266.23,"y":-38447.3}},{"type":"Feature","geometry":{"type":"Point","coordinates":[139.687741,35.67788]},"properties":{"name":"渋谷区初台1丁目1","laeq_db":68.0,"years":"2019","n_years":1,"survey":"常時監視","layer":"noise","source":"令和元〜5年度 自動車交通騒音 常時監視・要請限度測定地点（東京都環境局）","x":-13179.0,"y":-35727.81}},{"type":"Feature","geometry":{"type":"Point","coordinates":[139.6813,35.690141]},"properties":{"name":"渋谷区本町3丁目33","laeq_db":68.0,"years":"2019・2024","n_years":2,"survey":"常時監視","layer":"noise","source":"令和元〜5年度 自動車交通騒音 常時監視・要請限度測定地点（東京都環境局） / 自動車騒音の常時監視結果（環境GIS＋・国立環境研究所）","x":-13759.94,"y":-34366.67}},{"type":"Feature","geometry":{"type":"Point","coordinates":[139.669752,35.678726]},"properties":{"name":"渋谷区笹塚3丁目3","laeq_db":67.0,"years":"2019","n_years":1,"survey":"常時監視","layer":"noise","source":"令和元〜5年度 自動車交通騒音 常時監視・要請限度測定地点（東京都環境局）","x":-14807.21,"y":-35631.39}},{"type":"Feature","geometry":{"type":"Point","coordinates":[139.673751,35.731787]},"properties":{"name":"中野区江原町3丁目17","laeq_db":66.2,"years":"2019・2022・2024","n_years":3,"survey":"常時監視・要請限度","layer":"noise","source":"令和元〜5年度 自動車交通騒音 常時監視・要請限度測定地点（東京都環境局） / 自動車騒音の常時監視結果（環境GIS＋・国立環境研究所）","x":-14435.66,"y":-29745.26}},{"type":"Feature","geometry":{"type":"Point","coordinates":[139.636082,35.719381]},"properties":{"name":"中野区白鷺2丁目35","laeq_db":66.3,"years":"2019・2021・2024","n_years":3,"survey":"常時監視・要請限度","layer":"noise","source":"令和元〜5年度 自動車交通騒音 常時監視・要請限度測定地点（東京都環境局） / 自動車騒音の常時監視結果（環境GIS＋・国立環境研究所）","x":-17845.93,"y":-31115.43}},{"type":"Feature","geometry":{"type":"Point","coordinates":[139.639339,35.727229]},"properties":{"name":"中野区上鷺宮1丁目2","laeq_db":63.5,"years":"2019・2024","n_years":2,"survey":"常時監視","layer":"noise","source":"令和元〜5年度 自動車交通騒音 常時監視・要請限度測定地点（東京都環境局） / 自動車騒音の常時監視結果（環境GIS＋・国立環境研究所）","x":-17549.54,"y":-30245.33}},{"type":"Feature","geometry":{"type":"Point","coordinates":[139.631138,35.735073]},"properties":{"name":"中野区上鷺宮3丁目17","laeq_db":65.9,"years":"2019・2020・2021・2024","n_years":4,"survey":"常時監視・要請限度","layer":"noise","source":"令和元〜5年度 自動車交通騒音 常時監視・要請限度測定地点（東京都環境局） / 自動車騒音の常時監視結果（環境GIS＋・国立環境研究所）","x":-18289.64,"y":-29373.6}},{"type":"Feature","geometry":{"type":"Point","coordinates":[139.661281,35.698209]},"properties":{"name":"杉並区高円寺南1丁目2","laeq_db":73.0,"years":"2019","n_years":1,"survey":"常時監視","layer":"noise","source":"令和元〜5年度 自動車交通騒音 常時監視・要請限度測定地点（東京都環境局）","x":-15570.21,"y":-33468.59}},{"type":"Feature","geometry":{"type":"Point","coordinates":[139.641163,35.697487]},"properties":{"name":"杉並区梅里2丁目36","laeq_db":72.5,"years":"2019・2024","n_years":2,"survey":"常時監視","layer":"noise","source":"令和元〜5年度 自動車交通騒音 常時監視・要請限度測定地点（東京都環境局） / 自動車騒音の常時監視結果（環境GIS＋・国立環境研究所）","x":-17390.99,"y":-33545.32}},{"type":"Feature","geometry":{"type":"Point","coordinates":[139.598909,35.713815]},"properties":{"name":"杉並区善福寺1丁目16","laeq_db":70.0,"years":"2019・2024","n_years":2,"survey":"常時監視","layer":"noise","source":"令和元〜5年度 自動車交通騒音 常時監視・要請限度測定地点（東京都環境局） / 自動車騒音の常時監視結果（環境GIS＋・国立環境研究所）","x":-21210.56,"y":-31725.54}},{"type":"Feature","geometry":{"type":"Point","coordinates":[139.594485,35.717392]},"properties":{"name":"杉並区善福寺3丁目2","laeq_db":71.0,"years":"2019","n_years":1,"survey":"常時監視","layer":"noise","source":"令和元〜5年度 自動車交通騒音 常時監視・要請限度測定地点（東京都環境局）","x":-21609.88,"y":-31327.73}},{"type":"Feature","geometry":{"type":"Point","coordinates":[139.640013,35.712276]},"properties":{"name":"杉並区阿佐谷北5丁目43","laeq_db":68.0,"years":"2019","n_years":1,"survey":"常時監視","layer":"noise","source":"令和元〜5年度 自動車交通騒音 常時監視・要請限度測定地点（東京都環境局）","x":-17491.83,"y":-31904.38}},{"type":"Feature","geometry":{"type":"Point","coordinates":[139.61815,35.718913]},"properties":{"name":"杉並区清水3丁目27","laeq_db":67.0,"years":"2019","n_years":1,"survey":"常時監視","layer":"noise","source":"令和元〜5年度 自動車交通騒音 常時監視・要請限度測定地点（東京都環境局）","x":-19468.41,"y":-31163.94}},{"type":"Feature","geometry":{"type":"Point","coordinates":[139.611635,35.718845]},"properties":{"name":"杉並区今川1丁目17","laeq_db":66.5,"years":"2019・2024","n_years":2,"survey":"常時監視","layer":"noise","source":"令和元〜5年度 自動車交通騒音 常時監視・要請限度測定地点（東京都環境局） / 自動車騒音の常時監視結果（環境GIS＋・国立環境研究所）","x":-20057.86,"y":-31170.17}},{"type":"Feature","geometry":{"type":"Point","coordinates":[139.728769,35.743055]},"properties":{"name":"豊島区西巣鴨3丁目24","laeq_db":67.5,"years":"2019・2020","n_years":2,"survey":"常時監視","layer":"noise","source":"令和元〜5年度 自動車交通騒音 常時監視・要請限度測定地点（東京都環境局）","x":-9457.45,"y":-28501.86}},{"type":"Feature","geometry":{"type":"Point","coordinates":[139.708985,35.714901]},"properties":{"name":"豊島区高田3丁目20","laeq_db":66.0,"years":"2019・2022","n_years":2,"survey":"常時監視","layer":"noise","source":"令和元〜5年度 自動車交通騒音 常時監視・要請限度測定地点（東京都環境局）","x":-11250.8,"y":-31623.26}},{"type":"Feature","geometry":{"type":"Point","coordinates":[139.712147,35.720996]},"properties":{"name":"豊島区目白2丁目5","laeq_db":70.0,"years":"2019","n_years":1,"survey":"常時監視","layer":"noise","source":"令和元〜5年度 自動車交通騒音 常時監視・要請限度測定地点（東京都環境局）","x":-10963.87,"y":-30947.42}},{"type":"Feature","geometry":{"type":"Point","coordinates":[139.71717,35.730648]},"properties":{"name":"豊島区東池袋3丁目4","laeq_db":69.0,"years":"2019・2022","n_years":2,"survey":"常時監視","layer":"noise","source":"令和元〜5年度 自動車交通騒音 常時監視・要請限度測定地点（東京都環境局）","x":-10508.17,"y":-29877.15}},{"type":"Feature","geometry":{"type":"Point","coordinates":[139.732517,35.728469]},"properties":{"name":"豊島区南大塚1丁目19","laeq_db":63.0,"years":"2019・2023","n_years":2,"survey":"常時監視","layer":"noise","source":"令和元〜5年度 自動車交通騒音 常時監視・要請限度測定地点（東京都環境局）","x":-9120.12,"y":-30120.43}},{"type":"Feature","geometry":{"type":"Point","coordinates":[139.691283,35.736392]},"properties":{"name":"豊島区要町2丁目14","laeq_db":60.0,"years":"2019","n_years":1,"survey":"常時監視","layer":"noise","source":"令和元〜5年度 自動車交通騒音 常時監視・要請限度測定地点（東京都環境局）","x":-12848.99,"y":-29236.81}},{"type":"Feature","geometry":{"type":"Point","coordinates":[139.751456,35.749085]},"properties":{"name":"北区昭和町3丁目9","laeq_db":69.0,"years":"2019","n_years":1,"survey":"常時監視・要請限度","layer":"noise","source":"令和元〜5年度 自動車交通騒音 常時監視・要請限度測定地点（東京都環境局）","x":-7404.94,"y":-27834.82}},{"type":"Feature","geometry":{"type":"Point","coordinates":[139.717236,35.764985]},"properties":{"name":"北区上十条5丁目4","laeq_db":71.0,"years":"2019・2020・2021・2022・2023・2024","n_years":6,"survey":"常時監視・要請限度","layer":"noise","source":"令和元〜5年度 自動車交通騒音 常時監視・要請限度測定地点（東京都環境局） / 自動車騒音の常時監視結果（環境GIS＋・国立環境研究所）","x":-10497.69,"y":-26067.69}},{"type":"Feature","geometry":{"type":"Point","coordinates":[139.73935,35.748319]},"properties":{"name":"北区西ケ原2丁目24","laeq_db":66.0,"years":"2019","n_years":1,"survey":"常時監視","layer":"noise","source":"令和元〜5年度 自動車交通騒音 常時監視・要請限度測定地点（東京都環境局）","x":-8499.88,"y":-27918.82}},{"type":"Feature","geometry":{"type":"Point","coordinates":[139.730575,35.757602]},"properties":{"name":"北区中十条1丁目3","laeq_db":64.5,"years":"2019・2024","n_years":2,"survey":"常時監視","layer":"noise","source":"令和元〜5年度 自動車交通騒音 常時監視・要請限度測定地点（東京都環境局） / 自動車騒音の常時監視結果（環境GIS＋・国立環境研究所）","x":-9292.41,"y":-26888.14}},{"type":"Feature","geometry":{"type":"Point","coordinates":[139.74289,35.759262]},"properties":{"name":"北区豊島2丁目26","laeq_db":62.0,"years":"2019","n_years":1,"survey":"常時監視","layer":"noise","source":"令和元〜5年度 自動車交通騒音 常時監視・要請限度測定地点（東京都環境局）","x":-8178.6,"y":-26705.07}},{"type":"Feature","geometry":{"type":"Point","coordinates":[139.793564,35.733057]},"properties":{"name":"荒川区南千住5丁目6","laeq_db":74.0,"years":"2019","n_years":1,"survey":"常時監視","layer":"noise","source":"令和元〜5年度 自動車交通騒音 常時監視・要請限度測定地点（東京都環境局）","x":-3597.44,"y":-29615.38}},{"type":"Feature","geometry":{"type":"Point","coordinates":[139.809425,35.73126]},"properties":{"name":"荒川区南千住3丁目38","laeq_db":68.0,"years":"2019","n_years":1,"survey":"常時監視","layer":"noise","source":"令和元〜5年度 自動車交通騒音 常時監視・要請限度測定地点（東京都環境局）","x":-2162.74,"y":-29815.21}},{"type":"Feature","geometry":{"type":"Point","coordinates":[139.642365,35.789176]},"properties":{"name":"板橋区三園1丁目36","laeq_db":64.0,"years":"2019・2024","n_years":2,"survey":"常時監視","layer":"noise","source":"令和元〜5年度 自動車交通騒音 常時監視・要請限度測定地点（東京都環境局） / 自動車騒音の常時監視結果（環境GIS＋・国立環境研究所）","x":-17262.4,"y":-23373.25}},{"type":"Feature","geometry":{"type":"Point","coordinates":[139.644025,35.793227]},"properties":{"name":"板橋区三園2丁目1","laeq_db":73.5,"years":"2019・2024","n_years":2,"survey":"常時監視","layer":"noise","source":"令和元〜5年度 自動車交通騒音 常時監視・要請限度測定地点（東京都環境局） / 自動車騒音の常時監視結果（環境GIS＋・国立環境研究所）","x":-17111.48,"y":-22924.1}},{"type":"Feature","geometry":{"type":"Point","coordinates":[139.699632,35.746388]},"properties":{"name":"板橋区幸町8","laeq_db":73.0,"years":"2019","n_years":1,"survey":"常時監視","layer":"noise","source":"令和元〜5年度 自動車交通騒音 常時監視・要請限度測定地点（東京都環境局）","x":-12092.28,"y":-28128.88}},{"type":"Feature","geometry":{"type":"Point","coordinates":[139.673211,35.761755]},"properties":{"name":"板橋区上板橋2丁目5","laeq_db":73.0,"years":"2019","n_years":1,"survey":"常時監視","layer":"noise","source":"令和元〜5年度 自動車交通騒音 常時監視・要請限度測定地点（東京都環境局）","x":-14479.08,"y":-26420.43}},{"type":"Feature","geometry":{"type":"Point","coordinates":[139.638903,35.77276]},"properties":{"name":"板橋区赤塚新町2丁目10","laeq_db":73.0,"years":"2019","n_years":1,"survey":"常時監視","layer":"noise","source":"令和元〜5年度 自動車交通騒音 常時監視・要請限度測定地点（東京都環境局）","x":-17578.96,"y":-25193.89}},{"type":"Feature","geometry":{"type":"Point","coordinates":[139.600482,35.763366]},"properties":{"name":"練馬区大泉町3丁目2","laeq_db":61.0,"years":"2019・2024","n_years":2,"survey":"常時監視・要請限度","layer":"noise","source":"令和元〜5年度 自動車交通騒音 常時監視・要請限度測定地点（東京都環境局） / 自動車騒音の常時監視結果（環境GIS＋・国立環境研究所）","x":-21055.19,"y":-26228.52}},{"type":"Feature","geometry":{"type":"Point","coordinates":[139.579799,35.764151]},"properties":{"name":"練馬区大泉学園町3丁目23","laeq_db":63.0,"years":"2019","n_years":1,"survey":"常時監視・要請限度","layer":"noise","source":"令和元〜5年度 自動車交通騒音 常時監視・要請限度測定地点（東京都環境局）","x":-22925.19,"y":-26136.79}},{"type":"Feature","geometry":{"type":"Point","coordinates":[139.668722,35.762026]},"properties":{"name":"練馬区錦1丁目39","laeq_db":67.3,"years":"2019・2024","n_years":2,"survey":"常時監視・要請限度","layer":"noise","source":"令和元〜5年度 自動車交通騒音 常時監視・要請限度測定地点（東京都環境局） / 自動車騒音の常時監視結果（環境GIS＋・国立環境研究所）","x":-14884.95,"y":-26389.7}},{"type":"Feature","geometry":{"type":"Point","coordinates":[139.593344,35.720203]},"properties":{"name":"練馬区関町南1丁目4","laeq_db":67.7,"years":"2019・2024","n_years":2,"survey":"常時監視・要請限度","layer":"noise","source":"令和元〜5年度 自動車交通騒音 常時監視・要請限度測定地点（東京都環境局） / 自動車騒音の常時監視結果（環境GIS＋・国立環境研究所）","x":-21712.35,"y":-31015.62}},{"type":"Feature","geometry":{"type":"Point","coordinates":[139.592363,35.749915]},"properties":{"name":"練馬区東大泉1丁目19","laeq_db":61.7,"years":"2019・2024","n_years":2,"survey":"常時監視・要請限度","layer":"noise","source":"令和元〜5年度 自動車交通騒音 常時監視・要請限度測定地点（東京都環境局） / 自動車騒音の常時監視結果（環境GIS＋・国立環境研究所）","x":-21793.01,"y":-27719.05}},{"type":"Feature","geometry":{"type":"Point","coordinates":[139.571229,35.760894]},"properties":{"name":"練馬区西大泉5丁目5","laeq_db":65.3,"years":"2019・2024","n_years":2,"survey":"常時監視・要請限度","layer":"noise","source":"令和元〜5年度 自動車交通騒音 常時監視・要請限度測定地点（東京都環境局） / 自動車騒音の常時監視結果（環境GIS＋・国立環境研究所）","x":-23701.08,"y":-26496.1}},{"type":"Feature","geometry":{"type":"Point","coordinates":[139.613836,35.732351]},"properties":{"name":"練馬区南田中4丁目4","laeq_db":68.3,"years":"2019・2024","n_years":2,"survey":"常時監視・要請限度","layer":"noise","source":"令和元〜5年度 自動車交通騒音 常時監視・要請限度測定地点（東京都環境局） / 自動車騒音の常時監視結果（環境GIS＋・国立環境研究所）","x":-19855.38,"y":-29672.22}},{"type":"Feature","geometry":{"type":"Point","coordinates":[139.618681,35.737434]},"properties":{"name":"練馬区南田中3丁目11","laeq_db":59.0,"years":"2019","n_years":1,"survey":"常時監視・要請限度","layer":"noise","source":"令和元〜5年度 自動車交通騒音 常時監視・要請限度測定地点（東京都環境局）","x":-19415.87,"y":-29109.27}},{"type":"Feature","geometry":{"type":"Point","coordinates":[139.640262,35.726563]},"properties":{"name":"練馬区中村南3丁目12","laeq_db":68.0,"years":"2019・2024","n_years":2,"survey":"常時監視・要請限度","layer":"noise","source":"令和元〜5年度 自動車交通騒音 常時監視・要請限度測定地点（東京都環境局） / 自動車騒音の常時監視結果（環境GIS＋・国立環境研究所）","x":-17466.18,"y":-30319.39}},{"type":"Feature","geometry":{"type":"Point","coordinates":[139.821797,35.766139]},"properties":{"name":"足立区綾瀬4丁目21","laeq_db":64.5,"years":"2019・2024","n_years":2,"survey":"常時監視","layer":"noise","source":"令和元〜5年度 自動車交通騒音 常時監視・要請限度測定地点（東京都環境局） / 自動車騒音の常時監視結果（環境GIS＋・国立環境研究所）","x":-1043.12,"y":-25945.82}},{"type":"Feature","geometry":{"type":"Point","coordinates":[139.813098,35.757621]},"properties":{"name":"足立区足立2丁目51","laeq_db":69.5,"years":"2019・2024","n_years":2,"survey":"常時監視","layer":"noise","source":"令和元〜5年度 自動車交通騒音 常時監視・要請限度測定地点（東京都環境局） / 自動車騒音の常時監視結果（環境GIS＋・国立環境研究所）","x":-1829.88,"y":-26890.71}},{"type":"Feature","geometry":{"type":"Point","coordinates":[139.797908,35.74552]},"properties":{"name":"足立区千住宮元町3","laeq_db":70.0,"years":"2019・2024","n_years":2,"survey":"常時監視","layer":"noise","source":"令和元〜5年度 自動車交通騒音 常時監視・要請限度測定地点（東京都環境局） / 自動車騒音の常時監視結果（環境GIS＋・国立環境研究所）","x":-3203.99,"y":-28232.84}},{"type":"Feature","geometry":{"type":"Point","coordinates":[139.762348,35.791838]},"properties":{"name":"足立区皿沼1丁目9","laeq_db":66.5,"years":"2019・2024","n_years":2,"survey":"常時監視","layer":"noise","source":"令和元〜5年度 自動車交通騒音 常時監視・要請限度測定地点（東京都環境局） / 自動車騒音の常時監視結果（環境GIS＋・国立環境研究所）","x":-6416.44,"y":-23092.41}},{"type":"Feature","geometry":{"type":"Point","coordinates":[139.798123,35.778774]},"properties":{"name":"足立区島根1丁目9","laeq_db":70.5,"years":"2019・2024","n_years":2,"survey":"常時監視","layer":"noise","source":"令和元〜5年度 自動車交通騒音 常時監視・要請限度測定地点（東京都環境局） / 自動車騒音の常時監視結果（環境GIS＋・国立環境研究所）","x":-3183.22,"y":-24543.54}},{"type":"Feature","geometry":{"type":"Point","coordinates":[139.786938,35.754265]},"properties":{"name":"足立区千住桜木2丁目16","laeq_db":66.0,"years":"2019","n_years":1,"survey":"常時監視","layer":"noise","source":"令和元〜5年度 自動車交通騒音 常時監視・要請限度測定地点（東京都環境局）","x":-4195.69,"y":-27262.23}},{"type":"Feature","geometry":{"type":"Point","coordinates":[139.759146,35.777938]},"properties":{"name":"足立区椿1丁目5","laeq_db":69.0,"years":"2019・2024","n_years":2,"survey":"常時監視","layer":"noise","source":"令和元〜5年度 自動車交通騒音 常時監視・要請限度測定地点（東京都環境局） / 自動車騒音の常時監視結果（環境GIS＋・国立環境研究所）","x":-6707.04,"y":-24634.32}},{"type":"Feature","geometry":{"type":"Point","coordinates":[139.761547,35.755648]},"properties":{"name":"足立区小台2丁目1","laeq_db":66.5,"years":"2019・2023","n_years":2,"survey":"常時監視","layer":"noise","source":"令和元〜5年度 自動車交通騒音 常時監視・要請限度測定地点（東京都環境局）","x":-6491.78,"y":-27107.41}},{"type":"Feature","geometry":{"type":"Point","coordinates":[139.819651,35.802338]},"properties":{"name":"足立区花畑2丁目16","laeq_db":64.0,"years":"2019・2024","n_years":2,"survey":"常時監視","layer":"noise","source":"令和元〜5年度 自動車交通騒音 常時監視・要請限度測定地点（東京都環境局） / 自動車騒音の常時監視結果（環境GIS＋・国立環境研究所）","x":-1236.6,"y":-21929.74}},{"type":"Feature","geometry":{"type":"Point","coordinates":[139.872955,35.767691]},"properties":{"name":"葛飾区金町3丁目19","laeq_db":72.2,"years":"2019・2020・2021・2023・2024","n_years":5,"survey":"常時監視・要請限度","layer":"noise","source":"令和元〜5年度 自動車交通騒音 常時監視・要請限度測定地点（東京都環境局） / 自動車騒音の常時監視結果（環境GIS＋・国立環境研究所）","x":3582.53,"y":-25772.97}},{"type":"Feature","geometry":{"type":"Point","coordinates":[139.858256,35.735279]},"properties":{"name":"葛飾区奥戸2丁目23","laeq_db":64.5,"years":"2019・2024","n_years":2,"survey":"常時監視","layer":"noise","source":"令和元〜5年度 自動車交通騒音 常時監視・要請限度測定地点（東京都環境局） / 自動車騒音の常時監視結果（環境GIS＋・国立環境研究所）","x":2254.38,"y":-29369.31}},{"type":"Feature","geometry":{"type":"Point","coordinates":[139.854935,35.783989]},"properties":{"name":"葛飾区水元2丁目1","laeq_db":67.5,"years":"2019・2024","n_years":2,"survey":"常時監視","layer":"noise","source":"令和元〜5年度 自動車交通騒音 常時監視・要請限度測定地点（東京都環境局） / 自動車騒音の常時監視結果（環境GIS＋・国立環境研究所）","x":1952.79,"y":-23965.32}},{"type":"Feature","geometry":{"type":"Point","coordinates":[139.827426,35.749605]},"properties":{"name":"葛飾区堀切4丁目58","laeq_db":65.0,"years":"2019・2024","n_years":2,"survey":"常時監視","layer":"noise","source":"令和元〜5年度 自動車交通騒音 常時監視・要請限度測定地点（東京都環境局） / 自動車騒音の常時監視結果（環境GIS＋・国立環境研究所）","x":-534.25,"y":-27780.2}},{"type":"Feature","geometry":{"type":"Point","coordinates":[139.861862,35.72292]},"properties":{"name":"葛飾区東新小岩3丁目12","laeq_db":69.2,"years":"2019・2020・2023・2024","n_years":4,"survey":"常時監視・要請限度","layer":"noise","source":"令和元〜5年度 自動車交通騒音 常時監視・要請限度測定地点（東京都環境局） / 自動車騒音の常時監視結果（環境GIS＋・国立環境研究所）","x":2580.96,"y":-30740.36}},{"type":"Feature","geometry":{"type":"Point","coordinates":[139.871103,35.729454]},"properties":{"name":"葛飾区奥戸6丁目29","laeq_db":69.5,"years":"2019・2024","n_years":2,"survey":"常時監視","layer":"noise","source":"令和元〜5年度 自動車交通騒音 常時監視・要請限度測定地点（東京都環境局） / 自動車騒音の常時監視結果（環境GIS＋・国立環境研究所）","x":3416.7,"y":-30015.18}},{"type":"Feature","geometry":{"type":"Point","coordinates":[139.86856,35.731752]},"properties":{"name":"葛飾区奥戸6丁目4","laeq_db":72.0,"years":"2019・2023","n_years":2,"survey":"常時監視","layer":"noise","source":"令和元〜5年度 自動車交通騒音 常時監視・要請限度測定地点（東京都環境局）","x":3186.57,"y":-29760.32}},{"type":"Feature","geometry":{"type":"Point","coordinates":[139.848422,35.762558]},"properties":{"name":"葛飾区亀有2丁目59","laeq_db":65.5,"years":"2019・2024","n_years":2,"survey":"常時監視","layer":"noise","source":"令和元〜5年度 自動車交通騒音 常時監視・要請限度測定地点（東京都環境局） / 自動車騒音の常時監視結果（環境GIS＋・国立環境研究所）","x":1364.38,"y":-26343.07}},{"type":"Feature","geometry":{"type":"Point","coordinates":[139.89058,35.737467]},"properties":{"name":"江戸川区北小岩3丁目6","laeq_db":71.0,"years":"2019","n_years":1,"survey":"常時監視・要請限度","layer":"noise","source":"令和元〜5年度 自動車交通騒音 常時監視・要請限度測定地点（東京都環境局）","x":5178.11,"y":-29125.34}},{"type":"Feature","geometry":{"type":"Point","coordinates":[139.876321,35.734055]},"properties":{"name":"江戸川区西小岩2丁目18","laeq_db":67.3,"years":"2019・2024","n_years":2,"survey":"常時監視・要請限度","layer":"noise","source":"令和元〜5年度 自動車交通騒音 常時監視・要請限度測定地点（東京都環境局） / 自動車騒音の常時監視結果（環境GIS＋・国立環境研究所）","x":3888.51,"y":-29504.53}},{"type":"Feature","geometry":{"type":"Point","coordinates":[139.840404,35.707992]},"properties":{"name":"江戸川区平井6丁目23","laeq_db":72.0,"years":"2019・2024","n_years":2,"survey":"常時監視・要請限度","layer":"noise","source":"令和元〜5年度 自動車交通騒音 常時監視・要請限度測定地点（東京都環境局） / 自動車騒音の常時監視結果（環境GIS＋・国立環境研究所）","x":639.8,"y":-32396.86}},{"type":"Feature","geometry":{"type":"Point","coordinates":[139.877214,35.734248]},"properties":{"name":"江戸川区西小岩2丁目19","laeq_db":68.0,"years":"2019・2024","n_years":2,"survey":"常時監視・要請限度","layer":"noise","source":"令和元〜5年度 自動車交通騒音 常時監視・要請限度測定地点（東京都環境局） / 自動車騒音の常時監視結果（環境GIS＋・国立環境研究所）","x":3969.28,"y":-29483.09}},{"type":"Feature","geometry":{"type":"Point","coordinates":[139.839325,35.716759]},"properties":{"name":"江戸川区平井7丁目34","laeq_db":67.3,"years":"2019・2024","n_years":2,"survey":"常時監視・要請限度","layer":"noise","source":"令和元〜5年度 自動車交通騒音 常時監視・要請限度測定地点（東京都環境局） / 自動車騒音の常時監視結果（環境GIS＋・国立環境研究所）","x":542.1,"y":-31424.24}},{"type":"Feature","geometry":{"type":"Point","coordinates":[139.851884,35.703884]},"properties":{"name":"江戸川区平井1丁目26","laeq_db":67.0,"years":"2019","n_years":1,"survey":"常時監視・要請限度","layer":"noise","source":"令和元〜5年度 自動車交通騒音 常時監視・要請限度測定地点（東京都環境局）","x":1678.66,"y":-32852.48}},{"type":"Feature","geometry":{"type":"Point","coordinates":[139.836112,35.716031]},"properties":{"name":"江戸川区平井7丁目10","laeq_db":65.0,"years":"2019","n_years":1,"survey":"常時監視・要請限度","layer":"noise","source":"令和元〜5年度 自動車交通騒音 常時監視・要請限度測定地点（東京都環境局）","x":251.4,"y":-31505.02}},{"type":"Feature","geometry":{"type":"Point","coordinates":[139.847622,35.703425]},"properties":{"name":"江戸川区平井4丁目1","laeq_db":64.0,"years":"2019・2024","n_years":2,"survey":"常時監視・要請限度","layer":"noise","source":"令和元〜5年度 自動車交通騒音 常時監視・要請限度測定地点（東京都環境局） / 自動車騒音の常時監視結果（環境GIS＋・国立環境研究所）","x":1293.0,"y":-32903.47}},{"type":"Feature","geometry":{"type":"Point","coordinates":[139.852399,35.695969]},"properties":{"name":"江戸川区小松川2丁目7","laeq_db":63.0,"years":"2019","n_years":1,"survey":"常時監視・要請限度","layer":"noise","source":"令和元〜5年度 自動車交通騒音 常時監視・要請限度測定地点（東京都環境局）","x":1725.43,"y":-33730.58}},{"type":"Feature","geometry":{"type":"Point","coordinates":[139.863488,35.658195]},"properties":{"name":"江戸川区西葛西8丁目21","laeq_db":67.7,"years":"2019・2024","n_years":2,"survey":"常時監視・要請限度","layer":"noise","source":"令和元〜5年度 自動車交通騒音 常時監視・要請限度測定地点（東京都環境局） / 自動車騒音の常時監視結果（環境GIS＋・国立環境研究所）","x":2730.27,"y":-37921.05}},{"type":"Feature","geometry":{"type":"Point","coordinates":[139.552737,35.712439]},"properties":{"name":"武蔵野市関前3丁目19","laeq_db":65.0,"years":"2019・2024","n_years":2,"survey":"常時監視","layer":"noise","source":"令和元〜5年度 自動車交通騒音 常時監視・要請限度測定地点（東京都環境局） / 自動車騒音の常時監視結果（環境GIS＋・国立環境研究所）","x":-25388.62,"y":-31867.24}},{"type":"Feature","geometry":{"type":"Point","coordinates":[139.547851,35.697665]},"properties":{"name":"武蔵野市境南町1丁目26","laeq_db":61.0,"years":"2019","n_years":1,"survey":"常時監視","layer":"noise","source":"令和元〜5年度 自動車交通騒音 常時監視・要請限度測定地点（東京都環境局）","x":-25835.48,"y":-33505.03}},{"type":"Feature","geometry":{"type":"Point","coordinates":[139.544018,35.710791]},"properties":{"name":"武蔵野市関前1丁目9","laeq_db":64.0,"years":"2019・2020・2021・2022・2023・2024","n_years":6,"survey":"常時監視・要請限度","layer":"noise","source":"令和元〜5年度 自動車交通騒音 常時監視・要請限度測定地点（東京都環境局） / 自動車騒音の常時監視結果（環境GIS＋・国立環境研究所）","x":-26178.07,"y":-32047.78}},{"type":"Feature","geometry":{"type":"Point","coordinates":[139.580694,35.680592]},"properties":{"name":"三鷹市北野2丁目5","laeq_db":69.0,"years":"2019・2024","n_years":2,"survey":"常時監視","layer":"noise","source":"令和元〜5年度 自動車交通騒音 常時監視・要請限度測定地点（東京都環境局） / 自動車騒音の常時監視結果（環境GIS＋・国立環境研究所）","x":-22868.13,"y":-35407.3}},{"type":"Feature","geometry":{"type":"Point","coordinates":[139.566793,35.68143]},"properties":{"name":"三鷹市新川6丁目30","laeq_db":68.5,"years":"2019・2020・2021・2023・2024","n_years":5,"survey":"常時監視・要請限度","layer":"noise","source":"令和元〜5年度 自動車交通騒音 常時監視・要請限度測定地点（東京都環境局） / 自動車騒音の常時監視結果（環境GIS＋・国立環境研究所）","x":-24126.16,"y":-35311.0}},{"type":"Feature","geometry":{"type":"Point","coordinates":[139.550146,35.681405]},"properties":{"name":"三鷹市野崎1丁目20","laeq_db":65.0,"years":"2019・2024","n_years":2,"survey":"常時監視","layer":"noise","source":"令和元〜5年度 自動車交通騒音 常時監視・要請限度測定地点（東京都環境局） / 自動車騒音の常時監視結果（環境GIS＋・国立環境研究所）","x":-25632.99,"y":-35309.56}},{"type":"Feature","geometry":{"type":"Point","coordinates":[139.542313,35.682024]},"properties":{"name":"三鷹市野崎3丁目8","laeq_db":65.5,"years":"2019・2024","n_years":2,"survey":"常時監視","layer":"noise","source":"令和元〜5年度 自動車交通騒音 常時監視・要請限度測定地点（東京都環境局） / 自動車騒音の常時監視結果（環境GIS＋・国立環境研究所）","x":-26341.8,"y":-35238.81}},{"type":"Feature","geometry":{"type":"Point","coordinates":[139.558779,35.664241]},"properties":{"name":"調布市深大寺南町3丁目3","laeq_db":63.0,"years":"2019","n_years":1,"survey":"常時監視","layer":"noise","source":"令和元〜5年度 自動車交通騒音 常時監視・要請限度測定地点（東京都環境局）","x":-24856.88,"y":-37215.99}},{"type":"Feature","geometry":{"type":"Point","coordinates":[139.545215,35.672884]},"properties":{"name":"調布市深大寺北町1丁目1","laeq_db":58.1,"years":"2019・2020・2022","n_years":3,"survey":"常時監視・要請限度","layer":"noise","source":"令和元〜5年度 自動車交通騒音 常時監視・要請限度測定地点（東京都環境局）","x":-26082.1,"y":-36253.6}},{"type":"Feature","geometry":{"type":"Point","coordinates":[139.540945,35.659603]},"properties":{"name":"調布市富士見町2丁目16-33","laeq_db":63.0,"years":"2019・2020・2021・2022・2023・2024","n_years":6,"survey":"常時監視・要請限度","layer":"noise","source":"令和元〜5年度 自動車交通騒音 常時監視・要請限度測定地点（東京都環境局） / 自動車騒音の常時監視結果（環境GIS＋・国立環境研究所）","x":-26473.03,"y":-37725.88}},{"type":"Feature","geometry":{"type":"Point","coordinates":[139.567413,35.633399]},"properties":{"name":"狛江市元和泉2丁目35","laeq_db":65.5,"years":"2019・2024","n_years":2,"survey":"常時監視","layer":"noise","source":"令和元〜5年度 自動車交通騒音 常時監視・要請限度測定地点（東京都環境局） / 自動車騒音の常時監視結果（環境GIS＋・国立環境研究所）","x":-24084.45,"y":-40639.81}},{"type":"Feature","geometry":{"type":"Point","coordinates":[139.561144,35.724549]},"properties":{"name":"西東京市東伏見6丁目6","laeq_db":69.0,"years":"2019","n_years":1,"survey":"常時監視","layer":"noise","source":"令和元〜5年度 自動車交通騒音 常時監視・要請限度測定地点（東京都環境局）","x":-24624.22,"y":-30525.86}},{"type":"Feature","geometry":{"type":"Point","coordinates":[139.541525,35.731127]},"properties":{"name":"西東京市田無町3丁目4","laeq_db":70.0,"years":"2019","n_years":1,"survey":"常時監視","layer":"noise","source":"令和元〜5年度 自動車交通騒音 常時監視・要請限度測定地点（東京都環境局）","x":-26396.93,"y":-29790.97}},{"type":"Feature","geometry":{"type":"Point","coordinates":[139.542624,35.736979]},"properties":{"name":"西東京市北原町3丁目6","laeq_db":63.5,"years":"2019・2024","n_years":2,"survey":"常時監視","layer":"noise","source":"令和元〜5年度 自動車交通騒音 常時監視・要請限度測定地点（東京都環境局） / 自動車騒音の常時監視結果（環境GIS＋・国立環境研究所）","x":-26295.59,"y":-29142.03}},{"type":"Feature","geometry":{"type":"Point","coordinates":[139.544611,35.748577]},"properties":{"name":"西東京市谷戸町3丁目19","laeq_db":64.0,"years":"2019","n_years":1,"survey":"常時監視","layer":"noise","source":"令和元〜5年度 自動車交通騒音 常時監視・要請限度測定地点（東京都環境局）","x":-26112.07,"y":-27855.83}},{"type":"Feature","geometry":{"type":"Point","coordinates":[139.561935,35.742367]},"properties":{"name":"西東京市中町2丁目6","laeq_db":62.0,"years":"2019","n_years":1,"survey":"常時監視","layer":"noise","source":"令和元〜5年度 自動車交通騒音 常時監視・要請限度測定地点（東京都環境局）","x":-24547.19,"y":-28549.27}},{"type":"Feature","geometry":{"type":"Point","coordinates":[139.774217,35.691041]},"properties":{"name":"千代田区神田美倉町9","laeq_db":71.4,"years":"2019・2020・2021・2022・2023","n_years":5,"survey":"要請限度","layer":"noise","source":"令和元〜5年度 自動車交通騒音 常時監視・要請限度測定地点（東京都環境局）","x":-5350.32,"y":-34275.86}},{"type":"Feature","geometry":{"type":"Point","coordinates":[139.771071,35.694109]},"properties":{"name":"千代田区神田鍛冶町3丁目6","laeq_db":65.5,"years":"2019・2023","n_years":2,"survey":"要請限度","layer":"noise","source":"令和元〜5年度 自動車交通騒音 常時監視・要請限度測定地点（東京都環境局）","x":-5634.84,"y":-33935.31}},{"type":"Feature","geometry":{"type":"Point","coordinates":[139.733079,35.685216]},"properties":{"name":"千代田区麹町6丁目2","laeq_db":68.2,"years":"2019・2020・2021・2022・2023","n_years":5,"survey":"要請限度","layer":"noise","source":"令和元〜5年度 自動車交通騒音 常時監視・要請限度測定地点（東京都環境局）","x":-9074.18,"y":-34919.08}},{"type":"Feature","geometry":{"type":"Point","coordinates":[139.74714,35.700677]},"properties":{"name":"千代田区飯田橋4丁目5-14","laeq_db":70.2,"years":"2019・2020・2021・2022・2023","n_years":5,"survey":"要請限度","layer":"noise","source":"令和元〜5年度 自動車交通騒音 常時監視・要請限度測定地点（東京都環境局）","x":-7799.99,"y":-33205.01}},{"type":"Feature","geometry":{"type":"Point","coordinates":[139.757338,35.696981]},"properties":{"name":"千代田区神田神保町2丁目14","laeq_db":66.3,"years":"2019・2021・2023","n_years":3,"survey":"要請限度","layer":"noise","source":"令和元〜5年度 自動車交通騒音 常時監視・要請限度測定地点（東京都環境局）","x":-6877.45,"y":-33615.81}},{"type":"Feature","geometry":{"type":"Point","coordinates":[139.757551,35.693312]},"properties":{"name":"千代田区一ツ橋2丁目2","laeq_db":67.3,"years":"2019・2021・2023","n_years":3,"survey":"要請限度","layer":"noise","source":"令和元〜5年度 自動車交通騒音 常時監視・要請限度測定地点（東京都環境局）","x":-6858.49,"y":-34022.87}},{"type":"Feature","geometry":{"type":"Point","coordinates":[139.757895,35.695612]},"properties":{"name":"千代田区神田神保町2丁目1","laeq_db":69.8,"years":"2019・2020・2021・2022・2023","n_years":5,"survey":"要請限度","layer":"noise","source":"令和元〜5年度 自動車交通騒音 常時監視・要請限度測定地点（東京都環境局）","x":-6827.16,"y":-33767.73}},{"type":"Feature","geometry":{"type":"Point","coordinates":[139.742577,35.692754]},"properties":{"name":"千代田区九段南3丁目8-14","laeq_db":68.4,"years":"2019・2020・2021・2022・2023","n_years":5,"survey":"要請限度","layer":"noise","source":"令和元〜5年度 自動車交通騒音 常時監視・要請限度測定地点（東京都環境局）","x":-8213.73,"y":-34083.63}},{"type":"Feature","geometry":{"type":"Point","coordinates":[139.769283,35.696019]},"properties":{"name":"千代田区神田須田町1丁目3","laeq_db":65.0,"years":"2019・2020・2021・2022・2023","n_years":5,"survey":"要請限度","layer":"noise","source":"令和元〜5年度 自動車交通騒音 常時監視・要請限度測定地点（東京都環境局）","x":-5796.52,"y":-33723.31}},{"type":"Feature","geometry":{"type":"Point","coordinates":[139.780719,35.69562]},"properties":{"name":"千代田区東神田2丁目10-18","laeq_db":69.8,"years":"2019・2020・2021・2022・2023","n_years":5,"survey":"要請限度","layer":"noise","source":"令和元〜5年度 自動車交通騒音 常時監視・要請限度測定地点（東京都環境局）","x":-4761.59,"y":-33768.19}},{"type":"Feature","geometry":{"type":"Point","coordinates":[139.754916,35.69338]},"properties":{"name":"千代田区九段南1丁目1","laeq_db":66.8,"years":"2019・2020・2021・2022・2023","n_years":5,"survey":"要請限度","layer":"noise","source":"令和元〜5年度 自動車交通騒音 常時監視・要請限度測定地点（東京都環境局）","x":-7096.96,"y":-34015.14}},{"type":"Feature","geometry":{"type":"Point","coordinates":[139.765682,35.689433]},"properties":{"name":"千代田区内神田1丁目1","laeq_db":66.0,"years":"2019","n_years":1,"survey":"要請限度","layer":"noise","source":"令和元〜5年度 自動車交通騒音 常時監視・要請限度測定地点（東京都環境局）","x":-6122.91,"y":-34453.76}},{"type":"Feature","geometry":{"type":"Point","coordinates":[139.760875,35.693386]},"properties":{"name":"千代田区神田錦町3丁目20","laeq_db":67.3,"years":"2019・2021・2023","n_years":3,"survey":"要請限度","layer":"noise","source":"令和元〜5年度 自動車交通騒音 常時監視・要請限度測定地点（東京都環境局）","x":-6557.65,"y":-34014.89}},{"type":"Feature","geometry":{"type":"Point","coordinates":[139.739037,35.680113]},"properties":{"name":"千代田区平河町2丁目5-1","laeq_db":63.4,"years":"2019・2020・2021・2022・2023","n_years":5,"survey":"要請限度","layer":"noise","source":"令和元〜5年度 自動車交通騒音 常時監視・要請限度測定地点（東京都環境局）","x":-8535.46,"y":-35485.75}},{"type":"Feature","geometry":{"type":"Point","coordinates":[139.780499,35.692454]},"properties":{"name":"中央区日本橋小伝馬町20","laeq_db":68.0,"years":"2019・2020・2021・2022・2023","n_years":5,"survey":"要請限度","layer":"noise","source":"令和元〜5年度 自動車交通騒音 常時監視・要請限度測定地点（東京都環境局）","x":-4781.69,"y":-34119.42}},{"type":"Feature","geometry":{"type":"Point","coordinates":[139.76872,35.675821]},"properties":{"name":"中央区京橋3丁目1","laeq_db":65.6,"years":"2019・2020・2021・2022・2023","n_years":5,"survey":"要請限度","layer":"noise","source":"令和元〜5年度 自動車交通騒音 常時監視・要請限度測定地点（東京都環境局）","x":-5848.94,"y":-35964.08}},{"type":"Feature","geometry":{"type":"Point","coordinates":[139.786463,35.685849]},"properties":{"name":"中央区日本橋人形町2丁目36","laeq_db":67.4,"years":"2019・2020・2021・2022・2023","n_years":5,"survey":"要請限度","layer":"noise","source":"令和元〜5年度 自動車交通騒音 常時監視・要請限度測定地点（東京都環境局）","x":-4242.28,"y":-34852.47}},{"type":"Feature","geometry":{"type":"Point","coordinates":[139.775209,35.671257]},"properties":{"name":"中央区新富2丁目15","laeq_db":69.6,"years":"2019・2020・2021・2022・2023","n_years":5,"survey":"要請限度","layer":"noise","source":"令和元〜5年度 自動車交通騒音 常時監視・要請限度測定地点（東京都環境局）","x":-5261.84,"y":-36470.79}},{"type":"Feature","geometry":{"type":"Point","coordinates":[139.781474,35.680141]},"properties":{"name":"中央区日本橋茅場町1丁目14","laeq_db":66.2,"years":"2019・2020・2021・2022・2023","n_years":5,"survey":"要請限度","layer":"noise","source":"令和元〜5年度 自動車交通騒音 常時監視・要請限度測定地点（東京都環境局）","x":-4694.17,"y":-35485.5}},{"type":"Feature","geometry":{"type":"Point","coordinates":[139.772692,35.66575]},"properties":{"name":"中央区築地6丁目1","laeq_db":67.6,"years":"2019・2020・2021・2022・2023","n_years":5,"survey":"要請限度","layer":"noise","source":"令和元〜5年度 自動車交通騒音 常時監視・要請限度測定地点（東京都環境局）","x":-5490.08,"y":-37081.61}},{"type":"Feature","geometry":{"type":"Point","coordinates":[139.775497,35.687997]},"properties":{"name":"中央区日本橋本町2丁目2","laeq_db":70.8,"years":"2019・2020・2021・2022・2023","n_years":5,"survey":"要請限度","layer":"noise","source":"令和元〜5年度 自動車交通騒音 常時監視・要請限度測定地点（東京都環境局）","x":-5234.68,"y":-34613.64}},{"type":"Feature","geometry":{"type":"Point","coordinates":[139.771665,35.674384]},"properties":{"name":"中央区京橋3丁目11","laeq_db":68.0,"years":"2019・2020・2021・2022・2023","n_years":5,"survey":"要請限度","layer":"noise","source":"令和元〜5年度 自動車交通騒音 常時監視・要請限度測定地点（東京都環境局）","x":-5582.45,"y":-36123.68}},{"type":"Feature","geometry":{"type":"Point","coordinates":[139.782186,35.662069]},"properties":{"name":"中央区月島4丁目1","laeq_db":62.7,"years":"2019・2020・2021・2022・2023","n_years":5,"survey":"常時監視・要請限度","layer":"noise","source":"令和元〜5年度 自動車交通騒音 常時監視・要請限度測定地点（東京都環境局）","x":-4630.76,"y":-37490.47}},{"type":"Feature","geometry":{"type":"Point","coordinates":[139.778813,35.652843]},"properties":{"name":"中央区晴海4丁目7","laeq_db":65.0,"years":"2019・2023","n_years":2,"survey":"要請限度","layer":"noise","source":"令和元〜5年度 自動車交通騒音 常時監視・要請限度測定地点（東京都環境局）","x":-4936.72,"y":-38513.86}},{"type":"Feature","geometry":{"type":"Point","coordinates":[139.730739,35.636736]},"properties":{"name":"港区白金台1丁目2","laeq_db":65.6,"years":"2019・2020・2021・2022・2023","n_years":5,"survey":"常時監視・要請限度","layer":"noise","source":"令和元〜5年度 自動車交通騒音 常時監視・要請限度測定地点（東京都環境局）","x":-9291.59,"y":-40297.31}},{"type":"Feature","geometry":{"type":"Point","coordinates":[139.714831,35.668293]},"properties":{"name":"港区北青山3丁目3","laeq_db":65.9,"years":"2019・2020・2021・2022・2023","n_years":5,"survey":"常時監視・要請限度","layer":"noise","source":"令和元〜5年度 自動車交通騒音 常時監視・要請限度測定地点（東京都環境局）","x":-10728.1,"y":-36794.71}},{"type":"Feature","geometry":{"type":"Point","coordinates":[139.751376,35.632515]},"properties":{"name":"港区港南3丁目9","laeq_db":71.2,"years":"2019・2020・2021・2022・2023","n_years":5,"survey":"常時監視・要請限度","layer":"noise","source":"令和元〜5年度 自動車交通騒音 常時監視・要請限度測定地点（東京都環境局）","x":-7422.96,"y":-40767.35}},{"type":"Feature","geometry":{"type":"Point","coordinates":[139.740876,35.655728]},"properties":{"name":"港区東麻布2丁目31","laeq_db":67.0,"years":"2019・2020・2021・2022・2023","n_years":5,"survey":"常時監視・要請限度","layer":"noise","source":"令和元〜5年度 自動車交通騒音 常時監視・要請限度測定地点（東京都環境局）","x":-8371.54,"y":-38191.22}},{"type":"Feature","geometry":{"type":"Point","coordinates":[139.725068,35.65962]},"properties":{"name":"港区西麻布3丁目21","laeq_db":71.2,"years":"2019・2020・2021・2022・2023","n_years":5,"survey":"常時監視・要請限度","layer":"noise","source":"令和元〜5年度 自動車交通騒音 常時監視・要請限度測定地点（東京都環境局）","x":-9802.4,"y":-37757.98}},{"type":"Feature","geometry":{"type":"Point","coordinates":[139.719844,35.641471]},"properties":{"name":"港区白金台5丁目10","laeq_db":68.2,"years":"2019・2022・2023","n_years":3,"survey":"要請限度","layer":"noise","source":"令和元〜5年度 自動車交通騒音 常時監視・要請限度測定地点（東京都環境局）","x":-10277.71,"y":-39770.92}},{"type":"Feature","geometry":{"type":"Point","coordinates":[139.724084,35.656203]},"properties":{"name":"港区西麻布3丁目12","laeq_db":68.7,"years":"2019・2020・2021・2022・2023","n_years":5,"survey":"常時監視・要請限度","layer":"noise","source":"令和元〜5年度 自動車交通騒音 常時監視・要請限度測定地点（東京都環境局）","x":-9891.91,"y":-38136.97}},{"type":"Feature","geometry":{"type":"Point","coordinates":[139.690648,35.695469]},"properties":{"name":"新宿区西新宿8丁目19-3","laeq_db":72.6,"years":"2019・2020・2021・2022・2023","n_years":5,"survey":"要請限度","layer":"noise","source":"令和元〜5年度 自動車交通騒音 常時監視・要請限度測定地点（東京都環境局）","x":-12913.03,"y":-33776.84}},{"type":"Feature","geometry":{"type":"Point","coordinates":[139.742164,35.707234]},"properties":{"name":"新宿区新小川町6-27","laeq_db":72.0,"years":"2019・2020・2021・2022・2023","n_years":5,"survey":"要請限度","layer":"noise","source":"令和元〜5年度 自動車交通騒音 常時監視・要請限度測定地点（東京都環境局）","x":-8249.61,"y":-32477.15}},{"type":"Feature","geometry":{"type":"Point","coordinates":[139.70412,35.722825]},"properties":{"name":"新宿区下落合3丁目18-5","laeq_db":70.5,"years":"2019・2020・2021・2022","n_years":4,"survey":"要請限度","layer":"noise","source":"令和元〜5年度 自動車交通騒音 常時監視・要請限度測定地点（東京都環境局）","x":-11689.82,"y":-30743.58}},{"type":"Feature","geometry":{"type":"Point","coordinates":[139.680771,35.727288]},"properties":{"name":"新宿区西落合4丁目3-9","laeq_db":68.8,"years":"2019・2020・2021・2022・2023","n_years":5,"survey":"要請限度","layer":"noise","source":"令和元〜5年度 自動車交通騒音 常時監視・要請限度測定地点（東京都環境局）","x":-13801.41,"y":-30245.41}},{"type":"Feature","geometry":{"type":"Point","coordinates":[139.721125,35.711437]},"properties":{"name":"新宿区西早稲田1丁目13-5","laeq_db":72.8,"years":"2019・2020・2021・2022・2023","n_years":5,"survey":"要請限度","layer":"noise","source":"令和元〜5年度 自動車交通騒音 常時監視・要請限度測定地点（東京都環境局）","x":-10152.83,"y":-32008.89}},{"type":"Feature","geometry":{"type":"Point","coordinates":[139.692086,35.716951]},"properties":{"name":"新宿区中落合1丁目3-8","laeq_db":71.0,"years":"2019・2020・2021・2022・2023","n_years":5,"survey":"要請限度","layer":"noise","source":"令和元〜5年度 自動車交通騒音 常時監視・要請限度測定地点（東京都環境局）","x":-12779.46,"y":-31393.76}},{"type":"Feature","geometry":{"type":"Point","coordinates":[139.736929,35.702476]},"properties":{"name":"新宿区神楽坂6丁目58","laeq_db":65.6,"years":"2019・2020・2021・2022・2023","n_years":5,"survey":"要請限度","layer":"noise","source":"令和元〜5年度 自動車交通騒音 常時監視・要請限度測定地点（東京都環境局）","x":-8723.83,"y":-33004.56}},{"type":"Feature","geometry":{"type":"Point","coordinates":[139.717209,35.70928]},"properties":{"name":"新宿区西早稲田1丁目4-14","laeq_db":65.8,"years":"2019・2020・2022・2023","n_years":4,"survey":"要請限度","layer":"noise","source":"令和元〜5年度 自動車交通騒音 常時監視・要請限度測定地点（東京都環境局）","x":-10507.44,"y":-32247.78}},{"type":"Feature","geometry":{"type":"Point","coordinates":[139.700863,35.712811]},"properties":{"name":"新宿区高田馬場4丁目13-8","laeq_db":67.8,"years":"2019・2020・2021・2022・2023","n_years":5,"survey":"要請限度","layer":"noise","source":"令和元〜5年度 自動車交通騒音 常時監視・要請限度測定地点（東京都環境局）","x":-11985.97,"y":-31854.17}},{"type":"Feature","geometry":{"type":"Point","coordinates":[139.711154,35.709146]},"properties":{"name":"新宿区西早稲田2丁目17-3","laeq_db":64.0,"years":"2019","n_years":1,"survey":"要請限度","layer":"noise","source":"令和元〜5年度 自動車交通騒音 常時監視・要請限度測定地点（東京都環境局）","x":-11055.35,"y":-32261.98}},{"type":"Feature","geometry":{"type":"Point","coordinates":[139.715889,35.695355]},"properties":{"name":"新宿区余丁町4-15","laeq_db":64.2,"years":"2019・2020・2022・2023","n_years":4,"survey":"要請限度","layer":"noise","source":"令和元〜5年度 自動車交通騒音 常時監視・要請限度測定地点（東京都環境局）","x":-10628.73,"y":-33792.51}},{"type":"Feature","geometry":{"type":"Point","coordinates":[139.71784,35.691236]},"properties":{"name":"新宿区富久町8-25","laeq_db":67.2,"years":"2019・2020・2021・2022・2023","n_years":5,"survey":"要請限度","layer":"noise","source":"令和元〜5年度 自動車交通騒音 常時監視・要請限度測定地点（東京都環境局）","x":-10452.7,"y":-34249.69}},{"type":"Feature","geometry":{"type":"Point","coordinates":[139.706244,35.692584]},"properties":{"name":"新宿区新宿5丁目16-5","laeq_db":71.0,"years":"2019・2020・2021・2022・2023","n_years":5,"survey":"要請限度","layer":"noise","source":"令和元〜5年度 自動車交通騒音 常時監視・要請限度測定地点（東京都環境局）","x":-11502.0,"y":-34098.84}},{"type":"Feature","geometry":{"type":"Point","coordinates":[139.709824,35.711756]},"properties":{"name":"新宿区高田馬場2丁目1-1","laeq_db":72.4,"years":"2019・2020・2021・2022・2023","n_years":5,"survey":"要請限度","layer":"noise","source":"令和元〜5年度 自動車交通騒音 常時監視・要請限度測定地点（東京都環境局）","x":-11175.33,"y":-31972.27}},{"type":"Feature","geometry":{"type":"Point","coordinates":[139.707656,35.704976]},"properties":{"name":"新宿区大久保3丁目1-3","laeq_db":71.4,"years":"2019・2020・2021・2022・2023","n_years":5,"survey":"要請限度","layer":"noise","source":"令和元〜5年度 自動車交通騒音 常時監視・要請限度測定地点（東京都環境局）","x":-11372.45,"y":-32724.21}},{"type":"Feature","geometry":{"type":"Point","coordinates":[139.688552,35.716638]},"properties":{"name":"新宿区中落合1丁目14-22","laeq_db":72.7,"years":"2019・2020・2023","n_years":3,"survey":"要請限度","layer":"noise","source":"令和元〜5年度 自動車交通騒音 常時監視・要請限度測定地点（東京都環境局）","x":-13099.25,"y":-31428.02}},{"type":"Feature","geometry":{"type":"Point","coordinates":[139.684591,35.687789]},"properties":{"name":"新宿区西新宿4丁目22-13","laeq_db":71.0,"years":"2019・2020・2021・2022・2023","n_years":5,"survey":"要請限度","layer":"noise","source":"令和元〜5年度 自動車交通騒音 常時監視・要請限度測定地点（東京都環境局）","x":-13462.48,"y":-34628.06}},{"type":"Feature","geometry":{"type":"Point","coordinates":[139.726065,35.695021]},"properties":{"name":"新宿区市谷本村町7-3","laeq_db":68.6,"years":"2019・2020・2021・2022・2023","n_years":5,"survey":"要請限度","layer":"noise","source":"令和元〜5年度 自動車交通騒音 常時監視・要請限度測定地点（東京都環境局）","x":-9707.84,"y":-33830.62}},{"type":"Feature","geometry":{"type":"Point","coordinates":[139.719677,35.68524]},"properties":{"name":"新宿区左門町15-7","laeq_db":68.0,"years":"2019","n_years":1,"survey":"要請限度","layer":"noise","source":"令和元〜5年度 自動車交通騒音 常時監視・要請限度測定地点（東京都環境局）","x":-10287.21,"y":-34915.09}},{"type":"Feature","geometry":{"type":"Point","coordinates":[139.710393,35.688853]},"properties":{"name":"新宿区新宿1丁目7-3","laeq_db":71.0,"years":"2019・2020・2021・2022・2023","n_years":5,"survey":"要請限度","layer":"noise","source":"令和元〜5年度 自動車交通騒音 常時監視・要請限度測定地点（東京都環境局）","x":-11127.02,"y":-34513.25}},{"type":"Feature","geometry":{"type":"Point","coordinates":[139.733057,35.696926]},"properties":{"name":"新宿区納戸町36","laeq_db":60.0,"years":"2019・2020・2021・2022・2023","n_years":5,"survey":"要請限度","layer":"noise","source":"令和元〜5年度 自動車交通騒音 常時監視・要請限度測定地点（東京都環境局）","x":-9074.85,"y":-33619.94}},{"type":"Feature","geometry":{"type":"Point","coordinates":[139.813741,35.718975]},"properties":{"name":"墨田区東向島1丁目28-11","laeq_db":72.4,"years":"2019・2020・2021・2022・2023","n_years":5,"survey":"要請限度","layer":"noise","source":"令和元〜5年度 自動車交通騒音 常時監視・要請限度測定地点（東京都環境局）","x":-1772.59,"y":-31178.23}},{"type":"Feature","geometry":{"type":"Point","coordinates":[139.826072,35.729778]},"properties":{"name":"墨田区墨田4丁目61-3","laeq_db":73.4,"years":"2019・2020・2021・2022・2023","n_years":5,"survey":"要請限度","layer":"noise","source":"令和元〜5年度 自動車交通騒音 常時監視・要請限度測定地点（東京都環境局）","x":-656.87,"y":-29979.86}},{"type":"Feature","geometry":{"type":"Point","coordinates":[139.810325,35.694639]},"properties":{"name":"墨田区江東橋1丁目7-14","laeq_db":67.8,"years":"2019・2020・2021・2022・2023","n_years":5,"survey":"要請限度","layer":"noise","source":"令和元〜5年度 自動車交通騒音 常時監視・要請限度測定地点（東京都環境局）","x":-2082.28,"y":-33878.06}},{"type":"Feature","geometry":{"type":"Point","coordinates":[139.789717,35.69401]},"properties":{"name":"墨田区両国1丁目11(両国橋児童遊園)","laeq_db":69.2,"years":"2019・2020・2021・2022・2023","n_years":5,"survey":"要請限度","layer":"noise","source":"令和元〜5年度 自動車交通騒音 常時監視・要請限度測定地点（東京都環境局）","x":-3947.35,"y":-33947.21}},{"type":"Feature","geometry":{"type":"Point","coordinates":[139.819626,35.721503]},"properties":{"name":"墨田区東向島6丁目6-12","laeq_db":69.2,"years":"2019・2020・2021・2022・2023","n_years":5,"survey":"要請限度","layer":"noise","source":"令和元〜5年度 自動車交通騒音 常時監視・要請限度測定地点（東京都環境局）","x":-1240.11,"y":-30897.85}},{"type":"Feature","geometry":{"type":"Point","coordinates":[139.814985,35.725145]},"properties":{"name":"墨田区東向島3丁目17-13","laeq_db":68.2,"years":"2019・2020・2021・2022・2023","n_years":5,"survey":"要請限度","layer":"noise","source":"令和元〜5年度 自動車交通騒音 常時監視・要請限度測定地点（東京都環境局）","x":-1659.91,"y":-30493.73}},{"type":"Feature","geometry":{"type":"Point","coordinates":[139.796914,35.699747]},"properties":{"name":"墨田区横網2丁目3(横網町公園)","laeq_db":67.4,"years":"2019・2020・2021・2022・2023・2024","n_years":6,"survey":"常時監視・要請限度","layer":"noise","source":"令和元〜5年度 自動車交通騒音 常時監視・要請限度測定地点（東京都環境局） / 自動車騒音の常時監視結果（環境GIS＋・国立環境研究所）","x":-3295.77,"y":-33311.0}},{"type":"Feature","geometry":{"type":"Point","coordinates":[139.808636,35.7018]},"properties":{"name":"墨田区太平1丁目17 (法恩寺橋児童遊園)","laeq_db":67.2,"years":"2019・2020・2021・2022・2023","n_years":5,"survey":"要請限度","layer":"noise","source":"令和元〜5年度 自動車交通騒音 常時監視・要請限度測定地点（東京都環境局）","x":-2234.93,"y":-33083.56}},{"type":"Feature","geometry":{"type":"Point","coordinates":[139.806358,35.68868]},"properties":{"name":"墨田区菊川3丁目16-5","laeq_db":70.0,"years":"2019","n_years":1,"survey":"要請限度","layer":"noise","source":"令和元〜5年度 自動車交通騒音 常時監視・要請限度測定地点（東京都環境局）","x":-2441.47,"y":-34539.07}},{"type":"Feature","geometry":{"type":"Point","coordinates":[139.805073,35.702679]},"properties":{"name":"墨田区本所4丁目1(本四三ツ目児童遊園)","laeq_db":69.2,"years":"2019・2020・2021・2022・2023","n_years":5,"survey":"常時監視・要請限度","layer":"noise","source":"令和元〜5年度 自動車交通騒音 常時監視・要請限度測定地点（東京都環境局）","x":-2557.33,"y":-32985.96}},{"type":"Feature","geometry":{"type":"Point","coordinates":[139.807656,35.70753]},"properties":{"name":"墨田区東駒形4丁目15(大横川親水公園)","laeq_db":62.0,"years":"2019・2022","n_years":2,"survey":"要請限度","layer":"noise","source":"令和元〜5年度 自動車交通騒音 常時監視・要請限度測定地点（東京都環境局）","x":-2323.45,"y":-32447.84}},{"type":"Feature","geometry":{"type":"Point","coordinates":[139.815517,35.733003]},"properties":{"name":"墨田区堤通2丁目6(隅田川神社入り口)","laeq_db":65.5,"years":"2019・2022","n_years":2,"survey":"要請限度","layer":"noise","source":"令和元〜5年度 自動車交通騒音 常時監視・要請限度測定地点（東京都環境局）","x":-1611.62,"y":-29621.95}},{"type":"Feature","geometry":{"type":"Point","coordinates":[139.815029,35.698556]},"properties":{"name":"墨田区錦糸4丁目15(錦糸公園)","laeq_db":66.0,"years":"2019・2022","n_years":2,"survey":"要請限度","layer":"noise","source":"令和元〜5年度 自動車交通騒音 常時監視・要請限度測定地点（東京都環境局）","x":-1656.48,"y":-33443.58}},{"type":"Feature","geometry":{"type":"Point","coordinates":[139.826532,35.722603]},"properties":{"name":"墨田区八広4丁目12-3","laeq_db":64.0,"years":"2019・2022","n_years":2,"survey":"要請限度","layer":"noise","source":"令和元〜5年度 自動車交通騒音 常時監視・要請限度測定地点（東京都環境局）","x":-615.31,"y":-30775.88}},{"type":"Feature","geometry":{"type":"Point","coordinates":[139.830514,35.724097]},"properties":{"name":"墨田区八広6丁目53(吾嬬西公園)","laeq_db":65.5,"years":"2019・2022","n_years":2,"survey":"要請限度","layer":"noise","source":"令和元〜5年度 自動車交通騒音 常時監視・要請限度測定地点（東京都環境局）","x":-255.06,"y":-30610.15}},{"type":"Feature","geometry":{"type":"Point","coordinates":[139.824214,35.723964]},"properties":{"name":"墨田区八広5丁目7(八広第一児童遊園)","laeq_db":65.5,"years":"2019・2022","n_years":2,"survey":"要請限度","layer":"noise","source":"令和元〜5年度 自動車交通騒音 常時監視・要請限度測定地点（東京都環境局）","x":-825.01,"y":-30624.87}},{"type":"Feature","geometry":{"type":"Point","coordinates":[139.841412,35.693834]},"properties":{"name":"江東区大島7丁目30-26","laeq_db":65.4,"years":"2019・2020・2021・2022・2023","n_years":5,"survey":"要請限度","layer":"noise","source":"令和元〜5年度 自動車交通騒音 常時監視・要請限度測定地点（東京都環境局）","x":731.13,"y":-33967.58}},{"type":"Feature","geometry":{"type":"Point","coordinates":[139.805652,35.65982]},"properties":{"name":"江東区枝川2丁目1-1","laeq_db":70.6,"years":"2019・2020・2021・2022・2023","n_years":5,"survey":"要請限度","layer":"noise","source":"令和元〜5年度 自動車交通騒音 常時監視・要請限度測定地点（東京都環境局）","x":-2506.28,"y":-37740.83}},{"type":"Feature","geometry":{"type":"Point","coordinates":[139.839568,35.696801]},"properties":{"name":"江東区亀戸7丁目39-9","laeq_db":71.2,"years":"2019・2020・2021・2022・2023","n_years":5,"survey":"要請限度","layer":"noise","source":"令和元〜5年度 自動車交通騒音 常時監視・要請限度測定地点（東京都環境局）","x":564.23,"y":-33638.42}},{"type":"Feature","geometry":{"type":"Point","coordinates":[139.799205,35.640825]},"properties":{"name":"江東区東雲2丁目5-25","laeq_db":72.4,"years":"2019・2020・2021・2022・2023","n_years":5,"survey":"要請限度","layer":"noise","source":"令和元〜5年度 自動車交通騒音 常時監視・要請限度測定地点（東京都環境局）","x":-3090.72,"y":-39847.98}},{"type":"Feature","geometry":{"type":"Point","coordinates":[139.792638,35.673652]},"properties":{"name":"江東区永代2丁目31-14","laeq_db":66.2,"years":"2019・2020・2021・2022・2023","n_years":5,"survey":"要請限度","layer":"noise","source":"令和元〜5年度 自動車交通騒音 常時監視・要請限度測定地点（東京都環境局）","x":-3683.93,"y":-36205.88}},{"type":"Feature","geometry":{"type":"Point","coordinates":[139.81565,35.670172]},"properties":{"name":"江東区東陽3丁目27","laeq_db":65.0,"years":"2019・2020・2021・2022・2023","n_years":5,"survey":"要請限度","layer":"noise","source":"令和元〜5年度 自動車交通騒音 常時監視・要請限度測定地点（東京都環境局）","x":-1600.85,"y":-36592.57}},{"type":"Feature","geometry":{"type":"Point","coordinates":[139.818193,35.688477]},"properties":{"name":"江東区住吉2丁目28-36","laeq_db":64.4,"years":"2019・2020・2021・2022・2023","n_years":5,"survey":"要請限度","layer":"noise","source":"令和元〜5年度 自動車交通騒音 常時監視・要請限度測定地点（東京都環境局）","x":-1370.32,"y":-34561.82}},{"type":"Feature","geometry":{"type":"Point","coordinates":[139.830027,35.68999]},"properties":{"name":"江東区大島3丁目16-2","laeq_db":69.8,"years":"2019・2020・2021・2022","n_years":4,"survey":"要請限度","layer":"noise","source":"令和元〜5年度 自動車交通騒音 常時監視・要請限度測定地点（東京都環境局）","x":-299.24,"y":-34394.07}},{"type":"Feature","geometry":{"type":"Point","coordinates":[139.799772,35.652431]},"properties":{"name":"江東区豊洲4丁目11-18","laeq_db":65.4,"years":"2019・2020・2021・2022・2023","n_years":5,"survey":"要請限度","layer":"noise","source":"令和元〜5年度 自動車交通騒音 常時監視・要請限度測定地点（東京都環境局）","x":-3038.93,"y":-38560.42}},{"type":"Feature","geometry":{"type":"Point","coordinates":[139.82652,35.692504]},"properties":{"name":"江東区大島3丁目4-5","laeq_db":70.5,"years":"2019・2020・2021・2022・2023","n_years":5,"survey":"常時監視・要請限度","layer":"noise","source":"令和元〜5年度 自動車交通騒音 常時監視・要請限度測定地点（東京都環境局）","x":-616.63,"y":-34115.14}},{"type":"Feature","geometry":{"type":"Point","coordinates":[139.828714,35.701528]},"properties":{"name":"江東区亀戸4丁目14-5","laeq_db":70.4,"years":"2019・2020・2021・2022・2023","n_years":5,"survey":"要請限度","layer":"noise","source":"令和元〜5年度 自動車交通騒音 常時監視・要請限度測定地点（東京都環境局）","x":-418.02,"y":-33114.01}},{"type":"Feature","geometry":{"type":"Point","coordinates":[139.805497,35.685005]},"properties":{"name":"江東区森下4丁目9-22","laeq_db":70.2,"years":"2019・2020・2021・2022・2023","n_years":5,"survey":"要請限度","layer":"noise","source":"令和元〜5年度 自動車交通騒音 常時監視・要請限度測定地点（東京都環境局）","x":-2519.52,"y":-34946.76}},{"type":"Feature","geometry":{"type":"Point","coordinates":[139.802103,35.657529]},"properties":{"name":"江東区枝川1丁目8-15","laeq_db":68.2,"years":"2019・2020・2021・2022・2023","n_years":5,"survey":"要請限度","layer":"noise","source":"令和元〜5年度 自動車交通騒音 常時監視・要請限度測定地点（東京都環境局）","x":-2827.68,"y":-37994.91}},{"type":"Feature","geometry":{"type":"Point","coordinates":[139.798931,35.678174]},"properties":{"name":"江東区平野1丁目2-3","laeq_db":69.7,"years":"2019・2020・2021・2022・2023","n_years":5,"survey":"常時監視・要請限度","layer":"noise","source":"令和元〜5年度 自動車交通騒音 常時監視・要請限度測定地点（東京都環境局）","x":-3114.08,"y":-35704.42}},{"type":"Feature","geometry":{"type":"Point","coordinates":[139.817462,35.67309]},"properties":{"name":"江東区東陽4丁目11-28","laeq_db":62.8,"years":"2019・2020・2021・2022・2023","n_years":5,"survey":"要請限度","layer":"noise","source":"令和元〜5年度 自動車交通騒音 常時監視・要請限度測定地点（東京都環境局）","x":-1436.76,"y":-36268.87}},{"type":"Feature","geometry":{"type":"Point","coordinates":[139.83173,35.677141]},"properties":{"name":"江東区北砂4丁目20","laeq_db":65.6,"years":"2019・2020・2021・2022・2023","n_years":5,"survey":"要請限度","layer":"noise","source":"令和元〜5年度 自動車交通騒音 常時監視・要請限度測定地点（東京都環境局）","x":-145.13,"y":-35819.56}},{"type":"Feature","geometry":{"type":"Point","coordinates":[139.827628,35.674949]},"properties":{"name":"江東区南砂4丁目4-1","laeq_db":72.4,"years":"2019・2020・2021・2022・2023","n_years":5,"survey":"要請限度","layer":"noise","source":"令和元〜5年度 自動車交通騒音 常時監視・要請限度測定地点（東京都環境局）","x":-516.46,"y":-36062.73}},{"type":"Feature","geometry":{"type":"Point","coordinates":[139.834504,35.691404]},"properties":{"name":"江東区大島6丁目7-8","laeq_db":68.0,"years":"2019・2020・2021・2022・2023","n_years":5,"survey":"要請限度","layer":"noise","source":"令和元〜5年度 自動車交通騒音 常時監視・要請限度測定地点（東京都環境局）","x":105.95,"y":-34237.2}},{"type":"Feature","geometry":{"type":"Point","coordinates":[139.844005,35.683626]},"properties":{"name":"江東区東砂2丁目12-14","laeq_db":67.2,"years":"2019・2020・2021・2022・2023","n_years":5,"survey":"要請限度","layer":"noise","source":"令和元〜5年度 自動車交通騒音 常時監視・要請限度測定地点（東京都環境局）","x":965.93,"y":-35100.05}},{"type":"Feature","geometry":{"type":"Point","coordinates":[139.790813,35.64788]},"properties":{"name":"江東区豊洲6丁目2-1","laeq_db":67.2,"years":"2019・2020・2021・2022・2023","n_years":5,"survey":"常時監視・要請限度","layer":"noise","source":"令和元〜5年度 自動車交通騒音 常時監視・要請限度測定地点（東京都環境局）","x":-3850.38,"y":-39065.0}},{"type":"Feature","geometry":{"type":"Point","coordinates":[139.738269,35.600006]},"properties":{"name":"品川区東大井3丁目18-34","laeq_db":72.0,"years":"2019・2021・2022・2023","n_years":4,"survey":"常時監視・要請限度","layer":"noise","source":"令和元〜5年度 自動車交通騒音 常時監視・要請限度測定地点（東京都環境局）","x":-8613.57,"y":-44372.86}},{"type":"Feature","geometry":{"type":"Point","coordinates":[139.736418,35.588817]},"properties":{"name":"品川区南大井2丁目12","laeq_db":72.8,"years":"2019・2021・2022・2023","n_years":4,"survey":"常時監視・要請限度","layer":"noise","source":"令和元〜5年度 自動車交通騒音 常時監視・要請限度測定地点（東京都環境局）","x":-8782.5,"y":-45614.01}},{"type":"Feature","geometry":{"type":"Point","coordinates":[139.744115,35.618836]},"properties":{"name":"品川区北品川2丁目7-15","laeq_db":66.0,"years":"2019・2021・2023・2024","n_years":4,"survey":"常時監視・要請限度","layer":"noise","source":"令和元〜5年度 自動車交通騒音 常時監視・要請限度測定地点（東京都環境局） / 自動車騒音の常時監視結果（環境GIS＋・国立環境研究所）","x":-8081.98,"y":-42284.34}},{"type":"Feature","geometry":{"type":"Point","coordinates":[139.747243,35.614147]},"properties":{"name":"品川区東品川3丁目15-7","laeq_db":67.0,"years":"2019・2021・2023・2024","n_years":4,"survey":"常時監視・要請限度","layer":"noise","source":"令和元〜5年度 自動車交通騒音 常時監視・要請限度測定地点（東京都環境局） / 自動車騒音の常時監視結果（環境GIS＋・国立環境研究所）","x":-7799.08,"y":-42804.79}},{"type":"Feature","geometry":{"type":"Point","coordinates":[139.746107,35.621753]},"properties":{"name":"品川区東品川1丁目3-3","laeq_db":66.0,"years":"2019・2022","n_years":2,"survey":"要請限度","layer":"noise","source":"令和元〜5年度 自動車交通騒音 常時監視・要請限度測定地点（東京都環境局）","x":-7901.24,"y":-41960.89}},{"type":"Feature","geometry":{"type":"Point","coordinates":[139.719583,35.623977]},"properties":{"name":"品川区西五反田7丁目6−2","laeq_db":65.0,"years":"2019・2021・2022","n_years":3,"survey":"常時監視・要請限度","layer":"noise","source":"令和元〜5年度 自動車交通騒音 常時監視・要請限度測定地点（東京都環境局）","x":-10303.59,"y":-41711.7}},{"type":"Feature","geometry":{"type":"Point","coordinates":[139.732151,35.625171]},"properties":{"name":"品川区北品川6丁目5-17","laeq_db":68.0,"years":"2019・2023","n_years":2,"survey":"常時監視・要請限度","layer":"noise","source":"令和元〜5年度 自動車交通騒音 常時監視・要請限度測定地点（東京都環境局）","x":-9165.03,"y":-41580.48}},{"type":"Feature","geometry":{"type":"Point","coordinates":[139.745372,35.6105]},"properties":{"name":"品川区東品川4丁目1-20","laeq_db":68.3,"years":"2019・2020・2023","n_years":3,"survey":"要請限度","layer":"noise","source":"令和元〜5年度 自動車交通騒音 常時監視・要請限度測定地点（東京都環境局）","x":-7968.94,"y":-43209.24}},{"type":"Feature","geometry":{"type":"Point","coordinates":[139.748661,35.610233]},"properties":{"name":"品川区東品川4丁目12-5","laeq_db":64.6,"years":"2019・2021・2022・2023・2024","n_years":5,"survey":"常時監視・要請限度","layer":"noise","source":"令和元〜5年度 自動車交通騒音 常時監視・要請限度測定地点（東京都環境局） / 自動車騒音の常時監視結果（環境GIS＋・国立環境研究所）","x":-7670.99,"y":-43239.13}},{"type":"Feature","geometry":{"type":"Point","coordinates":[139.740358,35.596576]},"properties":{"name":"品川区南大井1丁目6-3","laeq_db":68.5,"years":"2019・2023","n_years":2,"survey":"要請限度","layer":"noise","source":"令和元〜5年度 自動車交通騒音 常時監視・要請限度測定地点（東京都環境局）","x":-8424.65,"y":-44753.56}},{"type":"Feature","geometry":{"type":"Point","coordinates":[139.742228,35.591975]},"properties":{"name":"品川区勝島2丁目1","laeq_db":66.0,"years":"2019・2023","n_years":2,"survey":"要請限度","layer":"noise","source":"令和元〜5年度 自動車交通騒音 常時監視・要請限度測定地点（東京都環境局）","x":-8255.67,"y":-45264.16}},{"type":"Feature","geometry":{"type":"Point","coordinates":[139.686051,35.623592]},"properties":{"name":"目黒区碑文谷2丁目11","laeq_db":69.3,"years":"2019・2021・2023","n_years":3,"survey":"要請限度","layer":"noise","source":"令和元〜5年度 自動車交通騒音 常時監視・要請限度測定地点（東京都環境局）","x":-13341.01,"y":-41750.38}},{"type":"Feature","geometry":{"type":"Point","coordinates":[139.67076,35.614809]},"properties":{"name":"目黒区中根1丁目20","laeq_db":71.0,"years":"2019","n_years":1,"survey":"要請限度","layer":"noise","source":"令和元〜5年度 自動車交通騒音 常時監視・要請限度測定地点（東京都環境局）","x":-14727.69,"y":-42722.59}},{"type":"Feature","geometry":{"type":"Point","coordinates":[139.668484,35.614165]},"properties":{"name":"目黒区中根1丁目25","laeq_db":73.0,"years":"2019・2021・2022","n_years":3,"survey":"要請限度","layer":"noise","source":"令和元〜5年度 自動車交通騒音 常時監視・要請限度測定地点（東京都環境局）","x":-14934.0,"y":-42793.7}},{"type":"Feature","geometry":{"type":"Point","coordinates":[139.695963,35.646833]},"properties":{"name":"目黒区青葉台1丁目29","laeq_db":68.5,"years":"2019・2023","n_years":2,"survey":"要請限度","layer":"noise","source":"令和元〜5年度 自動車交通騒音 常時監視・要請限度測定地点（東京都環境局）","x":-12439.56,"y":-39173.29}},{"type":"Feature","geometry":{"type":"Point","coordinates":[139.690612,35.634597]},"properties":{"name":"目黒区五本木2丁目19","laeq_db":69.0,"years":"2019・2023","n_years":2,"survey":"要請限度","layer":"noise","source":"令和元〜5年度 自動車交通騒音 常時監視・要請限度測定地点（東京都環境局）","x":-12926.09,"y":-40530.08}},{"type":"Feature","geometry":{"type":"Point","coordinates":[139.690906,35.628358]},"properties":{"name":"目黒区中央町1丁目13","laeq_db":65.0,"years":"2019","n_years":1,"survey":"要請限度","layer":"noise","source":"令和元〜5年度 自動車交通騒音 常時監視・要請限度測定地点（東京都環境局）","x":-12900.47,"y":-41222.28}},{"type":"Feature","geometry":{"type":"Point","coordinates":[139.699536,35.575982]},"properties":{"name":"大田区池上3丁目4-4","laeq_db":74.0,"years":"2019","n_years":1,"survey":"要請限度","layer":"noise","source":"令和元〜5年度 自動車交通騒音 常時監視・要請限度測定地点（東京都環境局）","x":-12126.7,"y":-47034.01}},{"type":"Feature","geometry":{"type":"Point","coordinates":[139.594886,35.66988]},"properties":{"name":"世田谷区北烏山9丁目3-8","laeq_db":72.8,"years":"2019・2020・2021・2022・2023","n_years":5,"survey":"要請限度","layer":"noise","source":"令和元〜5年度 自動車交通騒音 常時監視・要請限度測定地点（東京都環境局）","x":-21586.4,"y":-36598.92}},{"type":"Feature","geometry":{"type":"Point","coordinates":[139.6181,35.670887]},"properties":{"name":"世田谷区上北沢4丁目31-10","laeq_db":72.0,"years":"2019・2020・2021・2022・2023","n_years":5,"survey":"要請限度","layer":"noise","source":"令和元〜5年度 自動車交通騒音 常時監視・要請限度測定地点（東京都環境局）","x":-19484.61,"y":-36492.05}},{"type":"Feature","geometry":{"type":"Point","coordinates":[139.651664,35.669838]},"properties":{"name":"世田谷区松原1丁目39-11","laeq_db":75.2,"years":"2019・2020・2021・2022・2023","n_years":5,"survey":"要請限度","layer":"noise","source":"令和元〜5年度 自動車交通騒音 常時監視・要請限度測定地点（東京都環境局）","x":-16446.34,"y":-36614.57}},{"type":"Feature","geometry":{"type":"Point","coordinates":[139.677002,35.646375]},"properties":{"name":"世田谷区太子堂1丁目4-24","laeq_db":70.5,"years":"2019・2020・2021・2022・2023","n_years":5,"survey":"常時監視・要請限度","layer":"noise","source":"令和元〜5年度 自動車交通騒音 常時監視・要請限度測定地点（東京都環境局）","x":-14156.66,"y":-39221.54}},{"type":"Feature","geometry":{"type":"Point","coordinates":[139.665161,35.636328]},"properties":{"name":"世田谷区上馬2丁目14-1","laeq_db":70.0,"years":"2019・2020・2021・2022・2023","n_years":5,"survey":"要請限度","layer":"noise","source":"令和元〜5年度 自動車交通騒音 常時監視・要請限度測定地点（東京都環境局）","x":-15230.83,"y":-40334.4}},{"type":"Feature","geometry":{"type":"Point","coordinates":[139.672826,35.644964]},"properties":{"name":"世田谷区太子堂2丁目13-2","laeq_db":72.8,"years":"2019・2020・2021・2022・2023","n_years":5,"survey":"要請限度","layer":"noise","source":"令和元〜5年度 自動車交通騒音 常時監視・要請限度測定地点（東京都環境局）","x":-14535.07,"y":-39377.47}},{"type":"Feature","geometry":{"type":"Point","coordinates":[139.629764,35.618964]},"properties":{"name":"世田谷区瀬田2丁目31-2","laeq_db":75.8,"years":"2019・2020・2021・2022・2023","n_years":5,"survey":"要請限度","layer":"noise","source":"令和元〜5年度 自動車交通騒音 常時監視・要請限度測定地点（東京都環境局）","x":-18440.62,"y":-42254.72}},{"type":"Feature","geometry":{"type":"Point","coordinates":[139.653068,35.641205]},"properties":{"name":"世田谷区世田谷1丁目11-18","laeq_db":68.2,"years":"2019・2020・2021・2022・2023","n_years":5,"survey":"要請限度","layer":"noise","source":"令和元〜5年度 自動車交通騒音 常時監視・要請限度測定地点（東京都環境局）","x":-16325.07,"y":-39791.4}},{"type":"Feature","geometry":{"type":"Point","coordinates":[139.598301,35.633673]},"properties":{"name":"世田谷区成城3丁目18-23","laeq_db":70.2,"years":"2019・2020・2021・2022・2023","n_years":5,"survey":"要請限度","layer":"noise","source":"令和元〜5年度 自動車交通騒音 常時監視・要請限度測定地点（東京都環境局）","x":-21286.84,"y":-40616.53}},{"type":"Feature","geometry":{"type":"Point","coordinates":[139.637066,35.604421]},"properties":{"name":"世田谷区野毛3丁目20","laeq_db":72.2,"years":"2019・2020・2021・2022・2023","n_years":5,"survey":"要請限度","layer":"noise","source":"令和元〜5年度 自動車交通騒音 常時監視・要請限度測定地点（東京都環境局）","x":-17782.37,"y":-43869.48}},{"type":"Feature","geometry":{"type":"Point","coordinates":[139.641625,35.60584]},"properties":{"name":"世田谷区野毛1丁目25","laeq_db":73.0,"years":"2019・2021・2022・2023","n_years":4,"survey":"要請限度","layer":"noise","source":"令和元〜5年度 自動車交通騒音 常時監視・要請限度測定地点（東京都環境局）","x":-17369.01,"y":-43712.87}},{"type":"Feature","geometry":{"type":"Point","coordinates":[139.615284,35.660618]},"properties":{"name":"世田谷区八幡山2丁目10-2","laeq_db":69.2,"years":"2019・2020・2021・2022・2023","n_years":5,"survey":"要請限度","layer":"noise","source":"令和元〜5年度 自動車交通騒音 常時監視・要請限度測定地点（東京都環境局）","x":-19742.06,"y":-37630.76}},{"type":"Feature","geometry":{"type":"Point","coordinates":[139.620161,35.630386]},"properties":{"name":"世田谷区砧公園7","laeq_db":69.8,"years":"2019・2020・2021・2022・2023","n_years":5,"survey":"要請限度","layer":"noise","source":"令和元〜5年度 自動車交通騒音 常時監視・要請限度測定地点（東京都環境局）","x":-19307.77,"y":-40985.71}},{"type":"Feature","geometry":{"type":"Point","coordinates":[139.652614,35.610359]},"properties":{"name":"世田谷区等々力4丁目19-18","laeq_db":69.5,"years":"2019・2020","n_years":2,"survey":"要請限度","layer":"noise","source":"令和元〜5年度 自動車交通騒音 常時監視・要請限度測定地点（東京都環境局）","x":-16372.47,"y":-43213.41}},{"type":"Feature","geometry":{"type":"Point","coordinates":[139.660342,35.664579]},"properties":{"name":"世田谷区羽根木1丁目6-14","laeq_db":70.4,"years":"2019・2020・2021・2022・2023","n_years":5,"survey":"要請限度","layer":"noise","source":"令和元〜5年度 自動車交通騒音 常時監視・要請限度測定地点（東京都環境局）","x":-15661.76,"y":-37199.43}},{"type":"Feature","geometry":{"type":"Point","coordinates":[139.67424,35.629001]},"properties":{"name":"世田谷区野沢3丁目4","laeq_db":73.4,"years":"2019・2020・2021・2022・2023","n_years":5,"survey":"要請限度","layer":"noise","source":"令和元〜5年度 自動車交通騒音 常時監視・要請限度測定地点（東京都環境局）","x":-14409.89,"y":-41148.63}},{"type":"Feature","geometry":{"type":"Point","coordinates":[139.664807,35.668657]},"properties":{"name":"世田谷区大原1丁目16-16","laeq_db":66.0,"years":"2019・2020・2021・2022・2023","n_years":5,"survey":"要請限度","layer":"noise","source":"令和元〜5年度 自動車交通騒音 常時監視・要請限度測定地点（東京都環境局）","x":-15256.74,"y":-36747.71}},{"type":"Feature","geometry":{"type":"Point","coordinates":[139.672409,35.696974]},"properties":{"name":"中野区本町4丁目18","laeq_db":66.8,"years":"2019・2022","n_years":2,"survey":"常時監視・要請限度","layer":"noise","source":"令和元〜5年度 自動車交通騒音 常時監視・要請限度測定地点（東京都環境局）","x":-14563.39,"y":-33607.32}},{"type":"Feature","geometry":{"type":"Point","coordinates":[139.653715,35.712528]},"properties":{"name":"中野区大和町1丁目12","laeq_db":71.1,"years":"2019・2020・2021","n_years":3,"survey":"常時監視・要請限度","layer":"noise","source":"令和元〜5年度 自動車交通騒音 常時監視・要請限度測定地点（東京都環境局）","x":-16252.01,"y":-31878.78}},{"type":"Feature","geometry":{"type":"Point","coordinates":[139.669497,35.702869]},"properties":{"name":"中野区中野2丁目17","laeq_db":65.9,"years":"2019・2020・2022","n_years":3,"survey":"常時監視・要請限度","layer":"noise","source":"令和元〜5年度 自動車交通騒音 常時監視・要請限度測定地点（東京都環境局）","x":-14825.83,"y":-32952.87}},{"type":"Feature","geometry":{"type":"Point","coordinates":[139.679596,35.69193]},"properties":{"name":"中野区弥生町1丁目25","laeq_db":65.5,"years":"2019・2021","n_years":2,"survey":"要請限度","layer":"noise","source":"令和元〜5年度 自動車交通騒音 常時監視・要請限度測定地点（東京都環境局）","x":-13913.85,"y":-34167.95}},{"type":"Feature","geometry":{"type":"Point","coordinates":[139.631884,35.670131]},"properties":{"name":"杉並区下高井戸3丁目3","laeq_db":71.8,"years":"2019・2020・2021・2022・2023","n_years":5,"survey":"要請限度","layer":"noise","source":"令和元〜5年度 自動車交通騒音 常時監視・要請限度測定地点（東京都環境局）","x":-18236.94,"y":-36578.57}},{"type":"Feature","geometry":{"type":"Point","coordinates":[139.60306,35.712292]},"properties":{"name":"杉並区桃井4丁目2","laeq_db":67.2,"years":"2019・2020・2021・2022・2023","n_years":5,"survey":"要請限度","layer":"noise","source":"令和元〜5年度 自動車交通騒音 常時監視・要請限度測定地点（東京都環境局）","x":-20835.38,"y":-31895.39}},{"type":"Feature","geometry":{"type":"Point","coordinates":[139.631712,35.700738]},"properties":{"name":"杉並区成田東5丁目34","laeq_db":66.4,"years":"2019・2020・2021・2022・2023","n_years":5,"survey":"要請限度","layer":"noise","source":"令和元〜5年度 自動車交通騒音 常時監視・要請限度測定地点（東京都環境局）","x":-18245.54,"y":-33182.93}},{"type":"Feature","geometry":{"type":"Point","coordinates":[139.650759,35.698476]},"properties":{"name":"杉並区高円寺南2丁目11","laeq_db":66.0,"years":"2019・2020・2021・2022","n_years":4,"survey":"要請限度","layer":"noise","source":"令和元〜5年度 自動車交通騒音 常時監視・要請限度測定地点（東京都環境局）","x":-16522.37,"y":-33437.25}},{"type":"Feature","geometry":{"type":"Point","coordinates":[139.637646,35.692485]},"properties":{"name":"杉並区成田東3丁目7","laeq_db":66.5,"years":"2019・2020","n_years":2,"survey":"要請限度","layer":"noise","source":"令和元〜5年度 自動車交通騒音 常時監視・要請限度測定地点（東京都環境局）","x":-17710.38,"y":-34099.62}},{"type":"Feature","geometry":{"type":"Point","coordinates":[139.613645,35.690219]},"properties":{"name":"杉並区宮前1丁目18","laeq_db":64.4,"years":"2019・2020・2021・2022・2023","n_years":5,"survey":"要請限度","layer":"noise","source":"令和元〜5年度 自動車交通騒音 常時監視・要請限度測定地点（東京都環境局）","x":-19883.11,"y":-34346.43}},{"type":"Feature","geometry":{"type":"Point","coordinates":[139.609356,35.689945]},"properties":{"name":"杉並区宮前1丁目14","laeq_db":67.8,"years":"2019・2020・2021・2022・2023","n_years":5,"survey":"要請限度","layer":"noise","source":"令和元〜5年度 自動車交通騒音 常時監視・要請限度測定地点（東京都環境局）","x":-20271.36,"y":-34375.95}},{"type":"Feature","geometry":{"type":"Point","coordinates":[139.615307,35.677635]},"properties":{"name":"杉並区高井戸東2丁目3","laeq_db":68.0,"years":"2019","n_years":1,"survey":"要請限度","layer":"noise","source":"令和元〜5年度 自動車交通騒音 常時監視・要請限度測定地点（東京都環境局）","x":-19735.79,"y":-35742.86}},{"type":"Feature","geometry":{"type":"Point","coordinates":[139.606978,35.679134]},"properties":{"name":"杉並区上高井戸2丁目16","laeq_db":59.8,"years":"2019・2020・2021・2022・2023","n_years":5,"survey":"要請限度","layer":"noise","source":"令和元〜5年度 自動車交通騒音 常時監視・要請限度測定地点（東京都環境局）","x":-20489.35,"y":-35574.85}},{"type":"Feature","geometry":{"type":"Point","coordinates":[139.599834,35.68248]},"properties":{"name":"杉並区久我山1丁目4","laeq_db":56.4,"years":"2019・2020・2021・2022・2023","n_years":5,"survey":"要請限度","layer":"noise","source":"令和元〜5年度 自動車交通騒音 常時監視・要請限度測定地点（東京都環境局）","x":-21135.14,"y":-35202.13}},{"type":"Feature","geometry":{"type":"Point","coordinates":[139.650308,35.683539]},"properties":{"name":"杉並区堀ノ内1丁目9","laeq_db":69.4,"years":"2019・2020・2021・2022・2023","n_years":5,"survey":"要請限度","layer":"noise","source":"令和元〜5年度 自動車交通騒音 常時監視・要請限度測定地点（東京都環境局）","x":-16566.27,"y":-35094.32}},{"type":"Feature","geometry":{"type":"Point","coordinates":[139.641131,35.711428]},"properties":{"name":"杉並区阿佐谷北5丁目45","laeq_db":69.0,"years":"2019・2020・2021・2022・2023","n_years":5,"survey":"要請限度","layer":"noise","source":"令和元〜5年度 自動車交通騒音 常時監視・要請限度測定地点（東京都環境局）","x":-17390.86,"y":-31998.66}},{"type":"Feature","geometry":{"type":"Point","coordinates":[139.614239,35.713998]},"properties":{"name":"杉並区桃井1丁目39","laeq_db":67.2,"years":"2019・2020・2021・2022・2023","n_years":5,"survey":"要請限度","layer":"noise","source":"令和元〜5年度 自動車交通騒音 常時監視・要請限度測定地点（東京都環境局）","x":-19823.47,"y":-31708.44}},{"type":"Feature","geometry":{"type":"Point","coordinates":[139.617709,35.701599]},"properties":{"name":"杉並区荻窪5丁目10","laeq_db":68.8,"years":"2019・2020・2021・2022・2023","n_years":5,"survey":"要請限度","layer":"noise","source":"令和元〜5年度 自動車交通騒音 常時監視・要請限度測定地点（東京都環境局）","x":-19512.53,"y":-33084.72}},{"type":"Feature","geometry":{"type":"Point","coordinates":[139.613733,35.680757]},"properties":{"name":"杉並区高井戸西1丁目5","laeq_db":66.8,"years":"2019・2020・2021・2022・2023","n_years":5,"survey":"要請限度","layer":"noise","source":"令和元〜5年度 自動車交通騒音 常時監視・要請限度測定地点（東京都環境局）","x":-19877.5,"y":-35396.18}},{"type":"Feature","geometry":{"type":"Point","coordinates":[139.653913,35.705901]},"properties":{"name":"杉並区高円寺北2丁目1","laeq_db":68.0,"years":"2019","n_years":1,"survey":"要請限度","layer":"noise","source":"令和元〜5年度 自動車交通騒音 常時監視・要請限度測定地点（東京都環境局）","x":-16235.44,"y":-32614.03}},{"type":"Feature","geometry":{"type":"Point","coordinates":[139.656181,35.686996]},"properties":{"name":"杉並区和田2丁目7","laeq_db":70.2,"years":"2019・2020・2021・2022・2023","n_years":5,"survey":"要請限度","layer":"noise","source":"令和元〜5年度 自動車交通騒音 常時監視・要請限度測定地点（東京都環境局）","x":-16033.99,"y":-34711.77}},{"type":"Feature","geometry":{"type":"Point","coordinates":[139.660234,35.674176]},"properties":{"name":"杉並区方南1丁目3","laeq_db":70.6,"years":"2019・2020・2021・2022・2023","n_years":5,"survey":"要請限度","layer":"noise","source":"令和元〜5年度 自動車交通騒音 常時監視・要請限度測定地点（東京都環境局）","x":-15669.66,"y":-36134.7}},{"type":"Feature","geometry":{"type":"Point","coordinates":[139.620408,35.68746]},"properties":{"name":"杉並区高井戸東4丁目3","laeq_db":69.8,"years":"2019・2020・2021・2022・2023","n_years":5,"survey":"要請限度","layer":"noise","source":"令和元〜5年度 自動車交通騒音 常時監視・要請限度測定地点（東京都環境局）","x":-19271.69,"y":-34653.86}},{"type":"Feature","geometry":{"type":"Point","coordinates":[139.636161,35.708443]},"properties":{"name":"杉並区阿佐谷北1丁目31","laeq_db":63.4,"years":"2019・2020・2021・2022・2023","n_years":5,"survey":"要請限度","layer":"noise","source":"令和元〜5年度 自動車交通騒音 常時監視・要請限度測定地点（東京都環境局）","x":-17841.22,"y":-32328.93}},{"type":"Feature","geometry":{"type":"Point","coordinates":[139.602073,35.719406]},"properties":{"name":"杉並区上井草3丁目6","laeq_db":64.2,"years":"2019・2020・2021・2022・2023","n_years":5,"survey":"要請限度","layer":"noise","source":"令和元〜5年度 自動車交通騒音 常時監視・要請限度測定地点（東京都環境局）","x":-20922.82,"y":-31105.94}},{"type":"Feature","geometry":{"type":"Point","coordinates":[139.609423,35.696034]},"properties":{"name":"杉並区宮前3丁目26","laeq_db":63.6,"years":"2019・2020・2021・2022・2023","n_years":5,"survey":"要請限度","layer":"noise","source":"令和元〜5年度 自動車交通騒音 常時監視・要請限度測定地点（東京都環境局）","x":-20263.76,"y":-33700.43}},{"type":"Feature","geometry":{"type":"Point","coordinates":[139.606644,35.707241]},"properties":{"name":"杉並区西荻北1丁目19","laeq_db":58.4,"years":"2019・2020・2021・2022・2023","n_years":5,"survey":"要請限度","layer":"noise","source":"令和元〜5年度 自動車交通騒音 常時監視・要請限度測定地点（東京都環境局）","x":-20512.39,"y":-32456.52}},{"type":"Feature","geometry":{"type":"Point","coordinates":[139.606652,35.681786]},"properties":{"name":"杉並区高井戸西1丁目17","laeq_db":62.4,"years":"2019・2020・2021・2022・2023","n_years":5,"survey":"要請限度","layer":"noise","source":"令和元〜5年度 自動車交通騒音 常時監視・要請限度測定地点（東京都環境局）","x":-20518.18,"y":-35280.56}},{"type":"Feature","geometry":{"type":"Point","coordinates":[139.693873,35.723253]},"properties":{"name":"豊島区目白5丁目7-14","laeq_db":66.0,"years":"2019","n_years":1,"survey":"要請限度","layer":"noise","source":"令和元〜5年度 自動車交通騒音 常時監視・要請限度測定地点（東京都環境局）","x":-12616.79,"y":-30694.83}},{"type":"Feature","geometry":{"type":"Point","coordinates":[139.730969,35.745978]},"properties":{"name":"北区滝野川1丁目90-8","laeq_db":73.1,"years":"2019・2020・2021・2022・2023","n_years":5,"survey":"要請限度","layer":"noise","source":"令和元〜5年度 自動車交通騒音 常時監視・要請限度測定地点（東京都環境局）","x":-9258.13,"y":-28177.78}},{"type":"Feature","geometry":{"type":"Point","coordinates":[139.73599,35.766921]},"properties":{"name":"北区王子5丁目29","laeq_db":68.0,"years":"2019・2020・2021・2022・2023","n_years":5,"survey":"要請限度","layer":"noise","source":"令和元〜5年度 自動車交通騒音 常時監視・要請限度測定地点（東京都環境局）","x":-8801.71,"y":-25854.75}},{"type":"Feature","geometry":{"type":"Point","coordinates":[139.735389,35.775433]},"properties":{"name":"北区志茂3丁目46-8","laeq_db":70.0,"years":"2019・2020・2021・2022・2023","n_years":5,"survey":"常時監視・要請限度","layer":"noise","source":"令和元〜5年度 自動車交通騒音 常時監視・要請限度測定地点（東京都環境局）","x":-8855.11,"y":-24910.35}},{"type":"Feature","geometry":{"type":"Point","coordinates":[139.722271,35.785709]},"properties":{"name":"北区岩淵町26-6","laeq_db":67.3,"years":"2019・2020・2021・2022・2023","n_years":5,"survey":"要請限度","layer":"noise","source":"令和元〜5年度 自動車交通騒音 常時監視・要請限度測定地点（東京都環境局）","x":-10039.81,"y":-23769.02}},{"type":"Feature","geometry":{"type":"Point","coordinates":[139.711655,35.78597]},"properties":{"name":"北区赤羽北1丁目12-1","laeq_db":68.8,"years":"2019・2020・2021・2022・2023","n_years":5,"survey":"常時監視・要請限度","layer":"noise","source":"令和元〜5年度 自動車交通騒音 常時監視・要請限度測定地点（東京都環境局）","x":-10999.44,"y":-23738.93}},{"type":"Feature","geometry":{"type":"Point","coordinates":[139.793387,35.734081]},"properties":{"name":"荒川区南千住1丁目59-11","laeq_db":73.3,"years":"2019・2020・2021・2022・2023・2024","n_years":6,"survey":"常時監視・要請限度","layer":"noise","source":"令和元〜5年度 自動車交通騒音 常時監視・要請限度測定地点（東京都環境局） / 自動車騒音の常時監視結果（環境GIS＋・国立環境研究所）","x":-3613.4,"y":-29501.77}},{"type":"Feature","geometry":{"type":"Point","coordinates":[139.769566,35.742862]},"properties":{"name":"荒川区東尾久2丁目43-9","laeq_db":70.4,"years":"2019・2020・2021・2022・2023","n_years":5,"survey":"要請限度","layer":"noise","source":"令和元〜5年度 自動車交通騒音 常時監視・要請限度測定地点（東京都環境局）","x":-5767.53,"y":-28526.44}},{"type":"Feature","geometry":{"type":"Point","coordinates":[139.78339,35.73626]},"properties":{"name":"荒川区荒川2丁目2-3","laeq_db":70.2,"years":"2019・2020・2021・2022・2023","n_years":5,"survey":"要請限度","layer":"noise","source":"令和元〜5年度 自動車交通騒音 常時監視・要請限度測定地点（東京都環境局）","x":-4517.57,"y":-29259.61}},{"type":"Feature","geometry":{"type":"Point","coordinates":[139.778182,35.734917]},"properties":{"name":"荒川区荒川3丁目67-1","laeq_db":65.6,"years":"2019・2020・2021・2022・2023","n_years":5,"survey":"要請限度","layer":"noise","source":"令和元〜5年度 自動車交通騒音 常時監視・要請限度測定地点（東京都環境局）","x":-4988.74,"y":-29408.35}},{"type":"Feature","geometry":{"type":"Point","coordinates":[139.782975,35.746953]},"properties":{"name":"荒川区町屋3丁目8-15","laeq_db":66.6,"years":"2019・2020・2021・2022・2023","n_years":5,"survey":"要請限度","layer":"noise","source":"令和元〜5年度 自動車交通騒音 常時監視・要請限度測定地点（東京都環境局）","x":-4554.5,"y":-28073.27}},{"type":"Feature","geometry":{"type":"Point","coordinates":[139.778226,35.728324]},"properties":{"name":"荒川区東日暮里5丁目2-1","laeq_db":68.0,"years":"2019","n_years":1,"survey":"要請限度","layer":"noise","source":"令和元〜5年度 自動車交通騒音 常時監視・要請限度測定地点（東京都環境局）","x":-4985.17,"y":-30139.8}},{"type":"Feature","geometry":{"type":"Point","coordinates":[139.772911,35.751148]},"properties":{"name":"荒川区東尾久7丁目2-10","laeq_db":62.0,"years":"2019・2020・2021・2022・2023","n_years":5,"survey":"要請限度","layer":"noise","source":"令和元〜5年度 自動車交通騒音 常時監視・要請限度測定地点（東京都環境局）","x":-5464.42,"y":-27607.35}},{"type":"Feature","geometry":{"type":"Point","coordinates":[139.709286,35.751737]},"properties":{"name":"板橋区板橋2丁目67-7","laeq_db":69.0,"years":"2019・2020・2021","n_years":3,"survey":"要請限度","layer":"noise","source":"令和元〜5年度 自動車交通騒音 常時監視・要請限度測定地点（東京都環境局）","x":-11218.4,"y":-27536.59}},{"type":"Feature","geometry":{"type":"Point","coordinates":[139.70744,35.757793]},"properties":{"name":"板橋区本町41-3","laeq_db":73.5,"years":"2019・2020・2021・2023","n_years":4,"survey":"常時監視・要請限度","layer":"noise","source":"令和元〜5年度 自動車交通騒音 常時監視・要請限度測定地点（東京都環境局）","x":-11384.48,"y":-26864.51}},{"type":"Feature","geometry":{"type":"Point","coordinates":[139.700778,35.769924]},"properties":{"name":"板橋区大原町6-5","laeq_db":69.3,"years":"2019・2020・2021","n_years":3,"survey":"要請限度","layer":"noise","source":"令和元〜5年度 自動車交通騒音 常時監視・要請限度測定地点（東京都環境局）","x":-11985.1,"y":-25517.86}},{"type":"Feature","geometry":{"type":"Point","coordinates":[139.685283,35.787844]},"properties":{"name":"板橋区東坂下2丁目20-9","laeq_db":70.7,"years":"2019・2020・2021","n_years":3,"survey":"要請限度","layer":"noise","source":"令和元〜5年度 自動車交通騒音 常時監視・要請限度測定地点（東京都環境局）","x":-13383.09,"y":-23527.74}},{"type":"Feature","geometry":{"type":"Point","coordinates":[139.645654,35.791907]},"properties":{"name":"板橋区高島平6丁目1-1","laeq_db":70.3,"years":"2019・2020・2021","n_years":3,"survey":"要請限度","layer":"noise","source":"令和元〜5年度 自動車交通騒音 常時監視・要請限度測定地点（東京都環境局）","x":-16964.52,"y":-23070.83}},{"type":"Feature","geometry":{"type":"Point","coordinates":[139.649686,35.779481]},"properties":{"name":"板橋区赤塚7丁目25","laeq_db":65.0,"years":"2019・2020・2021・2022","n_years":4,"survey":"要請限度","layer":"noise","source":"令和元〜5年度 自動車交通騒音 常時監視・要請限度測定地点（東京都環境局）","x":-16602.65,"y":-24450.11}},{"type":"Feature","geometry":{"type":"Point","coordinates":[139.68511,35.757401]},"properties":{"name":"板橋区南常盤台2丁目10-1","laeq_db":71.7,"years":"2019・2020・2021","n_years":3,"survey":"要請限度","layer":"noise","source":"令和元〜5年度 自動車交通騒音 常時監視・要請限度測定地点（東京都環境局）","x":-13403.84,"y":-26905.17}},{"type":"Feature","geometry":{"type":"Point","coordinates":[139.70041,35.747056]},"properties":{"name":"板橋区大山町13-1","laeq_db":69.2,"years":"2019・2020・2021・2022・2024","n_years":5,"survey":"常時監視・要請限度","layer":"noise","source":"令和元〜5年度 自動車交通騒音 常時監視・要請限度測定地点（東京都環境局） / 自動車騒音の常時監視結果（環境GIS＋・国立環境研究所）","x":-12021.81,"y":-28054.87}},{"type":"Feature","geometry":{"type":"Point","coordinates":[139.641538,35.770729]},"properties":{"name":"板橋区赤塚新町3丁目3-9","laeq_db":72.3,"years":"2019・2020・2021","n_years":3,"survey":"要請限度","layer":"noise","source":"令和元〜5年度 自動車交通騒音 常時監視・要請限度測定地点（東京都環境局）","x":-17341.17,"y":-25419.68}},{"type":"Feature","geometry":{"type":"Point","coordinates":[139.696834,35.781399]},"properties":{"name":"板橋区小豆沢4丁目29-9","laeq_db":68.3,"years":"2019・2020・2021・2022・2023","n_years":5,"survey":"常時監視・要請限度","layer":"noise","source":"令和元〜5年度 自動車交通騒音 常時監視・要請限度測定地点（東京都環境局）","x":-12339.93,"y":-24244.29}},{"type":"Feature","geometry":{"type":"Point","coordinates":[139.707903,35.74422]},"properties":{"name":"板橋区熊野町25-2","laeq_db":68.0,"years":"2019・2020・2021・2023","n_years":4,"survey":"要請限度","layer":"noise","source":"令和元〜5年度 自動車交通騒音 常時監視・要請限度測定地点（東京都環境局）","x":-11344.54,"y":-28370.4}},{"type":"Feature","geometry":{"type":"Point","coordinates":[139.706457,35.741784]},"properties":{"name":"板橋区熊野町11-2","laeq_db":69.7,"years":"2019・2020・2021","n_years":3,"survey":"要請限度","layer":"noise","source":"令和元〜5年度 自動車交通騒音 常時監視・要請限度測定地点（東京都環境局）","x":-11475.67,"y":-28640.48}},{"type":"Feature","geometry":{"type":"Point","coordinates":[139.700301,35.759558]},"properties":{"name":"板橋区双葉町42-1","laeq_db":68.2,"years":"2019・2020・2021・2022・2023","n_years":5,"survey":"要請限度","layer":"noise","source":"令和元〜5年度 自動車交通騒音 常時監視・要請限度測定地点（東京都環境局）","x":-12029.79,"y":-26667.84}},{"type":"Feature","geometry":{"type":"Point","coordinates":[139.675752,35.746486]},"properties":{"name":"板橋区小茂根4丁目9-2","laeq_db":72.0,"years":"2019・2020・2021","n_years":3,"survey":"要請限度","layer":"noise","source":"令和元〜5年度 自動車交通騒音 常時監視・要請限度測定地点（東京都環境局）","x":-14252.03,"y":-28114.8}},{"type":"Feature","geometry":{"type":"Point","coordinates":[139.710291,35.76218]},"properties":{"name":"板橋区稲荷台22-4","laeq_db":71.0,"years":"2019・2020・2021・2022","n_years":4,"survey":"常時監視・要請限度","layer":"noise","source":"令和元〜5年度 自動車交通騒音 常時監視・要請限度測定地点（東京都環境局）","x":-11126.05,"y":-26378.13}},{"type":"Feature","geometry":{"type":"Point","coordinates":[139.668011,35.782065]},"properties":{"name":"板橋区高島平1丁目9-1","laeq_db":66.4,"years":"2019・2020・2021・2022・2023","n_years":5,"survey":"要請限度","layer":"noise","source":"令和元〜5年度 自動車交通騒音 常時監視・要請限度測定地点（東京都環境局）","x":-14945.49,"y":-24166.38}},{"type":"Feature","geometry":{"type":"Point","coordinates":[139.675886,35.786237]},"properties":{"name":"板橋区蓮根3丁目6-3","laeq_db":70.8,"years":"2019・2020・2021・2022・2023","n_years":5,"survey":"要請限度","layer":"noise","source":"令和元〜5年度 自動車交通騒音 常時監視・要請限度測定地点（東京都環境局）","x":-14232.83,"y":-23704.7}},{"type":"Feature","geometry":{"type":"Point","coordinates":[139.797873,35.74371]},"properties":{"name":"足立区千住河原町10","laeq_db":72.2,"years":"2019・2020・2021・2022・2023","n_years":5,"survey":"要請限度","layer":"noise","source":"令和元〜5年度 自動車交通騒音 常時監視・要請限度測定地点（東京都環境局）","x":-3207.23,"y":-28433.65}},{"type":"Feature","geometry":{"type":"Point","coordinates":[139.803892,35.771074]},"properties":{"name":"足立区中央本町1丁目5-3","laeq_db":69.0,"years":"2019・2020・2021・2022・2023","n_years":5,"survey":"常時監視・要請限度","layer":"noise","source":"令和元〜5年度 自動車交通騒音 常時監視・要請限度測定地点（東京都環境局）","x":-2661.92,"y":-25397.97}},{"type":"Feature","geometry":{"type":"Point","coordinates":[139.801784,35.796452]},"properties":{"name":"足立区西保木間1丁目15","laeq_db":71.6,"years":"2019・2020・2021・2022・2023","n_years":5,"survey":"要請限度","layer":"noise","source":"令和元〜5年度 自動車交通騒音 常時監視・要請限度測定地点（東京都環境局）","x":-2851.61,"y":-22582.38}},{"type":"Feature","geometry":{"type":"Point","coordinates":[139.837262,35.77734]},"properties":{"name":"足立区大谷田4丁目1","laeq_db":69.6,"years":"2019・2020・2021・2022・2023","n_years":5,"survey":"要請限度","layer":"noise","source":"令和元〜5年度 自動車交通騒音 常時監視・要請限度測定地点（東京都環境局）","x":355.18,"y":-24703.19}},{"type":"Feature","geometry":{"type":"Point","coordinates":[139.775951,35.777033]},"properties":{"name":"足立区西新井本町2丁目3-1","laeq_db":63.0,"years":"2019・2020・2021・2022・2023","n_years":5,"survey":"要請限度","layer":"noise","source":"令和元〜5年度 自動車交通騒音 常時監視・要請限度測定地点（東京都環境局）","x":-5187.81,"y":-24735.74}},{"type":"Feature","geometry":{"type":"Point","coordinates":[139.82112,35.756971]},"properties":{"name":"足立区綾瀬1丁目11","laeq_db":65.4,"years":"2019・2020・2021・2022・2023","n_years":5,"survey":"要請限度","layer":"noise","source":"令和元〜5年度 自動車交通騒音 常時監視・要請限度測定地点（東京都環境局）","x":-1104.46,"y":-26962.94}},{"type":"Feature","geometry":{"type":"Point","coordinates":[139.828528,35.763534]},"properties":{"name":"足立区綾瀬3丁目12-15","laeq_db":64.0,"years":"2019・2022・2023","n_years":3,"survey":"要請限度","layer":"noise","source":"令和元〜5年度 自動車交通騒音 常時監視・要請限度測定地点（東京都環境局）","x":-434.51,"y":-26234.88}},{"type":"Feature","geometry":{"type":"Point","coordinates":[139.74074,35.773077]},"properties":{"name":"足立区新田2丁目4","laeq_db":71.8,"years":"2019・2020・2021・2022・2023","n_years":5,"survey":"要請限度","layer":"noise","source":"令和元〜5年度 自動車交通騒音 常時監視・要請限度測定地点（東京都環境局）","x":-8371.57,"y":-25172.2}},{"type":"Feature","geometry":{"type":"Point","coordinates":[139.78105,35.760324]},"properties":{"name":"足立区本木南町2","laeq_db":68.3,"years":"2019・2020・2021・2022・2023","n_years":5,"survey":"常時監視・要請限度","layer":"noise","source":"令和元〜5年度 自動車交通騒音 常時監視・要請限度測定地点（東京都環境局）","x":-4727.81,"y":-26589.76}},{"type":"Feature","geometry":{"type":"Point","coordinates":[139.819837,35.754458]},"properties":{"name":"葛飾区小菅1丁目8","laeq_db":63.0,"years":"2019","n_years":1,"survey":"要請限度","layer":"noise","source":"令和元〜5年度 自動車交通騒音 常時監視・要請限度測定地点（東京都環境局）","x":-1220.52,"y":-27241.73}},{"type":"Feature","geometry":{"type":"Point","coordinates":[139.841223,35.742586]},"properties":{"name":"葛飾区四つ木5丁目15","laeq_db":69.0,"years":"2019・2022","n_years":2,"survey":"要請限度","layer":"noise","source":"令和元〜5年度 自動車交通騒音 常時監視・要請限度測定地点（東京都環境局）","x":713.59,"y":-28558.9}},{"type":"Feature","geometry":{"type":"Point","coordinates":[139.861836,35.734698]},"properties":{"name":"葛飾区奥戸2丁目37","laeq_db":64.0,"years":"2019・2022","n_years":2,"survey":"要請限度","layer":"noise","source":"令和元〜5年度 自動車交通騒音 常時監視・要請限度測定地点（東京都環境局）","x":2578.23,"y":-29433.67}},{"type":"Feature","geometry":{"type":"Point","coordinates":[139.843425,35.733754]},"properties":{"name":"葛飾区東立石2丁目1","laeq_db":62.0,"years":"2019・2022","n_years":2,"survey":"要請限度","layer":"noise","source":"令和元〜5年度 自動車交通騒音 常時監視・要請限度測定地点（東京都環境局）","x":912.86,"y":-29538.73}},{"type":"Feature","geometry":{"type":"Point","coordinates":[139.850291,35.763786]},"properties":{"name":"葛飾区亀有3丁目38","laeq_db":67.5,"years":"2019・2020・2022・2024","n_years":4,"survey":"常時監視・要請限度","layer":"noise","source":"令和元〜5年度 自動車交通騒音 常時監視・要請限度測定地点（東京都環境局） / 自動車騒音の常時監視結果（環境GIS＋・国立環境研究所）","x":1533.36,"y":-26206.8}},{"type":"Feature","geometry":{"type":"Point","coordinates":[139.825008,35.742864]},"properties":{"name":"葛飾区堀切2丁目4","laeq_db":68.2,"years":"2019・2022","n_years":2,"survey":"要請限度","layer":"noise","source":"令和元〜5年度 自動車交通騒音 常時監視・要請限度測定地点（東京都環境局）","x":-753.0,"y":-28528.06}},{"type":"Feature","geometry":{"type":"Point","coordinates":[139.563423,35.706509]},"properties":{"name":"武蔵野市中町2丁目10","laeq_db":63.0,"years":"2019","n_years":1,"survey":"要請限度","layer":"noise","source":"令和元〜5年度 自動車交通騒音 常時監視・要請限度測定地点（東京都環境局）","x":-24423.55,"y":-32527.84}},{"type":"Feature","geometry":{"type":"Point","coordinates":[139.565768,35.710838]},"properties":{"name":"武蔵野市中町3丁目9-11","laeq_db":68.0,"years":"2019","n_years":1,"survey":"要請限度","layer":"noise","source":"令和元〜5年度 自動車交通騒音 常時監視・要請限度測定地点（東京都環境局）","x":-24210.05,"y":-32048.15}},{"type":"Feature","geometry":{"type":"Point","coordinates":[139.55406,35.719618]},"properties":{"name":"武蔵野市八幡町4丁目28-13","laeq_db":66.8,"years":"2019・2020・2021・2022・2023","n_years":5,"survey":"常時監視・要請限度","layer":"noise","source":"令和元〜5年度 自動車交通騒音 常時監視・要請限度測定地点（東京都環境局）","x":-25266.65,"y":-31071.12}},{"type":"Feature","geometry":{"type":"Point","coordinates":[139.551625,35.707402]},"properties":{"name":"武蔵野市関前1丁目5","laeq_db":59.2,"years":"2019・2020・2021・2022・2023","n_years":5,"survey":"要請限度","layer":"noise","source":"令和元〜5年度 自動車交通騒音 常時監視・要請限度測定地点（東京都環境局）","x":-25490.84,"y":-32425.77}},{"type":"Feature","geometry":{"type":"Point","coordinates":[139.588124,35.708572]},"properties":{"name":"武蔵野市吉祥寺東町1丁目23","laeq_db":66.8,"years":"2019・2020・2021・2022・2023","n_years":5,"survey":"常時監視・要請限度","layer":"noise","source":"令和元〜5年度 自動車交通騒音 常時監視・要請限度測定地点（東京都環境局）","x":-22187.84,"y":-32304.83}},{"type":"Feature","geometry":{"type":"Point","coordinates":[139.572317,35.699439]},"properties":{"name":"武蔵野市御殿山1丁目19","laeq_db":63.7,"years":"2019・2020・2021・2022・2023","n_years":5,"survey":"常時監視・要請限度","layer":"noise","source":"令和元〜5年度 自動車交通騒音 常時監視・要請限度測定地点（東京都環境局）","x":-23620.84,"y":-33314.38}},{"type":"Feature","geometry":{"type":"Point","coordinates":[139.56411,35.711683]},"properties":{"name":"武蔵野市中町3丁目4","laeq_db":66.3,"years":"2019・2020・2021・2022・2023","n_years":5,"survey":"常時監視・要請限度","layer":"noise","source":"令和元〜5年度 自動車交通騒音 常時監視・要請限度測定地点（東京都環境局）","x":-24359.81,"y":-31953.99}},{"type":"Feature","geometry":{"type":"Point","coordinates":[139.550108,35.685105]},"properties":{"name":"三鷹市上連雀9丁目42-25","laeq_db":65.0,"years":"2019・2020・2021・2023","n_years":4,"survey":"要請限度","layer":"noise","source":"令和元〜5年度 自動車交通騒音 常時監視・要請限度測定地点（東京都環境局）","x":-25635.24,"y":-34899.06}},{"type":"Feature","geometry":{"type":"Point","coordinates":[139.55537,35.683269]},"properties":{"name":"三鷹市野崎1丁目7-23","laeq_db":65.5,"years":"2019・2020・2021・2023","n_years":4,"survey":"要請限度","layer":"noise","source":"令和元〜5年度 自動車交通騒音 常時監視・要請限度測定地点（東京都環境局）","x":-25159.55,"y":-35104.11}},{"type":"Feature","geometry":{"type":"Point","coordinates":[139.569683,35.695773]},"properties":{"name":"三鷹市下連雀1丁目13-1","laeq_db":69.8,"years":"2019・2020・2021・2023","n_years":4,"survey":"要請限度","layer":"noise","source":"令和元〜5年度 自動車交通騒音 常時監視・要請限度測定地点（東京都環境局）","x":-23860.29,"y":-33720.46}},{"type":"Feature","geometry":{"type":"Point","coordinates":[139.566031,35.697387]},"properties":{"name":"三鷹市下連雀2丁目26-9","laeq_db":65.8,"years":"2019・2020・2021・2023","n_years":4,"survey":"要請限度","layer":"noise","source":"令和元〜5年度 自動車交通騒音 常時監視・要請限度測定地点（東京都環境局）","x":-24190.31,"y":-33540.5}},{"type":"Feature","geometry":{"type":"Point","coordinates":[139.579687,35.662476]},"properties":{"name":"調布市仙川町2丁目6","laeq_db":71.2,"years":"2019・2020・2021・2022・2023","n_years":5,"survey":"要請限度","layer":"noise","source":"令和元〜5年度 自動車交通騒音 常時監視・要請限度測定地点（東京都環境局）","x":-22964.47,"y":-37416.89}},{"type":"Feature","geometry":{"type":"Point","coordinates":[139.580166,35.630293]},"properties":{"name":"狛江市東和泉2丁目9-11","laeq_db":69.1,"years":"2019・2020・2021・2023","n_years":4,"survey":"要請限度","layer":"noise","source":"令和元〜5年度 自動車交通騒音 常時監視・要請限度測定地点（東京都環境局）","x":-22930.3,"y":-40987.44}},{"type":"Feature","geometry":{"type":"Point","coordinates":[139.578372,35.634946]},"properties":{"name":"狛江市和泉本町1丁目1-5","laeq_db":65.2,"years":"2019・2020・2021・2023","n_years":4,"survey":"要請限度","layer":"noise","source":"令和元〜5年度 自動車交通騒音 常時監視・要請限度測定地点（東京都環境局）","x":-23091.45,"y":-40470.81}},{"type":"Feature","geometry":{"type":"Point","coordinates":[139.549484,35.726717]},"properties":{"name":"西東京市柳沢5丁目15","laeq_db":70.6,"years":"2019・2020・2021・2022・2023","n_years":5,"survey":"要請限度","layer":"noise","source":"令和元〜5年度 自動車交通騒音 常時監視・要請限度測定地点（東京都環境局）","x":-25678.38,"y":-30282.34}},{"type":"Feature","geometry":{"type":"Point","coordinates":[139.56808,35.733217]},"properties":{"name":"西東京市富士町3丁目7-4","laeq_db":59.6,"years":"2019・2020・2021・2022・2023","n_years":5,"survey":"要請限度","layer":"noise","source":"令和元〜5年度 自動車交通騒音 常時監視・要請限度測定地点（東京都環境局）","x":-23994.14,"y":-29565.92}},{"type":"Feature","geometry":{"type":"Point","coordinates":[139.542542,35.720838]},"properties":{"name":"西東京市向台町2丁目5","laeq_db":63.0,"years":"2019・2020・2021・2022・2023","n_years":5,"survey":"要請限度","layer":"noise","source":"令和元〜5年度 自動車交通騒音 常時監視・要請限度測定地点（東京都環境局）","x":-26308.32,"y":-30932.74}},{"type":"Feature","geometry":{"type":"Point","coordinates":[139.564303,35.755584]},"properties":{"name":"西東京市北町5丁目9-4","laeq_db":57.4,"years":"2019・2020・2021・2022・2023","n_years":5,"survey":"要請限度","layer":"noise","source":"令和元〜5年度 自動車交通騒音 常時監視・要請限度測定地点（東京都環境局）","x":-24328.99,"y":-27083.51}},{"type":"Feature","geometry":{"type":"Point","coordinates":[139.561824,35.751026]},"properties":{"name":"西東京市下保谷5丁目6","laeq_db":62.4,"years":"2019・2020・2021・2022・2023","n_years":5,"survey":"要請限度","layer":"noise","source":"令和元〜5年度 自動車交通騒音 常時監視・要請限度測定地点（東京都環境局）","x":-24554.57,"y":-27588.58}},{"type":"Feature","geometry":{"type":"Point","coordinates":[139.551387,35.74352]},"properties":{"name":"西東京市住吉町6丁目1-5","laeq_db":67.7,"years":"2019・2020・2021・2022・2023","n_years":5,"survey":"要請限度","layer":"noise","source":"令和元〜5年度 自動車交通騒音 常時監視・要請限度測定地点（東京都環境局）","x":-25500.86,"y":-28418.66}},{"type":"Feature","geometry":{"type":"Point","coordinates":[139.544564,35.741395]},"properties":{"name":"西東京市谷戸町1丁目17-2","laeq_db":66.2,"years":"2019・2020・2021・2022・2023","n_years":5,"survey":"要請限度","layer":"noise","source":"令和元〜5年度 自動車交通騒音 常時監視・要請限度測定地点（東京都環境局）","x":-26118.67,"y":-28652.62}},{"type":"Feature","geometry":{"type":"Point","coordinates":[139.55561,35.738929]},"properties":{"name":"西東京市中町1丁目1-5","laeq_db":64.5,"years":"2019・2020・2021・2022・2023","n_years":5,"survey":"要請限度","layer":"noise","source":"令和元〜5年度 自動車交通騒音 常時監視・要請限度測定地点（東京都環境局）","x":-25120.35,"y":-28929.09}},{"type":"Feature","geometry":{"type":"Point","coordinates":[139.557215,35.737865]},"properties":{"name":"西東京市中町6丁目12-8","laeq_db":60.1,"years":"2019・2020・2021・2022・2023","n_years":5,"survey":"要請限度","layer":"noise","source":"令和元〜5年度 自動車交通騒音 常時監視・要請限度測定地点（東京都環境局）","x":-24975.51,"y":-29047.54}},{"type":"Feature","geometry":{"type":"Point","coordinates":[139.559395,35.754008]},"properties":{"name":"西東京市北町1丁目8-21","laeq_db":61.6,"years":"2019・2020・2021・2022・2023","n_years":5,"survey":"要請限度","layer":"noise","source":"令和元〜5年度 自動車交通騒音 常時監視・要請限度測定地点（東京都環境局）","x":-24773.32,"y":-27257.13}},{"type":"Feature","geometry":{"type":"Point","coordinates":[139.560517,35.74274]},"properties":{"name":"西東京市中町2丁目2","laeq_db":60.8,"years":"2019・2020・2021・2022・2023","n_years":5,"survey":"要請限度","layer":"noise","source":"令和元〜5年度 自動車交通騒音 常時監視・要請限度測定地点（東京都環境局）","x":-24675.33,"y":-28507.53}},{"type":"Feature","geometry":{"type":"Point","coordinates":[139.555167,35.73229]},"properties":{"name":"西東京市保谷町1丁目19-11","laeq_db":64.5,"years":"2019・2020・2021・2022・2023","n_years":5,"survey":"要請限度","layer":"noise","source":"令和元〜5年度 自動車交通騒音 常時監視・要請限度測定地点（東京都環境局）","x":-25162.51,"y":-29665.53}},{"type":"Feature","geometry":{"type":"Point","coordinates":[139.736554,35.683467]},"properties":{"name":"千代田区麹町4丁目5-20","laeq_db":69.0,"years":"2020","n_years":1,"survey":"常時監視","layer":"noise","source":"令和元〜5年度 自動車交通騒音 常時監視・要請限度測定地点（東京都環境局）","x":-8759.84,"y":-35113.43}},{"type":"Feature","geometry":{"type":"Point","coordinates":[139.763046,35.691985]},"properties":{"name":"千代田区神田錦町2丁目16-1","laeq_db":64.0,"years":"2020","n_years":1,"survey":"常時監視","layer":"noise","source":"令和元〜5年度 自動車交通騒音 常時監視・要請限度測定地点（東京都環境局）","x":-6361.28,"y":-34170.46}},{"type":"Feature","geometry":{"type":"Point","coordinates":[139.769925,35.701751]},"properties":{"name":"千代田区外神田3丁目5","laeq_db":68.0,"years":"2020","n_years":1,"survey":"常時監視","layer":"noise","source":"令和元〜5年度 自動車交通騒音 常時監視・要請限度測定地点（東京都環境局）","x":-5738.0,"y":-33087.43}},{"type":"Feature","geometry":{"type":"Point","coordinates":[139.769965,35.703181]},"properties":{"name":"千代田区外神田6丁目5","laeq_db":69.0,"years":"2020","n_years":1,"survey":"常時監視","layer":"noise","source":"令和元〜5年度 自動車交通騒音 常時監視・要請限度測定地点（東京都環境局）","x":-5734.28,"y":-32928.78}},{"type":"Feature","geometry":{"type":"Point","coordinates":[139.779168,35.69621]},"properties":{"name":"千代田区東神田2丁目4","laeq_db":66.0,"years":"2020","n_years":1,"survey":"常時監視","layer":"noise","source":"令和元〜5年度 自動車交通騒音 常時監視・要請限度測定地点（東京都環境局）","x":-4901.92,"y":-33702.66}},{"type":"Feature","geometry":{"type":"Point","coordinates":[139.777016,35.693847]},"properties":{"name":"千代田区岩本町2丁目11","laeq_db":65.0,"years":"2020","n_years":1,"survey":"常時監視","layer":"noise","source":"令和元〜5年度 自動車交通騒音 常時監視・要請限度測定地点（東京都環境局）","x":-5096.82,"y":-33964.7}},{"type":"Feature","geometry":{"type":"Point","coordinates":[139.782918,35.694095]},"properties":{"name":"中央区日本橋馬喰町1丁目10","laeq_db":69.0,"years":"2020","n_years":1,"survey":"常時監視","layer":"noise","source":"令和元〜5年度 自動車交通騒音 常時監視・要請限度測定地点（東京都環境局）","x":-4562.67,"y":-33937.48}},{"type":"Feature","geometry":{"type":"Point","coordinates":[139.767374,35.67637]},"properties":{"name":"中央区八重洲2丁目9","laeq_db":65.0,"years":"2020","n_years":1,"survey":"常時監視","layer":"noise","source":"令和元〜5年度 自動車交通騒音 常時監視・要請限度測定地点（東京都環境局）","x":-5970.74,"y":-35903.1}},{"type":"Feature","geometry":{"type":"Point","coordinates":[139.783744,35.665847]},"properties":{"name":"中央区佃2丁目9","laeq_db":58.0,"years":"2020","n_years":1,"survey":"常時監視","layer":"noise","source":"令和元〜5年度 自動車交通騒音 常時監視・要請限度測定地点（東京都環境局）","x":-4489.49,"y":-37071.41}},{"type":"Feature","geometry":{"type":"Point","coordinates":[139.783356,35.68472]},"properties":{"name":"中央区日本橋人形町1丁目16","laeq_db":65.0,"years":"2020","n_years":1,"survey":"常時監視","layer":"noise","source":"令和元〜5年度 自動車交通騒音 常時監視・要請限度測定地点（東京都環境局）","x":-4523.56,"y":-34977.58}},{"type":"Feature","geometry":{"type":"Point","coordinates":[139.787323,35.686257]},"properties":{"name":"中央区日本橋浜町2丁目20","laeq_db":60.0,"years":"2020","n_years":1,"survey":"常時監視","layer":"noise","source":"令和元〜5年度 自動車交通騒音 常時監視・要請限度測定地点（東京都環境局）","x":-4164.41,"y":-34807.24}},{"type":"Feature","geometry":{"type":"Point","coordinates":[139.783592,35.676042]},"properties":{"name":"中央区新川1丁目26","laeq_db":70.0,"years":"2020","n_years":1,"survey":"常時監視","layer":"noise","source":"令和元〜5年度 自動車交通騒音 常時監視・要請限度測定地点（東京都環境局）","x":-4502.68,"y":-35940.35}},{"type":"Feature","geometry":{"type":"Point","coordinates":[139.770734,35.653964]},"properties":{"name":"中央区豊海町2","laeq_db":66.0,"years":"2020","n_years":1,"survey":"常時監視","layer":"noise","source":"令和元〜5年度 自動車交通騒音 常時監視・要請限度測定地点（東京都環境局）","x":-5668.17,"y":-38389.06}},{"type":"Feature","geometry":{"type":"Point","coordinates":[139.7756,35.652133]},"properties":{"name":"中央区晴海5丁目2","laeq_db":54.0,"years":"2020","n_years":1,"survey":"常時監視","layer":"noise","source":"令和元〜5年度 自動車交通騒音 常時監視・要請限度測定地点（東京都環境局）","x":-5227.69,"y":-38592.46}},{"type":"Feature","geometry":{"type":"Point","coordinates":[139.728807,35.673258]},"properties":{"name":"港区赤坂7丁目3","laeq_db":69.0,"years":"2020","n_years":1,"survey":"常時監視","layer":"noise","source":"令和元〜5年度 自動車交通騒音 常時監視・要請限度測定地点（東京都環境局）","x":-9462.26,"y":-36245.32}},{"type":"Feature","geometry":{"type":"Point","coordinates":[139.725436,35.636767]},"properties":{"name":"港区白金台3丁目14","laeq_db":65.0,"years":"2020","n_years":1,"survey":"常時監視","layer":"noise","source":"令和元〜5年度 自動車交通騒音 常時監視・要請限度測定地点（東京都環境局）","x":-9771.86,"y":-40293.36}},{"type":"Feature","geometry":{"type":"Point","coordinates":[139.741308,35.667342]},"properties":{"name":"港区赤坂1丁目12","laeq_db":74.0,"years":"2020","n_years":1,"survey":"常時監視","layer":"noise","source":"令和元〜5年度 自動車交通騒音 常時監視・要請限度測定地点（東京都環境局）","x":-8331.22,"y":-36902.78}},{"type":"Feature","geometry":{"type":"Point","coordinates":[139.715689,35.659642]},"properties":{"name":"港区南青山6丁目10","laeq_db":67.0,"years":"2020","n_years":1,"survey":"常時監視","layer":"noise","source":"令和元〜5年度 自動車交通騒音 常時監視・要請限度測定地点（東京都環境局）","x":-10651.58,"y":-37754.56}},{"type":"Feature","geometry":{"type":"Point","coordinates":[139.736768,35.641999]},"properties":{"name":"港区高輪1丁目5","laeq_db":65.0,"years":"2020","n_years":1,"survey":"常時監視","layer":"noise","source":"令和元〜5年度 自動車交通騒音 常時監視・要請限度測定地点（東京都環境局）","x":-8744.99,"y":-39713.98}},{"type":"Feature","geometry":{"type":"Point","coordinates":[139.736543,35.649182]},"properties":{"name":"港区南麻布2丁目4","laeq_db":66.0,"years":"2020","n_years":1,"survey":"常時監視","layer":"noise","source":"令和元〜5年度 自動車交通騒音 常時監視・要請限度測定地点（東京都環境局）","x":-8764.59,"y":-38917.07}},{"type":"Feature","geometry":{"type":"Point","coordinates":[139.759118,35.662073]},"properties":{"name":"港区東新橋1丁目7","laeq_db":65.0,"years":"2020","n_years":1,"survey":"常時監視","layer":"noise","source":"令和元〜5年度 自動車交通騒音 常時監視・要請限度測定地点（東京都環境局）","x":-6719.29,"y":-37488.7}},{"type":"Feature","geometry":{"type":"Point","coordinates":[139.759589,35.648915]},"properties":{"name":"港区海岸2丁目7","laeq_db":65.0,"years":"2020","n_years":1,"survey":"常時監視","layer":"noise","source":"令和元〜5年度 自動車交通騒音 常時監視・要請限度測定地点（東京都環境局）","x":-6677.74,"y":-38948.5}},{"type":"Feature","geometry":{"type":"Point","coordinates":[139.760146,35.664264]},"properties":{"name":"港区東新橋1丁目6","laeq_db":66.0,"years":"2020","n_years":1,"survey":"常時監視","layer":"noise","source":"令和元〜5年度 自動車交通騒音 常時監視・要請限度測定地点（東京都環境局）","x":-6626.03,"y":-37245.7}},{"type":"Feature","geometry":{"type":"Point","coordinates":[139.725087,35.663242]},"properties":{"name":"港区六本木7丁目23","laeq_db":64.0,"years":"2020","n_years":1,"survey":"常時監視","layer":"noise","source":"令和元〜5年度 自動車交通騒音 常時監視・要請限度測定地点（東京都環境局）","x":-9800.24,"y":-37356.15}},{"type":"Feature","geometry":{"type":"Point","coordinates":[139.746517,35.626247]},"properties":{"name":"港区港南4丁目5","laeq_db":60.0,"years":"2020","n_years":1,"survey":"常時監視","layer":"noise","source":"令和元〜5年度 自動車交通騒音 常時監視・要請限度測定地点（東京都環境局）","x":-7863.66,"y":-41462.35}},{"type":"Feature","geometry":{"type":"Point","coordinates":[139.74085,35.707598]},"properties":{"name":"新宿区新小川町7","laeq_db":71.0,"years":"2020","n_years":1,"survey":"常時監視","layer":"noise","source":"令和元〜5年度 自動車交通騒音 常時監視・要請限度測定地点（東京都環境局）","x":-8368.48,"y":-32436.66}},{"type":"Feature","geometry":{"type":"Point","coordinates":[139.702925,35.697874]},"properties":{"name":"新宿区歌舞伎町2丁目32","laeq_db":67.0,"years":"2020","n_years":1,"survey":"常時監視","layer":"noise","source":"令和元〜5年度 自動車交通騒音 常時監視・要請限度測定地点（東京都環境局）","x":-11801.6,"y":-33511.56}},{"type":"Feature","geometry":{"type":"Point","coordinates":[139.688007,35.716682]},"properties":{"name":"新宿区中落合1丁目15","laeq_db":71.0,"years":"2020・2021・2022","n_years":3,"survey":"常時監視・要請限度","layer":"noise","source":"令和元〜5年度 自動車交通騒音 常時監視・要請限度測定地点（東京都環境局）","x":-13148.55,"y":-31423.06}},{"type":"Feature","geometry":{"type":"Point","coordinates":[139.676749,35.72681]},"properties":{"name":"新宿区西落合4丁目17","laeq_db":60.0,"years":"2020","n_years":1,"survey":"常時監視","layer":"noise","source":"令和元〜5年度 自動車交通騒音 常時監視・要請限度測定地点（東京都環境局）","x":-14165.34,"y":-30297.86}},{"type":"Feature","geometry":{"type":"Point","coordinates":[139.695581,35.689622]},"properties":{"name":"新宿区西新宿1丁目23","laeq_db":62.0,"years":"2020","n_years":1,"survey":"常時監視","layer":"noise","source":"令和元〜5年度 自動車交通騒音 常時監視・要請限度測定地点（東京都環境局）","x":-12467.5,"y":-34426.15}},{"type":"Feature","geometry":{"type":"Point","coordinates":[139.759149,35.712257]},"properties":{"name":"文京区本郷6丁目1","laeq_db":73.0,"years":"2020","n_years":1,"survey":"常時監視","layer":"noise","source":"令和元〜5年度 自動車交通騒音 常時監視・要請限度測定地点（東京都環境局）","x":-6712.28,"y":-31921.18}},{"type":"Feature","geometry":{"type":"Point","coordinates":[139.760355,35.716993]},"properties":{"name":"文京区弥生1丁目1","laeq_db":67.0,"years":"2020","n_years":1,"survey":"常時監視","layer":"noise","source":"令和元〜5年度 自動車交通騒音 常時監視・要請限度測定地点（東京都環境局）","x":-6602.77,"y":-31395.84}},{"type":"Feature","geometry":{"type":"Point","coordinates":[139.749414,35.703775]},"properties":{"name":"文京区後楽1丁目4","laeq_db":65.0,"years":"2020","n_years":1,"survey":"常時監視","layer":"noise","source":"令和元〜5年度 自動車交通騒音 常時監視・要請限度測定地点（東京都環境局）","x":-7593.91,"y":-32861.49}},{"type":"Feature","geometry":{"type":"Point","coordinates":[139.763753,35.725468]},"properties":{"name":"文京区千駄木3丁目38","laeq_db":71.0,"years":"2020","n_years":1,"survey":"常時監視","layer":"noise","source":"令和元〜5年度 自動車交通騒音 常時監視・要請限度測定地点（東京都環境局）","x":-6294.66,"y":-30455.82}},{"type":"Feature","geometry":{"type":"Point","coordinates":[139.769563,35.704978]},"properties":{"name":"文京区湯島3丁目14","laeq_db":68.0,"years":"2020","n_years":1,"survey":"常時監視","layer":"noise","source":"令和元〜5年度 自動車交通騒音 常時監視・要請限度測定地点（東京都環境局）","x":-5770.53,"y":-32729.39}},{"type":"Feature","geometry":{"type":"Point","coordinates":[139.763771,35.707293]},"properties":{"name":"文京区本郷3丁目41","laeq_db":67.0,"years":"2020","n_years":1,"survey":"常時監視","layer":"noise","source":"令和元〜5年度 自動車交通騒音 常時監視・要請限度測定地点（東京都環境局）","x":-6294.46,"y":-32472.21}},{"type":"Feature","geometry":{"type":"Point","coordinates":[139.788525,35.701097]},"properties":{"name":"台東区浅草橋3丁目20","laeq_db":64.1,"years":"2020","n_years":1,"survey":"常時監視・要請限度","layer":"noise","source":"令和元〜5年度 自動車交通騒音 常時監視・要請限度測定地点（東京都環境局）","x":-4054.87,"y":-33160.91}},{"type":"Feature","geometry":{"type":"Point","coordinates":[139.789146,35.706849]},"properties":{"name":"台東区寿1丁目10","laeq_db":62.3,"years":"2020","n_years":1,"survey":"常時監視・要請限度","layer":"noise","source":"令和元〜5年度 自動車交通騒音 常時監視・要請限度測定地点（東京都環境局）","x":-3998.39,"y":-32522.79}},{"type":"Feature","geometry":{"type":"Point","coordinates":[139.782374,35.712649]},"properties":{"name":"台東区東上野5丁目5","laeq_db":63.8,"years":"2020","n_years":1,"survey":"常時監視・要請限度","layer":"noise","source":"令和元〜5年度 自動車交通騒音 常時監視・要請限度測定地点（東京都環境局）","x":-4610.83,"y":-31879.03}},{"type":"Feature","geometry":{"type":"Point","coordinates":[139.821924,35.72593]},"properties":{"name":"墨田区東向島5丁目19","laeq_db":72.0,"years":"2020","n_years":1,"survey":"常時監視","layer":"noise","source":"令和元〜5年度 自動車交通騒音 常時監視・要請限度測定地点（東京都環境局）","x":-1032.15,"y":-30406.74}},{"type":"Feature","geometry":{"type":"Point","coordinates":[139.822326,35.717047]},"properties":{"name":"墨田区京島1丁目52","laeq_db":62.0,"years":"2020","n_years":1,"survey":"常時監視","layer":"noise","source":"令和元〜5年度 自動車交通騒音 常時監視・要請限度測定地点（東京都環境局）","x":-995.9,"y":-31392.25}},{"type":"Feature","geometry":{"type":"Point","coordinates":[139.831973,35.708306]},"properties":{"name":"墨田区立花4丁目22","laeq_db":66.0,"years":"2020","n_years":1,"survey":"常時監視","layer":"noise","source":"令和元〜5年度 自動車交通騒音 常時監視・要請限度測定地点（東京都環境局）","x":-123.09,"y":-32362.05}},{"type":"Feature","geometry":{"type":"Point","coordinates":[139.806888,35.703805]},"properties":{"name":"墨田区本所4丁目10","laeq_db":68.0,"years":"2020","n_years":1,"survey":"常時監視","layer":"noise","source":"令和元〜5年度 自動車交通騒音 常時監視・要請限度測定地点（東京都環境局）","x":-2393.05,"y":-32861.08}},{"type":"Feature","geometry":{"type":"Point","coordinates":[139.829279,35.677395]},"properties":{"name":"江東区北砂4丁目13","laeq_db":63.0,"years":"2020","n_years":1,"survey":"常時監視","layer":"noise","source":"令和元〜5年度 自動車交通騒音 常時監視・要請限度測定地点（東京都環境局）","x":-367.0,"y":-35791.38}},{"type":"Feature","geometry":{"type":"Point","coordinates":[139.83053,35.669159]},"properties":{"name":"江東区南砂3丁目11","laeq_db":65.0,"years":"2020","n_years":1,"survey":"常時監視","layer":"noise","source":"令和元〜5年度 自動車交通騒音 常時監視・要請限度測定地点（東京都環境局）","x":-253.78,"y":-36705.1}},{"type":"Feature","geometry":{"type":"Point","coordinates":[139.804864,35.682882]},"properties":{"name":"江東区白河3丁目8","laeq_db":63.0,"years":"2020","n_years":1,"survey":"常時監視","layer":"noise","source":"令和元〜5年度 自動車交通騒音 常時監視・要請限度測定地点（東京都環境局）","x":-2576.88,"y":-35182.27}},{"type":"Feature","geometry":{"type":"Point","coordinates":[139.83521,35.679622]},"properties":{"name":"江東区北砂7丁目5","laeq_db":67.0,"years":"2020","n_years":1,"survey":"常時監視","layer":"noise","source":"令和元〜5年度 自動車交通騒音 常時監視・要請限度測定地点（東京都環境局）","x":169.87,"y":-35544.32}},{"type":"Feature","geometry":{"type":"Point","coordinates":[139.801656,35.660332]},"properties":{"name":"江東区塩浜1丁目5","laeq_db":63.0,"years":"2020","n_years":1,"survey":"常時監視","layer":"noise","source":"令和元〜5年度 自動車交通騒音 常時監視・要請限度測定地点（東京都環境局）","x":-2868.06,"y":-37683.92}},{"type":"Feature","geometry":{"type":"Point","coordinates":[139.808908,35.651118]},"properties":{"name":"江東区辰巳1丁目8","laeq_db":60.0,"years":"2020","n_years":1,"survey":"常時監視","layer":"noise","source":"令和元〜5年度 自動車交通騒音 常時監視・要請限度測定地点（東京都環境局）","x":-2211.72,"y":-38706.33}},{"type":"Feature","geometry":{"type":"Point","coordinates":[139.814773,35.664162]},"properties":{"name":"江東区塩浜2丁目24","laeq_db":68.0,"years":"2020","n_years":1,"survey":"常時監視","layer":"noise","source":"令和元〜5年度 自動車交通騒音 常時監視・要請限度測定地点（東京都環境局）","x":-1680.37,"y":-37259.32}},{"type":"Feature","geometry":{"type":"Point","coordinates":[139.813427,35.655887]},"properties":{"name":"江東区潮見1丁目29","laeq_db":63.0,"years":"2020","n_years":1,"survey":"常時監視","layer":"noise","source":"令和元〜5年度 自動車交通騒音 常時監視・要請限度測定地点（東京都環境局）","x":-1802.41,"y":-38177.34}},{"type":"Feature","geometry":{"type":"Point","coordinates":[139.726418,35.629397]},"properties":{"name":"品川区東五反田4丁目9","laeq_db":70.5,"years":"2020・2021","n_years":2,"survey":"常時監視・要請限度","layer":"noise","source":"令和元〜5年度 自動車交通騒音 常時監視・要請限度測定地点（東京都環境局）","x":-9683.81,"y":-41111.09}},{"type":"Feature","geometry":{"type":"Point","coordinates":[139.713612,35.607838]},"properties":{"name":"品川区東中延2丁目5","laeq_db":71.0,"years":"2020・2021","n_years":2,"survey":"常時監視・要請限度","layer":"noise","source":"令和元〜5年度 自動車交通騒音 常時監視・要請限度測定地点（東京都環境局）","x":-10846.62,"y":-43501.53}},{"type":"Feature","geometry":{"type":"Point","coordinates":[139.716677,35.636015]},"properties":{"name":"品川区上大崎2丁目10","laeq_db":68.0,"years":"2020","n_years":1,"survey":"常時監視","layer":"noise","source":"令和元〜5年度 自動車交通騒音 常時監視・要請限度測定地点（東京都環境局）","x":-10565.23,"y":-40375.88}},{"type":"Feature","geometry":{"type":"Point","coordinates":[139.719486,35.634192]},"properties":{"name":"品川区上大崎3丁目5","laeq_db":67.0,"years":"2020・2021","n_years":2,"survey":"常時監視・要請限度","layer":"noise","source":"令和元〜5年度 自動車交通騒音 常時監視・要請限度測定地点（東京都環境局）","x":-10311.06,"y":-40578.42}},{"type":"Feature","geometry":{"type":"Point","coordinates":[139.741131,35.608229]},"properties":{"name":"品川区南品川5丁目13","laeq_db":65.0,"years":"2020","n_years":1,"survey":"常時監視","layer":"noise","source":"令和元〜5年度 自動車交通騒音 常時監視・要請限度測定地点（東京都環境局）","x":-8353.39,"y":-43460.84}},{"type":"Feature","geometry":{"type":"Point","coordinates":[139.704582,35.622821]},"properties":{"name":"品川区小山台1丁目19","laeq_db":60.5,"years":"2020・2022","n_years":2,"survey":"常時監視・要請限度","layer":"noise","source":"令和元〜5年度 自動車交通騒音 常時監視・要請限度測定地点（東京都環境局）","x":-11662.56,"y":-41838.27}},{"type":"Feature","geometry":{"type":"Point","coordinates":[139.664543,35.614194]},"properties":{"name":"目黒区八雲3丁目25","laeq_db":72.0,"years":"2020・2023","n_years":2,"survey":"常時監視","layer":"noise","source":"令和元〜5年度 自動車交通騒音 常時監視・要請限度測定地点（東京都環境局）","x":-15291.02,"y":-42789.87}},{"type":"Feature","geometry":{"type":"Point","coordinates":[139.701424,35.643847]},"properties":{"name":"目黒区中目黒1丁目9","laeq_db":71.0,"years":"2020・2022・2024","n_years":3,"survey":"常時監視・要請限度","layer":"noise","source":"令和元〜5年度 自動車交通騒音 常時監視・要請限度測定地点（東京都環境局） / 自動車騒音の常時監視結果（環境GIS＋・国立環境研究所）","x":-11945.49,"y":-39505.24}},{"type":"Feature","geometry":{"type":"Point","coordinates":[139.685763,35.614553]},"properties":{"name":"目黒区南2丁目9","laeq_db":66.7,"years":"2020・2022・2023","n_years":3,"survey":"常時監視・要請限度","layer":"noise","source":"令和元〜5年度 自動車交通騒音 常時監視・要請限度測定地点（東京都環境局）","x":-13368.6,"y":-42753.14}},{"type":"Feature","geometry":{"type":"Point","coordinates":[139.685765,35.656164]},"properties":{"name":"目黒区駒場1丁目24","laeq_db":66.0,"years":"2020","n_years":1,"survey":"常時監視","layer":"noise","source":"令和元〜5年度 自動車交通騒音 常時監視・要請限度測定地点（東京都環境局）","x":-13361.49,"y":-38136.76}},{"type":"Feature","geometry":{"type":"Point","coordinates":[139.66735,35.622]},"properties":{"name":"目黒区八雲5丁目13","laeq_db":63.0,"years":"2020","n_years":1,"survey":"常時監視","layer":"noise","source":"令和元〜5年度 自動車交通騒音 常時監視・要請限度測定地点（東京都環境局）","x":-15035.26,"y":-41924.3}},{"type":"Feature","geometry":{"type":"Point","coordinates":[139.670147,35.611108]},"properties":{"name":"目黒区自由が丘1丁目16","laeq_db":66.0,"years":"2020","n_years":1,"survey":"常時監視","layer":"noise","source":"令和元〜5年度 自動車交通騒音 常時監視・要請限度測定地点（東京都環境局）","x":-14783.91,"y":-43133.09}},{"type":"Feature","geometry":{"type":"Point","coordinates":[139.729705,35.56847]},"properties":{"name":"大田区大森西6丁目17","laeq_db":73.4,"years":"2020・2021・2022・2023","n_years":4,"survey":"常時監視・要請限度","layer":"noise","source":"令和元〜5年度 自動車交通騒音 常時監視・要請限度測定地点（東京都環境局）","x":-9393.21,"y":-47870.69}},{"type":"Feature","geometry":{"type":"Point","coordinates":[139.752098,35.550441]},"properties":{"name":"大田区羽田5丁目5","laeq_db":69.0,"years":"2020・2021","n_years":2,"survey":"常時監視・要請限度","layer":"noise","source":"令和元〜5年度 自動車交通騒音 常時監視・要請限度測定地点（東京都環境局）","x":-7365.09,"y":-49872.72}},{"type":"Feature","geometry":{"type":"Point","coordinates":[139.682967,35.57462]},"properties":{"name":"大田区鵜の木1丁目18","laeq_db":65.0,"years":"2020","n_years":1,"survey":"常時監視","layer":"noise","source":"令和元〜5年度 自動車交通騒音 常時監視・要請限度測定地点（東京都環境局）","x":-13628.66,"y":-47182.94}},{"type":"Feature","geometry":{"type":"Point","coordinates":[139.738033,35.578546]},"properties":{"name":"大田区大森本町2丁目23","laeq_db":73.0,"years":"2020","n_years":1,"survey":"常時監視","layer":"noise","source":"令和元〜5年度 自動車交通騒音 常時監視・要請限度測定地点（東京都環境局）","x":-8637.25,"y":-46753.62}},{"type":"Feature","geometry":{"type":"Point","coordinates":[139.716468,35.577935]},"properties":{"name":"大田区中央4丁目35","laeq_db":66.0,"years":"2020","n_years":1,"survey":"常時監視","layer":"noise","source":"令和元〜5年度 自動車交通騒音 常時監視・要請限度測定地点（東京都環境局）","x":-10591.81,"y":-46819.29}},{"type":"Feature","geometry":{"type":"Point","coordinates":[139.619672,35.671482]},"properties":{"name":"世田谷区上北沢5丁目9","laeq_db":73.5,"years":"2020・2024","n_years":2,"survey":"常時監視","layer":"noise","source":"令和元〜5年度 自動車交通騒音 常時監視・要請限度測定地点（東京都環境局） / 自動車騒音の常時監視結果（環境GIS＋・国立環境研究所）","x":-19342.16,"y":-36426.35}},{"type":"Feature","geometry":{"type":"Point","coordinates":[139.650206,35.629719]},"properties":{"name":"世田谷区新町2丁目7","laeq_db":73.0,"years":"2020","n_years":1,"survey":"常時監視","layer":"noise","source":"令和元〜5年度 自動車交通騒音 常時監視・要請限度測定地点（東京都環境局）","x":-16586.63,"y":-41065.19}},{"type":"Feature","geometry":{"type":"Point","coordinates":[139.66991,35.668473]},"properties":{"name":"世田谷区北沢4丁目28","laeq_db":64.0,"years":"2020","n_years":1,"survey":"常時監視","layer":"noise","source":"令和元〜5年度 自動車交通騒音 常時監視・要請限度測定地点（東京都環境局）","x":-14794.8,"y":-36768.91}},{"type":"Feature","geometry":{"type":"Point","coordinates":[139.673969,35.65242]},"properties":{"name":"世田谷区三宿2丁目26","laeq_db":64.0,"years":"2020","n_years":1,"survey":"常時監視","layer":"noise","source":"令和元〜5年度 自動車交通騒音 常時監視・要請限度測定地点（東京都環境局）","x":-14430.23,"y":-38550.46}},{"type":"Feature","geometry":{"type":"Point","coordinates":[139.677652,35.656403]},"properties":{"name":"世田谷区代沢1丁目23","laeq_db":65.0,"years":"2020","n_years":1,"survey":"常時監視","layer":"noise","source":"令和元〜5年度 自動車交通騒音 常時監視・要請限度測定地点（東京都環境局）","x":-14096.04,"y":-38109.11}},{"type":"Feature","geometry":{"type":"Point","coordinates":[139.664072,35.650567]},"properties":{"name":"世田谷区代田1丁目3","laeq_db":67.0,"years":"2020","n_years":1,"survey":"常時監視","layer":"noise","source":"令和元〜5年度 自動車交通騒音 常時監視・要請限度測定地点（東京都環境局）","x":-15326.74,"y":-38754.53}},{"type":"Feature","geometry":{"type":"Point","coordinates":[139.680003,35.688067]},"properties":{"name":"渋谷区本町4丁目17","laeq_db":64.0,"years":"2020","n_years":1,"survey":"常時監視","layer":"noise","source":"令和元〜5年度 自動車交通騒音 常時監視・要請限度測定地点（東京都環境局）","x":-13877.68,"y":-34596.58}},{"type":"Feature","geometry":{"type":"Point","coordinates":[139.721071,35.645272]},"properties":{"name":"渋谷区恵比寿2丁目28","laeq_db":66.0,"years":"2020","n_years":1,"survey":"常時監視","layer":"noise","source":"令和元〜5年度 自動車交通騒音 常時監視・要請限度測定地点（東京都環境局）","x":-10166.11,"y":-39349.36}},{"type":"Feature","geometry":{"type":"Point","coordinates":[139.706572,35.657674]},"properties":{"name":"渋谷区渋谷3丁目5","laeq_db":64.0,"years":"2020","n_years":1,"survey":"常時監視","layer":"noise","source":"令和元〜5年度 自動車交通騒音 常時監視・要請限度測定地点（東京都環境局）","x":-11477.31,"y":-37971.87}},{"type":"Feature","geometry":{"type":"Point","coordinates":[139.6813,35.668238]},"properties":{"name":"渋谷区上原1丁目26","laeq_db":68.0,"years":"2020","n_years":1,"survey":"常時監視","layer":"noise","source":"令和元〜5年度 自動車交通騒音 常時監視・要請限度測定地点（東京都環境局）","x":-13763.7,"y":-36796.63}},{"type":"Feature","geometry":{"type":"Point","coordinates":[139.688237,35.71072]},"properties":{"name":"中野区東中野4丁目27","laeq_db":64.0,"years":"2020","n_years":1,"survey":"常時監視","layer":"noise","source":"令和元〜5年度 自動車交通騒音 常時監視・要請限度測定地点（東京都環境局）","x":-13128.72,"y":-32084.53}},{"type":"Feature","geometry":{"type":"Point","coordinates":[139.671142,35.709189]},"properties":{"name":"中野区中野5丁目5","laeq_db":63.0,"years":"2020","n_years":1,"survey":"常時監視・要請限度","layer":"noise","source":"令和元〜5年度 自動車交通騒音 常時監視・要請限度測定地点（東京都環境局）","x":-14675.81,"y":-32251.96}},{"type":"Feature","geometry":{"type":"Point","coordinates":[139.681358,35.690958]},"properties":{"name":"中野区弥生町1丁目12","laeq_db":69.0,"years":"2020","n_years":1,"survey":"常時監視","layer":"noise","source":"令和元〜5年度 自動車交通騒音 常時監視・要請限度測定地点（東京都環境局）","x":-13754.55,"y":-34276.04}},{"type":"Feature","geometry":{"type":"Point","coordinates":[139.682619,35.700244]},"properties":{"name":"中野区中央2丁目18","laeq_db":68.7,"years":"2020・2022","n_years":2,"survey":"常時監視・要請限度","layer":"noise","source":"令和元〜5年度 自動車交通騒音 常時監視・要請限度測定地点（東京都環境局）","x":-13638.84,"y":-33246.0}},{"type":"Feature","geometry":{"type":"Point","coordinates":[139.620316,35.726407]},"properties":{"name":"杉並区井草2丁目16","laeq_db":62.0,"years":"2020","n_years":1,"survey":"常時監視","layer":"noise","source":"令和元〜5年度 自動車交通騒音 常時監視・要請限度測定地点（東京都環境局）","x":-19270.64,"y":-30332.96}},{"type":"Feature","geometry":{"type":"Point","coordinates":[139.611044,35.727689]},"properties":{"name":"杉並区井草4丁目15","laeq_db":68.0,"years":"2020","n_years":1,"survey":"常時監視","layer":"noise","source":"令和元〜5年度 自動車交通騒音 常時監視・要請限度測定地点（東京都環境局）","x":-20109.11,"y":-30188.87}},{"type":"Feature","geometry":{"type":"Point","coordinates":[139.61756,35.700373]},"properties":{"name":"杉並区荻窪5丁目1","laeq_db":69.0,"years":"2020","n_years":1,"survey":"常時監視","layer":"noise","source":"令和元〜5年度 自動車交通騒音 常時監視・要請限度測定地点（東京都環境局）","x":-19526.31,"y":-33220.7}},{"type":"Feature","geometry":{"type":"Point","coordinates":[139.635511,35.716428]},"properties":{"name":"杉並区下井草1丁目15","laeq_db":61.0,"years":"2020","n_years":1,"survey":"常時監視","layer":"noise","source":"令和元〜5年度 自動車交通騒音 常時監視・要請限度測定地点（東京都環境局）","x":-17898.25,"y":-31442.94}},{"type":"Feature","geometry":{"type":"Point","coordinates":[139.611165,35.72874]},"properties":{"name":"杉並区井草4丁目22","laeq_db":67.0,"years":"2020","n_years":1,"survey":"常時監視","layer":"noise","source":"令和元〜5年度 自動車交通騒音 常時監視・要請限度測定地点（東京都環境局）","x":-20097.9,"y":-30072.29}},{"type":"Feature","geometry":{"type":"Point","coordinates":[139.606891,35.727145]},"properties":{"name":"杉並区井草5丁目16","laeq_db":61.0,"years":"2020","n_years":1,"survey":"常時監視","layer":"noise","source":"令和元〜5年度 自動車交通騒音 常時監視・要請限度測定地点（東京都環境局）","x":-20484.94,"y":-30248.36}},{"type":"Feature","geometry":{"type":"Point","coordinates":[139.726865,35.728087]},"properties":{"name":"豊島区南大塚3丁目17","laeq_db":68.0,"years":"2020","n_years":1,"survey":"常時監視","layer":"noise","source":"令和元〜5年度 自動車交通騒音 常時監視・要請限度測定地点（東京都環境局）","x":-9631.46,"y":-30162.27}},{"type":"Feature","geometry":{"type":"Point","coordinates":[139.679926,35.728416]},"properties":{"name":"豊島区南長崎6丁目1","laeq_db":63.0,"years":"2020","n_years":1,"survey":"常時監視","layer":"noise","source":"令和元〜5年度 自動車交通騒音 常時監視・要請限度測定地点（東京都環境局）","x":-13877.66,"y":-30120.14}},{"type":"Feature","geometry":{"type":"Point","coordinates":[139.723173,35.738927]},"properties":{"name":"豊島区西巣鴨1丁目12","laeq_db":68.5,"years":"2020・2023","n_years":2,"survey":"常時監視","layer":"noise","source":"令和元〜5年度 自動車交通騒音 常時監視・要請限度測定地点（東京都環境局）","x":-9964.1,"y":-28959.28}},{"type":"Feature","geometry":{"type":"Point","coordinates":[139.698586,35.728533]},"properties":{"name":"豊島区西池袋4丁目23","laeq_db":63.0,"years":"2020","n_years":1,"survey":"常時監視","layer":"noise","source":"令和元〜5年度 自動車交通騒音 常時監視・要請限度測定地点（東京都環境局）","x":-12189.6,"y":-30109.64}},{"type":"Feature","geometry":{"type":"Point","coordinates":[139.729815,35.728501]},"properties":{"name":"豊島区南大塚2丁目35","laeq_db":62.0,"years":"2020","n_years":1,"survey":"常時監視","layer":"noise","source":"令和元〜5年度 自動車交通騒音 常時監視・要請限度測定地点（東京都環境局）","x":-9364.55,"y":-30116.62}},{"type":"Feature","geometry":{"type":"Point","coordinates":[139.747118,35.757395]},"properties":{"name":"北区堀船3丁目5","laeq_db":65.0,"years":"2020","n_years":1,"survey":"常時監視","layer":"noise","source":"令和元〜5年度 自動車交通騒音 常時監視・要請限度測定地点（東京都環境局）","x":-7796.45,"y":-26912.54}},{"type":"Feature","geometry":{"type":"Point","coordinates":[139.768838,35.738701]},"properties":{"name":"北区田端新町1丁目22","laeq_db":70.0,"years":"2020","n_years":1,"survey":"常時監視","layer":"noise","source":"令和元〜5年度 自動車交通騒音 常時監視・要請限度測定地点（東京都環境局）","x":-5833.68,"y":-28988.03}},{"type":"Feature","geometry":{"type":"Point","coordinates":[139.709596,35.775859]},"properties":{"name":"北区赤羽西5丁目11","laeq_db":65.0,"years":"2020","n_years":1,"survey":"常時監視","layer":"noise","source":"令和元〜5年度 自動車交通騒音 常時監視・要請限度測定地点（東京都環境局）","x":-11186.98,"y":-24860.45}},{"type":"Feature","geometry":{"type":"Point","coordinates":[139.72281,35.780206]},"properties":{"name":"北区赤羽2丁目17","laeq_db":62.0,"years":"2020","n_years":1,"survey":"常時監視","layer":"noise","source":"令和元〜5年度 自動車交通騒音 常時監視・要請限度測定地点（東京都環境局）","x":-9991.77,"y":-24379.6}},{"type":"Feature","geometry":{"type":"Point","coordinates":[139.768027,35.741642]},"properties":{"name":"荒川区東尾久4丁目4-15","laeq_db":73.0,"years":"2020","n_years":1,"survey":"常時監視","layer":"noise","source":"令和元〜5年度 自動車交通騒音 常時監視・要請限度測定地点（東京都環境局）","x":-5906.82,"y":-28661.69}},{"type":"Feature","geometry":{"type":"Point","coordinates":[139.782853,35.734926]},"properties":{"name":"荒川区荒川3丁目21-2","laeq_db":70.0,"years":"2020","n_years":1,"survey":"常時監視","layer":"noise","source":"令和元〜5年度 自動車交通騒音 常時監視・要請限度測定地点（東京都環境局）","x":-4566.22,"y":-29407.58}},{"type":"Feature","geometry":{"type":"Point","coordinates":[139.704917,35.750825]},"properties":{"name":"板橋区栄町36","laeq_db":59.0,"years":"2020","n_years":1,"survey":"常時監視","layer":"noise","source":"令和元〜5年度 自動車交通騒音 常時監視・要請限度測定地点（東京都環境局）","x":-11613.65,"y":-27637.27}},{"type":"Feature","geometry":{"type":"Point","coordinates":[139.683351,35.763077]},"properties":{"name":"板橋区常盤台3丁目25","laeq_db":66.0,"years":"2020","n_years":1,"survey":"常時監視","layer":"noise","source":"令和元〜5年度 自動車交通騒音 常時監視・要請限度測定地点（東京都環境局）","x":-13561.94,"y":-26275.22}},{"type":"Feature","geometry":{"type":"Point","coordinates":[139.674592,35.78426]},"properties":{"name":"板橋区蓮根2丁目28","laeq_db":65.0,"years":"2020","n_years":1,"survey":"常時監視","layer":"noise","source":"令和元〜5年度 自動車交通騒音 常時監視・要請限度測定地点（東京都環境局）","x":-14350.16,"y":-23923.85}},{"type":"Feature","geometry":{"type":"Point","coordinates":[139.675753,35.777697]},"properties":{"name":"板橋区蓮根1丁目9","laeq_db":71.0,"years":"2020","n_years":1,"survey":"常時監視","layer":"noise","source":"令和元〜5年度 自動車交通騒音 常時監視・要請限度測定地点（東京都環境局）","x":-14246.37,"y":-24652.14}},{"type":"Feature","geometry":{"type":"Point","coordinates":[139.65888,35.784631]},"properties":{"name":"板橋区高島平2丁目22","laeq_db":62.0,"years":"2020","n_years":1,"survey":"常時監視","layer":"noise","source":"令和元〜5年度 自動車交通騒音 常時監視・要請限度測定地点（東京都環境局）","x":-15770.44,"y":-23880.27}},{"type":"Feature","geometry":{"type":"Point","coordinates":[139.654142,35.781073]},"properties":{"name":"板橋区四葉2丁目11","laeq_db":64.0,"years":"2020","n_years":1,"survey":"常時監視","layer":"noise","source":"令和元〜5年度 自動車交通騒音 常時監視・要請限度測定地点（東京都環境局）","x":-16199.48,"y":-24274.24}},{"type":"Feature","geometry":{"type":"Point","coordinates":[139.641979,35.778079]},"properties":{"name":"板橋区赤塚5丁目6","laeq_db":67.0,"years":"2020","n_years":1,"survey":"常時監視","layer":"noise","source":"令和元〜5年度 自動車交通騒音 常時監視・要請限度測定地点（東京都環境局）","x":-17299.7,"y":-24604.32}},{"type":"Feature","geometry":{"type":"Point","coordinates":[139.647262,35.768343]},"properties":{"name":"練馬区北町8丁目35","laeq_db":67.0,"years":"2020","n_years":1,"survey":"常時監視・要請限度","layer":"noise","source":"令和元〜5年度 自動車交通騒音 常時監視・要請限度測定地点（東京都環境局）","x":-16824.13,"y":-25685.39}},{"type":"Feature","geometry":{"type":"Point","coordinates":[139.576315,35.722367]},"properties":{"name":"練馬区関町南4丁目6","laeq_db":73.0,"years":"2020","n_years":1,"survey":"常時監視・要請限度","layer":"noise","source":"令和元〜5年度 自動車交通騒音 常時監視・要請限度測定地点（東京都環境局）","x":-23252.37,"y":-30771.64}},{"type":"Feature","geometry":{"type":"Point","coordinates":[139.666588,35.733709]},"properties":{"name":"練馬区豊玉北2丁目4","laeq_db":66.0,"years":"2020","n_years":1,"survey":"常時監視・要請限度","layer":"noise","source":"令和元〜5年度 自動車交通騒音 常時監視・要請限度測定地点（東京都環境局）","x":-15083.25,"y":-29530.95}},{"type":"Feature","geometry":{"type":"Point","coordinates":[139.56899,35.748933]},"properties":{"name":"練馬区南大泉5丁目35","laeq_db":54.0,"years":"2020","n_years":1,"survey":"常時監視・要請限度","layer":"noise","source":"令和元〜5年度 自動車交通騒音 常時監視・要請限度測定地点（東京都環境局）","x":-23907.12,"y":-27822.55}},{"type":"Feature","geometry":{"type":"Point","coordinates":[139.665661,35.764204]},"properties":{"name":"練馬区北町1丁目12","laeq_db":66.0,"years":"2020","n_years":1,"survey":"常時監視・要請限度","layer":"noise","source":"令和元〜5年度 自動車交通騒音 常時監視・要請限度測定地点（東京都環境局）","x":-15161.32,"y":-26147.59}},{"type":"Feature","geometry":{"type":"Point","coordinates":[139.677765,35.731057]},"properties":{"name":"練馬区旭丘1丁目1","laeq_db":58.0,"years":"2020","n_years":1,"survey":"常時監視・要請限度","layer":"noise","source":"令和元〜5年度 自動車交通騒音 常時監視・要請限度測定地点（東京都環境局）","x":-14072.68,"y":-29826.84}},{"type":"Feature","geometry":{"type":"Point","coordinates":[139.639804,35.729871]},"properties":{"name":"練馬区中村南3丁目18","laeq_db":62.0,"years":"2020","n_years":1,"survey":"常時監視・要請限度","layer":"noise","source":"令和元〜5年度 自動車交通騒音 常時監視・要請限度測定地点（東京都環境局）","x":-17506.89,"y":-29952.31}},{"type":"Feature","geometry":{"type":"Point","coordinates":[139.632452,35.751565]},"properties":{"name":"練馬区高松4丁目1","laeq_db":60.0,"years":"2020","n_years":1,"survey":"常時監視・要請限度","layer":"noise","source":"令和元〜5年度 自動車交通騒音 常時監視・要請限度測定地点（東京都環境局）","x":-18167.03,"y":-27544.16}},{"type":"Feature","geometry":{"type":"Point","coordinates":[139.643749,35.749696]},"properties":{"name":"練馬区春日町3丁目19","laeq_db":65.0,"years":"2020","n_years":1,"survey":"常時監視・要請限度","layer":"noise","source":"令和元〜5年度 自動車交通騒音 常時監視・要請限度測定地点（東京都環境局）","x":-17145.77,"y":-27753.55}},{"type":"Feature","geometry":{"type":"Point","coordinates":[139.598651,35.728325]},"properties":{"name":"練馬区上石神井2丁目4","laeq_db":65.0,"years":"2020","n_years":1,"survey":"常時監視・要請限度","layer":"noise","source":"令和元〜5年度 自動車交通騒音 常時監視・要請限度測定地点（東京都環境局）","x":-21230.06,"y":-30115.7}},{"type":"Feature","geometry":{"type":"Point","coordinates":[139.816074,35.743187]},"properties":{"name":"足立区千住曙町35-1","laeq_db":59.0,"years":"2020","n_years":1,"survey":"常時監視","layer":"noise","source":"令和元〜5年度 自動車交通騒音 常時監視・要請限度測定地点（東京都環境局）","x":-1561.04,"y":-28492.12}},{"type":"Feature","geometry":{"type":"Point","coordinates":[139.767008,35.762626]},"properties":{"name":"足立区扇2丁目13-1","laeq_db":70.0,"years":"2020","n_years":1,"survey":"常時監視","layer":"noise","source":"令和元〜5年度 自動車交通騒音 常時監視・要請限度測定地点（東京都環境局）","x":-5997.41,"y":-26333.6}},{"type":"Feature","geometry":{"type":"Point","coordinates":[139.758319,35.810511]},"properties":{"name":"足立区入谷9丁目3-16","laeq_db":70.0,"years":"2020","n_years":1,"survey":"常時監視","layer":"noise","source":"令和元〜5年度 自動車交通騒音 常時監視・要請限度測定地点（東京都環境局）","x":-6779.03,"y":-21020.48}},{"type":"Feature","geometry":{"type":"Point","coordinates":[139.801698,35.789748]},"properties":{"name":"足立区竹の塚3丁目8-1","laeq_db":65.0,"years":"2020","n_years":1,"survey":"常時監視","layer":"noise","source":"令和元〜5年度 自動車交通騒音 常時監視・要請限度測定地点（東京都環境局）","x":-2859.62,"y":-23326.15}},{"type":"Feature","geometry":{"type":"Point","coordinates":[139.771475,35.774694]},"properties":{"name":"足立区西新井本町2丁目31-20","laeq_db":64.0,"years":"2020","n_years":1,"survey":"常時監視","layer":"noise","source":"令和元〜5年度 自動車交通騒音 常時監視・要請限度測定地点（東京都環境局）","x":-5592.64,"y":-24994.99}},{"type":"Feature","geometry":{"type":"Point","coordinates":[139.786476,35.766487]},"properties":{"name":"足立区関原2丁目42","laeq_db":65.0,"years":"2020","n_years":1,"survey":"常時監視","layer":"noise","source":"令和元〜5年度 自動車交通騒音 常時監視・要請限度測定地点（東京都環境局）","x":-4236.83,"y":-25906.26}},{"type":"Feature","geometry":{"type":"Point","coordinates":[139.816258,35.763919]},"properties":{"name":"足立区西綾瀬3丁目11－13","laeq_db":62.0,"years":"2020","n_years":1,"survey":"常時監視","layer":"noise","source":"令和元〜5年度 自動車交通騒音 常時監視・要請限度測定地点（東京都環境局）","x":-1544.0,"y":-26192.04}},{"type":"Feature","geometry":{"type":"Point","coordinates":[139.836448,35.737091]},"properties":{"name":"葛飾区四つ木2丁目12","laeq_db":73.0,"years":"2020","n_years":1,"survey":"常時監視","layer":"noise","source":"令和元〜5年度 自動車交通騒音 常時監視・要請限度測定地点（東京都環境局）","x":281.73,"y":-29168.56}},{"type":"Feature","geometry":{"type":"Point","coordinates":[139.860614,35.793857]},"properties":{"name":"葛飾区水元公園8","laeq_db":64.0,"years":"2020","n_years":1,"survey":"常時監視","layer":"noise","source":"令和元〜5年度 自動車交通騒音 常時監視・要請限度測定地点（東京都環境局）","x":2465.86,"y":-22870.4}},{"type":"Feature","geometry":{"type":"Point","coordinates":[139.871817,35.756149]},"properties":{"name":"葛飾区柴又1丁目25","laeq_db":60.0,"years":"2020","n_years":1,"survey":"常時監視","layer":"noise","source":"令和元〜5年度 自動車交通騒音 常時監視・要請限度測定地点（東京都環境局）","x":3480.13,"y":-27053.52}},{"type":"Feature","geometry":{"type":"Point","coordinates":[139.816563,35.755075]},"properties":{"name":"葛飾区小菅1丁目15","laeq_db":71.0,"years":"2020","n_years":1,"survey":"常時監視","layer":"noise","source":"令和元〜5年度 自動車交通騒音 常時監視・要請限度測定地点（東京都環境局）","x":-1516.59,"y":-27173.23}},{"type":"Feature","geometry":{"type":"Point","coordinates":[139.821114,35.75567]},"properties":{"name":"葛飾区小菅3丁目3","laeq_db":70.0,"years":"2020","n_years":1,"survey":"常時監視","layer":"noise","source":"令和元〜5年度 自動車交通騒音 常時監視・要請限度測定地点（東京都環境局）","x":-1105.02,"y":-27107.28}},{"type":"Feature","geometry":{"type":"Point","coordinates":[139.827079,35.739937]},"properties":{"name":"葛飾区堀切1丁目11","laeq_db":72.0,"years":"2020","n_years":1,"survey":"常時監視","layer":"noise","source":"令和元〜5年度 自動車交通騒音 常時監視・要請限度測定地点（東京都環境局）","x":-565.7,"y":-28852.8}},{"type":"Feature","geometry":{"type":"Point","coordinates":[139.87618,35.77229]},"properties":{"name":"葛飾区東金町4丁目2","laeq_db":67.0,"years":"2020","n_years":1,"survey":"常時監視","layer":"noise","source":"令和元〜5年度 自動車交通騒音 常時監視・要請限度測定地点（東京都環境局）","x":3873.9,"y":-25262.62}},{"type":"Feature","geometry":{"type":"Point","coordinates":[139.868336,35.643536]},"properties":{"name":"江戸川区臨海町5丁目1","laeq_db":66.0,"years":"2020","n_years":1,"survey":"常時監視・要請限度","layer":"noise","source":"令和元〜5年度 自動車交通騒音 常時監視・要請限度測定地点（東京都環境局）","x":3169.79,"y":-39547.19}},{"type":"Feature","geometry":{"type":"Point","coordinates":[139.855124,35.670117]},"properties":{"name":"江戸川区西葛西2丁目10","laeq_db":70.0,"years":"2020","n_years":1,"survey":"常時監視・要請限度","layer":"noise","source":"令和元〜5年度 自動車交通騒音 常時監視・要請限度測定地点（東京都環境局）","x":1972.68,"y":-36598.6}},{"type":"Feature","geometry":{"type":"Point","coordinates":[139.866401,35.668136]},"properties":{"name":"江戸川区中葛西4丁目8","laeq_db":70.0,"years":"2020","n_years":1,"survey":"常時監視・要請限度","layer":"noise","source":"令和元〜5年度 自動車交通騒音 常時監視・要請限度測定地点（東京都環境局）","x":2993.64,"y":-36818.09}},{"type":"Feature","geometry":{"type":"Point","coordinates":[139.850648,35.689106]},"properties":{"name":"江戸川区小松川1丁目5","laeq_db":60.0,"years":"2020","n_years":1,"survey":"常時監視・要請限度","layer":"noise","source":"令和元〜5年度 自動車交通騒音 常時監視・要請限度測定地点（東京都環境局）","x":1567.1,"y":-34492.01}},{"type":"Feature","geometry":{"type":"Point","coordinates":[139.872989,35.684152]},"properties":{"name":"江戸川区一之江6丁目5","laeq_db":68.0,"years":"2020","n_years":1,"survey":"常時監視・要請限度","layer":"noise","source":"令和元〜5年度 自動車交通騒音 常時監視・要請限度測定地点（東京都環境局）","x":3589.35,"y":-35041.03}},{"type":"Feature","geometry":{"type":"Point","coordinates":[139.882781,35.683428]},"properties":{"name":"江戸川区西瑞江4丁目14","laeq_db":61.0,"years":"2020","n_years":1,"survey":"常時監視・要請限度","layer":"noise","source":"令和元〜5年度 自動車交通騒音 常時監視・要請限度測定地点（東京都環境局）","x":4475.69,"y":-35120.95}},{"type":"Feature","geometry":{"type":"Point","coordinates":[139.865339,35.710388]},"properties":{"name":"江戸川区松島3丁目48","laeq_db":65.0,"years":"2020","n_years":1,"survey":"常時監視・要請限度","layer":"noise","source":"令和元〜5年度 自動車交通騒音 常時監視・要請限度測定地点（東京都環境局）","x":2895.97,"y":-32130.6}},{"type":"Feature","geometry":{"type":"Point","coordinates":[139.867413,35.695321]},"properties":{"name":"江戸川区東小松川2丁目30","laeq_db":65.0,"years":"2020","n_years":1,"survey":"常時監視・要請限度","layer":"noise","source":"令和元〜5年度 自動車交通騒音 常時監視・要請限度測定地点（東京都環境局）","x":3084.22,"y":-33802.1}},{"type":"Feature","geometry":{"type":"Point","coordinates":[139.851991,35.659291]},"properties":{"name":"江戸川区清新町1丁目1","laeq_db":67.0,"years":"2020","n_years":1,"survey":"常時監視・要請限度","layer":"noise","source":"令和元〜5年度 自動車交通騒音 常時監視・要請限度測定地点（東京都環境局）","x":1689.28,"y":-37799.71}},{"type":"Feature","geometry":{"type":"Point","coordinates":[139.869978,35.652126]},"properties":{"name":"江戸川区南葛西3丁目19","laeq_db":62.0,"years":"2020","n_years":1,"survey":"常時監視・要請限度","layer":"noise","source":"令和元〜5年度 自動車交通騒音 常時監視・要請限度測定地点（東京都環境局）","x":3318.14,"y":-38594.15}},{"type":"Feature","geometry":{"type":"Point","coordinates":[139.571086,35.695991]},"properties":{"name":"三鷹市下連雀1丁目1","laeq_db":66.0,"years":"2020","n_years":1,"survey":"常時監視","layer":"noise","source":"令和元〜5年度 自動車交通騒音 常時監視・要請限度測定地点（東京都環境局）","x":-23733.26,"y":-33696.61}},{"type":"Feature","geometry":{"type":"Point","coordinates":[139.568299,35.681833]},"properties":{"name":"三鷹市新川6丁目24","laeq_db":65.0,"years":"2020","n_years":1,"survey":"常時監視","layer":"noise","source":"令和元〜5年度 自動車交通騒音 常時監視・要請限度測定地点（東京都環境局）","x":-23989.72,"y":-35266.66}},{"type":"Feature","geometry":{"type":"Point","coordinates":[139.56831,35.67969]},"properties":{"name":"三鷹市新川6丁目7-16","laeq_db":65.0,"years":"2020","n_years":1,"survey":"常時監視","layer":"noise","source":"令和元〜5年度 自動車交通騒音 常時監視・要請限度測定地点（東京都環境局）","x":-23989.36,"y":-35504.41}},{"type":"Feature","geometry":{"type":"Point","coordinates":[139.573675,35.678748]},"properties":{"name":"三鷹市新川3丁目4","laeq_db":65.0,"years":"2020","n_years":1,"survey":"常時監視","layer":"noise","source":"令和元〜5年度 自動車交通騒音 常時監視・要請限度測定地点（東京都環境局）","x":-23504.01,"y":-35610.22}},{"type":"Feature","geometry":{"type":"Point","coordinates":[139.565022,35.64819]},"properties":{"name":"調布市国領町8丁目2","laeq_db":63.0,"years":"2020","n_years":1,"survey":"常時監視","layer":"noise","source":"令和元〜5年度 自動車交通騒音 常時監視・要請限度測定地点（東京都環境局）","x":-24296.53,"y":-38998.28}},{"type":"Feature","geometry":{"type":"Point","coordinates":[139.544635,35.673126]},"properties":{"name":"調布市深大寺北町7丁目6","laeq_db":58.7,"years":"2020・2021・2022・2023・2024","n_years":5,"survey":"常時監視・要請限度","layer":"noise","source":"令和元〜5年度 自動車交通騒音 常時監視・要請限度測定地点（東京都環境局） / 自動車騒音の常時監視結果（環境GIS＋・国立環境研究所）","x":-26134.52,"y":-36226.6}},{"type":"Feature","geometry":{"type":"Point","coordinates":[139.584109,35.664289]},"properties":{"name":"調布市仙川町3丁目3","laeq_db":63.0,"years":"2020","n_years":1,"survey":"常時監視","layer":"noise","source":"令和元〜5年度 自動車交通騒音 常時監視・要請限度測定地点（東京都環境局）","x":-22563.6,"y":-37216.78}},{"type":"Feature","geometry":{"type":"Point","coordinates":[139.582859,35.651499]},"properties":{"name":"調布市若葉町3丁目9","laeq_db":67.0,"years":"2020","n_years":1,"survey":"常時監視","layer":"noise","source":"令和元〜5年度 自動車交通騒音 常時監視・要請限度測定地点（東京都環境局）","x":-22680.39,"y":-38635.44}},{"type":"Feature","geometry":{"type":"Point","coordinates":[139.588523,35.657899]},"properties":{"name":"調布市若葉町2丁目16","laeq_db":61.0,"years":"2020","n_years":1,"survey":"常時監視","layer":"noise","source":"令和元〜5年度 自動車交通騒音 常時監視・要請限度測定地点（東京都環境局）","x":-22165.75,"y":-37926.7}},{"type":"Feature","geometry":{"type":"Point","coordinates":[139.584279,35.659063]},"properties":{"name":"調布市若葉町1丁目41","laeq_db":65.0,"years":"2020","n_years":1,"survey":"常時監視","layer":"noise","source":"令和元〜5年度 自動車交通騒音 常時監視・要請限度測定地点（東京都環境局）","x":-22549.68,"y":-37796.6}},{"type":"Feature","geometry":{"type":"Point","coordinates":[139.568281,35.641845]},"properties":{"name":"狛江市中和泉5丁目16","laeq_db":65.0,"years":"2020","n_years":1,"survey":"常時監視","layer":"noise","source":"令和元〜5年度 自動車交通騒音 常時監視・要請限度測定地点（東京都環境局）","x":-24003.31,"y":-39703.01}},{"type":"Feature","geometry":{"type":"Point","coordinates":[139.541419,35.78333]},"properties":{"name":"清瀬市下清戸3","laeq_db":69.0,"years":"2020","n_years":1,"survey":"常時監視","layer":"noise","source":"令和元〜5年度 自動車交通騒音 常時監視・要請限度測定地点（東京都環境局）","x":-26389.28,"y":-23999.34}},{"type":"Feature","geometry":{"type":"Point","coordinates":[139.54273,35.718798]},"properties":{"name":"西東京市向台町2丁目9","laeq_db":66.0,"years":"2020・2023","n_years":2,"survey":"常時監視","layer":"noise","source":"令和元〜5年度 自動車交通騒音 常時監視・要請限度測定地点（東京都環境局）","x":-26291.98,"y":-31159.11}},{"type":"Feature","geometry":{"type":"Point","coordinates":[139.543554,35.730123]},"properties":{"name":"西東京市田無町3丁目6","laeq_db":61.5,"years":"2020・2023","n_years":2,"survey":"常時監視","layer":"noise","source":"令和元〜5年度 自動車交通騒音 常時監視・要請限度測定地点（東京都環境局）","x":-26213.72,"y":-29902.9}},{"type":"Feature","geometry":{"type":"Point","coordinates":[139.565844,35.75148]},"properties":{"name":"西東京市下保谷4丁目6","laeq_db":64.0,"years":"2020","n_years":1,"survey":"常時監視","layer":"noise","source":"令和元〜5年度 自動車交通騒音 常時監視・要請限度測定地点（東京都環境局）","x":-24190.88,"y":-27539.21}},{"type":"Feature","geometry":{"type":"Point","coordinates":[139.552795,35.753235]},"properties":{"name":"西東京市栄町2丁目9","laeq_db":66.0,"years":"2020","n_years":1,"survey":"常時監視","layer":"noise","source":"令和元〜5年度 自動車交通騒音 常時監視・要請限度測定地点（東京都環境局）","x":-25370.43,"y":-27341.2}},{"type":"Feature","geometry":{"type":"Point","coordinates":[139.555203,35.731853]},"properties":{"name":"西東京市保谷町2丁目1","laeq_db":68.0,"years":"2020","n_years":1,"survey":"常時監視","layer":"noise","source":"令和元〜5年度 自動車交通騒音 常時監視・要請限度測定地点（東京都環境局）","x":-25159.39,"y":-29714.02}},{"type":"Feature","geometry":{"type":"Point","coordinates":[139.761764,35.684558]},"properties":{"name":"千代田区丸の内1丁目1-3","laeq_db":67.5,"years":"2020・2022","n_years":2,"survey":"要請限度","layer":"noise","source":"令和元〜5年度 自動車交通騒音 常時監視・要請限度測定地点（東京都環境局）","x":-6477.91,"y":-34994.35}},{"type":"Feature","geometry":{"type":"Point","coordinates":[139.756191,35.673889]},"properties":{"name":"千代田区日比谷公園","laeq_db":66.0,"years":"2020・2022","n_years":2,"survey":"要請限度","layer":"noise","source":"令和元〜5年度 自動車交通騒音 常時監視・要請限度測定地点（東京都環境局）","x":-6983.26,"y":-36177.61}},{"type":"Feature","geometry":{"type":"Point","coordinates":[139.771864,35.702086]},"properties":{"name":"千代田区外神田4丁目6","laeq_db":64.5,"years":"2020・2022","n_years":2,"survey":"要請限度","layer":"noise","source":"令和元〜5年度 自動車交通騒音 常時監視・要請限度測定地点（東京都環境局）","x":-5562.52,"y":-33050.37}},{"type":"Feature","geometry":{"type":"Point","coordinates":[139.746192,35.698581]},"properties":{"name":"千代田区富士見1丁目4-4","laeq_db":60.5,"years":"2020・2022","n_years":2,"survey":"要請限度","layer":"noise","source":"令和元〜5年度 自動車交通騒音 常時監視・要請限度測定地点（東京都環境局）","x":-7885.99,"y":-33437.47}},{"type":"Feature","geometry":{"type":"Point","coordinates":[139.776601,35.692694]},"properties":{"name":"千代田区岩本町2丁目8-10","laeq_db":66.0,"years":"2020・2022","n_years":2,"survey":"要請限度","layer":"noise","source":"令和元〜5年度 自動車交通騒音 常時監視・要請限度測定地点（東京都環境局）","x":-5134.45,"y":-34092.6}},{"type":"Feature","geometry":{"type":"Point","coordinates":[139.776757,35.651036]},"properties":{"name":"中央区晴海5丁目3","laeq_db":61.7,"years":"2020・2021・2022","n_years":3,"survey":"要請限度","layer":"noise","source":"令和元〜5年度 自動車交通騒音 常時監視・要請限度測定地点（東京都環境局）","x":-5123.0,"y":-38714.22}},{"type":"Feature","geometry":{"type":"Point","coordinates":[139.717456,35.639396]},"properties":{"name":"港区白金台5丁目11","laeq_db":66.9,"years":"2020・2021","n_years":2,"survey":"常時監視・要請限度","layer":"noise","source":"令和元〜5年度 自動車交通騒音 常時監視・要請限度測定地点（東京都環境局）","x":-10494.24,"y":-40000.87}},{"type":"Feature","geometry":{"type":"Point","coordinates":[139.711511,35.708271]},"properties":{"name":"新宿区西早稲田2丁目14-4","laeq_db":64.5,"years":"2020・2021・2022・2023","n_years":4,"survey":"要請限度","layer":"noise","source":"令和元〜5年度 自動車交通騒音 常時監視・要請限度測定地点（東京都環境局）","x":-11023.16,"y":-32359.09}},{"type":"Feature","geometry":{"type":"Point","coordinates":[139.719813,35.686465]},"properties":{"name":"新宿区左門町13","laeq_db":69.8,"years":"2020・2021・2022・2023","n_years":4,"survey":"要請限度","layer":"noise","source":"令和元〜5年度 自動車交通騒音 常時監視・要請限度測定地点（東京都環境局）","x":-10274.75,"y":-34779.2}},{"type":"Feature","geometry":{"type":"Point","coordinates":[139.806584,35.689253]},"properties":{"name":"墨田区菊川3丁目17-2","laeq_db":67.8,"years":"2020・2021・2022・2023","n_years":4,"survey":"要請限度","layer":"noise","source":"令和元〜5年度 自動車交通騒音 常時監視・要請限度測定地点（東京都環境局）","x":-2421.0,"y":-34475.51}},{"type":"Feature","geometry":{"type":"Point","coordinates":[139.737627,35.616417]},"properties":{"name":"品川区北品川3丁目10-13","laeq_db":69.7,"years":"2020・2023・2024","n_years":3,"survey":"常時監視・要請限度","layer":"noise","source":"令和元〜5年度 自動車交通騒音 常時監視・要請限度測定地点（東京都環境局） / 自動車騒音の常時監視結果（環境GIS＋・国立環境研究所）","x":-8669.96,"y":-42552.15}},{"type":"Feature","geometry":{"type":"Point","coordinates":[139.716588,35.624961]},"properties":{"name":"品川区西五反田5丁目3-1","laeq_db":67.3,"years":"2020・2022・2023","n_years":3,"survey":"常時監視・要請限度","layer":"noise","source":"令和元〜5年度 自動車交通騒音 常時監視・要請限度測定地点（東京都環境局）","x":-10574.75,"y":-41602.21}},{"type":"Feature","geometry":{"type":"Point","coordinates":[139.746442,35.606414]},"properties":{"name":"品川区東大井1丁目8-21","laeq_db":66.0,"years":"2020・2021・2022","n_years":3,"survey":"常時監視・要請限度","layer":"noise","source":"令和元〜5年度 自動車交通騒音 常時監視・要請限度測定地点（東京都環境局）","x":-7872.4,"y":-43662.63}},{"type":"Feature","geometry":{"type":"Point","coordinates":[139.712582,35.6133]},"properties":{"name":"品川区平塚3丁目12","laeq_db":62.0,"years":"2020・2022","n_years":2,"survey":"要請限度","layer":"noise","source":"令和元〜5年度 自動車交通騒音 常時監視・要請限度測定地点（東京都環境局）","x":-10939.2,"y":-42895.46}},{"type":"Feature","geometry":{"type":"Point","coordinates":[139.73231,35.601938]},"properties":{"name":"品川区大井4丁目14","laeq_db":64.5,"years":"2020・2023","n_years":2,"survey":"要請限度","layer":"noise","source":"令和元〜5年度 自動車交通騒音 常時監視・要請限度測定地点（東京都環境局）","x":-9153.28,"y":-44157.98}},{"type":"Feature","geometry":{"type":"Point","coordinates":[139.753643,35.622877]},"properties":{"name":"品川区東品川5丁目9","laeq_db":69.3,"years":"2020・2022・2023","n_years":3,"survey":"常時監視・要請限度","layer":"noise","source":"令和元〜5年度 自動車交通騒音 常時監視・要請限度測定地点（東京都環境局）","x":-7218.51,"y":-41836.77}},{"type":"Feature","geometry":{"type":"Point","coordinates":[139.709375,35.633438]},"properties":{"name":"目黒区目黒2丁目9-3","laeq_db":69.5,"years":"2020・2022","n_years":2,"survey":"要請限度","layer":"noise","source":"令和元〜5年度 自動車交通騒音 常時監視・要請限度測定地点（東京都環境局）","x":-11226.91,"y":-40660.97}},{"type":"Feature","geometry":{"type":"Point","coordinates":[139.682101,35.621113]},"properties":{"name":"目黒区碑文谷4丁目16-18","laeq_db":70.5,"years":"2020・2022","n_years":2,"survey":"常時監視・要請限度","layer":"noise","source":"令和元〜5年度 自動車交通騒音 常時監視・要請限度測定地点（東京都環境局）","x":-13699.23,"y":-42024.86}},{"type":"Feature","geometry":{"type":"Point","coordinates":[139.670164,35.615468]},"properties":{"name":"目黒区八雲2丁目9-12","laeq_db":68.7,"years":"2020・2022・2023","n_years":3,"survey":"要請限度","layer":"noise","source":"令和元〜5年度 自動車交通騒音 常時監視・要請限度測定地点（東京都環境局）","x":-14781.57,"y":-42649.39}},{"type":"Feature","geometry":{"type":"Point","coordinates":[139.703518,35.638764]},"properties":{"name":"目黒区中目黒4丁目1-2","laeq_db":69.5,"years":"2020・2022","n_years":2,"survey":"常時監視・要請限度","layer":"noise","source":"令和元〜5年度 自動車交通騒音 常時監視・要請限度測定地点（東京都環境局）","x":-11756.6,"y":-40069.41}},{"type":"Feature","geometry":{"type":"Point","coordinates":[139.691915,35.622107]},"properties":{"name":"目黒区碑文谷1丁目2-5","laeq_db":75.0,"years":"2020","n_years":1,"survey":"要請限度","layer":"noise","source":"令和元〜5年度 自動車交通騒音 常時監視・要請限度測定地点（東京都環境局）","x":-12810.08,"y":-41915.91}},{"type":"Feature","geometry":{"type":"Point","coordinates":[139.697282,35.624227]},"properties":{"name":"目黒区目黒本町3丁目20","laeq_db":66.3,"years":"2020・2021・2023","n_years":3,"survey":"常時監視・要請限度","layer":"noise","source":"令和元〜5年度 自動車交通騒音 常時監視・要請限度測定地点（東京都環境局）","x":-12323.59,"y":-41681.4}},{"type":"Feature","geometry":{"type":"Point","coordinates":[139.740733,35.5482]},"properties":{"name":"大田区本羽田3丁目7","laeq_db":68.7,"years":"2020・2022・2023","n_years":3,"survey":"常時監視・要請限度","layer":"noise","source":"令和元〜5年度 自動車交通騒音 常時監視・要請限度測定地点（東京都環境局）","x":-8395.71,"y":-50120.43}},{"type":"Feature","geometry":{"type":"Point","coordinates":[139.730119,35.578318]},"properties":{"name":"大田区大森西2丁目3-3","laeq_db":66.0,"years":"2020","n_years":1,"survey":"要請限度","layer":"noise","source":"令和元〜5年度 自動車交通騒音 常時監視・要請限度測定地点（東京都環境局）","x":-9354.54,"y":-46778.19}},{"type":"Feature","geometry":{"type":"Point","coordinates":[139.645266,35.600877]},"properties":{"name":"世田谷区野毛1丁目5","laeq_db":73.0,"years":"2020","n_years":1,"survey":"要請限度","layer":"noise","source":"令和元〜5年度 自動車交通騒音 常時監視・要請限度測定地点（東京都環境局）","x":-17040.18,"y":-44264.11}},{"type":"Feature","geometry":{"type":"Point","coordinates":[139.66521,35.709262]},"properties":{"name":"中野区中野5丁目68","laeq_db":64.7,"years":"2020・2021・2023","n_years":3,"survey":"常時監視・要請限度","layer":"noise","source":"令和元〜5年度 自動車交通騒音 常時監視・要請限度測定地点（東京都環境局）","x":-15212.55,"y":-32242.96}},{"type":"Feature","geometry":{"type":"Point","coordinates":[139.665359,35.72435]},"properties":{"name":"中野区江古田4丁目3","laeq_db":68.0,"years":"2020・2021","n_years":2,"survey":"常時監視・要請限度","layer":"noise","source":"令和元〜5年度 自動車交通騒音 常時監視・要請限度測定地点（東京都環境局）","x":-15196.2,"y":-30569.08}},{"type":"Feature","geometry":{"type":"Point","coordinates":[139.616533,35.676987]},"properties":{"name":"杉並区高井戸東2丁目2","laeq_db":66.8,"years":"2020・2021・2022・2023","n_years":4,"survey":"要請限度","layer":"noise","source":"令和元〜5年度 自動車交通騒音 常時監視・要請限度測定地点（東京都環境局）","x":-19624.97,"y":-35815.0}},{"type":"Feature","geometry":{"type":"Point","coordinates":[139.655128,35.706377]},"properties":{"name":"杉並区高円寺北1丁目4","laeq_db":68.0,"years":"2020・2021・2022・2023","n_years":4,"survey":"要請限度","layer":"noise","source":"令和元〜5年度 自動車交通騒音 常時監視・要請限度測定地点（東京都環境局）","x":-16125.4,"y":-32561.42}},{"type":"Feature","geometry":{"type":"Point","coordinates":[139.712728,35.738117]},"properties":{"name":"豊島区池袋本町1丁目7-3","laeq_db":71.4,"years":"2020・2021・2022・2023","n_years":4,"survey":"常時監視・要請限度","layer":"noise","source":"令和元〜5年度 自動車交通騒音 常時監視・要請限度測定地点（東京都環境局）","x":-10908.97,"y":-29048.03}},{"type":"Feature","geometry":{"type":"Point","coordinates":[139.745434,35.753471]},"properties":{"name":"北区堀船2丁目10-5","laeq_db":67.6,"years":"2020・2021・2022・2023","n_years":4,"survey":"要請限度","layer":"noise","source":"令和元〜5年度 自動車交通騒音 常時監視・要請限度測定地点（東京都環境局）","x":-7949.13,"y":-27347.75}},{"type":"Feature","geometry":{"type":"Point","coordinates":[139.777297,35.729104]},"properties":{"name":"荒川区東日暮里6丁目17-6","laeq_db":66.2,"years":"2020・2021・2022・2023","n_years":4,"survey":"要請限度","layer":"noise","source":"令和元〜5年度 自動車交通騒音 常時監視・要請限度測定地点（東京都環境局）","x":-5069.16,"y":-30053.22}},{"type":"Feature","geometry":{"type":"Point","coordinates":[139.853934,35.784129]},"properties":{"name":"葛飾区西水元5丁目2","laeq_db":67.5,"years":"2020・2023","n_years":2,"survey":"要請限度","layer":"noise","source":"令和元〜5年度 自動車交通騒音 常時監視・要請限度測定地点（東京都環境局）","x":1862.29,"y":-23949.81}},{"type":"Feature","geometry":{"type":"Point","coordinates":[139.83077,35.74525]},"properties":{"name":"葛飾区堀切2丁目60","laeq_db":64.0,"years":"2020","n_years":1,"survey":"要請限度","layer":"noise","source":"令和元〜5年度 自動車交通騒音 常時監視・要請限度測定地点（東京都環境局）","x":-231.84,"y":-28263.37}},{"type":"Feature","geometry":{"type":"Point","coordinates":[139.863143,35.741302]},"properties":{"name":"葛飾区高砂1丁目2","laeq_db":69.9,"years":"2020・2021・2022・2023","n_years":4,"survey":"常時監視・要請限度","layer":"noise","source":"令和元〜5年度 自動車交通騒音 常時監視・要請限度測定地点（東京都環境局）","x":2696.23,"y":-28700.97}},{"type":"Feature","geometry":{"type":"Point","coordinates":[139.856607,35.780765]},"properties":{"name":"葛飾区水元1丁目20","laeq_db":64.0,"years":"2020・2023","n_years":2,"survey":"要請限度","layer":"noise","source":"令和元〜5年度 自動車交通騒音 常時監視・要請限度測定地点（東京都環境局）","x":2104.02,"y":-24322.97}},{"type":"Feature","geometry":{"type":"Point","coordinates":[139.589631,35.699534]},"properties":{"name":"武蔵野市吉祥寺南町4丁目16","laeq_db":63.4,"years":"2020・2021・2022・2023","n_years":4,"survey":"常時監視・要請限度","layer":"noise","source":"令和元〜5年度 自動車交通騒音 常時監視・要請限度測定地点（東京都環境局）","x":-22053.97,"y":-33307.87}},{"type":"Feature","geometry":{"type":"Point","coordinates":[139.573537,35.708831]},"properties":{"name":"武蔵野市吉祥寺本町4丁目17","laeq_db":66.0,"years":"2020・2021・2022・2023","n_years":4,"survey":"常時監視・要請限度","layer":"noise","source":"令和元〜5年度 自動車交通騒音 常時監視・要請限度測定地点（東京都環境局）","x":-23507.67,"y":-32272.7}},{"type":"Feature","geometry":{"type":"Point","coordinates":[139.775021,35.696656]},"properties":{"name":"千代田区神田岩本町15-7","laeq_db":71.0,"years":"2021","n_years":1,"survey":"常時監視","layer":"noise","source":"令和元〜5年度 自動車交通騒音 常時監視・要請限度測定地点（東京都環境局）","x":-5277.19,"y":-33652.96}},{"type":"Feature","geometry":{"type":"Point","coordinates":[139.745271,35.691263]},"properties":{"name":"千代田区三番町6-1","laeq_db":70.0,"years":"2021","n_years":1,"survey":"常時監視","layer":"noise","source":"令和元〜5年度 自動車交通騒音 常時監視・要請限度測定地点（東京都環境局）","x":-7970.06,"y":-34249.27}},{"type":"Feature","geometry":{"type":"Point","coordinates":[139.763616,35.69055]},"properties":{"name":"千代田区神田錦町1-25","laeq_db":70.0,"years":"2021","n_years":1,"survey":"常時監視","layer":"noise","source":"令和元〜5年度 自動車交通騒音 常時監視・要請限度測定地点（東京都環境局）","x":-6309.81,"y":-34329.7}},{"type":"Feature","geometry":{"type":"Point","coordinates":[139.76098,35.694773]},"properties":{"name":"千代田区神田神保町1-41","laeq_db":65.0,"years":"2021","n_years":1,"survey":"常時監視","layer":"noise","source":"令和元〜5年度 自動車交通騒音 常時監視・要請限度測定地点（東京都環境局）","x":-6548.03,"y":-33861.02}},{"type":"Feature","geometry":{"type":"Point","coordinates":[139.751662,35.697733]},"properties":{"name":"千代田区九段北1-8-10","laeq_db":66.0,"years":"2021","n_years":1,"survey":"常時監視","layer":"noise","source":"令和元〜5年度 自動車交通騒音 常時監視・要請限度測定地点（東京都環境局）","x":-7391.05,"y":-33531.97}},{"type":"Feature","geometry":{"type":"Point","coordinates":[139.77054,35.67086]},"properties":{"name":"中央区銀座2丁目16","laeq_db":69.0,"years":"2021","n_years":1,"survey":"常時監視","layer":"noise","source":"令和元〜5年度 自動車交通騒音 常時監視・要請限度測定地点（東京都環境局）","x":-5684.54,"y":-36514.57}},{"type":"Feature","geometry":{"type":"Point","coordinates":[139.773893,35.6873]},"properties":{"name":"中央区日本橋室町2丁目4","laeq_db":66.0,"years":"2021","n_years":1,"survey":"常時監視","layer":"noise","source":"令和元〜5年度 自動車交通騒音 常時監視・要請限度測定地点（東京都環境局）","x":-5379.9,"y":-34690.88}},{"type":"Feature","geometry":{"type":"Point","coordinates":[139.773156,35.690148]},"properties":{"name":"中央区日本橋本町4丁目4","laeq_db":64.0,"years":"2021","n_years":1,"survey":"常時監視","layer":"noise","source":"令和元〜5年度 自動車交通騒音 常時監視・要請限度測定地点（東京都環境局）","x":-5446.41,"y":-34374.87}},{"type":"Feature","geometry":{"type":"Point","coordinates":[139.779002,35.680141]},"properties":{"name":"中央区日本橋茅場町1丁目8","laeq_db":66.0,"years":"2021","n_years":1,"survey":"常時監視","layer":"noise","source":"令和元〜5年度 自動車交通騒音 常時監視・要請限度測定地点（東京都環境局）","x":-4917.93,"y":-35485.38}},{"type":"Feature","geometry":{"type":"Point","coordinates":[139.770888,35.679322]},"properties":{"name":"中央区京橋1丁目1","laeq_db":68.0,"years":"2021","n_years":1,"survey":"常時監視","layer":"noise","source":"令和元〜5年度 自動車交通騒音 常時監視・要請限度測定地点（東京都環境局）","x":-5652.44,"y":-35575.8}},{"type":"Feature","geometry":{"type":"Point","coordinates":[139.785674,35.681995]},"properties":{"name":"中央区日本橋蛎殻町1丁目36","laeq_db":67.0,"years":"2021","n_years":1,"survey":"常時監視","layer":"noise","source":"令和元〜5年度 自動車交通騒音 常時監視・要請限度測定地点（東京都環境局）","x":-4313.9,"y":-35280.01}},{"type":"Feature","geometry":{"type":"Point","coordinates":[139.781017,35.686305]},"properties":{"name":"中央区日本橋人形町3丁目4","laeq_db":66.0,"years":"2021","n_years":1,"survey":"常時監視","layer":"noise","source":"令和元〜5年度 自動車交通騒音 常時監視・要請限度測定地点（東京都環境局）","x":-4735.17,"y":-34801.63}},{"type":"Feature","geometry":{"type":"Point","coordinates":[139.779955,35.684632]},"properties":{"name":"中央区日本橋小網町17","laeq_db":64.0,"years":"2021","n_years":1,"survey":"常時監視","layer":"noise","source":"令和元〜5年度 自動車交通騒音 常時監視・要請限度測定地点（東京都環境局）","x":-4831.39,"y":-34987.19}},{"type":"Feature","geometry":{"type":"Point","coordinates":[139.771265,35.655751]},"properties":{"name":"中央区勝どき5丁目11","laeq_db":63.0,"years":"2021","n_years":1,"survey":"常時監視","layer":"noise","source":"令和元〜5年度 自動車交通騒音 常時監視・要請限度測定地点（東京都環境局）","x":-5619.97,"y":-38190.83}},{"type":"Feature","geometry":{"type":"Point","coordinates":[139.779265,35.653955]},"properties":{"name":"中央区晴海3丁目10","laeq_db":62.0,"years":"2021","n_years":1,"survey":"常時監視","layer":"noise","source":"令和元〜5年度 自動車交通騒音 常時監視・要請限度測定地点（東京都環境局）","x":-4895.72,"y":-38390.51}},{"type":"Feature","geometry":{"type":"Point","coordinates":[139.724035,35.670122]},"properties":{"name":"港区南青山１丁目5","laeq_db":65.0,"years":"2021","n_years":1,"survey":"常時監視","layer":"noise","source":"令和元〜5年度 自動車交通騒音 常時監視・要請限度測定地点（東京都環境局）","x":-9894.63,"y":-36592.76}},{"type":"Feature","geometry":{"type":"Point","coordinates":[139.722572,35.673969]},"properties":{"name":"港区北青山１丁目1","laeq_db":65.0,"years":"2021","n_years":1,"survey":"常時監視","layer":"noise","source":"令和元〜5年度 自動車交通騒音 常時監視・要請限度測定地点（東京都環境局）","x":-10026.59,"y":-36165.82}},{"type":"Feature","geometry":{"type":"Point","coordinates":[139.726365,35.670816]},"properties":{"name":"港区南青山１丁目10","laeq_db":66.0,"years":"2021","n_years":1,"survey":"常時監視","layer":"noise","source":"令和元〜5年度 自動車交通騒音 常時監視・要請限度測定地点（東京都環境局）","x":-9683.62,"y":-36516.0}},{"type":"Feature","geometry":{"type":"Point","coordinates":[139.719764,35.673153]},"properties":{"name":"港区北青山２丁目1","laeq_db":62.0,"years":"2021","n_years":1,"survey":"常時監視","layer":"noise","source":"令和元〜5年度 自動車交通騒音 常時監視・要請限度測定地点（東京都環境局）","x":-10280.89,"y":-36256.06}},{"type":"Feature","geometry":{"type":"Point","coordinates":[139.721655,35.661897]},"properties":{"name":"港区西麻布２丁目10","laeq_db":64.0,"years":"2021","n_years":1,"survey":"常時監視","layer":"noise","source":"令和元〜5年度 自動車交通騒音 常時監視・要請限度測定地点（東京都環境局）","x":-10111.13,"y":-37505.02}},{"type":"Feature","geometry":{"type":"Point","coordinates":[139.72319,35.637813]},"properties":{"name":"港区白金台５丁目16","laeq_db":62.0,"years":"2021","n_years":1,"survey":"常時監視","layer":"noise","source":"令和元〜5年度 自動車交通騒音 常時監視・要請限度測定地点（東京都環境局）","x":-9975.14,"y":-40177.09}},{"type":"Feature","geometry":{"type":"Point","coordinates":[139.755115,35.625085]},"properties":{"name":"港区港南５丁目2","laeq_db":61.0,"years":"2021","n_years":1,"survey":"常時監視","layer":"noise","source":"令和元〜5年度 自動車交通騒音 常時監視・要請限度測定地点（東京都環境局）","x":-7084.97,"y":-41591.92}},{"type":"Feature","geometry":{"type":"Point","coordinates":[139.760768,35.656394]},"properties":{"name":"港区海岸１丁目8","laeq_db":62.0,"years":"2021","n_years":1,"survey":"常時監視","layer":"noise","source":"令和元〜5年度 自動車交通騒音 常時監視・要請限度測定地点（東京都環境局）","x":-6570.37,"y":-38118.85}},{"type":"Feature","geometry":{"type":"Point","coordinates":[139.694069,35.693694]},"properties":{"name":"新宿区西新宿6-2-16","laeq_db":67.0,"years":"2021","n_years":1,"survey":"常時監視","layer":"noise","source":"令和元〜5年度 自動車交通騒音 常時監視・要請限度測定地点（東京都環境局）","x":-12603.71,"y":-33974.2}},{"type":"Feature","geometry":{"type":"Point","coordinates":[139.695839,35.721577]},"properties":{"name":"新宿区下落合4-23-12","laeq_db":66.0,"years":"2021","n_years":1,"survey":"常時監視","layer":"noise","source":"令和元〜5年度 自動車交通騒音 常時監視・要請限度測定地点（東京都環境局）","x":-12439.19,"y":-30881.02}},{"type":"Feature","geometry":{"type":"Point","coordinates":[139.727427,35.704913]},"properties":{"name":"新宿区榎町75-1","laeq_db":63.0,"years":"2021","n_years":1,"survey":"常時監視","layer":"noise","source":"令和元〜5年度 自動車交通騒音 常時監視・要請限度測定地点（東京都環境局）","x":-9583.4,"y":-32733.31}},{"type":"Feature","geometry":{"type":"Point","coordinates":[139.71648,35.684734]},"properties":{"name":"新宿区大京町25-5","laeq_db":65.0,"years":"2021","n_years":1,"survey":"常時監視","layer":"noise","source":"令和元〜5年度 自動車交通騒音 常時監視・要請限度測定地点（東京都環境局）","x":-10576.65,"y":-34970.89}},{"type":"Feature","geometry":{"type":"Point","coordinates":[139.711377,35.688691]},"properties":{"name":"新宿区新宿1-8-2","laeq_db":65.0,"years":"2021","n_years":1,"survey":"常時監視","layer":"noise","source":"令和元〜5年度 自動車交通騒音 常時監視・要請限度測定地点（東京都環境局）","x":-11037.99,"y":-34531.33}},{"type":"Feature","geometry":{"type":"Point","coordinates":[139.683741,35.689637]},"properties":{"name":"新宿区西新宿5-25-6","laeq_db":63.0,"years":"2021","n_years":1,"survey":"常時監視","layer":"noise","source":"令和元〜5年度 自動車交通騒音 常時監視・要請限度測定地点（東京都環境局）","x":-13539.1,"y":-34422.92}},{"type":"Feature","geometry":{"type":"Point","coordinates":[139.72836,35.714393]},"properties":{"name":"文京区関口3丁目11","laeq_db":60.0,"years":"2021","n_years":1,"survey":"常時監視","layer":"noise","source":"令和元〜5年度 自動車交通騒音 常時監視・要請限度測定地点（東京都環境局）","x":-9497.84,"y":-31681.66}},{"type":"Feature","geometry":{"type":"Point","coordinates":[139.734551,35.708984]},"properties":{"name":"文京区関口1丁目18","laeq_db":66.0,"years":"2021","n_years":1,"survey":"常時監視","layer":"noise","source":"令和元〜5年度 自動車交通騒音 常時監視・要請限度測定地点（東京都環境局）","x":-8938.29,"y":-32282.33}},{"type":"Feature","geometry":{"type":"Point","coordinates":[139.724093,35.710531]},"properties":{"name":"文京区関口1丁目32","laeq_db":67.0,"years":"2021","n_years":1,"survey":"常時監視","layer":"noise","source":"令和元〜5年度 自動車交通騒音 常時監視・要請限度測定地点（東京都環境局）","x":-9884.39,"y":-32109.7}},{"type":"Feature","geometry":{"type":"Point","coordinates":[139.722219,35.715145]},"properties":{"name":"文京区目白台1丁目20","laeq_db":64.0,"years":"2021","n_years":1,"survey":"常時監視","layer":"noise","source":"令和元〜5年度 自動車交通騒音 常時監視・要請限度測定地点（東京都環境局）","x":-10053.38,"y":-31597.62}},{"type":"Feature","geometry":{"type":"Point","coordinates":[139.744121,35.707103]},"properties":{"name":"文京区後楽2丁目22","laeq_db":65.0,"years":"2021","n_years":1,"survey":"常時監視","layer":"noise","source":"令和元〜5年度 自動車交通騒音 常時監視・要請限度測定地点（東京都環境局）","x":-8072.55,"y":-32491.85}},{"type":"Feature","geometry":{"type":"Point","coordinates":[139.749548,35.705706]},"properties":{"name":"文京区後楽1丁目6","laeq_db":62.0,"years":"2021","n_years":1,"survey":"常時監視","layer":"noise","source":"令和元〜5年度 自動車交通騒音 常時監視・要請限度測定地点（東京都環境局）","x":-7581.61,"y":-32647.27}},{"type":"Feature","geometry":{"type":"Point","coordinates":[139.779739,35.715176]},"properties":{"name":"台東区上野7丁目9","laeq_db":72.0,"years":"2021","n_years":1,"survey":"常時監視・要請限度","layer":"noise","source":"令和元〜5年度 自動車交通騒音 常時監視・要請限度測定地点（東京都環境局）","x":-4849.09,"y":-31598.55}},{"type":"Feature","geometry":{"type":"Point","coordinates":[139.789483,35.710498]},"properties":{"name":"台東区西浅草1丁目3","laeq_db":62.9,"years":"2021","n_years":1,"survey":"常時監視・要請限度","layer":"noise","source":"令和元〜5年度 自動車交通騒音 常時監視・要請限度測定地点（東京都環境局）","x":-3967.71,"y":-32117.98}},{"type":"Feature","geometry":{"type":"Point","coordinates":[139.798722,35.71442]},"properties":{"name":"台東区花川戸2丁目6","laeq_db":63.0,"years":"2021","n_years":1,"survey":"常時監視・要請限度","layer":"noise","source":"令和元〜5年度 自動車交通騒音 常時監視・要請限度測定地点（東京都環境局）","x":-3131.58,"y":-31683.2}},{"type":"Feature","geometry":{"type":"Point","coordinates":[139.820742,35.707719]},"properties":{"name":"墨田区文花1丁目29","laeq_db":56.0,"years":"2021","n_years":1,"survey":"常時監視","layer":"noise","source":"令和元〜5年度 自動車交通騒音 常時監視・要請限度測定地点（東京都環境局）","x":-1139.34,"y":-32427.1}},{"type":"Feature","geometry":{"type":"Point","coordinates":[139.80245,35.692229]},"properties":{"name":"墨田区立川2丁目14","laeq_db":60.0,"years":"2021","n_years":1,"survey":"常時監視","layer":"noise","source":"令和元〜5年度 自動車交通騒音 常時監視・要請限度測定地点（東京都環境局）","x":-2795.05,"y":-34145.23}},{"type":"Feature","geometry":{"type":"Point","coordinates":[139.822692,35.734202]},"properties":{"name":"墨田区墨田4丁目29","laeq_db":57.0,"years":"2021","n_years":1,"survey":"常時監視","layer":"noise","source":"令和元〜5年度 自動車交通騒音 常時監視・要請限度測定地点（東京都環境局）","x":-962.57,"y":-29489.02}},{"type":"Feature","geometry":{"type":"Point","coordinates":[139.801473,35.688521]},"properties":{"name":"墨田区菊川1丁目7","laeq_db":69.0,"years":"2021","n_years":1,"survey":"常時監視","layer":"noise","source":"令和元〜5年度 自動車交通騒音 常時監視・要請限度測定地点（東京都環境局）","x":-2883.61,"y":-34556.58}},{"type":"Feature","geometry":{"type":"Point","coordinates":[139.83309,35.724026]},"properties":{"name":"墨田区東墨田2丁目25","laeq_db":62.0,"years":"2021","n_years":1,"survey":"常時監視","layer":"noise","source":"令和元〜5年度 自動車交通騒音 常時監視・要請限度測定地点（東京都環境局）","x":-22.01,"y":-30618.03}},{"type":"Feature","geometry":{"type":"Point","coordinates":[139.831855,35.689953]},"properties":{"name":"江東区大島3丁目32","laeq_db":72.0,"years":"2021","n_years":1,"survey":"常時監視","layer":"noise","source":"令和元〜5年度 自動車交通騒音 常時監視・要請限度測定地点（東京都環境局）","x":-133.8,"y":-34398.17}},{"type":"Feature","geometry":{"type":"Point","coordinates":[139.826819,35.673189]},"properties":{"name":"江東区南砂3丁目4","laeq_db":69.0,"years":"2021","n_years":1,"survey":"常時監視","layer":"noise","source":"令和元〜5年度 自動車交通騒音 常時監視・要請限度測定地点（東京都環境局）","x":-589.71,"y":-36257.99}},{"type":"Feature","geometry":{"type":"Point","coordinates":[139.792741,35.660733]},"properties":{"name":"江東区豊洲1丁目2","laeq_db":65.0,"years":"2021","n_years":1,"survey":"常時監視","layer":"noise","source":"令和元〜5年度 自動車交通騒音 常時監視・要請限度測定地点（東京都環境局）","x":-3675.2,"y":-37639.14}},{"type":"Feature","geometry":{"type":"Point","coordinates":[139.788461,35.670853]},"properties":{"name":"江東区越中島1丁目3","laeq_db":65.0,"years":"2021","n_years":1,"survey":"常時監視","layer":"noise","source":"令和元〜5年度 自動車交通騒音 常時監視・要請限度測定地点（東京都環境局）","x":-4062.19,"y":-36516.24}},{"type":"Feature","geometry":{"type":"Point","coordinates":[139.745616,35.621171]},"properties":{"name":"品川区東品川1丁目19","laeq_db":67.0,"years":"2021","n_years":1,"survey":"常時監視","layer":"noise","source":"令和元〜5年度 自動車交通騒音 常時監視・要請限度測定地点（東京都環境局）","x":-7945.78,"y":-42025.41}},{"type":"Feature","geometry":{"type":"Point","coordinates":[139.746672,35.611818]},"properties":{"name":"品川区東品川3丁目27","laeq_db":67.0,"years":"2021","n_years":1,"survey":"常時監視","layer":"noise","source":"令和元〜5年度 自動車交通騒音 常時監視・要請限度測定地点（東京都環境局）","x":-7851.03,"y":-43063.13}},{"type":"Feature","geometry":{"type":"Point","coordinates":[139.684953,35.65062]},"properties":{"name":"目黒区東山3丁目2","laeq_db":73.0,"years":"2021・2024","n_years":2,"survey":"常時監視","layer":"noise","source":"令和元〜5年度 自動車交通騒音 常時監視・要請限度測定地点（東京都環境局） / 自動車騒音の常時監視結果（環境GIS＋・国立環境研究所）","x":-13435.94,"y":-38751.71}},{"type":"Feature","geometry":{"type":"Point","coordinates":[139.672678,35.617101]},"properties":{"name":"目黒区八雲1丁目12","laeq_db":72.0,"years":"2021","n_years":1,"survey":"常時監視","layer":"noise","source":"令和元〜5年度 自動車交通騒音 常時監視・要請限度測定地点（東京都環境局）","x":-14553.53,"y":-42468.6}},{"type":"Feature","geometry":{"type":"Point","coordinates":[139.685178,35.631635]},"properties":{"name":"目黒区五本木3丁目18","laeq_db":69.5,"years":"2021・2024","n_years":2,"survey":"常時監視","layer":"noise","source":"令和元〜5年度 自動車交通騒音 常時監視・要請限度測定地点（東京都環境局） / 自動車騒音の常時監視結果（環境GIS＋・国立環境研究所）","x":-13418.74,"y":-40857.96}},{"type":"Feature","geometry":{"type":"Point","coordinates":[139.685902,35.634673]},"properties":{"name":"目黒区五本木2丁目37","laeq_db":62.0,"years":"2021","n_years":1,"survey":"常時監視","layer":"noise","source":"令和元〜5年度 自動車交通騒音 常時監視・要請限度測定地点（東京都環境局）","x":-13352.66,"y":-40521.02}},{"type":"Feature","geometry":{"type":"Point","coordinates":[139.694881,35.646936]},"properties":{"name":"目黒区東山1丁目4","laeq_db":70.0,"years":"2021","n_years":1,"survey":"常時監視","layer":"noise","source":"令和元〜5年度 自動車交通騒音 常時監視・要請限度測定地点（東京都環境局）","x":-12537.53,"y":-39161.73}},{"type":"Feature","geometry":{"type":"Point","coordinates":[139.7379,35.562077]},"properties":{"name":"大田区大森南1丁目20","laeq_db":71.8,"years":"2021・2022・2023・2024","n_years":4,"survey":"常時監視・要請限度","layer":"noise","source":"令和元〜5年度 自動車交通騒音 常時監視・要請限度測定地点（東京都環境局） / 自動車騒音の常時監視結果（環境GIS＋・国立環境研究所）","x":-8651.08,"y":-48580.67}},{"type":"Feature","geometry":{"type":"Point","coordinates":[139.728331,35.578014]},"properties":{"name":"大田区大森西2丁目2","laeq_db":69.2,"years":"2021・2022・2023","n_years":3,"survey":"常時監視・要請限度","layer":"noise","source":"令和元〜5年度 自動車交通騒音 常時監視・要請限度測定地点（東京都環境局）","x":-9516.63,"y":-46811.74}},{"type":"Feature","geometry":{"type":"Point","coordinates":[139.707088,35.55975]},"properties":{"name":"大田区新蒲田2丁目3","laeq_db":64.0,"years":"2021","n_years":1,"survey":"常時監視","layer":"noise","source":"令和元〜5年度 自動車交通騒音 常時監視・要請限度測定地点（東京都環境局）","x":-11444.53,"y":-48835.69}},{"type":"Feature","geometry":{"type":"Point","coordinates":[139.702188,35.600416]},"properties":{"name":"大田区北馬込1丁目4","laeq_db":70.0,"years":"2021","n_years":1,"survey":"常時監視","layer":"noise","source":"令和元〜5年度 自動車交通騒音 常時監視・要請限度測定地点（東京都環境局）","x":-11882.72,"y":-44323.61}},{"type":"Feature","geometry":{"type":"Point","coordinates":[139.748039,35.55671]},"properties":{"name":"大田区東糀谷6丁目8","laeq_db":59.0,"years":"2021","n_years":1,"survey":"常時監視","layer":"noise","source":"令和元〜5年度 自動車交通騒音 常時監視・要請限度測定地点（東京都環境局）","x":-7732.49,"y":-49176.93}},{"type":"Feature","geometry":{"type":"Point","coordinates":[139.686629,35.568806]},"properties":{"name":"大田区下丸子1丁目6","laeq_db":61.0,"years":"2021","n_years":1,"survey":"常時監視","layer":"noise","source":"令和元〜5年度 自動車交通騒音 常時監視・要請限度測定地点（東京都環境局）","x":-13297.71,"y":-47828.45}},{"type":"Feature","geometry":{"type":"Point","coordinates":[139.711327,35.564269]},"properties":{"name":"大田区西蒲田7丁目11","laeq_db":65.0,"years":"2021","n_years":1,"survey":"常時監視","layer":"noise","source":"令和元〜5年度 自動車交通騒音 常時監視・要請限度測定地点（東京都環境局）","x":-11059.63,"y":-48334.84}},{"type":"Feature","geometry":{"type":"Point","coordinates":[139.647615,35.597578]},"properties":{"name":"世田谷区玉堤2丁目1","laeq_db":66.0,"years":"2021","n_years":1,"survey":"常時監視","layer":"noise","source":"令和元〜5年度 自動車交通騒音 常時監視・要請限度測定地点（東京都環境局）","x":-16828.04,"y":-44630.5}},{"type":"Feature","geometry":{"type":"Point","coordinates":[139.661279,35.600572]},"properties":{"name":"世田谷区玉川田園調布1丁目19","laeq_db":73.0,"years":"2021","n_years":1,"survey":"常時監視","layer":"noise","source":"令和元〜5年度 自動車交通騒音 常時監視・要請限度測定地点（東京都環境局）","x":-15589.35,"y":-44300.6}},{"type":"Feature","geometry":{"type":"Point","coordinates":[139.656016,35.612522]},"properties":{"name":"世田谷区等々力6丁目13","laeq_db":68.0,"years":"2021","n_years":1,"survey":"常時監視","layer":"noise","source":"令和元〜5年度 自動車交通騒音 常時監視・要請限度測定地点（東京都環境局）","x":-16063.83,"y":-42974.01}},{"type":"Feature","geometry":{"type":"Point","coordinates":[139.671335,35.630294]},"properties":{"name":"世田谷区野沢4丁目1","laeq_db":67.0,"years":"2021","n_years":1,"survey":"常時監視","layer":"noise","source":"令和元〜5年度 自動車交通騒音 常時監視・要請限度測定地点（東京都環境局）","x":-14672.78,"y":-41004.76}},{"type":"Feature","geometry":{"type":"Point","coordinates":[139.638747,35.60945]},"properties":{"name":"世田谷区上野毛2丁目5","laeq_db":67.0,"years":"2021","n_years":1,"survey":"常時監視","layer":"noise","source":"令和元〜5年度 自動車交通騒音 常時監視・要請限度測定地点（東京都環境局）","x":-17628.97,"y":-43311.86}},{"type":"Feature","geometry":{"type":"Point","coordinates":[139.678134,35.627673]},"properties":{"name":"世田谷区下馬6丁目11","laeq_db":67.0,"years":"2021","n_years":1,"survey":"常時監視","layer":"noise","source":"令和元〜5年度 自動車交通騒音 常時監視・要請限度測定地点（東京都環境局）","x":-14057.42,"y":-41296.53}},{"type":"Feature","geometry":{"type":"Point","coordinates":[139.661195,35.631815]},"properties":{"name":"世田谷区駒沢1丁目3","laeq_db":64.0,"years":"2021","n_years":1,"survey":"常時監視","layer":"noise","source":"令和元〜5年度 自動車交通騒音 常時監視・要請限度測定地点（東京都環境局）","x":-15590.9,"y":-40834.46}},{"type":"Feature","geometry":{"type":"Point","coordinates":[139.680126,35.678017]},"properties":{"name":"渋谷区西原1-29-1","laeq_db":73.0,"years":"2021","n_years":1,"survey":"常時監視","layer":"noise","source":"令和元〜5年度 自動車交通騒音 常時監視・要請限度測定地点（東京都環境局）","x":-13868.29,"y":-35711.57}},{"type":"Feature","geometry":{"type":"Point","coordinates":[139.712684,35.671329]},"properties":{"name":"渋谷区神宮前3-37-1","laeq_db":66.0,"years":"2021","n_years":1,"survey":"常時監視","layer":"noise","source":"令和元〜5年度 自動車交通騒音 常時監視・要請限度測定地点（東京都環境局）","x":-10922.06,"y":-36457.65}},{"type":"Feature","geometry":{"type":"Point","coordinates":[139.696204,35.655617]},"properties":{"name":"渋谷区南平台町2-10","laeq_db":68.0,"years":"2021","n_years":1,"survey":"常時監視","layer":"noise","source":"令和元〜5年度 自動車交通騒音 常時監視・要請限度測定地点（東京都環境局）","x":-12416.38,"y":-38198.81}},{"type":"Feature","geometry":{"type":"Point","coordinates":[139.645262,35.724492]},"properties":{"name":"中野区鷺宮1丁目31","laeq_db":70.0,"years":"2021","n_years":1,"survey":"常時監視","layer":"noise","source":"令和元〜5年度 自動車交通騒音 常時監視・要請限度測定地点（東京都環境局）","x":-17014.3,"y":-30550.03}},{"type":"Feature","geometry":{"type":"Point","coordinates":[139.608995,35.678735]},"properties":{"name":"杉並区上高井戸2丁目13","laeq_db":61.0,"years":"2021","n_years":1,"survey":"常時監視","layer":"noise","source":"令和元〜5年度 自動車交通騒音 常時監視・要請限度測定地点（東京都環境局）","x":-20306.88,"y":-35619.54}},{"type":"Feature","geometry":{"type":"Point","coordinates":[139.617271,35.675555]},"properties":{"name":"杉並区上高井戸3丁目6","laeq_db":68.0,"years":"2021","n_years":1,"survey":"常時監視","layer":"noise","source":"令和元〜5年度 自動車交通騒音 常時監視・要請限度測定地点（東京都環境局）","x":-19558.52,"y":-35974.01}},{"type":"Feature","geometry":{"type":"Point","coordinates":[139.617566,35.676997]},"properties":{"name":"杉並区高井戸東2丁目1","laeq_db":67.0,"years":"2021","n_years":1,"survey":"常時監視","layer":"noise","source":"令和元〜5年度 自動車交通騒音 常時監視・要請限度測定地点（東京都環境局）","x":-19531.46,"y":-35814.09}},{"type":"Feature","geometry":{"type":"Point","coordinates":[139.609316,35.672245]},"properties":{"name":"杉並区上高井戸1丁目21","laeq_db":75.0,"years":"2021","n_years":1,"survey":"常時監視","layer":"noise","source":"令和元〜5年度 自動車交通騒音 常時監視・要請限度測定地点（東京都環境局）","x":-20279.46,"y":-36339.62}},{"type":"Feature","geometry":{"type":"Point","coordinates":[139.621711,35.684675]},"properties":{"name":"杉並区高井戸東3丁目16","laeq_db":67.0,"years":"2021","n_years":1,"survey":"常時監視","layer":"noise","source":"令和元〜5年度 自動車交通騒音 常時監視・要請限度測定地点（東京都環境局）","x":-19154.42,"y":-34963.09}},{"type":"Feature","geometry":{"type":"Point","coordinates":[139.6143,35.678648]},"properties":{"name":"杉並区高井戸西1丁目1","laeq_db":71.0,"years":"2021","n_years":1,"survey":"常時監視","layer":"noise","source":"令和元〜5年度 自動車交通騒音 常時監視・要請限度測定地点（東京都環境局）","x":-19826.7,"y":-35630.27}},{"type":"Feature","geometry":{"type":"Point","coordinates":[139.693987,35.724319]},"properties":{"name":"豊島区南長崎1丁目9","laeq_db":68.0,"years":"2021","n_years":1,"survey":"常時監視","layer":"noise","source":"令和元〜5年度 自動車交通騒音 常時監視・要請限度測定地点（東京都環境局）","x":-12606.3,"y":-30576.57}},{"type":"Feature","geometry":{"type":"Point","coordinates":[139.682574,35.735371]},"properties":{"name":"豊島区長崎6丁目34","laeq_db":64.0,"years":"2021","n_years":1,"survey":"常時監視","layer":"noise","source":"令和元〜5年度 自動車交通騒音 常時監視・要請限度測定地点（東京都環境局）","x":-13636.93,"y":-29348.91}},{"type":"Feature","geometry":{"type":"Point","coordinates":[139.720933,35.725052]},"properties":{"name":"豊島区東池袋5丁目8","laeq_db":71.0,"years":"2021","n_years":1,"survey":"常時監視","layer":"noise","source":"令和元〜5年度 自動車交通騒音 常時監視・要請限度測定地点（東京都環境局）","x":-10168.48,"y":-30498.38}},{"type":"Feature","geometry":{"type":"Point","coordinates":[139.746753,35.736862]},"properties":{"name":"豊島区駒込2丁目2","laeq_db":67.0,"years":"2021","n_years":1,"survey":"常時監視","layer":"noise","source":"令和元〜5年度 自動車交通騒音 常時監視・要請限度測定地点（東京都環境局）","x":-7831.47,"y":-29190.51}},{"type":"Feature","geometry":{"type":"Point","coordinates":[139.736964,35.75557]},"properties":{"name":"北区王子1丁目13","laeq_db":65.0,"years":"2021","n_years":1,"survey":"常時監視","layer":"noise","source":"令和元〜5年度 自動車交通騒音 常時監視・要請限度測定地点（東京都環境局）","x":-8714.88,"y":-27114.16}},{"type":"Feature","geometry":{"type":"Point","coordinates":[139.730454,35.745605]},"properties":{"name":"北区滝野川1丁目92","laeq_db":73.0,"years":"2021","n_years":1,"survey":"常時監視","layer":"noise","source":"令和元〜5年度 自動車交通騒音 常時監視・要請限度測定地点（東京都環境局）","x":-9304.75,"y":-28219.11}},{"type":"Feature","geometry":{"type":"Point","coordinates":[139.702734,35.790039]},"properties":{"name":"北区浮間1丁目8","laeq_db":66.0,"years":"2021","n_years":1,"survey":"常時監視","layer":"noise","source":"令和元〜5年度 自動車交通騒音 常時監視・要請限度測定地点（東京都環境局）","x":-11805.27,"y":-23286.46}},{"type":"Feature","geometry":{"type":"Point","coordinates":[139.758755,35.734403]},"properties":{"name":"北区田端2丁目6","laeq_db":66.0,"years":"2021","n_years":1,"survey":"常時監視","layer":"noise","source":"令和元〜5年度 自動車交通騒音 常時監視・要請限度測定地点（東京都環境局）","x":-6746.06,"y":-29464.21}},{"type":"Feature","geometry":{"type":"Point","coordinates":[139.751249,35.742369]},"properties":{"name":"北区中里3丁目15","laeq_db":61.0,"years":"2021","n_years":1,"survey":"常時監視","layer":"noise","source":"令和元〜5年度 自動車交通騒音 常時監視・要請限度測定地点（東京都環境局）","x":-7424.28,"y":-28579.9}},{"type":"Feature","geometry":{"type":"Point","coordinates":[139.774139,35.735611]},"properties":{"name":"荒川区西日暮里1丁目33","laeq_db":63.0,"years":"2021","n_years":1,"survey":"常時監視","layer":"noise","source":"令和元〜5年度 自動車交通騒音 常時監視・要請限度測定地点（東京都環境局）","x":-5354.4,"y":-29331.14}},{"type":"Feature","geometry":{"type":"Point","coordinates":[139.797607,35.734943]},"properties":{"name":"荒川区南千住7丁目7","laeq_db":62.0,"years":"2021","n_years":1,"survey":"常時監視","layer":"noise","source":"令和元〜5年度 自動車交通騒音 常時監視・要請限度測定地点（東京都環境局）","x":-3231.64,"y":-29406.28}},{"type":"Feature","geometry":{"type":"Point","coordinates":[139.692082,35.772863]},"properties":{"name":"板橋区前野町4丁目56","laeq_db":62.0,"years":"2021","n_years":1,"survey":"常時監視","layer":"noise","source":"令和元〜5年度 自動車交通騒音 常時監視・要請限度測定地点（東京都環境局）","x":-12770.89,"y":-25190.69}},{"type":"Feature","geometry":{"type":"Point","coordinates":[139.670744,35.77097]},"properties":{"name":"板橋区若木2丁目34","laeq_db":67.0,"years":"2021","n_years":1,"survey":"常時監視","layer":"noise","source":"令和元〜5年度 自動車交通騒音 常時監視・要請限度測定地点（東京都環境局）","x":-14700.46,"y":-25397.72}},{"type":"Feature","geometry":{"type":"Point","coordinates":[139.687169,35.77969]},"properties":{"name":"板橋区坂下1丁目5","laeq_db":66.0,"years":"2021","n_years":1,"survey":"常時監視","layer":"noise","source":"令和元〜5年度 自動車交通騒音 常時監視・要請限度測定地点（東京都環境局）","x":-13213.96,"y":-24432.63}},{"type":"Feature","geometry":{"type":"Point","coordinates":[139.706295,35.740262]},"properties":{"name":"板橋区中丸町3","laeq_db":69.0,"years":"2021","n_years":1,"survey":"常時監視","layer":"noise","source":"令和元〜5年度 自動車交通騒音 常時監視・要請限度測定地点（東京都環境局）","x":-11490.54,"y":-28809.32}},{"type":"Feature","geometry":{"type":"Point","coordinates":[139.708796,35.750129]},"properties":{"name":"板橋区板橋2丁目65","laeq_db":69.0,"years":"2021","n_years":1,"survey":"常時監視","layer":"noise","source":"令和元〜5年度 自動車交通騒音 常時監視・要請限度測定地点（東京都環境局）","x":-11262.94,"y":-27714.93}},{"type":"Feature","geometry":{"type":"Point","coordinates":[139.652329,35.767663]},"properties":{"name":"練馬区北町3丁目13","laeq_db":57.0,"years":"2021","n_years":1,"survey":"常時監視・要請限度","layer":"noise","source":"令和元〜5年度 自動車交通騒音 常時監視・要請限度測定地点（東京都環境局）","x":-16366.13,"y":-25761.69}},{"type":"Feature","geometry":{"type":"Point","coordinates":[139.638835,35.739181]},"properties":{"name":"練馬区貫井2丁目1","laeq_db":63.0,"years":"2021","n_years":1,"survey":"常時監視・要請限度","layer":"noise","source":"令和元〜5年度 自動車交通騒音 常時監視・要請限度測定地点（東京都環境局）","x":-17592.5,"y":-28919.25}},{"type":"Feature","geometry":{"type":"Point","coordinates":[139.610229,35.764255]},"properties":{"name":"練馬区大泉町1丁目2","laeq_db":65.0,"years":"2021","n_years":1,"survey":"常時監視・要請限度","layer":"noise","source":"令和元〜5年度 自動車交通騒音 常時監視・要請限度測定地点（東京都環境局）","x":-20173.61,"y":-26131.94}},{"type":"Feature","geometry":{"type":"Point","coordinates":[139.657325,35.73056]},"properties":{"name":"練馬区豊玉中2丁目27","laeq_db":72.0,"years":"2021","n_years":1,"survey":"常時監視・要請限度","layer":"noise","source":"令和元〜5年度 自動車交通騒音 常時監視・要請限度測定地点（東京都環境局）","x":-15921.78,"y":-29878.85}},{"type":"Feature","geometry":{"type":"Point","coordinates":[139.60187,35.729523]},"properties":{"name":"練馬区下石神井5丁目13","laeq_db":68.0,"years":"2021","n_years":1,"survey":"常時監視・要請限度","layer":"noise","source":"令和元〜5年度 自動車交通騒音 常時監視・要請限度測定地点（東京都環境局）","x":-20938.54,"y":-29983.48}},{"type":"Feature","geometry":{"type":"Point","coordinates":[139.64583,35.736126]},"properties":{"name":"練馬区中村北1丁目20","laeq_db":67.0,"years":"2021","n_years":1,"survey":"常時監視・要請限度","layer":"noise","source":"令和元〜5年度 自動車交通騒音 常時監視・要請限度測定地点（東京都環境局）","x":-16960.45,"y":-29259.41}},{"type":"Feature","geometry":{"type":"Point","coordinates":[139.593002,35.724593]},"properties":{"name":"練馬区上石神井1丁目9","laeq_db":62.0,"years":"2021","n_years":1,"survey":"常時監視・要請限度","layer":"noise","source":"令和元〜5年度 自動車交通騒音 常時監視・要請限度測定地点（東京都環境局）","x":-21742.1,"y":-30528.5}},{"type":"Feature","geometry":{"type":"Point","coordinates":[139.658058,35.753883]},"properties":{"name":"練馬区早宮1丁目44","laeq_db":62.0,"years":"2021","n_years":1,"survey":"常時監視・要請限度","layer":"noise","source":"令和元〜5年度 自動車交通騒音 常時監視・要請限度測定地点（東京都環境局）","x":-15850.85,"y":-27291.44}},{"type":"Feature","geometry":{"type":"Point","coordinates":[139.654031,35.730556]},"properties":{"name":"練馬区豊玉中3丁目18","laeq_db":60.0,"years":"2021","n_years":1,"survey":"常時監視・要請限度","layer":"noise","source":"令和元〜5年度 自動車交通騒音 常時監視・要請限度測定地点（東京都環境局）","x":-16219.76,"y":-29878.75}},{"type":"Feature","geometry":{"type":"Point","coordinates":[139.567697,35.736154]},"properties":{"name":"練馬区南大泉2丁目5","laeq_db":64.0,"years":"2021","n_years":1,"survey":"常時監視・要請限度","layer":"noise","source":"令和元〜5年度 自動車交通騒音 常時監視・要請限度測定地点（東京都環境局）","x":-24027.9,"y":-29239.98}},{"type":"Feature","geometry":{"type":"Point","coordinates":[139.761141,35.77015]},"properties":{"name":"足立区江北2丁目45","laeq_db":67.0,"years":"2021","n_years":1,"survey":"常時監視","layer":"noise","source":"令和元〜5年度 自動車交通騒音 常時監視・要請限度測定地点（東京都環境局）","x":-6527.31,"y":-25498.48}},{"type":"Feature","geometry":{"type":"Point","coordinates":[139.801727,35.806381]},"properties":{"name":"足立区保木間5丁目34","laeq_db":68.0,"years":"2021","n_years":1,"survey":"常時監視","layer":"noise","source":"令和元〜5年度 自動車交通騒音 常時監視・要請限度測定地点（東京都環境局）","x":-2856.41,"y":-21480.81}},{"type":"Feature","geometry":{"type":"Point","coordinates":[139.770245,35.784135]},"properties":{"name":"足立区谷在家1丁目5","laeq_db":69.0,"years":"2021","n_years":1,"survey":"常時監視","layer":"noise","source":"令和元〜5年度 自動車交通騒音 常時監視・要請限度測定地点（東京都環境局）","x":-5703.17,"y":-23947.5}},{"type":"Feature","geometry":{"type":"Point","coordinates":[139.757013,35.762477]},"properties":{"name":"足立区宮城2丁目8","laeq_db":62.0,"years":"2021","n_years":1,"survey":"常時監視","layer":"noise","source":"令和元〜5年度 自動車交通騒音 常時監視・要請限度測定地点（東京都環境局）","x":-6901.21,"y":-26349.47}},{"type":"Feature","geometry":{"type":"Point","coordinates":[139.798258,35.796919]},"properties":{"name":"足立区西保木間1丁目21","laeq_db":65.0,"years":"2021","n_years":1,"survey":"常時監視","layer":"noise","source":"令和元〜5年度 自動車交通騒音 常時監視・要請限度測定地点（東京都環境局）","x":-3170.29,"y":-22530.46}},{"type":"Feature","geometry":{"type":"Point","coordinates":[139.75227,35.785341]},"properties":{"name":"足立区鹿浜5丁目15","laeq_db":68.0,"years":"2021","n_years":1,"survey":"常時監視","layer":"noise","source":"令和元〜5年度 自動車交通騒音 常時監視・要請限度測定地点（東京都環境局）","x":-7327.99,"y":-23812.51}},{"type":"Feature","geometry":{"type":"Point","coordinates":[139.786377,35.785719]},"properties":{"name":"足立区栗原4丁目17","laeq_db":67.0,"years":"2021","n_years":1,"survey":"常時監視","layer":"noise","source":"令和元〜5年度 自動車交通騒音 常時監視・要請限度測定地点（東京都環境局）","x":-4244.76,"y":-23772.59}},{"type":"Feature","geometry":{"type":"Point","coordinates":[139.849228,35.751745]},"properties":{"name":"葛飾区白鳥4丁目5","laeq_db":70.0,"years":"2021","n_years":1,"survey":"常時監視","layer":"noise","source":"令和元〜5年度 自動車交通騒音 常時監視・要請限度測定地点（東京都環境局）","x":1437.46,"y":-27542.68}},{"type":"Feature","geometry":{"type":"Point","coordinates":[139.884461,35.778566]},"properties":{"name":"葛飾区東金町7丁目31","laeq_db":63.0,"years":"2021","n_years":1,"survey":"常時監視","layer":"noise","source":"令和元〜5年度 自動車交通騒音 常時監視・要請限度測定地点（東京都環境局）","x":4622.25,"y":-24565.98}},{"type":"Feature","geometry":{"type":"Point","coordinates":[139.838726,35.737311]},"properties":{"name":"葛飾区四つ木2丁目21","laeq_db":68.0,"years":"2021","n_years":1,"survey":"常時監視","layer":"noise","source":"令和元〜5年度 自動車交通騒音 常時監視・要請限度測定地点（東京都環境局）","x":487.78,"y":-29144.14}},{"type":"Feature","geometry":{"type":"Point","coordinates":[139.865416,35.782382]},"properties":{"name":"葛飾区水元3丁目20","laeq_db":60.7,"years":"2021","n_years":1,"survey":"常時監視・要請限度","layer":"noise","source":"令和元〜5年度 自動車交通騒音 常時監視・要請限度測定地点（東京都環境局）","x":2900.33,"y":-24143.35}},{"type":"Feature","geometry":{"type":"Point","coordinates":[139.85227,35.762711]},"properties":{"name":"葛飾区亀有2丁目68","laeq_db":73.0,"years":"2021","n_years":1,"survey":"常時監視","layer":"noise","source":"令和元〜5年度 自動車交通騒音 常時監視・要請限度測定地点（東京都環境局）","x":1712.33,"y":-26326.03}},{"type":"Feature","geometry":{"type":"Point","coordinates":[139.883043,35.753837]},"properties":{"name":"葛飾区柴又5丁目35","laeq_db":71.0,"years":"2021","n_years":1,"survey":"常時監視","layer":"noise","source":"令和元〜5年度 自動車交通騒音 常時監視・要請限度測定地点（東京都環境局）","x":4495.45,"y":-27309.57}},{"type":"Feature","geometry":{"type":"Point","coordinates":[139.857193,35.762143]},"properties":{"name":"葛飾区新宿2丁目12","laeq_db":66.0,"years":"2021","n_years":1,"survey":"常時監視","layer":"noise","source":"令和元〜5年度 自動車交通騒音 常時監視・要請限度測定地点（東京都環境局）","x":2157.5,"y":-26388.95}},{"type":"Feature","geometry":{"type":"Point","coordinates":[139.851201,35.69754]},"properties":{"name":"江戸川区小松川2丁目12","laeq_db":64.0,"years":"2021","n_years":1,"survey":"常時監視・要請限度","layer":"noise","source":"令和元〜5年度 自動車交通騒音 常時監視・要請限度測定地点（東京都環境局）","x":1616.98,"y":-33556.31}},{"type":"Feature","geometry":{"type":"Point","coordinates":[139.849146,35.698327]},"properties":{"name":"江戸川区小松川3丁目8","laeq_db":66.0,"years":"2021","n_years":1,"survey":"常時監視・要請限度","layer":"noise","source":"令和元〜5年度 自動車交通騒音 常時監視・要請限度測定地点（東京都環境局）","x":1431.0,"y":-33469.03}},{"type":"Feature","geometry":{"type":"Point","coordinates":[139.873044,35.702694]},"properties":{"name":"江戸川区松江2丁目16","laeq_db":72.0,"years":"2021","n_years":1,"survey":"常時監視・要請限度","layer":"noise","source":"令和元〜5年度 自動車交通騒音 常時監視・要請限度測定地点（東京都環境局）","x":3593.49,"y":-32983.93}},{"type":"Feature","geometry":{"type":"Point","coordinates":[139.894675,35.701463]},"properties":{"name":"江戸川区瑞江1丁目19","laeq_db":70.0,"years":"2021","n_years":1,"survey":"常時監視・要請限度","layer":"noise","source":"令和元〜5年度 自動車交通騒音 常時監視・要請限度測定地点（東京都環境局）","x":5551.01,"y":-33119.5}},{"type":"Feature","geometry":{"type":"Point","coordinates":[139.902722,35.703702]},"properties":{"name":"江戸川区篠崎町7丁目13","laeq_db":72.0,"years":"2021","n_years":1,"survey":"常時監視・要請限度","layer":"noise","source":"令和元〜5年度 自動車交通騒音 常時監視・要請限度測定地点（東京都環境局）","x":6279.03,"y":-32870.61}},{"type":"Feature","geometry":{"type":"Point","coordinates":[139.910878,35.705824]},"properties":{"name":"江戸川区篠崎町3丁目9","laeq_db":69.0,"years":"2021","n_years":1,"survey":"常時監視・要請限度","layer":"noise","source":"令和元〜5年度 自動車交通騒音 常時監視・要請限度測定地点（東京都環境局）","x":7016.89,"y":-32634.64}},{"type":"Feature","geometry":{"type":"Point","coordinates":[139.881947,35.722699]},"properties":{"name":"江戸川区南小岩4丁目9","laeq_db":68.0,"years":"2021","n_years":1,"survey":"常時監視・要請限度","layer":"noise","source":"令和元〜5年度 自動車交通騒音 常時監視・要請限度測定地点（東京都環境局）","x":4398.04,"y":-30764.16}},{"type":"Feature","geometry":{"type":"Point","coordinates":[139.882119,35.656814]},"properties":{"name":"江戸川区東葛西9丁目5","laeq_db":64.0,"years":"2021","n_years":1,"survey":"常時監視・要請限度","layer":"noise","source":"令和元〜5年度 自動車交通騒音 常時監視・要請限度測定地点（東京都環境局）","x":4417.23,"y":-38073.58}},{"type":"Feature","geometry":{"type":"Point","coordinates":[139.869674,35.69961]},"properties":{"name":"江戸川区松江1丁目13","laeq_db":67.0,"years":"2021","n_years":1,"survey":"常時監視・要請限度","layer":"noise","source":"令和元〜5年度 自動車交通騒音 常時監視・要請限度測定地点（東京都環境局）","x":3288.66,"y":-33326.2}},{"type":"Feature","geometry":{"type":"Point","coordinates":[139.888207,35.697545]},"properties":{"name":"江戸川区春江町2丁目20","laeq_db":65.0,"years":"2021","n_years":1,"survey":"常時監視・要請限度","layer":"noise","source":"令和元〜5年度 自動車交通騒音 常時監視・要請限度測定地点（東京都環境局）","x":4965.94,"y":-33554.51}},{"type":"Feature","geometry":{"type":"Point","coordinates":[139.580772,35.710496]},"properties":{"name":"武蔵野市吉祥寺北町1-5","laeq_db":64.0,"years":"2021","n_years":1,"survey":"常時監視","layer":"noise","source":"令和元〜5年度 自動車交通騒音 常時監視・要請限度測定地点（東京都環境局）","x":-22852.54,"y":-32089.69}},{"type":"Feature","geometry":{"type":"Point","coordinates":[139.565148,35.668379]},"properties":{"name":"三鷹市中原4丁目35","laeq_db":62.0,"years":"2021","n_years":1,"survey":"常時監視","layer":"noise","source":"令和元〜5年度 自動車交通騒音 常時監視・要請限度測定地点（東京都環境局）","x":-24279.01,"y":-36758.5}},{"type":"Feature","geometry":{"type":"Point","coordinates":[139.550571,35.687616]},"properties":{"name":"三鷹市上連雀9丁目41","laeq_db":60.0,"years":"2021","n_years":1,"survey":"常時監視","layer":"noise","source":"令和元〜5年度 自動車交通騒音 常時監視・要請限度測定地点（東京都環境局）","x":-25592.54,"y":-34620.61}},{"type":"Feature","geometry":{"type":"Point","coordinates":[139.548336,35.694319]},"properties":{"name":"三鷹市井口1丁目14","laeq_db":61.0,"years":"2021","n_years":1,"survey":"常時監視","layer":"noise","source":"令和元〜5年度 自動車交通騒音 常時監視・要請限度測定地点（東京都環境局）","x":-25792.67,"y":-33876.37}},{"type":"Feature","geometry":{"type":"Point","coordinates":[139.550308,35.705715]},"properties":{"name":"三鷹市上連雀1丁目19","laeq_db":57.0,"years":"2021","n_years":1,"survey":"常時監視","layer":"noise","source":"令和元〜5年度 自動車交通騒音 常時監視・要請限度測定地点（東京都環境局）","x":-25610.55,"y":-32612.59}},{"type":"Feature","geometry":{"type":"Point","coordinates":[139.562051,35.677555]},"properties":{"name":"調布市深大寺東町7-42-27","laeq_db":66.0,"years":"2021","n_years":1,"survey":"常時監視","layer":"noise","source":"令和元〜5年度 自動車交通騒音 常時監視・要請限度測定地点（東京都環境局）","x":-24556.57,"y":-35739.73}},{"type":"Feature","geometry":{"type":"Point","coordinates":[139.557006,35.680975]},"properties":{"name":"調布市深大寺東町8-24-2","laeq_db":65.0,"years":"2021","n_years":1,"survey":"常時監視","layer":"noise","source":"令和元〜5年度 自動車交通騒音 常時監視・要請限度測定地点（東京都環境局）","x":-25012.18,"y":-35359.03}},{"type":"Feature","geometry":{"type":"Point","coordinates":[139.54679,35.681291]},"properties":{"name":"調布市深大寺北町6-56-20","laeq_db":68.0,"years":"2021","n_years":1,"survey":"常時監視","layer":"noise","source":"令和元〜5年度 自動車交通騒音 常時監視・要請限度測定地点（東京都環境局）","x":-25936.8,"y":-35321.33}},{"type":"Feature","geometry":{"type":"Point","coordinates":[139.577489,35.629684]},"properties":{"name":"狛江市東和泉1丁目33","laeq_db":69.0,"years":"2021","n_years":1,"survey":"常時監視","layer":"noise","source":"令和元〜5年度 自動車交通騒音 常時監視・要請限度測定地点（東京都環境局）","x":-23172.94,"y":-41054.38}},{"type":"Feature","geometry":{"type":"Point","coordinates":[139.563628,35.722448]},"properties":{"name":"西東京市東伏見4丁目8","laeq_db":65.0,"years":"2021","n_years":1,"survey":"常時監視","layer":"noise","source":"令和元〜5年度 自動車交通騒音 常時監視・要請限度測定地点（東京都環境局）","x":-24400.14,"y":-30759.57}},{"type":"Feature","geometry":{"type":"Point","coordinates":[139.558335,35.722965]},"properties":{"name":"西東京市東伏見5丁目8","laeq_db":65.0,"years":"2021","n_years":1,"survey":"常時監視","layer":"noise","source":"令和元〜5年度 自動車交通騒音 常時監視・要請限度測定地点（東京都環境局）","x":-24878.84,"y":-30700.88}},{"type":"Feature","geometry":{"type":"Point","coordinates":[139.567081,35.734133]},"properties":{"name":"西東京市富士町2丁目9","laeq_db":64.0,"years":"2021","n_years":1,"survey":"常時監視","layer":"noise","source":"令和元〜5年度 自動車交通騒音 常時監視・要請限度測定地点（東京都環境局）","x":-24084.23,"y":-29464.05}},{"type":"Feature","geometry":{"type":"Point","coordinates":[139.563025,35.759908]},"properties":{"name":"西東京市北町4丁目6","laeq_db":68.0,"years":"2021","n_years":1,"survey":"常時監視","layer":"noise","source":"令和元〜5年度 自動車交通騒音 常時監視・要請限度測定地点（東京都環境局）","x":-24443.24,"y":-26603.48}},{"type":"Feature","geometry":{"type":"Point","coordinates":[139.563356,35.740085]},"properties":{"name":"西東京市中町3丁目7","laeq_db":65.0,"years":"2021","n_years":1,"survey":"常時監視","layer":"noise","source":"令和元〜5年度 自動車交通騒音 常時監視・要請限度測定地点（東京都環境局）","x":-24419.36,"y":-28802.79}},{"type":"Feature","geometry":{"type":"Point","coordinates":[139.557425,35.742809]},"properties":{"name":"西東京市泉町5丁目10","laeq_db":61.0,"years":"2021","n_years":1,"survey":"常時監視","layer":"noise","source":"令和元〜5年度 自動車交通騒音 常時監視・要請限度測定地点（東京都環境局）","x":-24954.97,"y":-28499.09}},{"type":"Feature","geometry":{"type":"Point","coordinates":[139.767715,35.689089]},"properties":{"name":"千代田区内神田2-1-8","laeq_db":67.0,"years":"2021・2023","n_years":2,"survey":"要請限度","layer":"noise","source":"令和元〜5年度 自動車交通騒音 常時監視・要請限度測定地点（東京都環境局）","x":-5938.93,"y":-34492.05}},{"type":"Feature","geometry":{"type":"Point","coordinates":[139.717726,35.708764]},"properties":{"name":"新宿区西早稲田1-3-9","laeq_db":64.0,"years":"2021","n_years":1,"survey":"要請限度","layer":"noise","source":"令和元〜5年度 自動車交通騒音 常時監視・要請限度測定地点（東京都環境局）","x":-10460.73,"y":-32305.08}},{"type":"Feature","geometry":{"type":"Point","coordinates":[139.716862,35.694948]},"properties":{"name":"新宿区余丁町1-12","laeq_db":63.0,"years":"2021","n_years":1,"survey":"要請限度","layer":"noise","source":"令和元〜5年度 自動車交通騒音 常時監視・要請限度測定地点（東京都環境局）","x":-10540.73,"y":-33837.77}},{"type":"Feature","geometry":{"type":"Point","coordinates":[139.715689,35.635328]},"properties":{"name":"品川区上大崎2-11","laeq_db":69.0,"years":"2021","n_years":1,"survey":"要請限度","layer":"noise","source":"令和元〜5年度 自動車交通騒音 常時監視・要請限度測定地点（東京都環境局）","x":-10654.8,"y":-40451.99}},{"type":"Feature","geometry":{"type":"Point","coordinates":[139.734018,35.623814]},"properties":{"name":"品川区北品川6-7","laeq_db":66.0,"years":"2021","n_years":1,"survey":"要請限度","layer":"noise","source":"令和元〜5年度 自動車交通騒音 常時監視・要請限度測定地点（東京都環境局）","x":-8996.07,"y":-41731.2}},{"type":"Feature","geometry":{"type":"Point","coordinates":[139.742175,35.608016]},"properties":{"name":"品川区南品川5-16","laeq_db":65.5,"years":"2021・2024","n_years":2,"survey":"常時監視・要請限度","layer":"noise","source":"令和元〜5年度 自動車交通騒音 常時監視・要請限度測定地点（東京都環境局） / 自動車騒音の常時監視結果（環境GIS＋・国立環境研究所）","x":-8258.83,"y":-43484.56}},{"type":"Feature","geometry":{"type":"Point","coordinates":[139.738945,35.596341]},"properties":{"name":"品川区南大井1-9","laeq_db":66.0,"years":"2021・2022","n_years":2,"survey":"要請限度","layer":"noise","source":"令和元〜5年度 自動車交通騒音 常時監視・要請限度測定地点（東京都環境局）","x":-8552.7,"y":-44779.51}},{"type":"Feature","geometry":{"type":"Point","coordinates":[139.750736,35.614882]},"properties":{"name":"品川区東品川3-32-27","laeq_db":68.0,"years":"2021・2022・2023・2024","n_years":4,"survey":"常時監視・要請限度","layer":"noise","source":"令和元〜5年度 自動車交通騒音 常時監視・要請限度測定地点（東京都環境局） / 自動車騒音の常時監視結果（環境GIS＋・国立環境研究所）","x":-7482.57,"y":-42723.52}},{"type":"Feature","geometry":{"type":"Point","coordinates":[139.690048,35.656606]},"properties":{"name":"目黒区駒場1-1","laeq_db":62.0,"years":"2021","n_years":1,"survey":"要請限度","layer":"noise","source":"令和元〜5年度 自動車交通騒音 常時監視・要請限度測定地点（東京都環境局）","x":-12973.62,"y":-38088.3}},{"type":"Feature","geometry":{"type":"Point","coordinates":[139.667803,35.621275]},"properties":{"name":"目黒区八雲5-14","laeq_db":64.0,"years":"2021","n_years":1,"survey":"要請限度","layer":"noise","source":"令和元〜5年度 自動車交通騒音 常時監視・要請限度測定地点（東京都環境局）","x":-14994.37,"y":-42004.8}},{"type":"Feature","geometry":{"type":"Point","coordinates":[139.673255,35.586536]},"properties":{"name":"大田区田園調布本町41","laeq_db":71.0,"years":"2021・2022","n_years":2,"survey":"常時監視・要請限度","layer":"noise","source":"令和元〜5年度 自動車交通騒音 常時監視・要請限度測定地点（東京都環境局）","x":-14506.77,"y":-45859.59}},{"type":"Feature","geometry":{"type":"Point","coordinates":[139.650812,35.610372]},"properties":{"name":"世田谷区等々力3-27-7","laeq_db":72.0,"years":"2021・2022・2023","n_years":3,"survey":"要請限度","layer":"noise","source":"令和元〜5年度 自動車交通騒音 常時監視・要請限度測定地点（東京都環境局）","x":-16535.72,"y":-43211.67}},{"type":"Feature","geometry":{"type":"Point","coordinates":[139.625094,35.690437]},"properties":{"name":"杉並区成田西2-13","laeq_db":64.3,"years":"2021・2022・2023","n_years":3,"survey":"要請限度","layer":"noise","source":"令和元〜5年度 自動車交通騒音 常時監視・要請限度測定地点（東京都環境局）","x":-18846.86,"y":-34324.5}},{"type":"Feature","geometry":{"type":"Point","coordinates":[139.886837,35.77994]},"properties":{"name":"葛飾区東金町8-16-7","laeq_db":59.3,"years":"2021","n_years":1,"survey":"要請限度","layer":"noise","source":"令和元〜5年度 自動車交通騒音 常時監視・要請限度測定地点（東京都環境局）","x":4836.97,"y":-24413.43}},{"type":"Feature","geometry":{"type":"Point","coordinates":[139.841137,35.725762]},"properties":{"name":"葛飾区東四つ木1-3-1","laeq_db":63.7,"years":"2021","n_years":1,"survey":"要請限度","layer":"noise","source":"令和元〜5年度 自動車交通騒音 常時監視・要請限度測定地点（東京都環境局）","x":705.96,"y":-30425.41}},{"type":"Feature","geometry":{"type":"Point","coordinates":[139.877028,35.752903]},"properties":{"name":"葛飾区柴又4-30-1","laeq_db":63.8,"years":"2021","n_years":1,"survey":"要請限度","layer":"noise","source":"令和元〜5年度 自動車交通騒音 常時監視・要請限度測定地点（東京都環境局）","x":3951.53,"y":-27413.45}},{"type":"Feature","geometry":{"type":"Point","coordinates":[139.752786,35.694384]},"properties":{"name":"千代田区九段南1丁目3","laeq_db":65.0,"years":"2022","n_years":1,"survey":"常時監視","layer":"noise","source":"令和元〜5年度 自動車交通騒音 常時監視・要請限度測定地点（東京都環境局）","x":-7289.63,"y":-33903.6}},{"type":"Feature","geometry":{"type":"Point","coordinates":[139.756001,35.699376]},"properties":{"name":"千代田区西神田2丁目8","laeq_db":66.0,"years":"2022","n_years":1,"survey":"常時監視","layer":"noise","source":"令和元〜5年度 自動車交通騒音 常時監視・要請限度測定地点（東京都環境局）","x":-6998.24,"y":-33350.01}},{"type":"Feature","geometry":{"type":"Point","coordinates":[139.767683,35.699582]},"properties":{"name":"千代田区外神田2丁目2","laeq_db":69.0,"years":"2022","n_years":1,"survey":"常時監視","layer":"noise","source":"令和元〜5年度 自動車交通騒音 常時監視・要請限度測定地点（東京都環境局）","x":-5941.05,"y":-33327.93}},{"type":"Feature","geometry":{"type":"Point","coordinates":[139.778281,35.693435]},"properties":{"name":"千代田区岩本町2丁目18","laeq_db":62.0,"years":"2022","n_years":1,"survey":"常時監視","layer":"noise","source":"令和元〜5年度 自動車交通騒音 常時監視・要請限度測定地点（東京都環境局）","x":-4982.36,"y":-34010.48}},{"type":"Feature","geometry":{"type":"Point","coordinates":[139.772921,35.682432]},"properties":{"name":"中央区日本橋2-1","laeq_db":69.0,"years":"2022","n_years":1,"survey":"常時監視","layer":"noise","source":"令和元〜5年度 自動車交通騒音 常時監視・要請限度測定地点（東京都環境局）","x":-5468.21,"y":-35230.89}},{"type":"Feature","geometry":{"type":"Point","coordinates":[139.774473,35.689817]},"properties":{"name":"中央区日本橋本町4-7","laeq_db":73.0,"years":"2022","n_years":1,"survey":"常時監視","layer":"noise","source":"令和元〜5年度 自動車交通騒音 常時監視・要請限度測定地点（東京都環境局）","x":-5327.24,"y":-34411.67}},{"type":"Feature","geometry":{"type":"Point","coordinates":[139.772227,35.682063]},"properties":{"name":"中央区日本橋2-2","laeq_db":65.0,"years":"2022","n_years":1,"survey":"常時監視","layer":"noise","source":"令和元〜5年度 自動車交通騒音 常時監視・要請限度測定地点（東京都環境局）","x":-5531.05,"y":-35271.79}},{"type":"Feature","geometry":{"type":"Point","coordinates":[139.778445,35.677972]},"properties":{"name":"中央区日本橋茅場町3-6","laeq_db":67.0,"years":"2022","n_years":1,"survey":"常時監視","layer":"noise","source":"令和元〜5年度 自動車交通騒音 常時監視・要請限度測定地点（東京都環境局）","x":-4968.48,"y":-35725.98}},{"type":"Feature","geometry":{"type":"Point","coordinates":[139.78954,35.686446]},"properties":{"name":"中央区日本橋浜町2-51","laeq_db":68.0,"years":"2022","n_years":1,"survey":"常時監視","layer":"noise","source":"令和元〜5年度 自動車交通騒音 常時監視・要請限度測定地点（東京都環境局）","x":-3963.74,"y":-34786.37}},{"type":"Feature","geometry":{"type":"Point","coordinates":[139.775994,35.685781]},"properties":{"name":"中央区日本橋本町1-3","laeq_db":73.0,"years":"2022","n_years":1,"survey":"常時監視","layer":"noise","source":"令和元〜5年度 自動車交通騒音 常時監視・要請限度測定地点（東京都環境局）","x":-5189.84,"y":-34859.51}},{"type":"Feature","geometry":{"type":"Point","coordinates":[139.764053,35.667623]},"properties":{"name":"中央区銀座7-13","laeq_db":71.0,"years":"2022","n_years":1,"survey":"常時監視","layer":"noise","source":"令和元〜5年度 自動車交通騒音 常時監視・要請限度測定地点（東京都環境局）","x":-6272.05,"y":-36873.3}},{"type":"Feature","geometry":{"type":"Point","coordinates":[139.789416,35.684659]},"properties":{"name":"中央区日本橋浜町3-20","laeq_db":69.0,"years":"2022","n_years":1,"survey":"常時監視","layer":"noise","source":"令和元〜5年度 自動車交通騒音 常時監視・要請限度測定地点（東京都環境局）","x":-3975.06,"y":-34984.61}},{"type":"Feature","geometry":{"type":"Point","coordinates":[139.729796,35.647424]},"properties":{"name":"港区南麻布3丁目19","laeq_db":66.5,"years":"2022・2024","n_years":2,"survey":"常時監視","layer":"noise","source":"令和元〜5年度 自動車交通騒音 常時監視・要請限度測定地点（東京都環境局） / 自動車騒音の常時監視結果（環境GIS＋・国立環境研究所）","x":-9375.75,"y":-39111.48}},{"type":"Feature","geometry":{"type":"Point","coordinates":[139.752721,35.66856]},"properties":{"name":"港区西新橋1丁目10","laeq_db":68.0,"years":"2022","n_years":1,"survey":"常時監視","layer":"noise","source":"令和元〜5年度 自動車交通騒音 常時監視・要請限度測定地点（東京都環境局）","x":-7297.87,"y":-36768.56}},{"type":"Feature","geometry":{"type":"Point","coordinates":[139.739359,35.67297]},"properties":{"name":"港区赤坂2丁目5","laeq_db":66.0,"years":"2022","n_years":1,"survey":"常時監視","layer":"noise","source":"令和元〜5年度 自動車交通騒音 常時監視・要請限度測定地点（東京都環境局）","x":-8507.07,"y":-36278.23}},{"type":"Feature","geometry":{"type":"Point","coordinates":[139.735288,35.677793]},"properties":{"name":"港区元赤坂1丁目2","laeq_db":70.0,"years":"2022","n_years":1,"survey":"常時監視","layer":"noise","source":"令和元〜5年度 自動車交通騒音 常時監視・要請限度測定地点（東京都環境局）","x":-8875.06,"y":-35742.8}},{"type":"Feature","geometry":{"type":"Point","coordinates":[139.752521,35.665097]},"properties":{"name":"港区西新橋2丁目38","laeq_db":62.0,"years":"2022","n_years":1,"survey":"常時監視","layer":"noise","source":"令和元〜5年度 自動車交通騒音 常時監視・要請限度測定地点（東京都環境局）","x":-7316.29,"y":-37152.74}},{"type":"Feature","geometry":{"type":"Point","coordinates":[139.747324,35.668295]},"properties":{"name":"港区虎ノ門2丁目4","laeq_db":67.0,"years":"2022","n_years":1,"survey":"常時監視","layer":"noise","source":"令和元〜5年度 自動車交通騒音 常時監視・要請限度測定地点（東京都環境局）","x":-7786.49,"y":-36797.55}},{"type":"Feature","geometry":{"type":"Point","coordinates":[139.71887,35.663538]},"properties":{"name":"港区南青山4丁目28","laeq_db":63.0,"years":"2022","n_years":1,"survey":"常時監視","layer":"noise","source":"令和元〜5年度 自動車交通騒音 常時監視・要請限度測定地点（東京都環境局）","x":-10363.06,"y":-37322.67}},{"type":"Feature","geometry":{"type":"Point","coordinates":[139.717345,35.661982]},"properties":{"name":"港区南青山6丁目5","laeq_db":65.0,"years":"2022","n_years":1,"survey":"常時監視","layer":"noise","source":"令和元〜5年度 自動車交通騒音 常時監視・要請限度測定地点（東京都環境局）","x":-10501.33,"y":-37495.13}},{"type":"Feature","geometry":{"type":"Point","coordinates":[139.749711,35.629349]},"properties":{"name":"港区港南4丁目3","laeq_db":65.0,"years":"2022","n_years":1,"survey":"常時監視","layer":"noise","source":"令和元〜5年度 自動車交通騒音 常時監視・要請限度測定地点（東京都環境局）","x":-7574.06,"y":-41118.46}},{"type":"Feature","geometry":{"type":"Point","coordinates":[139.776326,35.627891]},"properties":{"name":"港区台場2丁目3","laeq_db":67.5,"years":"2022","n_years":1,"survey":"常時監視","layer":"noise","source":"令和元〜5年度 自動車交通騒音 常時監視・要請限度測定地点（東京都環境局）","x":-5163.51,"y":-41281.94}},{"type":"Feature","geometry":{"type":"Point","coordinates":[139.749963,35.661009]},"properties":{"name":"港区芝公園3丁目2","laeq_db":62.0,"years":"2022","n_years":1,"survey":"常時監視","layer":"noise","source":"令和元〜5年度 自動車交通騒音 常時監視・要請限度測定地点（東京都環境局）","x":-7548.26,"y":-37606.08}},{"type":"Feature","geometry":{"type":"Point","coordinates":[139.754032,35.64695]},"properties":{"name":"港区芝浦1丁目12","laeq_db":67.0,"years":"2022","n_years":1,"survey":"常時監視","layer":"noise","source":"令和元〜5年度 自動車交通騒音 常時監視・要請限度測定地点（東京都環境局）","x":-7181.12,"y":-39166.11}},{"type":"Feature","geometry":{"type":"Point","coordinates":[139.724362,35.687375]},"properties":{"name":"新宿区四谷2丁目11","laeq_db":68.0,"years":"2022","n_years":1,"survey":"常時監視","layer":"noise","source":"令和元〜5年度 自動車交通騒音 常時監視・要請限度測定地点（東京都環境局）","x":-9862.9,"y":-34678.71}},{"type":"Feature","geometry":{"type":"Point","coordinates":[139.72395,35.69946]},"properties":{"name":"新宿区原町2丁目8","laeq_db":63.0,"years":"2022","n_years":1,"survey":"常時監視","layer":"noise","source":"令和元〜5年度 自動車交通騒音 常時監視・要請限度測定地点（東京都環境局）","x":-9898.7,"y":-33337.93}},{"type":"Feature","geometry":{"type":"Point","coordinates":[139.69235,35.701624]},"properties":{"name":"新宿区北新宿1丁目28","laeq_db":65.0,"years":"2022","n_years":1,"survey":"常時監視","layer":"noise","source":"令和元〜5年度 自動車交通騒音 常時監視・要請限度測定地点（東京都環境局）","x":-12758.02,"y":-33094.21}},{"type":"Feature","geometry":{"type":"Point","coordinates":[139.679928,35.722782]},"properties":{"name":"新宿区西落合1丁目26","laeq_db":66.0,"years":"2022","n_years":1,"survey":"常時監視","layer":"noise","source":"令和元〜5年度 自動車交通騒音 常時監視・要請限度測定地点（東京都環境局）","x":-13878.45,"y":-30745.2}},{"type":"Feature","geometry":{"type":"Point","coordinates":[139.742546,35.729482]},"properties":{"name":"文京区千石4丁目45","laeq_db":65.0,"years":"2022","n_years":1,"survey":"常時監視","layer":"noise","source":"令和元〜5年度 自動車交通騒音 常時監視・要請限度測定地点（東京都環境局）","x":-8212.77,"y":-30008.93}},{"type":"Feature","geometry":{"type":"Point","coordinates":[139.758253,35.707925]},"properties":{"name":"文京区本郷4丁目5","laeq_db":68.0,"years":"2022","n_years":1,"survey":"常時監視","layer":"noise","source":"令和元〜5年度 自動車交通騒音 常時監視・要請限度測定地点（東京都環境局）","x":-6793.71,"y":-32401.72}},{"type":"Feature","geometry":{"type":"Point","coordinates":[139.730936,35.724166]},"properties":{"name":"文京区大塚4丁目49","laeq_db":69.0,"years":"2022","n_years":1,"survey":"常時監視","layer":"noise","source":"令和元〜5年度 自動車交通騒音 常時監視・要請限度測定地点（東京都環境局）","x":-9263.64,"y":-30597.67}},{"type":"Feature","geometry":{"type":"Point","coordinates":[139.752044,35.716303]},"properties":{"name":"文京区白山1丁目7","laeq_db":64.0,"years":"2022","n_years":1,"survey":"常時監視","layer":"noise","source":"令和元〜5年度 自動車交通騒音 常時監視・要請限度測定地点（東京都環境局）","x":-7354.77,"y":-31471.8}},{"type":"Feature","geometry":{"type":"Point","coordinates":[139.743697,35.716859]},"properties":{"name":"文京区小石川4丁目15","laeq_db":59.0,"years":"2022","n_years":1,"survey":"常時監視","layer":"noise","source":"令和元〜5年度 自動車交通騒音 常時監視・要請限度測定地点（東京都環境局）","x":-8109.92,"y":-31409.46}},{"type":"Feature","geometry":{"type":"Point","coordinates":[139.786115,35.723508]},"properties":{"name":"台東区下谷3丁目1","laeq_db":70.5,"years":"2022","n_years":1,"survey":"常時監視・要請限度","layer":"noise","source":"令和元〜5年度 自動車交通騒音 常時監視・要請限度測定地点（東京都環境局）","x":-4271.76,"y":-30674.47}},{"type":"Feature","geometry":{"type":"Point","coordinates":[139.791963,35.715445]},"properties":{"name":"台東区西浅草3丁目17","laeq_db":67.0,"years":"2022","n_years":1,"survey":"常時監視・要請限度","layer":"noise","source":"令和元〜5年度 自動車交通騒音 常時監視・要請限度測定地点（東京都環境局）","x":-3743.08,"y":-31569.24}},{"type":"Feature","geometry":{"type":"Point","coordinates":[139.796621,35.715667]},"properties":{"name":"台東区浅草2丁目30","laeq_db":66.5,"years":"2022","n_years":1,"survey":"常時監視・要請限度","layer":"noise","source":"令和元〜5年度 自動車交通騒音 常時監視・要請限度測定地点（東京都環境局）","x":-3321.63,"y":-31544.78}},{"type":"Feature","geometry":{"type":"Point","coordinates":[139.82716,35.706998]},"properties":{"name":"墨田区立花1丁目11","laeq_db":67.0,"years":"2022","n_years":1,"survey":"常時監視","layer":"noise","source":"令和元〜5年度 自動車交通騒音 常時監視・要請限度測定地点（東京都環境局）","x":-558.61,"y":-32507.15}},{"type":"Feature","geometry":{"type":"Point","coordinates":[139.817434,35.740758]},"properties":{"name":"墨田区墨田5丁目20","laeq_db":60.0,"years":"2022","n_years":1,"survey":"常時監視","layer":"noise","source":"令和元〜5年度 自動車交通騒音 常時監視・要請限度測定地点（東京都環境局）","x":-1438.08,"y":-28761.62}},{"type":"Feature","geometry":{"type":"Point","coordinates":[139.795708,35.702485]},"properties":{"name":"墨田区本所1丁目2","laeq_db":66.0,"years":"2022","n_years":1,"survey":"常時監視","layer":"noise","source":"令和元〜5年度 自動車交通騒音 常時監視・要請限度測定地点（東京都環境局）","x":-3404.79,"y":-33007.19}},{"type":"Feature","geometry":{"type":"Point","coordinates":[139.805075,35.713564]},"properties":{"name":"墨田区向島2丁目1","laeq_db":63.0,"years":"2022","n_years":1,"survey":"常時監視","layer":"noise","source":"令和元〜5年度 自動車交通騒音 常時監視・要請限度測定地点（東京都環境局）","x":-2556.8,"y":-31778.35}},{"type":"Feature","geometry":{"type":"Point","coordinates":[139.810754,35.724309]},"properties":{"name":"墨田区堤通1丁目8","laeq_db":58.0,"years":"2022","n_years":1,"survey":"常時監視","layer":"noise","source":"令和元〜5年度 自動車交通騒音 常時監視・要請限度測定地点（東京都環境局）","x":-2042.69,"y":-30586.4}},{"type":"Feature","geometry":{"type":"Point","coordinates":[139.822458,35.69618]},"properties":{"name":"江東区亀戸1丁目8","laeq_db":71.0,"years":"2022","n_years":1,"survey":"常時監視","layer":"noise","source":"令和元〜5年度 自動車交通騒音 常時監視・要請限度測定地点（東京都環境局）","x":-984.21,"y":-33707.28}},{"type":"Feature","geometry":{"type":"Point","coordinates":[139.832485,35.696808]},"properties":{"name":"江東区亀戸6丁目54","laeq_db":66.0,"years":"2022","n_years":1,"survey":"常時監視","layer":"noise","source":"令和元〜5年度 自動車交通騒音 常時監視・要請限度測定地点（東京都環境局）","x":-76.77,"y":-33637.67}},{"type":"Feature","geometry":{"type":"Point","coordinates":[139.835485,35.696825]},"properties":{"name":"江東区亀戸7丁目42","laeq_db":67.0,"years":"2022","n_years":1,"survey":"常時監視","layer":"noise","source":"令和元〜5年度 自動車交通騒音 常時監視・要請限度測定地点（東京都環境局）","x":194.72,"y":-33635.78}},{"type":"Feature","geometry":{"type":"Point","coordinates":[139.815718,35.669315]},"properties":{"name":"江東区東陽3丁目28","laeq_db":65.0,"years":"2022","n_years":1,"survey":"常時監視","layer":"noise","source":"令和元〜5年度 自動車交通騒音 常時監視・要請限度測定地点（東京都環境局）","x":-1594.71,"y":-36687.65}},{"type":"Feature","geometry":{"type":"Point","coordinates":[139.831544,35.667739]},"properties":{"name":"江東区新砂3丁目3","laeq_db":69.0,"years":"2022","n_years":1,"survey":"常時監視","layer":"noise","source":"令和元〜5年度 自動車交通騒音 常時監視・要請限度測定地点（東京都環境局）","x":-161.99,"y":-36862.64}},{"type":"Feature","geometry":{"type":"Point","coordinates":[139.83865,35.67194]},"properties":{"name":"江東区東砂7丁目10","laeq_db":72.0,"years":"2022","n_years":1,"survey":"常時監視","layer":"noise","source":"令和元〜5年度 自動車交通騒音 常時監視・要請限度測定地点（東京都環境局）","x":481.3,"y":-36396.56}},{"type":"Feature","geometry":{"type":"Point","coordinates":[139.813394,35.675952]},"properties":{"name":"江東区東陽6丁目5","laeq_db":71.0,"years":"2022","n_years":1,"survey":"常時監視","layer":"noise","source":"令和元〜5年度 自動車交通騒音 常時監視・要請限度測定地点（東京都環境局）","x":-1804.95,"y":-35951.29}},{"type":"Feature","geometry":{"type":"Point","coordinates":[139.739199,35.617133]},"properties":{"name":"品川区北品川3丁目7","laeq_db":70.0,"years":"2022","n_years":1,"survey":"常時監視","layer":"noise","source":"令和元〜5年度 自動車交通騒音 常時監視・要請限度測定地点（東京都環境局）","x":-8527.48,"y":-42472.86}},{"type":"Feature","geometry":{"type":"Point","coordinates":[139.730334,35.595701]},"properties":{"name":"品川区大井6丁目18","laeq_db":66.0,"years":"2022","n_years":1,"survey":"常時監視","layer":"noise","source":"令和元〜5年度 自動車交通騒音 常時監視・要請限度測定地点（東京都環境局）","x":-9333.04,"y":-44849.73}},{"type":"Feature","geometry":{"type":"Point","coordinates":[139.75186,35.60259]},"properties":{"name":"品川区八潮5丁目3","laeq_db":64.0,"years":"2022","n_years":1,"survey":"常時監視","layer":"noise","source":"令和元〜5年度 自動車交通騒音 常時監視・要請限度測定地点（東京都環境局）","x":-7381.88,"y":-44087.29}},{"type":"Feature","geometry":{"type":"Point","coordinates":[139.69205,35.652851]},"properties":{"name":"目黒区青葉台3丁目4","laeq_db":73.5,"years":"2022・2024","n_years":2,"survey":"常時監視","layer":"noise","source":"令和元〜5年度 自動車交通騒音 常時監視・要請限度測定地点（東京都環境局） / 自動車騒音の常時監視結果（環境GIS＋・国立環境研究所）","x":-12792.95,"y":-38505.15}},{"type":"Feature","geometry":{"type":"Point","coordinates":[139.708829,35.630386]},"properties":{"name":"目黒区下目黒3丁目4","laeq_db":67.0,"years":"2022","n_years":1,"survey":"常時監視","layer":"noise","source":"令和元〜5年度 自動車交通騒音 常時監視・要請限度測定地点（東京都環境局）","x":-11276.79,"y":-40999.5}},{"type":"Feature","geometry":{"type":"Point","coordinates":[139.679699,35.622737]},"properties":{"name":"目黒区碑文谷5丁目17","laeq_db":75.0,"years":"2022","n_years":1,"survey":"常時監視","layer":"noise","source":"令和元〜5年度 自動車交通騒音 常時監視・要請限度測定地点（東京都環境局）","x":-13916.53,"y":-41844.35}},{"type":"Feature","geometry":{"type":"Point","coordinates":[139.707615,35.560016]},"properties":{"name":"大田区新蒲田2丁目2","laeq_db":64.7,"years":"2022・2023・2024","n_years":3,"survey":"常時監視","layer":"noise","source":"令和元〜5年度 自動車交通騒音 常時監視・要請限度測定地点（東京都環境局） / 自動車騒音の常時監視結果（環境GIS＋・国立環境研究所）","x":-11396.72,"y":-48806.24}},{"type":"Feature","geometry":{"type":"Point","coordinates":[139.696376,35.560407]},"properties":{"name":"大田区矢口3丁目8","laeq_db":68.0,"years":"2022","n_years":1,"survey":"常時監視","layer":"noise","source":"令和元〜5年度 自動車交通騒音 常時監視・要請限度測定地点（東京都環境局）","x":-12415.51,"y":-48761.5}},{"type":"Feature","geometry":{"type":"Point","coordinates":[139.682054,35.566581]},"properties":{"name":"大田区下丸子3丁目30","laeq_db":64.0,"years":"2022","n_years":1,"survey":"常時監視","layer":"noise","source":"令和元〜5年度 自動車交通騒音 常時監視・要請限度測定地点（東京都環境局）","x":-13712.78,"y":-48074.66}},{"type":"Feature","geometry":{"type":"Point","coordinates":[139.626652,35.613216]},"properties":{"name":"世田谷区玉川3丁目7","laeq_db":67.0,"years":"2022","n_years":1,"survey":"常時監視","layer":"noise","source":"令和元〜5年度 自動車交通騒音 常時監視・要請限度測定地点（東京都環境局）","x":-18723.86,"y":-42891.82}},{"type":"Feature","geometry":{"type":"Point","coordinates":[139.627413,35.616249]},"properties":{"name":"世田谷区玉川4丁目4","laeq_db":64.0,"years":"2022","n_years":1,"survey":"常時監視","layer":"noise","source":"令和元〜5年度 自動車交通騒音 常時監視・要請限度測定地点（東京都環境局）","x":-18654.22,"y":-42555.49}},{"type":"Feature","geometry":{"type":"Point","coordinates":[139.614311,35.620448]},"properties":{"name":"世田谷区鎌田3丁目14","laeq_db":67.0,"years":"2022","n_years":1,"survey":"常時監視","layer":"noise","source":"令和元〜5年度 自動車交通騒音 常時監視・要請限度測定地点（東京都環境局）","x":-19840.09,"y":-42087.08}},{"type":"Feature","geometry":{"type":"Point","coordinates":[139.679525,35.644655]},"properties":{"name":"世田谷区池尻1丁目11","laeq_db":64.0,"years":"2022","n_years":1,"survey":"常時監視","layer":"noise","source":"令和元〜5年度 自動車交通騒音 常時監視・要請限度測定地点（東京都環境局）","x":-13928.49,"y":-39412.72}},{"type":"Feature","geometry":{"type":"Point","coordinates":[139.592902,35.624006]},"properties":{"name":"世田谷区喜多見2丁目10","laeq_db":65.0,"years":"2022","n_years":1,"survey":"常時監視","layer":"noise","source":"令和元〜5年度 自動車交通騒音 常時監視・要請限度測定地点（東京都環境局）","x":-21778.45,"y":-41687.82}},{"type":"Feature","geometry":{"type":"Point","coordinates":[139.660392,35.6604]},"properties":{"name":"世田谷区代田5丁目12","laeq_db":73.0,"years":"2022","n_years":1,"survey":"常時監視","layer":"noise","source":"令和元〜5年度 自動車交通騒音 常時監視・要請限度測定地点（東京都環境局）","x":-15658.05,"y":-37663.06}},{"type":"Feature","geometry":{"type":"Point","coordinates":[139.661205,35.669667]},"properties":{"name":"世田谷区大原2丁目10","laeq_db":74.0,"years":"2022","n_years":1,"survey":"常時監視","layer":"noise","source":"令和元〜5年度 自動車交通騒音 常時監視・要請限度測定地点（東京都環境局）","x":-15582.64,"y":-36635.1}},{"type":"Feature","geometry":{"type":"Point","coordinates":[139.699399,35.681061]},"properties":{"name":"渋谷区代々木1丁目5","laeq_db":66.0,"years":"2022","n_years":1,"survey":"常時監視","layer":"noise","source":"令和元〜5年度 自動車交通騒音 常時監視・要請限度測定地点（東京都環境局）","x":-12123.24,"y":-35376.41}},{"type":"Feature","geometry":{"type":"Point","coordinates":[139.702135,35.682387]},"properties":{"name":"渋谷区代々木1丁目32","laeq_db":69.0,"years":"2022","n_years":1,"survey":"常時監視","layer":"noise","source":"令和元〜5年度 自動車交通騒音 常時監視・要請限度測定地点（東京都環境局）","x":-11875.39,"y":-35229.63}},{"type":"Feature","geometry":{"type":"Point","coordinates":[139.722078,35.650454]},"properties":{"name":"渋谷区広尾5丁目5","laeq_db":66.0,"years":"2022","n_years":1,"survey":"常時監視","layer":"noise","source":"令和元〜5年度 自動車交通騒音 常時監視・要請限度測定地点（東京都環境局）","x":-10074.27,"y":-38774.56}},{"type":"Feature","geometry":{"type":"Point","coordinates":[139.670746,35.673628]},"properties":{"name":"渋谷区笹塚1丁目8","laeq_db":66.0,"years":"2022","n_years":1,"survey":"常時監視","layer":"noise","source":"令和元〜5年度 自動車交通騒音 常時監視・要請限度測定地点（東京都環境局）","x":-14718.17,"y":-36197.13}},{"type":"Feature","geometry":{"type":"Point","coordinates":[139.68706,35.701811]},"properties":{"name":"中野区東中野1丁目1","laeq_db":61.0,"years":"2022","n_years":1,"survey":"常時監視","layer":"noise","source":"令和元〜5年度 自動車交通騒音 常時監視・要請限度測定地点（東京都環境局）","x":-13236.69,"y":-33072.76}},{"type":"Feature","geometry":{"type":"Point","coordinates":[139.685092,35.696729]},"properties":{"name":"中野区中央1丁目35","laeq_db":72.0,"years":"2022","n_years":1,"survey":"常時監視","layer":"noise","source":"令和元〜5年度 自動車交通騒音 常時監視・要請限度測定地点（東京都環境局）","x":-13415.64,"y":-33636.3}},{"type":"Feature","geometry":{"type":"Point","coordinates":[139.616752,35.688871]},"properties":{"name":"杉並区高井戸東4丁目9","laeq_db":68.0,"years":"2022","n_years":1,"survey":"常時監視","layer":"noise","source":"令和元〜5年度 自動車交通騒音 常時監視・要請限度測定地点（東京都環境局）","x":-19602.24,"y":-34496.6}},{"type":"Feature","geometry":{"type":"Point","coordinates":[139.654282,35.701979]},"properties":{"name":"杉並区高円寺南4丁目1","laeq_db":67.0,"years":"2022","n_years":1,"survey":"常時監視","layer":"noise","source":"令和元〜5年度 自動車交通騒音 常時監視・要請限度測定地点（東京都環境局）","x":-16202.84,"y":-33049.21}},{"type":"Feature","geometry":{"type":"Point","coordinates":[139.619163,35.686917]},"properties":{"name":"杉並区高井戸東3丁目32","laeq_db":72.0,"years":"2022","n_years":1,"survey":"常時監視","layer":"noise","source":"令和元〜5年度 自動車交通騒音 常時監視・要請限度測定地点（東京都環境局）","x":-19384.5,"y":-34713.86}},{"type":"Feature","geometry":{"type":"Point","coordinates":[139.600938,35.6937]},"properties":{"name":"杉並区宮前5丁目14","laeq_db":66.0,"years":"2022","n_years":1,"survey":"常時監視","layer":"noise","source":"令和元〜5年度 自動車交通騒音 常時監視・要請限度測定地点（東京都環境局）","x":-21032.26,"y":-33957.59}},{"type":"Feature","geometry":{"type":"Point","coordinates":[139.625246,35.690855]},"properties":{"name":"杉並区成田西3丁目17","laeq_db":65.0,"years":"2022","n_years":1,"survey":"常時監視","layer":"noise","source":"令和元〜5年度 自動車交通騒音 常時監視・要請限度測定地点（東京都環境局）","x":-18833.0,"y":-34278.15}},{"type":"Feature","geometry":{"type":"Point","coordinates":[139.600805,35.697246]},"properties":{"name":"杉並区西荻南1丁目6","laeq_db":68.0,"years":"2022","n_years":1,"survey":"常時監視","layer":"noise","source":"令和元〜5年度 自動車交通騒音 常時監視・要請限度測定地点（東京都環境局）","x":-21043.37,"y":-33564.16}},{"type":"Feature","geometry":{"type":"Point","coordinates":[139.593572,35.709753]},"properties":{"name":"杉並区善福寺2丁目3","laeq_db":65.0,"years":"2022","n_years":1,"survey":"常時監視","layer":"noise","source":"令和元〜5年度 自動車交通騒音 常時監視・要請限度測定地点（東京都環境局）","x":-21694.55,"y":-32175.02}},{"type":"Feature","geometry":{"type":"Point","coordinates":[139.709437,35.720737]},"properties":{"name":"豊島区目白2丁目11","laeq_db":66.0,"years":"2022","n_years":1,"survey":"常時監視","layer":"noise","source":"令和元〜5年度 自動車交通騒音 常時監視・要請限度測定地点（東京都環境局）","x":-11209.08,"y":-30975.85}},{"type":"Feature","geometry":{"type":"Point","coordinates":[139.691195,35.722874]},"properties":{"name":"豊島区南長崎1丁目3","laeq_db":68.0,"years":"2022","n_years":1,"survey":"常時監視","layer":"noise","source":"令和元〜5年度 自動車交通騒音 常時監視・要請限度測定地点（東京都環境局）","x":-12859.12,"y":-30736.53}},{"type":"Feature","geometry":{"type":"Point","coordinates":[139.711893,35.71749]},"properties":{"name":"豊島区目白1丁目1","laeq_db":66.0,"years":"2022","n_years":1,"survey":"常時監視","layer":"noise","source":"令和元〜5年度 自動車交通騒音 常時監視・要請限度測定地点（東京都環境局）","x":-10987.33,"y":-31336.36}},{"type":"Feature","geometry":{"type":"Point","coordinates":[139.708232,35.729881]},"properties":{"name":"豊島区西池袋1丁目8","laeq_db":65.0,"years":"2022","n_years":1,"survey":"常時監視","layer":"noise","source":"令和元〜5年度 自動車交通騒音 常時監視・要請限度測定地点（東京都環境局）","x":-11316.81,"y":-29961.25}},{"type":"Feature","geometry":{"type":"Point","coordinates":[139.745088,35.759226]},"properties":{"name":"北区豊島2丁目22","laeq_db":65.0,"years":"2022","n_years":1,"survey":"常時監視","layer":"noise","source":"令和元〜5年度 自動車交通騒音 常時監視・要請限度測定地点（東京都環境局）","x":-7979.84,"y":-26709.24}},{"type":"Feature","geometry":{"type":"Point","coordinates":[139.733387,35.759647]},"properties":{"name":"北区王子3丁目1","laeq_db":62.0,"years":"2022","n_years":1,"survey":"常時監視","layer":"noise","source":"令和元〜5年度 自動車交通騒音 常時監視・要請限度測定地点（東京都環境局）","x":-9037.89,"y":-26661.52}},{"type":"Feature","geometry":{"type":"Point","coordinates":[139.717438,35.761009]},"properties":{"name":"北区上十条3丁目8","laeq_db":65.0,"years":"2022","n_years":1,"survey":"常時監視","layer":"noise","source":"令和元〜5年度 自動車交通騒音 常時監視・要請限度測定地点（東京都環境局）","x":-10479.94,"y":-26508.83}},{"type":"Feature","geometry":{"type":"Point","coordinates":[139.720659,35.774547]},"properties":{"name":"北区赤羽西2丁目8","laeq_db":61.0,"years":"2022","n_years":1,"survey":"常時監視","layer":"noise","source":"令和元〜5年度 自動車交通騒音 常時監視・要請限度測定地点（東京都環境局）","x":-10186.95,"y":-25007.21}},{"type":"Feature","geometry":{"type":"Point","coordinates":[139.763,35.745011]},"properties":{"name":"荒川区西尾久1丁目21","laeq_db":66.0,"years":"2022","n_years":1,"survey":"常時監視","layer":"noise","source":"令和元〜5年度 自動車交通騒音 常時監視・要請限度測定地点（東京都環境局）","x":-6361.23,"y":-28287.61}},{"type":"Feature","geometry":{"type":"Point","coordinates":[139.779001,35.727385]},"properties":{"name":"荒川区東日暮里4丁目34","laeq_db":65.0,"years":"2022","n_years":1,"survey":"常時監視","layer":"noise","source":"令和元〜5年度 自動車交通騒音 常時監視・要請限度測定地点（東京都環境局）","x":-4915.12,"y":-30244.01}},{"type":"Feature","geometry":{"type":"Point","coordinates":[139.643381,35.793189]},"properties":{"name":"板橋区三園2丁目3","laeq_db":70.0,"years":"2022","n_years":1,"survey":"常時監視","layer":"noise","source":"令和元〜5年度 自動車交通騒音 常時監視・要請限度測定地点（東京都環境局）","x":-17169.7,"y":-22928.21}},{"type":"Feature","geometry":{"type":"Point","coordinates":[139.679497,35.748605]},"properties":{"name":"板橋区小茂根2丁目30","laeq_db":68.0,"years":"2022","n_years":1,"survey":"常時監視","layer":"noise","source":"令和元〜5年度 自動車交通騒音 常時監視・要請限度測定地点（東京都環境局）","x":-13912.95,"y":-27880.25}},{"type":"Feature","geometry":{"type":"Point","coordinates":[139.685541,35.740313]},"properties":{"name":"板橋区向原1丁目4","laeq_db":60.0,"years":"2022","n_years":1,"survey":"常時監視","layer":"noise","source":"令和元〜5年度 自動車交通騒音 常時監視・要請限度測定地点（東京都環境局）","x":-13367.72,"y":-28801.03}},{"type":"Feature","geometry":{"type":"Point","coordinates":[139.662447,35.781922]},"properties":{"name":"板橋区徳丸7丁目26","laeq_db":66.0,"years":"2022","n_years":1,"survey":"常時監視","layer":"noise","source":"令和元〜5年度 自動車交通騒音 常時監視・要請限度測定地点（東京都環境局）","x":-15448.51,"y":-24181.39}},{"type":"Feature","geometry":{"type":"Point","coordinates":[139.671905,35.786046]},"properties":{"name":"板橋区高島平1丁目77","laeq_db":68.0,"years":"2022","n_years":1,"survey":"常時監視","layer":"noise","source":"令和元〜5年度 自動車交通騒音 常時監視・要請限度測定地点（東京都環境局）","x":-14592.73,"y":-23725.3}},{"type":"Feature","geometry":{"type":"Point","coordinates":[139.615323,35.731024]},"properties":{"name":"練馬区南田中1丁目22","laeq_db":64.0,"years":"2022","n_years":1,"survey":"常時監視・要請限度","layer":"noise","source":"令和元〜5年度 自動車交通騒音 常時監視・要請限度測定地点（東京都環境局）","x":-19721.19,"y":-29819.74}},{"type":"Feature","geometry":{"type":"Point","coordinates":[139.608807,35.733876]},"properties":{"name":"練馬区下石神井3丁目4","laeq_db":63.0,"years":"2022","n_years":1,"survey":"常時監視・要請限度","layer":"noise","source":"令和元〜5年度 自動車交通騒音 常時監視・要請限度測定地点（東京都環境局）","x":-20309.9,"y":-29502.0}},{"type":"Feature","geometry":{"type":"Point","coordinates":[139.673536,35.744439]},"properties":{"name":"練馬区小竹町2丁目74","laeq_db":68.0,"years":"2022","n_years":1,"survey":"常時監視・要請限度","layer":"noise","source":"令和元〜5年度 自動車交通騒音 常時監視・要請限度測定地点（東京都環境局）","x":-14452.82,"y":-28341.58}},{"type":"Feature","geometry":{"type":"Point","coordinates":[139.582239,35.718813]},"properties":{"name":"練馬区立野町15","laeq_db":63.0,"years":"2022","n_years":1,"survey":"常時監視・要請限度","layer":"noise","source":"令和元〜5年度 自動車交通騒音 常時監視・要請限度測定地点（東京都環境局）","x":-22717.44,"y":-31167.32}},{"type":"Feature","geometry":{"type":"Point","coordinates":[139.581026,35.75018]},"properties":{"name":"練馬区東大泉4丁目10","laeq_db":64.0,"years":"2022","n_years":1,"survey":"常時監視・要請限度","layer":"noise","source":"令和元〜5年度 自動車交通騒音 常時監視・要請限度測定地点（東京都環境局）","x":-22818.23,"y":-27687.07}},{"type":"Feature","geometry":{"type":"Point","coordinates":[139.582724,35.73078]},"properties":{"name":"練馬区石神井台4丁目5","laeq_db":71.0,"years":"2022","n_years":1,"survey":"常時監視・要請限度","layer":"noise","source":"令和元〜5年度 自動車交通騒音 常時監視・要請限度測定地点（東京都環境局）","x":-22670.17,"y":-29839.77}},{"type":"Feature","geometry":{"type":"Point","coordinates":[139.666883,35.736892]},"properties":{"name":"練馬区豊玉上1丁目26","laeq_db":62.0,"years":"2022","n_years":1,"survey":"常時監視・要請限度","layer":"noise","source":"令和元〜5年度 自動車交通騒音 常時監視・要請限度測定地点（東京都環境局）","x":-15055.97,"y":-29177.87}},{"type":"Feature","geometry":{"type":"Point","coordinates":[139.622903,35.732528]},"properties":{"name":"練馬区富士見台1丁目17","laeq_db":69.0,"years":"2022","n_years":1,"survey":"常時監視・要請限度","layer":"noise","source":"令和元〜5年度 自動車交通騒音 常時監視・要請限度測定地点（東京都環境局）","x":-19035.15,"y":-29654.38}},{"type":"Feature","geometry":{"type":"Point","coordinates":[139.617083,35.744725]},"properties":{"name":"練馬区高野台1丁目16","laeq_db":70.0,"years":"2022","n_years":1,"survey":"常時監視・要請限度","layer":"noise","source":"令和元〜5年度 自動車交通騒音 常時監視・要請限度測定地点（東京都環境局）","x":-19558.63,"y":-28300.06}},{"type":"Feature","geometry":{"type":"Point","coordinates":[139.745732,35.781343]},"properties":{"name":"足立区鹿浜2丁目14","laeq_db":64.0,"years":"2022","n_years":1,"survey":"常時監視","layer":"noise","source":"令和元〜5年度 自動車交通騒音 常時監視・要請限度測定地点（東京都環境局）","x":-7919.41,"y":-24255.55}},{"type":"Feature","geometry":{"type":"Point","coordinates":[139.770135,35.771433]},"properties":{"name":"足立区江北1丁目32","laeq_db":69.0,"years":"2022","n_years":1,"survey":"常時監視","layer":"noise","source":"令和元〜5年度 自動車交通騒音 常時監視・要請限度測定地点（東京都環境局）","x":-5714.02,"y":-25356.7}},{"type":"Feature","geometry":{"type":"Point","coordinates":[139.768202,35.76461]},"properties":{"name":"足立区扇2丁目31","laeq_db":61.0,"years":"2022","n_years":1,"survey":"常時監視","layer":"noise","source":"令和元〜5年度 自動車交通騒音 常時監視・要請限度測定地点（東京都環境局）","x":-5889.29,"y":-26113.56}},{"type":"Feature","geometry":{"type":"Point","coordinates":[139.837446,35.776546]},"properties":{"name":"足立区東和5丁目15","laeq_db":68.0,"years":"2022","n_years":1,"survey":"常時監視","layer":"noise","source":"令和元〜5年度 自動車交通騒音 常時監視・要請限度測定地点（東京都環境局）","x":371.82,"y":-24791.28}},{"type":"Feature","geometry":{"type":"Point","coordinates":[139.830275,35.771483]},"properties":{"name":"足立区谷中1丁目4","laeq_db":63.0,"years":"2022","n_years":1,"survey":"常時監視","layer":"noise","source":"令和元〜5年度 自動車交通騒音 常時監視・要請限度測定地点（東京都環境局）","x":-276.52,"y":-25352.99}},{"type":"Feature","geometry":{"type":"Point","coordinates":[139.822098,35.774301]},"properties":{"name":"足立区青井4丁目37","laeq_db":64.0,"years":"2022","n_years":1,"survey":"常時監視","layer":"noise","source":"令和元〜5年度 自動車交通騒音 常時監視・要請限度測定地点（東京都環境局）","x":-1015.8,"y":-25040.3}},{"type":"Feature","geometry":{"type":"Point","coordinates":[139.76741,35.805166]},"properties":{"name":"足立区入谷1丁目16","laeq_db":61.0,"years":"2022","n_years":1,"survey":"常時監視","layer":"noise","source":"令和元〜5年度 自動車交通騒音 常時監視・要請限度測定地点（東京都環境局）","x":-5957.88,"y":-21614.07}},{"type":"Feature","geometry":{"type":"Point","coordinates":[139.865661,35.763584]},"properties":{"name":"葛飾区金町1丁目8","laeq_db":72.0,"years":"2022","n_years":1,"survey":"常時監視","layer":"noise","source":"令和元〜5年度 自動車交通騒音 常時監視・要請限度測定地点（東京都環境局）","x":2923.16,"y":-26228.86}},{"type":"Feature","geometry":{"type":"Point","coordinates":[139.884736,35.779997]},"properties":{"name":"葛飾区東金町8丁目9","laeq_db":62.0,"years":"2022","n_years":1,"survey":"常時監視","layer":"noise","source":"令和元〜5年度 自動車交通騒音 常時監視・要請限度測定地点（東京都環境局）","x":4647.03,"y":-24407.2}},{"type":"Feature","geometry":{"type":"Point","coordinates":[139.87639,35.770788]},"properties":{"name":"葛飾区東金町6丁目6","laeq_db":70.0,"years":"2022","n_years":1,"survey":"常時監視","layer":"noise","source":"令和元〜5年度 自動車交通騒音 常時監視・要請限度測定地点（東京都環境局）","x":3892.96,"y":-25429.25}},{"type":"Feature","geometry":{"type":"Point","coordinates":[139.854045,35.722818]},"properties":{"name":"葛飾区東新小岩5丁目14","laeq_db":66.0,"years":"2022","n_years":1,"survey":"常時監視","layer":"noise","source":"令和元〜5年度 自動車交通騒音 常時監視・要請限度測定地点（東京都環境局）","x":1873.77,"y":-30751.85}},{"type":"Feature","geometry":{"type":"Point","coordinates":[139.828141,35.755866]},"properties":{"name":"葛飾区堀切7丁目32","laeq_db":69.0,"years":"2022","n_years":1,"survey":"常時監視","layer":"noise","source":"令和元〜5年度 自動車交通騒音 常時監視・要請限度測定地点（東京都環境局）","x":-469.55,"y":-27085.59}},{"type":"Feature","geometry":{"type":"Point","coordinates":[139.829168,35.757246]},"properties":{"name":"葛飾区堀切8丁目26","laeq_db":67.0,"years":"2022","n_years":1,"survey":"常時監視","layer":"noise","source":"令和元〜5年度 自動車交通騒音 常時監視・要請限度測定地点（東京都環境局）","x":-376.67,"y":-26932.49}},{"type":"Feature","geometry":{"type":"Point","coordinates":[139.8754,35.721701]},"properties":{"name":"江戸川区興宮町5","laeq_db":74.0,"years":"2022","n_years":1,"survey":"常時監視・要請限度","layer":"noise","source":"令和元〜5年度 自動車交通騒音 常時監視・要請限度測定地点（東京都環境局）","x":3805.79,"y":-30875.16}},{"type":"Feature","geometry":{"type":"Point","coordinates":[139.875896,35.671165]},"properties":{"name":"江戸川区東葛西1丁目1","laeq_db":71.0,"years":"2022","n_years":1,"survey":"常時監視・要請限度","layer":"noise","source":"令和元〜5年度 自動車交通騒音 常時監視・要請限度測定地点（東京都環境局）","x":3853.09,"y":-36481.72}},{"type":"Feature","geometry":{"type":"Point","coordinates":[139.873357,35.657703]},"properties":{"name":"江戸川区東葛西8丁目3","laeq_db":65.0,"years":"2022","n_years":1,"survey":"常時監視・要請限度","layer":"noise","source":"令和元〜5年度 自動車交通騒音 常時監視・要請限度測定地点（東京都環境局）","x":3623.85,"y":-37975.31}},{"type":"Feature","geometry":{"type":"Point","coordinates":[139.890246,35.743252]},"properties":{"name":"江戸川区北小岩7丁目15","laeq_db":68.0,"years":"2022","n_years":1,"survey":"常時監視・要請限度","layer":"noise","source":"令和元〜5年度 自動車交通騒音 常時監視・要請限度測定地点（東京都環境局）","x":5147.52,"y":-28483.55}},{"type":"Feature","geometry":{"type":"Point","coordinates":[139.893277,35.730519]},"properties":{"name":"江戸川区東小岩3丁目15","laeq_db":57.0,"years":"2022","n_years":1,"survey":"常時監視・要請限度","layer":"noise","source":"令和元〜5年度 自動車交通騒音 常時監視・要請限度測定地点（東京都環境局）","x":5422.53,"y":-29896.02}},{"type":"Feature","geometry":{"type":"Point","coordinates":[139.912637,35.705976]},"properties":{"name":"江戸川区篠崎町3丁目12","laeq_db":66.0,"years":"2022","n_years":1,"survey":"常時監視・要請限度","layer":"noise","source":"令和元〜5年度 自動車交通騒音 常時監視・要請限度測定地点（東京都環境局）","x":7176.04,"y":-32617.65}},{"type":"Feature","geometry":{"type":"Point","coordinates":[139.559558,35.695919]},"properties":{"name":"三鷹市下連雀4丁目20","laeq_db":64.0,"years":"2022","n_years":1,"survey":"常時監視","layer":"noise","source":"令和元〜5年度 自動車交通騒音 常時監視・要請限度測定地点（東京都環境局）","x":-24776.56,"y":-33701.75}},{"type":"Feature","geometry":{"type":"Point","coordinates":[139.559527,35.686097]},"properties":{"name":"三鷹市下連雀9丁目9","laeq_db":66.0,"years":"2022","n_years":1,"survey":"常時監視","layer":"noise","source":"令和元〜5年度 自動車交通騒音 常時監視・要請限度測定地点（東京都環境局）","x":-24782.4,"y":-34791.42}},{"type":"Feature","geometry":{"type":"Point","coordinates":[139.541691,35.647692]},"properties":{"name":"調布市小島町3-74","laeq_db":64.0,"years":"2022","n_years":1,"survey":"常時監視","layer":"noise","source":"令和元〜5年度 自動車交通騒音 常時監視・要請限度測定地点（東京都環境局）","x":-26409.4,"y":-39047.51}},{"type":"Feature","geometry":{"type":"Point","coordinates":[139.542047,35.651924]},"properties":{"name":"調布市小島町2-32","laeq_db":60.0,"years":"2022","n_years":1,"survey":"常時監視","layer":"noise","source":"令和元〜5年度 自動車交通騒音 常時監視・要請限度測定地点（東京都環境局）","x":-26375.77,"y":-38578.1}},{"type":"Feature","geometry":{"type":"Point","coordinates":[139.557082,35.679825]},"properties":{"name":"調布市深大寺東町8-21","laeq_db":60.0,"years":"2022","n_years":1,"survey":"常時監視","layer":"noise","source":"令和元〜5年度 自動車交通騒音 常時監視・要請限度測定地点（東京都環境局）","x":-25005.66,"y":-35486.64}},{"type":"Feature","geometry":{"type":"Point","coordinates":[139.586941,35.627076]},"properties":{"name":"狛江市駒井町1丁目5","laeq_db":65.0,"years":"2022","n_years":1,"survey":"常時監視","layer":"noise","source":"令和元〜5年度 自動車交通騒音 常時監視・要請限度測定地点（東京都環境局）","x":-22317.55,"y":-41345.9}},{"type":"Feature","geometry":{"type":"Point","coordinates":[139.551327,35.742405]},"properties":{"name":"西東京市泉町2丁目14","laeq_db":66.0,"years":"2022","n_years":1,"survey":"常時監視","layer":"noise","source":"令和元〜5年度 自動車交通騒音 常時監視・要請限度測定地点（東京都環境局）","x":-25506.65,"y":-28542.34}},{"type":"Feature","geometry":{"type":"Point","coordinates":[139.556972,35.741554]},"properties":{"name":"西東京市泉町3丁目12","laeq_db":65.0,"years":"2022","n_years":1,"survey":"常時監視","layer":"noise","source":"令和元〜5年度 自動車交通騒音 常時監視・要請限度測定地点（東京都環境局）","x":-24996.34,"y":-28638.21}},{"type":"Feature","geometry":{"type":"Point","coordinates":[139.557841,35.733849]},"properties":{"name":"西東京市富士町1丁目4","laeq_db":62.0,"years":"2022","n_years":1,"survey":"常時監視","layer":"noise","source":"令和元〜5年度 自動車交通騒音 常時監視・要請限度測定地点（東京都環境局）","x":-24920.14,"y":-29493.25}},{"type":"Feature","geometry":{"type":"Point","coordinates":[139.689412,35.653826]},"properties":{"name":"目黒区大橋2-3 ","laeq_db":69.0,"years":"2022","n_years":1,"survey":"要請限度","layer":"noise","source":"令和元〜5年度 自動車交通騒音 常時監視・要請限度測定地点（東京都環境局）","x":-13031.65,"y":-38396.63}},{"type":"Feature","geometry":{"type":"Point","coordinates":[139.685439,35.654565]},"properties":{"name":"目黒区大橋2-18","laeq_db":68.0,"years":"2022・2024","n_years":2,"survey":"常時監視・要請限度","layer":"noise","source":"令和元〜5年度 自動車交通騒音 常時監視・要請限度測定地点（東京都環境局） / 自動車騒音の常時監視結果（環境GIS＋・国立環境研究所）","x":-13391.27,"y":-38314.11}},{"type":"Feature","geometry":{"type":"Point","coordinates":[139.698087,35.573447]},"properties":{"name":"大田区池上3-36","laeq_db":70.0,"years":"2022","n_years":1,"survey":"要請限度","layer":"noise","source":"令和元〜5年度 自動車交通騒音 常時監視・要請限度測定地点（東京都環境局）","x":-12258.42,"y":-47315.06}},{"type":"Feature","geometry":{"type":"Point","coordinates":[139.65354,35.713325]},"properties":{"name":"中野区大和町1-13","laeq_db":71.0,"years":"2022","n_years":1,"survey":"要請限度","layer":"noise","source":"令和元〜5年度 自動車交通騒音 常時監視・要請限度測定地点（東京都環境局）","x":-16267.68,"y":-31790.33}},{"type":"Feature","geometry":{"type":"Point","coordinates":[139.671633,35.686671]},"properties":{"name":"中野区弥生町4-20","laeq_db":65.0,"years":"2022・2023","n_years":2,"survey":"常時監視・要請限度","layer":"noise","source":"令和元〜5年度 自動車交通騒音 常時監視・要請限度測定地点（東京都環境局）","x":-14635.49,"y":-34750.24}},{"type":"Feature","geometry":{"type":"Point","coordinates":[139.710169,35.750924]},"properties":{"name":"板橋区板橋2-61","laeq_db":69.5,"years":"2022・2023","n_years":2,"survey":"要請限度","layer":"noise","source":"令和元〜5年度 自動車交通騒音 常時監視・要請限度測定地点（東京都環境局）","x":-11138.65,"y":-27626.89}},{"type":"Feature","geometry":{"type":"Point","coordinates":[139.707839,35.744998]},"properties":{"name":"板橋区大山金井町14","laeq_db":68.0,"years":"2022","n_years":1,"survey":"要請限度","layer":"noise","source":"令和元〜5年度 自動車交通騒音 常時監視・要請限度測定地点（東京都環境局）","x":-11350.21,"y":-28284.07}},{"type":"Feature","geometry":{"type":"Point","coordinates":[139.818183,35.756767]},"properties":{"name":"葛飾区小菅1丁目35地先","laeq_db":69.0,"years":"2022","n_years":1,"survey":"要請限度","layer":"noise","source":"令和元〜5年度 自動車交通騒音 常時監視・要請限度測定地点（東京都環境局）","x":-1370.06,"y":-26985.54}},{"type":"Feature","geometry":{"type":"Point","coordinates":[139.739192,35.679233]},"properties":{"name":"千代田区平河町2丁目6","laeq_db":70.0,"years":"2023","n_years":1,"survey":"常時監視","layer":"noise","source":"令和元〜5年度 自動車交通騒音 常時監視・要請限度測定地点（東京都環境局）","x":-8521.52,"y":-35583.39}},{"type":"Feature","geometry":{"type":"Point","coordinates":[139.768913,35.699987]},"properties":{"name":"千代田区外神田2丁目5","laeq_db":65.0,"years":"2023","n_years":1,"survey":"常時監視","layer":"noise","source":"令和元〜5年度 自動車交通騒音 常時監視・要請限度測定地点（東京都環境局）","x":-5829.71,"y":-33283.07}},{"type":"Feature","geometry":{"type":"Point","coordinates":[139.768258,35.689634]},"properties":{"name":"千代田区内神田2丁目3","laeq_db":65.0,"years":"2023","n_years":1,"survey":"常時監視","layer":"noise","source":"令和元〜5年度 自動車交通騒音 常時監視・要請限度測定地点（東京都環境局）","x":-5889.75,"y":-34431.61}},{"type":"Feature","geometry":{"type":"Point","coordinates":[139.771591,35.704056]},"properties":{"name":"千代田区外神田6丁目15","laeq_db":65.0,"years":"2023","n_years":1,"survey":"常時監視","layer":"noise","source":"令和元〜5年度 自動車交通騒音 常時監視・要請限度測定地点（東京都環境局）","x":-5587.08,"y":-32831.8}},{"type":"Feature","geometry":{"type":"Point","coordinates":[139.753739,35.698325]},"properties":{"name":"千代田区西神田3丁目8","laeq_db":64.0,"years":"2023","n_years":1,"survey":"常時監視","layer":"noise","source":"令和元〜5年度 自動車交通騒音 常時監視・要請限度測定地点（東京都環境局）","x":-7203.03,"y":-33466.45}},{"type":"Feature","geometry":{"type":"Point","coordinates":[139.781803,35.69552]},"properties":{"name":"中央区日本橋馬喰町２丁目3","laeq_db":66.0,"years":"2023","n_years":1,"survey":"常時監視","layer":"noise","source":"令和元〜5年度 自動車交通騒音 常時監視・要請限度測定地点（東京都環境局）","x":-4663.49,"y":-33779.34}},{"type":"Feature","geometry":{"type":"Point","coordinates":[139.771809,35.665827]},"properties":{"name":"中央区築地３丁目17","laeq_db":67.0,"years":"2023","n_years":1,"survey":"常時監視","layer":"noise","source":"令和元〜5年度 自動車交通騒音 常時監視・要請限度測定地点（東京都環境局）","x":-5570.01,"y":-37073.02}},{"type":"Feature","geometry":{"type":"Point","coordinates":[139.782695,35.65546]},"properties":{"name":"中央区晴海２丁目5","laeq_db":58.0,"years":"2023","n_years":1,"survey":"常時監視","layer":"noise","source":"令和元〜5年度 自動車交通騒音 常時監視・要請限度測定地点（東京都環境局）","x":-4585.06,"y":-38223.71}},{"type":"Feature","geometry":{"type":"Point","coordinates":[139.771231,35.688618]},"properties":{"name":"中央区日本橋本石町４丁目4","laeq_db":65.0,"years":"2023","n_years":1,"survey":"常時監視","layer":"noise","source":"令和元〜5年度 自動車交通騒音 常時監視・要請限度測定地点（東京都環境局）","x":-5620.74,"y":-34544.51}},{"type":"Feature","geometry":{"type":"Point","coordinates":[139.787982,35.680186]},"properties":{"name":"中央区日本橋箱崎町30","laeq_db":69.0,"years":"2023","n_years":1,"survey":"常時監視","layer":"noise","source":"令和元〜5年度 自動車交通騒音 常時監視・要請限度測定地点（東京都環境局）","x":-4105.08,"y":-35480.8}},{"type":"Feature","geometry":{"type":"Point","coordinates":[139.783834,35.691809]},"properties":{"name":"中央区東日本橋３丁目9","laeq_db":63.0,"years":"2023","n_years":1,"survey":"常時監視","layer":"noise","source":"令和元〜5年度 自動車交通騒音 常時監視・要請限度測定地点（東京都環境局）","x":-4479.89,"y":-34191.14}},{"type":"Feature","geometry":{"type":"Point","coordinates":[139.765568,35.66677]},"properties":{"name":"中央区銀座７丁目16","laeq_db":61.0,"years":"2023","n_years":1,"survey":"常時監視","layer":"noise","source":"令和元〜5年度 自動車交通騒音 常時監視・要請限度測定地点（東京都環境局）","x":-6134.96,"y":-36968.03}},{"type":"Feature","geometry":{"type":"Point","coordinates":[139.778978,35.667722]},"properties":{"name":"中央区明石町7","laeq_db":57.0,"years":"2023","n_years":1,"survey":"常時監視","layer":"noise","source":"令和元〜5年度 自動車交通騒音 常時監視・要請限度測定地点（東京都環境局）","x":-4920.86,"y":-36863.16}},{"type":"Feature","geometry":{"type":"Point","coordinates":[139.74524,35.651179]},"properties":{"name":"港区芝3丁目28","laeq_db":70.0,"years":"2023","n_years":1,"survey":"常時監視","layer":"noise","source":"令和元〜5年度 自動車交通騒音 常時監視・要請限度測定地点（東京都環境局）","x":-7976.85,"y":-38696.26}},{"type":"Feature","geometry":{"type":"Point","coordinates":[139.737292,35.644018]},"properties":{"name":"港区三田4丁目7","laeq_db":67.0,"years":"2023","n_years":1,"survey":"常時監視","layer":"noise","source":"令和元〜5年度 自動車交通騒音 常時監視・要請限度測定地点（東京都環境局）","x":-8697.32,"y":-39490.04}},{"type":"Feature","geometry":{"type":"Point","coordinates":[139.755277,35.647342]},"properties":{"name":"港区芝浦1丁目6","laeq_db":68.0,"years":"2023","n_years":1,"survey":"常時監視","layer":"noise","source":"令和元〜5年度 自動車交通騒音 常時監視・要請限度測定地点（東京都環境局）","x":-7068.34,"y":-39122.71}},{"type":"Feature","geometry":{"type":"Point","coordinates":[139.749883,35.664377]},"properties":{"name":"港区西新橋3丁目16","laeq_db":64.0,"years":"2023","n_years":1,"survey":"常時監視","layer":"noise","source":"令和元〜5年度 自動車交通騒音 常時監視・要請限度測定地点（東京都環境局）","x":-7555.19,"y":-37232.42}},{"type":"Feature","geometry":{"type":"Point","coordinates":[139.744716,35.646121]},"properties":{"name":"港区芝5丁目29","laeq_db":71.0,"years":"2023","n_years":1,"survey":"常時監視","layer":"noise","source":"令和元〜5年度 自動車交通騒音 常時監視・要請限度測定地点（東京都環境局）","x":-8024.81,"y":-39257.36}},{"type":"Feature","geometry":{"type":"Point","coordinates":[139.761393,35.665635]},"properties":{"name":"港区東新橋1丁目5","laeq_db":64.0,"years":"2023","n_years":1,"survey":"常時監視","layer":"noise","source":"令和元〜5年度 自動車交通騒音 常時監視・要請限度測定地点（東京都環境局）","x":-6513.03,"y":-37093.68}},{"type":"Feature","geometry":{"type":"Point","coordinates":[139.750519,35.643164]},"properties":{"name":"港区芝浦3丁目10","laeq_db":69.0,"years":"2023","n_years":1,"survey":"常時監視","layer":"noise","source":"令和元〜5年度 自動車交通騒音 常時監視・要請限度測定地点（東京都環境局）","x":-7499.59,"y":-39585.87}},{"type":"Feature","geometry":{"type":"Point","coordinates":[139.743887,35.629087]},"properties":{"name":"港区港南2丁目3","laeq_db":63.0,"years":"2023","n_years":1,"survey":"常時監視","layer":"noise","source":"令和元〜5年度 自動車交通騒音 常時監視・要請限度測定地点（東京都環境局）","x":-8101.6,"y":-41147.06}},{"type":"Feature","geometry":{"type":"Point","coordinates":[139.750517,35.649588]},"properties":{"name":"港区芝4丁目2","laeq_db":66.0,"years":"2023","n_years":1,"survey":"常時監視","layer":"noise","source":"令和元〜5年度 自動車交通騒音 常時監視・要請限度測定地点（東京都環境局）","x":-7499.17,"y":-38873.18}},{"type":"Feature","geometry":{"type":"Point","coordinates":[139.692346,35.685622]},"properties":{"name":"新宿区西新宿3丁目4","laeq_db":70.0,"years":"2023","n_years":1,"survey":"常時監視","layer":"noise","source":"令和元〜5年度 自動車交通騒音 常時監視・要請限度測定地点（東京都環境局）","x":-12760.93,"y":-34869.51}},{"type":"Feature","geometry":{"type":"Point","coordinates":[139.698143,35.716824]},"properties":{"name":"新宿区下落合4丁目1","laeq_db":67.0,"years":"2023","n_years":1,"survey":"常時監視","layer":"noise","source":"令和元〜5年度 自動車交通騒音 常時監視・要請限度測定地点（東京都環境局）","x":-12231.47,"y":-31408.62}},{"type":"Feature","geometry":{"type":"Point","coordinates":[139.708569,35.707727]},"properties":{"name":"新宿区大久保3丁目14","laeq_db":68.0,"years":"2023","n_years":1,"survey":"常時監視","layer":"noise","source":"令和元〜5年度 自動車交通騒音 常時監視・要請限度測定地点（東京都環境局）","x":-11289.45,"y":-32419.11}},{"type":"Feature","geometry":{"type":"Point","coordinates":[139.687695,35.691103]},"properties":{"name":"新宿区西新宿2丁目11","laeq_db":63.0,"years":"2023","n_years":1,"survey":"常時監視","layer":"noise","source":"令和元〜5年度 自動車交通騒音 常時監視・要請限度測定地点（東京都環境局）","x":-13180.99,"y":-34260.82}},{"type":"Feature","geometry":{"type":"Point","coordinates":[139.740572,35.720833]},"properties":{"name":"文京区白山3丁目6","laeq_db":64.0,"years":"2023","n_years":1,"survey":"常時監視","layer":"noise","source":"令和元〜5年度 自動車交通騒音 常時監視・要請限度測定地点（東京都環境局）","x":-8392.24,"y":-30968.31}},{"type":"Feature","geometry":{"type":"Point","coordinates":[139.727852,35.71888]},"properties":{"name":"文京区音羽2丁目4","laeq_db":63.0,"years":"2023","n_years":1,"survey":"常時監視","layer":"noise","source":"令和元〜5年度 自動車交通騒音 常時監視・要請限度測定地点（東京都環境局）","x":-9543.27,"y":-31183.81}},{"type":"Feature","geometry":{"type":"Point","coordinates":[139.735878,35.722367]},"properties":{"name":"文京区大塚3丁目27","laeq_db":64.0,"years":"2023","n_years":1,"survey":"常時監視","layer":"noise","source":"令和元〜5年度 自動車交通騒音 常時監視・要請限度測定地点（東京都環境局）","x":-8816.75,"y":-30797.71}},{"type":"Feature","geometry":{"type":"Point","coordinates":[139.719448,35.717515]},"properties":{"name":"文京区目白台2丁目11","laeq_db":64.0,"years":"2023","n_years":1,"survey":"常時監視","layer":"noise","source":"令和元〜5年度 自動車交通騒音 常時監視・要請限度測定地点（東京都環境局）","x":-10303.79,"y":-31334.4}},{"type":"Feature","geometry":{"type":"Point","coordinates":[139.808075,35.727571]},"properties":{"name":"台東区橋場2丁目16","laeq_db":64.0,"years":"2023","n_years":1,"survey":"常時監視・要請限度","layer":"noise","source":"令和元〜5年度 自動車交通騒音 常時監視・要請限度測定地点（東京都環境局）","x":-2284.96,"y":-30224.45}},{"type":"Feature","geometry":{"type":"Point","coordinates":[139.802068,35.720574]},"properties":{"name":"台東区今戸1丁目11","laeq_db":62.4,"years":"2023","n_years":1,"survey":"常時監視・要請限度","layer":"noise","source":"令和元〜5年度 自動車交通騒音 常時監視・要請限度測定地点（東京都環境局）","x":-2828.63,"y":-31000.56}},{"type":"Feature","geometry":{"type":"Point","coordinates":[139.775376,35.702406]},"properties":{"name":"台東区秋葉原6","laeq_db":67.9,"years":"2023","n_years":1,"survey":"常時監視・要請限度","layer":"noise","source":"令和元〜5年度 自動車交通騒音 常時監視・要請限度測定地点（東京都環境局）","x":-5244.69,"y":-33015.06}},{"type":"Feature","geometry":{"type":"Point","coordinates":[139.788121,35.703539]},"properties":{"name":"台東区蔵前4丁目16","laeq_db":62.1,"years":"2023","n_years":1,"survey":"常時監視・要請限度","layer":"noise","source":"令和元〜5年度 自動車交通騒音 常時監視・要請限度測定地点（東京都環境局）","x":-4091.3,"y":-32889.97}},{"type":"Feature","geometry":{"type":"Point","coordinates":[139.808188,35.714775]},"properties":{"name":"墨田区向島2丁目18","laeq_db":73.0,"years":"2023","n_years":1,"survey":"常時監視","layer":"noise","source":"令和元〜5年度 自動車交通騒音 常時監視・要請限度測定地点（東京都環境局）","x":-2275.1,"y":-31644.07}},{"type":"Feature","geometry":{"type":"Point","coordinates":[139.801243,35.695003]},"properties":{"name":"墨田区緑2丁目16","laeq_db":73.0,"years":"2023","n_years":1,"survey":"常時監視","layer":"noise","source":"令和元〜5年度 自動車交通騒音 常時監視・要請限度測定地点（東京都環境局）","x":-2904.19,"y":-33837.44}},{"type":"Feature","geometry":{"type":"Point","coordinates":[139.810827,35.695566]},"properties":{"name":"墨田区江東橋1丁目12","laeq_db":69.0,"years":"2023","n_years":1,"survey":"常時監視","layer":"noise","source":"令和元〜5年度 自動車交通騒音 常時監視・要請限度測定地点（東京都環境局）","x":-2036.82,"y":-33775.22}},{"type":"Feature","geometry":{"type":"Point","coordinates":[139.823726,35.716537]},"properties":{"name":"墨田区京島3丁目16","laeq_db":70.0,"years":"2023","n_years":1,"survey":"常時監視","layer":"noise","source":"令和元〜5年度 自動車交通騒音 常時監視・要請限度測定地点（東京都環境局）","x":-869.24,"y":-31448.84}},{"type":"Feature","geometry":{"type":"Point","coordinates":[139.81622,35.70808]},"properties":{"name":"墨田区業平5丁目11","laeq_db":69.0,"years":"2023","n_years":1,"survey":"常時監視","layer":"noise","source":"令和元〜5年度 自動車交通騒音 常時監視・要請限度測定地点（東京都環境局）","x":-1548.51,"y":-32386.99}},{"type":"Feature","geometry":{"type":"Point","coordinates":[139.829138,35.693975]},"properties":{"name":"江東区亀戸6丁目33","laeq_db":61.0,"years":"2023","n_years":1,"survey":"常時監視","layer":"noise","source":"令和元〜5年度 自動車交通騒音 常時監視・要請限度測定地点（東京都環境局）","x":-379.68,"y":-33951.96}},{"type":"Feature","geometry":{"type":"Point","coordinates":[139.801211,35.646469]},"properties":{"name":"江東区東雲1丁目6","laeq_db":64.0,"years":"2023","n_years":1,"survey":"常時監視","layer":"noise","source":"令和元〜5年度 自動車交通騒音 常時監視・要請限度測定地点（東京都環境局）","x":-2908.85,"y":-39221.89}},{"type":"Feature","geometry":{"type":"Point","coordinates":[139.793104,35.640419]},"properties":{"name":"江東区有明1丁目2","laeq_db":64.0,"years":"2023","n_years":1,"survey":"常時監視","layer":"noise","source":"令和元〜5年度 自動車交通騒音 常時監視・要請限度測定地点（東京都環境局）","x":-3643.26,"y":-39892.82}},{"type":"Feature","geometry":{"type":"Point","coordinates":[139.827084,35.701581]},"properties":{"name":"江東区亀戸4丁目16","laeq_db":69.0,"years":"2023","n_years":1,"survey":"常時監視","layer":"noise","source":"令和元〜5年度 自動車交通騒音 常時監視・要請限度測定地点（東京都環境局）","x":-565.52,"y":-33108.12}},{"type":"Feature","geometry":{"type":"Point","coordinates":[139.842378,35.676489]},"properties":{"name":"江東区東砂5丁目10","laeq_db":67.0,"years":"2023","n_years":1,"survey":"常時監視","layer":"noise","source":"令和元〜5年度 自動車交通騒音 常時監視・要請限度測定地点（東京都環境局）","x":818.74,"y":-35891.86}},{"type":"Feature","geometry":{"type":"Point","coordinates":[139.821058,35.706423]},"properties":{"name":"江東区亀戸3丁目38","laeq_db":63.0,"years":"2023","n_years":1,"survey":"常時監視","layer":"noise","source":"令和元〜5年度 自動車交通騒音 常時監視・要請限度測定地点（東京都環境局）","x":-1110.77,"y":-32570.89}},{"type":"Feature","geometry":{"type":"Point","coordinates":[139.692134,35.654204]},"properties":{"name":"目黒区青葉台4丁目4","laeq_db":64.0,"years":"2023","n_years":1,"survey":"常時監視","layer":"noise","source":"令和元〜5年度 自動車交通騒音 常時監視・要請限度測定地点（東京都環境局）","x":-12785.12,"y":-38355.05}},{"type":"Feature","geometry":{"type":"Point","coordinates":[139.69059,35.654041]},"properties":{"name":"目黒区青葉台4丁目7","laeq_db":65.0,"years":"2023","n_years":1,"survey":"常時監視","layer":"noise","source":"令和元〜5年度 自動車交通騒音 常時監視・要請限度測定地点（東京都環境局）","x":-12924.95,"y":-38372.93}},{"type":"Feature","geometry":{"type":"Point","coordinates":[139.667052,35.622782]},"properties":{"name":"目黒区八雲5丁目12","laeq_db":65.0,"years":"2023","n_years":1,"survey":"常時監視","layer":"noise","source":"令和元〜5年度 自動車交通騒音 常時監視・要請限度測定地点（東京都環境局）","x":-15062.11,"y":-41837.5}},{"type":"Feature","geometry":{"type":"Point","coordinates":[139.727731,35.591479]},"properties":{"name":"大田区山王1丁目6","laeq_db":64.0,"years":"2023","n_years":1,"survey":"常時監視","layer":"noise","source":"令和元〜5年度 自動車交通騒音 常時監視・要請限度測定地点（東京都環境局）","x":-9569.4,"y":-45317.87}},{"type":"Feature","geometry":{"type":"Point","coordinates":[139.713099,35.599911]},"properties":{"name":"大田区東馬込1丁目6","laeq_db":73.0,"years":"2023","n_years":1,"survey":"常時監視","layer":"noise","source":"令和元〜5年度 自動車交通騒音 常時監視・要請限度測定地点（東京都環境局）","x":-10894.18,"y":-44380.9}},{"type":"Feature","geometry":{"type":"Point","coordinates":[139.74471,35.549215]},"properties":{"name":"大田区羽田4丁目18","laeq_db":64.0,"years":"2023","n_years":1,"survey":"常時監視","layer":"noise","source":"令和元〜5年度 自動車交通騒音 常時監視・要請限度測定地点（東京都環境局）","x":-8035.03,"y":-50008.16}},{"type":"Feature","geometry":{"type":"Point","coordinates":[139.641644,35.601072]},"properties":{"name":"世田谷区野毛2丁目6","laeq_db":62.0,"years":"2023","n_years":1,"survey":"常時監視","layer":"noise","source":"令和元〜5年度 自動車交通騒音 常時監視・要請限度測定地点（東京都環境局）","x":-17368.32,"y":-44241.84}},{"type":"Feature","geometry":{"type":"Point","coordinates":[139.635371,35.624719]},"properties":{"name":"世田谷区用賀2丁目31","laeq_db":64.0,"years":"2023","n_years":1,"survey":"常時監視","layer":"noise","source":"令和元〜5年度 自動車交通騒音 常時監視・要請限度測定地点（東京都環境局）","x":-17931.41,"y":-41617.29}},{"type":"Feature","geometry":{"type":"Point","coordinates":[139.631249,35.609985]},"properties":{"name":"世田谷区玉川1丁目15","laeq_db":66.0,"years":"2023","n_years":1,"survey":"常時監視","layer":"noise","source":"令和元〜5年度 自動車交通騒音 常時監視・要請限度測定地点（東京都環境局）","x":-18308.14,"y":-43251.14}},{"type":"Feature","geometry":{"type":"Point","coordinates":[139.618798,35.627644]},"properties":{"name":"世田谷区岡本1丁目33","laeq_db":65.0,"years":"2023","n_years":1,"survey":"常時監視","layer":"noise","source":"令和元〜5年度 自動車交通騒音 常時監視・要請限度測定地点（東京都環境局）","x":-19431.89,"y":-41289.64}},{"type":"Feature","geometry":{"type":"Point","coordinates":[139.706576,35.662888]},"properties":{"name":"渋谷区神宮前5丁目53-1","laeq_db":68.0,"years":"2023","n_years":1,"survey":"常時監視","layer":"noise","source":"令和元〜5年度 自動車交通騒音 常時監視・要請限度測定地点（東京都環境局）","x":-11476.21,"y":-37393.42}},{"type":"Feature","geometry":{"type":"Point","coordinates":[139.697153,35.650927]},"properties":{"name":"渋谷区鉢山町14","laeq_db":67.0,"years":"2023","n_years":1,"survey":"常時監視","layer":"noise","source":"令和元〜5年度 自動車交通騒音 常時監視・要請限度測定地点（東京都環境局）","x":-12331.17,"y":-38719.25}},{"type":"Feature","geometry":{"type":"Point","coordinates":[139.72241,35.648714]},"properties":{"name":"渋谷区広尾5丁目7-4","laeq_db":67.0,"years":"2023","n_years":1,"survey":"常時監視","layer":"noise","source":"令和元〜5年度 自動車交通騒音 常時監視・要請限度測定地点（東京都環境局）","x":-10044.42,"y":-38967.64}},{"type":"Feature","geometry":{"type":"Point","coordinates":[139.683736,35.682871]},"properties":{"name":"渋谷区本町1丁目56-2","laeq_db":65.0,"years":"2023","n_years":1,"survey":"常時監視","layer":"noise","source":"令和元〜5年度 自動車交通騒音 常時監視・要請限度測定地点（東京都環境局）","x":-13540.69,"y":-35173.56}},{"type":"Feature","geometry":{"type":"Point","coordinates":[139.71263,35.652049]},"properties":{"name":"渋谷区東3丁目2-10","laeq_db":66.0,"years":"2023","n_years":1,"survey":"常時監視","layer":"noise","source":"令和元〜5年度 自動車交通騒音 常時監視・要請限度測定地点（東京都環境局）","x":-10929.57,"y":-38596.6}},{"type":"Feature","geometry":{"type":"Point","coordinates":[139.66735,35.685724]},"properties":{"name":"中野区南台3丁目22","laeq_db":64.0,"years":"2023","n_years":1,"survey":"常時監視","layer":"noise","source":"令和元〜5年度 自動車交通騒音 常時監視・要請限度測定地点（東京都環境局）","x":-15023.33,"y":-34854.66}},{"type":"Feature","geometry":{"type":"Point","coordinates":[139.675641,35.726018]},"properties":{"name":"中野区江古田1丁目16","laeq_db":64.0,"years":"2023","n_years":1,"survey":"常時監視","layer":"noise","source":"令和元〜5年度 自動車交通騒音 常時監視・要請限度測定地点（東京都環境局）","x":-14265.72,"y":-30385.57}},{"type":"Feature","geometry":{"type":"Point","coordinates":[139.673417,35.721052]},"properties":{"name":"中野区松が丘1丁目33","laeq_db":62.0,"years":"2023","n_years":1,"survey":"常時監視","layer":"noise","source":"令和元〜5年度 自動車交通騒音 常時監視・要請限度測定地点（東京都環境局）","x":-14467.81,"y":-30936.19}},{"type":"Feature","geometry":{"type":"Point","coordinates":[139.66985,35.691853]},"properties":{"name":"中野区本町5丁目28","laeq_db":66.0,"years":"2023","n_years":1,"survey":"常時監視","layer":"noise","source":"令和元〜5年度 自動車交通騒音 常時監視・要請限度測定地点（東京都環境局）","x":-14795.92,"y":-34175.07}},{"type":"Feature","geometry":{"type":"Point","coordinates":[139.629974,35.670436]},"properties":{"name":"杉並区下高井戸4丁目2","laeq_db":74.0,"years":"2023","n_years":1,"survey":"常時監視","layer":"noise","source":"令和元〜5年度 自動車交通騒音 常時監視・要請限度測定地点（東京都環境局）","x":-18409.78,"y":-36544.38}},{"type":"Feature","geometry":{"type":"Point","coordinates":[139.621601,35.67355]},"properties":{"name":"杉並区下高井戸5丁目10","laeq_db":70.0,"years":"2023","n_years":1,"survey":"常時監視","layer":"noise","source":"令和元〜5年度 自動車交通騒音 常時監視・要請限度測定地点（東京都環境局）","x":-19167.03,"y":-36197.3}},{"type":"Feature","geometry":{"type":"Point","coordinates":[139.652882,35.695484]},"properties":{"name":"杉並区梅里1丁目1","laeq_db":71.0,"years":"2023","n_years":1,"survey":"常時監視","layer":"noise","source":"令和元〜5年度 自動車交通騒音 常時監視・要請限度測定地点（東京都環境局）","x":-16330.85,"y":-33769.55}},{"type":"Feature","geometry":{"type":"Point","coordinates":[139.658213,35.683753]},"properties":{"name":"杉並区方南2丁目19","laeq_db":68.0,"years":"2023","n_years":1,"survey":"常時監視","layer":"noise","source":"令和元〜5年度 自動車交通騒音 常時監視・要請限度測定地点（東京都環境局）","x":-15850.72,"y":-35071.89}},{"type":"Feature","geometry":{"type":"Point","coordinates":[139.641866,35.681684]},"properties":{"name":"杉並区大宮2丁目1","laeq_db":64.0,"years":"2023","n_years":1,"survey":"常時監視","layer":"noise","source":"令和元〜5年度 自動車交通騒音 常時監視・要請限度測定地点（東京都環境局）","x":-17330.79,"y":-35298.66}},{"type":"Feature","geometry":{"type":"Point","coordinates":[139.660465,35.673565]},"properties":{"name":"杉並区方南1丁目2","laeq_db":59.0,"years":"2023","n_years":1,"survey":"常時監視","layer":"noise","source":"令和元〜5年度 自動車交通騒音 常時監視・要請限度測定地点（東京都環境局）","x":-15648.87,"y":-36202.53}},{"type":"Feature","geometry":{"type":"Point","coordinates":[139.660925,35.699997]},"properties":{"name":"杉並区高円寺南1丁目27","laeq_db":67.0,"years":"2023","n_years":1,"survey":"常時監視","layer":"noise","source":"令和元〜5年度 自動車交通騒音 常時監視・要請限度測定地点（東京都環境局）","x":-15602.08,"y":-33270.17}},{"type":"Feature","geometry":{"type":"Point","coordinates":[139.729304,35.742538]},"properties":{"name":"豊島区西巣鴨3丁目22","laeq_db":68.0,"years":"2023","n_years":1,"survey":"常時監視","layer":"noise","source":"令和元〜5年度 自動車交通騒音 常時監視・要請限度測定地点（東京都環境局）","x":-9409.12,"y":-28559.27}},{"type":"Feature","geometry":{"type":"Point","coordinates":[139.696119,35.734393]},"properties":{"name":"豊島区要町1丁目22","laeq_db":65.0,"years":"2023","n_years":1,"survey":"常時監視","layer":"noise","source":"令和元〜5年度 自動車交通騒音 常時監視・要請限度測定地点（東京都環境局）","x":-12411.87,"y":-29459.21}},{"type":"Feature","geometry":{"type":"Point","coordinates":[139.724476,35.747145]},"properties":{"name":"北区滝野川5丁目38","laeq_db":72.0,"years":"2023","n_years":1,"survey":"常時監視","layer":"noise","source":"令和元〜5年度 自動車交通騒音 常時監視・要請限度測定地点（東京都環境局）","x":-9845.23,"y":-28047.68}},{"type":"Feature","geometry":{"type":"Point","coordinates":[139.763383,35.743668]},"properties":{"name":"北区田端新町3丁目29","laeq_db":65.0,"years":"2023","n_years":1,"survey":"常時監視","layer":"noise","source":"令和元〜5年度 自動車交通騒音 常時監視・要請限度測定地点（東京都環境局）","x":-6326.69,"y":-28436.63}},{"type":"Feature","geometry":{"type":"Point","coordinates":[139.766391,35.738695]},"properties":{"name":"北区田端新町1丁目16","laeq_db":61.0,"years":"2023","n_years":1,"survey":"常時監視","layer":"noise","source":"令和元〜5年度 自動車交通騒音 常時監視・要請限度測定地点（東京都環境局）","x":-6055.01,"y":-28988.54}},{"type":"Feature","geometry":{"type":"Point","coordinates":[139.774733,35.727266]},"properties":{"name":"荒川区東日暮里5丁目42","laeq_db":68.0,"years":"2023","n_years":1,"survey":"常時監視","layer":"noise","source":"令和元〜5年度 自動車交通騒音 常時監視・要請限度測定地点（東京都環境局）","x":-5301.22,"y":-30256.99}},{"type":"Feature","geometry":{"type":"Point","coordinates":[139.784547,35.748068]},"properties":{"name":"荒川区町屋8丁目3","laeq_db":63.0,"years":"2023","n_years":1,"survey":"常時監視","layer":"noise","source":"令和元〜5年度 自動車交通騒音 常時監視・要請限度測定地点（東京都環境局）","x":-4412.26,"y":-27949.64}},{"type":"Feature","geometry":{"type":"Point","coordinates":[139.718148,35.749477]},"properties":{"name":"板橋区板橋4丁目6","laeq_db":71.0,"years":"2023","n_years":1,"survey":"常時監視","layer":"noise","source":"令和元〜5年度 自動車交通騒音 常時監視・要請限度測定地点（東京都環境局）","x":-10417.24,"y":-27788.3}},{"type":"Feature","geometry":{"type":"Point","coordinates":[139.703974,35.764603]},"properties":{"name":"板橋区宮本町66","laeq_db":72.0,"years":"2023","n_years":1,"survey":"常時監視","layer":"noise","source":"令和元〜5年度 自動車交通騒音 常時監視・要請限度測定地点（東京都環境局）","x":-11696.91,"y":-26108.57}},{"type":"Feature","geometry":{"type":"Point","coordinates":[139.685808,35.786638]},"properties":{"name":"板橋区東坂下2丁目17","laeq_db":70.0,"years":"2023","n_years":1,"survey":"常時監視","layer":"noise","source":"令和元〜5年度 自動車交通騒音 常時監視・要請限度測定地点（東京都環境局）","x":-13335.84,"y":-23661.61}},{"type":"Feature","geometry":{"type":"Point","coordinates":[139.68605,35.794889]},"properties":{"name":"板橋区舟渡2丁目8","laeq_db":63.0,"years":"2023","n_years":1,"survey":"常時監視","layer":"noise","source":"令和元〜5年度 自動車交通騒音 常時監視・要請限度測定地点（東京都環境局）","x":-13312.58,"y":-22746.24}},{"type":"Feature","geometry":{"type":"Point","coordinates":[139.688198,35.742522]},"properties":{"name":"板橋区大谷口2丁目32","laeq_db":62.0,"years":"2023","n_years":1,"survey":"常時監視","layer":"noise","source":"令和元〜5年度 自動車交通騒音 常時監視・要請限度測定地点（東京都環境局）","x":-13127.03,"y":-28556.32}},{"type":"Feature","geometry":{"type":"Point","coordinates":[139.601169,35.757303]},"properties":{"name":"練馬区大泉町2丁目7","laeq_db":60.0,"years":"2023","n_years":1,"survey":"常時監視・要請限度","layer":"noise","source":"令和元〜5年度 自動車交通騒音 常時監視・要請限度測定地点（東京都環境局）","x":-20994.66,"y":-26901.32}},{"type":"Feature","geometry":{"type":"Point","coordinates":[139.573112,35.733904]},"properties":{"name":"練馬区関町北5丁目18","laeq_db":65.0,"years":"2023","n_years":1,"survey":"常時監視・要請限度","layer":"noise","source":"令和元〜5年度 自動車交通騒音 常時監視・要請限度測定地点（東京都環境局）","x":-23538.75,"y":-29490.92}},{"type":"Feature","geometry":{"type":"Point","coordinates":[139.593395,35.757387]},"properties":{"name":"練馬区大泉町6丁目13","laeq_db":67.0,"years":"2023","n_years":1,"survey":"常時監視・要請限度","layer":"noise","source":"令和元〜5年度 自動車交通騒音 常時監視・要請限度測定地点（東京都環境局）","x":-21697.64,"y":-26890.31}},{"type":"Feature","geometry":{"type":"Point","coordinates":[139.657015,35.760528]},"properties":{"name":"練馬区北町6丁目1","laeq_db":67.0,"years":"2023","n_years":1,"survey":"常時監視・要請限度","layer":"noise","source":"令和元〜5年度 自動車交通騒音 常時監視・要請限度測定地点（東京都環境局）","x":-15943.85,"y":-26554.05}},{"type":"Feature","geometry":{"type":"Point","coordinates":[139.604411,35.767614]},"properties":{"name":"練馬区大泉町1丁目44","laeq_db":65.0,"years":"2023","n_years":1,"survey":"常時監視・要請限度","layer":"noise","source":"令和元〜5年度 自動車交通騒音 常時監視・要請限度測定地点（東京都環境局）","x":-20698.81,"y":-25758.07}},{"type":"Feature","geometry":{"type":"Point","coordinates":[139.677342,35.744272]},"properties":{"name":"練馬区小竹町2丁目15","laeq_db":54.0,"years":"2023","n_years":1,"survey":"常時監視・要請限度","layer":"noise","source":"令和元〜5年度 自動車交通騒音 常時監視・要請限度測定地点（東京都環境局）","x":-14108.62,"y":-28360.66}},{"type":"Feature","geometry":{"type":"Point","coordinates":[139.620154,35.755495]},"properties":{"name":"練馬区谷原3丁目24","laeq_db":73.0,"years":"2023","n_years":1,"survey":"常時監視・要請限度","layer":"noise","source":"令和元〜5年度 自動車交通騒音 常時監視・要請限度測定地点（東京都環境局）","x":-19278.28,"y":-27105.81}},{"type":"Feature","geometry":{"type":"Point","coordinates":[139.625823,35.757975]},"properties":{"name":"練馬区光が丘3丁目9","laeq_db":59.0,"years":"2023","n_years":1,"survey":"常時監視・要請限度","layer":"noise","source":"令和元〜5年度 自動車交通騒音 常時監視・要請限度測定地点（東京都環境局）","x":-18765.03,"y":-26831.77}},{"type":"Feature","geometry":{"type":"Point","coordinates":[139.617337,35.760152]},"properties":{"name":"練馬区土支田1丁目1","laeq_db":65.0,"years":"2023","n_years":1,"survey":"常時監視・要請限度","layer":"noise","source":"令和元〜5年度 自動車交通騒音 常時監視・要請限度測定地点（東京都環境局）","x":-19531.89,"y":-26588.59}},{"type":"Feature","geometry":{"type":"Point","coordinates":[139.568134,35.747149]},"properties":{"name":"練馬区南大泉3丁目29","laeq_db":65.0,"years":"2023","n_years":1,"survey":"常時監視・要請限度","layer":"noise","source":"令和元〜5年度 自動車交通騒音 常時監視・要請限度測定地点（東京都環境局）","x":-23985.07,"y":-28020.27}},{"type":"Feature","geometry":{"type":"Point","coordinates":[139.828133,35.788831]},"properties":{"name":"足立区神明南1丁目11","laeq_db":66.0,"years":"2023","n_years":1,"survey":"常時監視","layer":"noise","source":"令和元〜5年度 自動車交通騒音 常時監視・要請限度測定地点（東京都環境局）","x":-470.08,"y":-23428.33}},{"type":"Feature","geometry":{"type":"Point","coordinates":[139.757435,35.763501]},"properties":{"name":"足立区宮城2丁目12","laeq_db":69.0,"years":"2023","n_years":1,"survey":"常時監視","layer":"noise","source":"令和元〜5年度 自動車交通騒音 常時監視・要請限度測定地点（東京都環境局）","x":-6862.96,"y":-26235.89}},{"type":"Feature","geometry":{"type":"Point","coordinates":[139.760379,35.799241]},"properties":{"name":"足立区入谷7丁目19","laeq_db":71.0,"years":"2023","n_years":1,"survey":"常時監視","layer":"noise","source":"令和元〜5年度 自動車交通騒音 常時監視・要請限度測定地点（東京都環境局）","x":-6593.8,"y":-22270.96}},{"type":"Feature","geometry":{"type":"Point","coordinates":[139.819164,35.778432]},"properties":{"name":"足立区西加平2丁目1","laeq_db":67.0,"years":"2023","n_years":1,"survey":"常時監視","layer":"noise","source":"令和元〜5年度 自動車交通騒音 常時監視・要請限度測定地点（東京都環境局）","x":-1281.0,"y":-24581.96}},{"type":"Feature","geometry":{"type":"Point","coordinates":[139.846052,35.772686]},"properties":{"name":"足立区中川4丁目16","laeq_db":71.0,"years":"2023","n_years":1,"survey":"常時監視","layer":"noise","source":"令和元〜5年度 自動車交通騒音 常時監視・要請限度測定地点（東京都環境局）","x":1149.93,"y":-25219.46}},{"type":"Feature","geometry":{"type":"Point","coordinates":[139.756074,35.807962]},"properties":{"name":"足立区入谷9丁目15","laeq_db":61.0,"years":"2023","n_years":1,"survey":"常時監視","layer":"noise","source":"令和元〜5年度 自動車交通騒音 常時監視・要請限度測定地点（東京都環境局）","x":-6982.14,"y":-21303.12}},{"type":"Feature","geometry":{"type":"Point","coordinates":[139.795081,35.744452]},"properties":{"name":"足立区千住緑町2丁目1","laeq_db":65.0,"years":"2023","n_years":1,"survey":"常時監視","layer":"noise","source":"令和元〜5年度 自動車交通騒音 常時監視・要請限度測定地点（東京都環境局）","x":-3459.72,"y":-28351.24}},{"type":"Feature","geometry":{"type":"Point","coordinates":[139.870277,35.766257]},"properties":{"name":"葛飾区金町2丁目29","laeq_db":67.0,"years":"2023","n_years":1,"survey":"常時監視","layer":"noise","source":"令和元〜5年度 自動車交通騒音 常時監視・要請限度測定地点（東京都環境局）","x":3340.45,"y":-25932.16}},{"type":"Feature","geometry":{"type":"Point","coordinates":[139.880121,35.746233]},"properties":{"name":"葛飾区鎌倉3丁目53","laeq_db":64.0,"years":"2023","n_years":1,"survey":"常時監視","layer":"noise","source":"令和元〜5年度 自動車交通騒音 常時監視・要請限度測定地点（東京都環境局）","x":4231.6,"y":-28153.31}},{"type":"Feature","geometry":{"type":"Point","coordinates":[139.86209,35.713573]},"properties":{"name":"葛飾区新小岩1丁目56","laeq_db":64.0,"years":"2023","n_years":1,"survey":"常時監視","layer":"noise","source":"令和元〜5年度 自動車交通騒音 常時監視・要請限度測定地点（東京都環境局）","x":2601.89,"y":-31777.33}},{"type":"Feature","geometry":{"type":"Point","coordinates":[139.821685,35.755441]},"properties":{"name":"葛飾区小菅3丁目4","laeq_db":64.0,"years":"2023","n_years":1,"survey":"常時監視","layer":"noise","source":"令和元〜5年度 自動車交通騒音 常時監視・要請限度測定地点（東京都環境局）","x":-1053.38,"y":-27132.69}},{"type":"Feature","geometry":{"type":"Point","coordinates":[139.825259,35.747253]},"properties":{"name":"葛飾区堀切4丁目13","laeq_db":71.0,"years":"2023","n_years":1,"survey":"常時監視","layer":"noise","source":"令和元〜5年度 自動車交通騒音 常時監視・要請限度測定地点（東京都環境局）","x":-730.25,"y":-28041.13}},{"type":"Feature","geometry":{"type":"Point","coordinates":[139.851177,35.716993]},"properties":{"name":"葛飾区西新小岩2丁目1","laeq_db":63.0,"years":"2023","n_years":1,"survey":"常時監視","layer":"noise","source":"令和元〜5年度 自動車交通騒音 常時監視・要請限度測定地点（東京都環境局）","x":1614.42,"y":-31398.15}},{"type":"Feature","geometry":{"type":"Point","coordinates":[139.845302,35.722001]},"properties":{"name":"葛飾区西新小岩3丁目35","laeq_db":67.0,"years":"2023","n_years":1,"survey":"常時監視","layer":"noise","source":"令和元〜5年度 自動車交通騒音 常時監視・要請限度測定地点（東京都環境局）","x":1082.81,"y":-30842.63}},{"type":"Feature","geometry":{"type":"Point","coordinates":[139.886692,35.730047]},"properties":{"name":"江戸川区南小岩8丁目26","laeq_db":63.0,"years":"2023","n_years":1,"survey":"常時監視・要請限度","layer":"noise","source":"令和元〜5年度 自動車交通騒音 常時監視・要請限度測定地点（東京都環境局）","x":4826.87,"y":-29948.73}},{"type":"Feature","geometry":{"type":"Point","coordinates":[139.888009,35.72666]},"properties":{"name":"江戸川区南小岩3丁目27","laeq_db":66.0,"years":"2023","n_years":1,"survey":"常時監視・要請限度","layer":"noise","source":"令和元〜5年度 自動車交通騒音 常時監視・要請限度測定地点（東京都環境局）","x":4946.22,"y":-30324.43}},{"type":"Feature","geometry":{"type":"Point","coordinates":[139.902104,35.69341]},"properties":{"name":"江戸川区南篠崎町2丁目38","laeq_db":65.0,"years":"2023","n_years":1,"survey":"常時監視・要請限度","layer":"noise","source":"令和元〜5年度 自動車交通騒音 常時監視・要請限度測定地点（東京都環境局）","x":6223.91,"y":-34012.47}},{"type":"Feature","geometry":{"type":"Point","coordinates":[139.905934,35.688538]},"properties":{"name":"江戸川区江戸川1丁目38","laeq_db":58.0,"years":"2023","n_years":1,"survey":"常時監視・要請限度","layer":"noise","source":"令和元〜5年度 自動車交通騒音 常時監視・要請限度測定地点（東京都環境局）","x":6570.93,"y":-34552.73}},{"type":"Feature","geometry":{"type":"Point","coordinates":[139.859507,35.706453]},"properties":{"name":"江戸川区松島2丁目4","laeq_db":62.0,"years":"2023","n_years":1,"survey":"常時監視・要請限度","layer":"noise","source":"令和元〜5年度 自動車交通騒音 常時監視・要請限度測定地点（東京都環境局）","x":2368.39,"y":-32567.31}},{"type":"Feature","geometry":{"type":"Point","coordinates":[139.870237,35.660361]},"properties":{"name":"江戸川区中葛西6丁目21","laeq_db":68.0,"years":"2023","n_years":1,"survey":"常時監視・要請限度","layer":"noise","source":"令和元〜5年度 自動車交通騒音 常時監視・要請限度測定地点（東京都環境局）","x":3341.25,"y":-37680.54}},{"type":"Feature","geometry":{"type":"Point","coordinates":[139.899586,35.685395]},"properties":{"name":"江戸川区江戸川2丁目28","laeq_db":64.0,"years":"2023","n_years":1,"survey":"常時監視・要請限度","layer":"noise","source":"令和元〜5年度 自動車交通騒音 常時監視・要請限度測定地点（東京都環境局）","x":5996.62,"y":-34901.83}},{"type":"Feature","geometry":{"type":"Point","coordinates":[139.547128,35.715002]},"properties":{"name":"武蔵野市関前4-11","laeq_db":64.0,"years":"2023","n_years":1,"survey":"常時監視","layer":"noise","source":"令和元〜5年度 自動車交通騒音 常時監視・要請限度測定地点（東京都環境局）","x":-25895.3,"y":-31581.42}},{"type":"Feature","geometry":{"type":"Point","coordinates":[139.543551,35.684124]},"properties":{"name":"三鷹市野崎3丁目10","laeq_db":65.0,"years":"2023","n_years":1,"survey":"常時監視","layer":"noise","source":"令和元〜5年度 自動車交通騒音 常時監視・要請限度測定地点（東京都環境局）","x":-26229.05,"y":-35006.17}},{"type":"Feature","geometry":{"type":"Point","coordinates":[139.552642,35.683363]},"properties":{"name":"三鷹市野崎1丁目12","laeq_db":65.0,"years":"2023","n_years":1,"survey":"常時監視","layer":"noise","source":"令和元〜5年度 自動車交通騒音 常時監視・要請限度測定地点（東京都環境局）","x":-25406.44,"y":-35092.98}},{"type":"Feature","geometry":{"type":"Point","coordinates":[139.567966,35.692086]},"properties":{"name":"三鷹市下連雀1丁目28","laeq_db":65.0,"years":"2023","n_years":1,"survey":"常時監視","layer":"noise","source":"令和元〜5年度 自動車交通騒音 常時監視・要請限度測定地点（東京都環境局）","x":-24016.79,"y":-34129.09}},{"type":"Feature","geometry":{"type":"Point","coordinates":[139.574022,35.636028]},"properties":{"name":"狛江市中和泉1丁目17","laeq_db":63.0,"years":"2023","n_years":1,"survey":"常時監視","layer":"noise","source":"令和元〜5年度 自動車交通騒音 常時監視・要請限度測定地点（東京都環境局）","x":-23485.11,"y":-40349.74}},{"type":"Feature","geometry":{"type":"Point","coordinates":[139.703304,35.722907]},"properties":{"name":"新宿区下落合3-19-3","laeq_db":70.0,"years":"2023","n_years":1,"survey":"要請限度","layer":"noise","source":"令和元〜5年度 自動車交通騒音 常時監視・要請限度測定地点（東京都環境局）","x":-11763.63,"y":-30734.38}},{"type":"Feature","geometry":{"type":"Point","coordinates":[139.83093,35.690005]},"properties":{"name":"江東区大島3丁目31","laeq_db":69.0,"years":"2023","n_years":1,"survey":"要請限度","layer":"noise","source":"令和元〜5年度 自動車交通騒音 常時監視・要請限度測定地点（東京都環境局）","x":-217.52,"y":-34392.4}},{"type":"Feature","geometry":{"type":"Point","coordinates":[139.639109,35.707798]},"properties":{"name":"杉並区阿佐谷北1－15","laeq_db":71.0,"years":"2023","n_years":1,"survey":"要請限度","layer":"noise","source":"令和元〜5年度 自動車交通騒音 常時監視・要請限度測定地点（東京都環境局）","x":-17574.61,"y":-32401.02}},{"type":"Feature","geometry":{"type":"Point","coordinates":[139.701688,35.745519]},"properties":{"name":"板橋区大山金井町54","laeq_db":66.0,"years":"2023","n_years":1,"survey":"要請限度","layer":"noise","source":"令和元〜5年度 自動車交通騒音 常時監視・要請限度測定地点（東京都環境局）","x":-11906.46,"y":-28225.54}},{"type":"Feature","geometry":{"type":"Point","coordinates":[139.649062,35.77135]},"properties":{"name":"板橋区赤塚1-25","laeq_db":64.0,"years":"2023","n_years":1,"survey":"要請限度","layer":"noise","source":"令和元〜5年度 自動車交通騒音 常時監視・要請限度測定地点（東京都環境局）","x":-16660.75,"y":-25352.09}},{"type":"Feature","geometry":{"type":"Point","coordinates":[139.833285,35.743623]},"properties":{"name":"葛飾区堀切3-32","laeq_db":66.0,"years":"2023","n_years":1,"survey":"要請限度","layer":"noise","source":"令和元〜5年度 自動車交通騒音 常時監視・要請限度測定地点（東京都環境局）","x":-4.37,"y":-28443.88}},{"type":"Feature","geometry":{"type":"Point","coordinates":[139.768495,35.693045]},"properties":{"name":"千代田区神田司町2丁目16-1","laeq_db":63.0,"years":"2024","n_years":1,"survey":"常時監視","layer":"noise","source":"自動車騒音の常時監視結果（環境GIS＋・国立環境研究所）","x":-5868.05,"y":-34053.2}},{"type":"Feature","geometry":{"type":"Point","coordinates":[139.775275,35.677569]},"properties":{"name":"中央区八丁堀2丁目5","laeq_db":66.0,"years":"2024","n_years":1,"survey":"常時監視","layer":"noise","source":"自動車騒音の常時監視結果（環境GIS＋・国立環境研究所）","x":-5255.45,"y":-35770.53}},{"type":"Feature","geometry":{"type":"Point","coordinates":[139.763936,35.665223]},"properties":{"name":"中央区銀座8丁目20","laeq_db":70.0,"years":"2024","n_years":1,"survey":"常時監視","layer":"noise","source":"自動車騒音の常時監視結果（環境GIS＋・国立環境研究所）","x":-6282.83,"y":-37139.55}},{"type":"Feature","geometry":{"type":"Point","coordinates":[139.758237,35.639916]},"properties":{"name":"港区海岸3丁目31","laeq_db":67.0,"years":"2024","n_years":1,"survey":"常時監視","layer":"noise","source":"自動車騒音の常時監視結果（環境GIS＋・国立環境研究所）","x":-6800.93,"y":-39946.77}},{"type":"Feature","geometry":{"type":"Point","coordinates":[139.726843,35.64376]},"properties":{"name":"港区白金4丁目1","laeq_db":63.0,"years":"2024","n_years":1,"survey":"常時監視","layer":"noise","source":"自動車騒音の常時監視結果（環境GIS＋・国立環境研究所）","x":-9643.6,"y":-39517.68}},{"type":"Feature","geometry":{"type":"Point","coordinates":[139.754274,35.719108]},"properties":{"name":"文京区白山1丁目25","laeq_db":64.0,"years":"2024","n_years":1,"survey":"常時監視","layer":"noise","source":"自動車騒音の常時監視結果（環境GIS＋・国立環境研究所）","x":-7152.76,"y":-31160.77}},{"type":"Feature","geometry":{"type":"Point","coordinates":[139.81741,35.707907]},"properties":{"name":"墨田区業平5丁目9","laeq_db":69.0,"years":"2024","n_years":1,"survey":"常時監視","layer":"noise","source":"自動車騒音の常時監視結果（環境GIS＋・国立環境研究所）","x":-1440.84,"y":-32406.2}},{"type":"Feature","geometry":{"type":"Point","coordinates":[139.814082,35.704979]},"properties":{"name":"墨田区横川3丁目11","laeq_db":66.0,"years":"2024","n_years":1,"survey":"常時監視","layer":"noise","source":"自動車騒音の常時監視結果（環境GIS＋・国立環境研究所）","x":-1742.04,"y":-32730.99}},{"type":"Feature","geometry":{"type":"Point","coordinates":[139.81525,35.731426]},"properties":{"name":"墨田区墨田2丁目3","laeq_db":66.0,"years":"2024","n_years":1,"survey":"常時監視","layer":"noise","source":"自動車騒音の常時監視結果（環境GIS＋・国立環境研究所）","x":-1635.81,"y":-29796.9}},{"type":"Feature","geometry":{"type":"Point","coordinates":[139.719304,35.588855]},"properties":{"name":"大田区山王4丁目13","laeq_db":70.0,"years":"2024","n_years":1,"survey":"常時監視","layer":"noise","source":"自動車騒音の常時監視結果（環境GIS＋・国立環境研究所）","x":-10333.37,"y":-45608.13}},{"type":"Feature","geometry":{"type":"Point","coordinates":[139.6042,35.671991]},"properties":{"name":"世田谷区南烏山3丁目12","laeq_db":75.0,"years":"2024","n_years":1,"survey":"常時監視","layer":"noise","source":"自動車騒音の常時監視結果（環境GIS＋・国立環境研究所）","x":-20742.66,"y":-36366.73}},{"type":"Feature","geometry":{"type":"Point","coordinates":[139.700818,35.6632]},"properties":{"name":"渋谷区神南1丁目12","laeq_db":67.0,"years":"2024","n_years":1,"survey":"常時監視","layer":"noise","source":"自動車騒音の常時監視結果（環境GIS＋・国立環境研究所）","x":-11997.47,"y":-37358.12}},{"type":"Feature","geometry":{"type":"Point","coordinates":[139.661728,35.697885]},"properties":{"name":"杉並区高円寺南1丁目1","laeq_db":66.0,"years":"2024","n_years":1,"survey":"常時監視","layer":"noise","source":"自動車騒音の常時監視結果（環境GIS＋・国立環境研究所）","x":-15529.82,"y":-33504.61}},{"type":"Feature","geometry":{"type":"Point","coordinates":[139.628599,35.70196]},"properties":{"name":"杉並区成田東5丁目15","laeq_db":69.0,"years":"2024","n_years":1,"survey":"常時監視","layer":"noise","source":"自動車騒音の常時監視結果（環境GIS＋・国立環境研究所）","x":-18526.97,"y":-33046.77}},{"type":"Feature","geometry":{"type":"Point","coordinates":[139.595505,35.717972]},"properties":{"name":"杉並区上井草4丁目5","laeq_db":70.0,"years":"2024","n_years":1,"survey":"常時監視","layer":"noise","source":"自動車騒音の常時監視結果（環境GIS＋・国立環境研究所）","x":-21517.44,"y":-31263.61}},{"type":"Feature","geometry":{"type":"Point","coordinates":[139.695859,35.724021]},"properties":{"name":"豊島区目白5丁目","laeq_db":67.0,"years":"2024","n_years":1,"survey":"常時監視","layer":"noise","source":"自動車騒音の常時監視結果（環境GIS＋・国立環境研究所）","x":-12437.0,"y":-30609.87}},{"type":"Feature","geometry":{"type":"Point","coordinates":[139.679858,35.730418]},"properties":{"name":"豊島区南長崎6丁目","laeq_db":63.0,"years":"2024","n_years":1,"survey":"常時監視","layer":"noise","source":"自動車騒音の常時監視結果（環境GIS＋・国立環境研究所）","x":-13883.46,"y":-29898.03}},{"type":"Feature","geometry":{"type":"Point","coordinates":[139.731129,35.727839]},"properties":{"name":"豊島区南大塚2丁目","laeq_db":62.0,"years":"2024","n_years":1,"survey":"常時監視","layer":"noise","source":"自動車騒音の常時監視結果（環境GIS＋・国立環境研究所）","x":-9245.76,"y":-30190.19}},{"type":"Feature","geometry":{"type":"Point","coordinates":[139.707313,35.741302]},"properties":{"name":"板橋区熊野町10","laeq_db":70.0,"years":"2024","n_years":1,"survey":"常時監視","layer":"noise","source":"自動車騒音の常時監視結果（環境GIS＋・国立環境研究所）","x":-11398.31,"y":-28694.06}},{"type":"Feature","geometry":{"type":"Point","coordinates":[139.686346,35.756954]},"properties":{"name":"板橋区南常盤台2丁目8","laeq_db":69.0,"years":"2024","n_years":1,"survey":"常時監視","layer":"noise","source":"自動車騒音の常時監視結果（環境GIS＋・国立環境研究所）","x":-13292.14,"y":-26954.93}},{"type":"Feature","geometry":{"type":"Point","coordinates":[139.67314,35.761236]},"properties":{"name":"板橋区桜川3丁目24","laeq_db":72.0,"years":"2024","n_years":1,"survey":"常時監視","layer":"noise","source":"自動車騒音の常時監視結果（環境GIS＋・国立環境研究所）","x":-14485.59,"y":-26478.0}},{"type":"Feature","geometry":{"type":"Point","coordinates":[139.62595,35.779468]},"properties":{"name":"板橋区成増2丁目34","laeq_db":67.0,"years":"2024","n_years":1,"survey":"常時監視","layer":"noise","source":"自動車騒音の常時監視結果（環境GIS＋・国立環境研究所）","x":-18748.51,"y":-24447.28}},{"type":"Feature","geometry":{"type":"Point","coordinates":[139.582789,35.76462]},"properties":{"name":"練馬区大泉学園町5丁目20","laeq_db":61.0,"years":"2024","n_years":1,"survey":"常時監視","layer":"noise","source":"自動車騒音の常時監視結果（環境GIS＋・国立環境研究所）","x":-22654.7,"y":-26085.46}},{"type":"Feature","geometry":{"type":"Point","coordinates":[139.789298,35.75542]},"properties":{"name":"足立区千住桜木2丁目11","laeq_db":66.0,"years":"2024","n_years":1,"survey":"常時監視","layer":"noise","source":"自動車騒音の常時監視結果（環境GIS＋・国立環境研究所）","x":-3982.21,"y":-27134.19}},{"type":"Feature","geometry":{"type":"Point","coordinates":[139.851875,35.702819]},"properties":{"name":"江戸川区平井1丁目27","laeq_db":66.0,"years":"2024","n_years":1,"survey":"常時監視","layer":"noise","source":"自動車騒音の常時監視結果（環境GIS＋・国立環境研究所）","x":1677.87,"y":-32970.63}},{"type":"Feature","geometry":{"type":"Point","coordinates":[139.835041,35.716527]},"properties":{"name":"江戸川区平井7丁目5","laeq_db":66.0,"years":"2024","n_years":1,"survey":"常時監視","layer":"noise","source":"自動車騒音の常時監視結果（環境GIS＋・国立環境研究所）","x":154.5,"y":-31449.99}},{"type":"Feature","geometry":{"type":"Point","coordinates":[139.852701,35.6951]},"properties":{"name":"江戸川区小松川2丁目6","laeq_db":59.0,"years":"2024","n_years":1,"survey":"常時監視","layer":"noise","source":"自動車騒音の常時監視結果（環境GIS＋・国立環境研究所）","x":1752.78,"y":-33826.98}},{"type":"Feature","geometry":{"type":"Point","coordinates":[139.887566,35.737477]},"properties":{"name":"江戸川区北小岩2丁目33","laeq_db":70.0,"years":"2024","n_years":1,"survey":"常時監視","layer":"noise","source":"自動車騒音の常時監視結果（環境GIS＋・国立環境研究所）","x":4905.48,"y":-29124.38}},{"type":"Feature","geometry":{"type":"Point","coordinates":[139.55992,35.664828]},"properties":{"name":"調布市深大寺南町3-6","laeq_db":63.0,"years":"2024","n_years":1,"survey":"常時監視","layer":"noise","source":"自動車騒音の常時監視結果（環境GIS＋・国立環境研究所）","x":-24753.4,"y":-37151.16}},{"type":"Feature","geometry":{"type":"Point","coordinates":[139.785114,35.691645]},"properties":{"name":"中央区東日本橋2丁目1","laeq_db":60.0,"years":"2024","n_years":1,"survey":"常時監視","layer":"noise","source":"自動車騒音の常時監視結果（環境GIS＋・国立環境研究所）","x":-4364.06,"y":-34209.39}},{"type":"Feature","geometry":{"type":"Point","coordinates":[139.743441,35.654599]},"properties":{"name":"港区三田1丁目3","laeq_db":66.0,"years":"2024","n_years":1,"survey":"常時監視","layer":"noise","source":"自動車騒音の常時監視結果（環境GIS＋・国立環境研究所）","x":-8139.41,"y":-38316.69}},{"type":"Feature","geometry":{"type":"Point","coordinates":[139.756384,35.662151]},"properties":{"name":"港区新橋5丁目14","laeq_db":67.0,"years":"2024","n_years":1,"survey":"常時監視","layer":"noise","source":"自動車騒音の常時監視結果（環境GIS＋・国立環境研究所）","x":-6966.81,"y":-37479.85}},{"type":"Feature","geometry":{"type":"Point","coordinates":[139.750492,35.655546]},"properties":{"name":"港区芝公園2丁目6","laeq_db":64.0,"years":"2024","n_years":1,"survey":"常時監視","layer":"noise","source":"自動車騒音の常時監視結果（環境GIS＋・国立環境研究所）","x":-7500.88,"y":-38212.19}},{"type":"Feature","geometry":{"type":"Point","coordinates":[139.743709,35.627032]},"properties":{"name":"港区港南2丁目7","laeq_db":63.0,"years":"2024","n_years":1,"survey":"常時監視","layer":"noise","source":"自動車騒音の常時監視結果（環境GIS＋・国立環境研究所）","x":-8117.93,"y":-41375.03}},{"type":"Feature","geometry":{"type":"Point","coordinates":[139.797088,35.641882]},"properties":{"name":"江東区有明2丁目9","laeq_db":63.0,"years":"2024","n_years":1,"survey":"常時監視","layer":"noise","source":"自動車騒音の常時監視結果（環境GIS＋・国立環境研究所）","x":-3282.4,"y":-39730.65}},{"type":"Feature","geometry":{"type":"Point","coordinates":[139.678334,35.624336]},"properties":{"name":"目黒区柿の木坂2丁目5","laeq_db":73.0,"years":"2024","n_years":1,"survey":"常時監視","layer":"noise","source":"自動車騒音の常時監視結果（環境GIS＋・国立環境研究所）","x":-14039.89,"y":-41666.77}},{"type":"Feature","geometry":{"type":"Point","coordinates":[139.737217,35.552278]},"properties":{"name":"大田区萩中3丁目4","laeq_db":70.0,"years":"2024","n_years":1,"survey":"常時監視","layer":"noise","source":"自動車騒音の常時監視結果（環境GIS＋・国立環境研究所）","x":-8714.05,"y":-49667.71}},{"type":"Feature","geometry":{"type":"Point","coordinates":[139.690044,35.600585]},"properties":{"name":"大田区南千束2丁目32","laeq_db":73.0,"years":"2024","n_years":1,"survey":"常時監視","layer":"noise","source":"自動車騒音の常時監視結果（環境GIS＋・国立環境研究所）","x":-12983.03,"y":-44303.33}},{"type":"Feature","geometry":{"type":"Point","coordinates":[139.695957,35.686926]},"properties":{"name":"渋谷区代々木2丁目13","laeq_db":71.0,"years":"2024","n_years":1,"survey":"常時監視","layer":"noise","source":"自動車騒音の常時監視結果（環境GIS＋・国立環境研究所）","x":-12433.89,"y":-34725.3}},{"type":"Feature","geometry":{"type":"Point","coordinates":[139.683316,35.689513]},"properties":{"name":"渋谷区本町3丁目14","laeq_db":62.0,"years":"2024","n_years":1,"survey":"常時監視","layer":"noise","source":"自動車騒音の常時監視結果（環境GIS＋・国立環境研究所）","x":-13577.58,"y":-34436.62}},{"type":"Feature","geometry":{"type":"Point","coordinates":[139.640111,35.713107]},"properties":{"name":"杉並区阿佐谷北6丁目5","laeq_db":65.0,"years":"2024","n_years":1,"survey":"常時監視","layer":"noise","source":"自動車騒音の常時監視結果（環境GIS＋・国立環境研究所）","x":-17482.78,"y":-31812.21}},{"type":"Feature","geometry":{"type":"Point","coordinates":[139.727063,35.729118]},"properties":{"name":"豊島区南大塚3丁目","laeq_db":69.0,"years":"2024","n_years":1,"survey":"常時監視","layer":"noise","source":"自動車騒音の常時監視結果（環境GIS＋・国立環境研究所）","x":-9613.43,"y":-30047.9}},{"type":"Feature","geometry":{"type":"Point","coordinates":[139.703878,35.729156]},"properties":{"name":"豊島区西池袋3丁目","laeq_db":61.0,"years":"2024","n_years":1,"survey":"常時監視","layer":"noise","source":"自動車騒音の常時監視結果（環境GIS＋・国立環境研究所）","x":-11710.78,"y":-30041.17}},{"type":"Feature","geometry":{"type":"Point","coordinates":[139.746569,35.751837]},"properties":{"name":"北区堀船1丁目33","laeq_db":64.0,"years":"2024","n_years":1,"survey":"常時監視","layer":"noise","source":"自動車騒音の常時監視結果（環境GIS＋・国立環境研究所）","x":-7846.64,"y":-27529.12}},{"type":"Feature","geometry":{"type":"Point","coordinates":[139.738061,35.749632]},"properties":{"name":"北区滝野川1丁目3","laeq_db":71.0,"years":"2024","n_years":1,"survey":"常時監視","layer":"noise","source":"自動車騒音の常時監視結果（環境GIS＋・国立環境研究所）","x":-8616.31,"y":-27773.04}},{"type":"Feature","geometry":{"type":"Point","coordinates":[139.808749,35.730507]},"properties":{"name":"荒川区南千住3丁目37","laeq_db":64.0,"years":"2024","n_years":1,"survey":"常時監視","layer":"noise","source":"自動車騒音の常時監視結果（環境GIS＋・国立環境研究所）","x":-2223.91,"y":-29898.73}},{"type":"Feature","geometry":{"type":"Point","coordinates":[139.638236,35.772577]},"properties":{"name":"板橋区赤塚新町2丁目11","laeq_db":70.0,"years":"2024","n_years":1,"survey":"常時監視","layer":"noise","source":"自動車騒音の常時監視結果（環境GIS＋・国立環境研究所）","x":-17639.31,"y":-25214.07}},{"type":"Feature","geometry":{"type":"Point","coordinates":[139.618914,35.736879]},"properties":{"name":"練馬区南田中3丁目13","laeq_db":60.0,"years":"2024","n_years":1,"survey":"常時監視","layer":"noise","source":"自動車騒音の常時監視結果（環境GIS＋・国立環境研究所）","x":-19394.93,"y":-29170.89}},{"type":"Feature","geometry":{"type":"Point","coordinates":[139.843212,35.713315]},"properties":{"name":"江戸川区平井6丁目72","laeq_db":68.0,"years":"2024","n_years":1,"survey":"常時監視","layer":"noise","source":"自動車騒音の常時監視結果（環境GIS＋・国立環境研究所）","x":893.82,"y":-31806.29}},{"type":"Feature","geometry":{"type":"Point","coordinates":[139.547022,35.69959]},"properties":{"name":"武蔵野市境南町1-16-11","laeq_db":64.0,"years":"2024","n_years":1,"survey":"常時監視","layer":"noise","source":"自動車騒音の常時監視結果（環境GIS＋・国立環境研究所）","x":-25909.88,"y":-33291.25}},{"type":"Feature","geometry":{"type":"Point","coordinates":[139.553907,35.725997]},"properties":{"name":"西東京市柳沢1丁目10","laeq_db":69.0,"years":"2024","n_years":1,"survey":"常時監視","layer":"noise","source":"自動車騒音の常時監視結果（環境GIS＋・国立環境研究所）","x":-25278.48,"y":-30363.37}}]}