{"type":"FeatureCollection","features":[{"type":"Feature","geometry":{"type":"Point","coordinates":[139.660196,35.624209]},"properties":{"name":"駒沢オリンピック公園","area_m2":413573,"r_m":362.8,"source":"国土数値情報 P13 都市公園","x":-15682.84,"y":-41678.13}},{"type":"Feature","geometry":{"type":"Point","coordinates":[139.701486,35.625179]},"properties":{"name":"林試の森公園","area_m2":120763,"r_m":196.1,"source":"国土数値情報 P13 都市公園","x":-11942.69,"y":-41576.28}},{"type":"Feature","geometry":{"type":"Point","coordinates":[139.850089,35.692072]},"properties":{"name":"大島小松川公園","area_m2":249283,"r_m":281.7,"source":"国土数値情報 P13 都市公園","x":1516.48,"y":-34163.01}},{"type":"Feature","geometry":{"type":"Point","coordinates":[139.713025,35.675996]},"properties":{"name":"明治公園","area_m2":57309,"r_m":135.1,"source":"国土数値情報 P13 都市公園","x":-10890.51,"y":-35939.87}},{"type":"Feature","geometry":{"type":"Point","coordinates":[139.755991,35.673751]},"properties":{"name":"日比谷公園","area_m2":161637,"r_m":226.8,"source":"国土数値情報 P13 都市公園","x":-7001.38,"y":-36192.93}},{"type":"Feature","geometry":{"type":"Point","coordinates":[139.763199,35.662676]},"properties":{"name":"浜離宮恩賜庭園","area_m2":250216,"r_m":282.2,"source":"国土数値情報 P13 都市公園","x":-6349.76,"y":-37422.07}},{"type":"Feature","geometry":{"type":"Point","coordinates":[139.747827,35.655101]},"properties":{"name":"芝公園","area_m2":136023,"r_m":208.1,"source":"国土数値情報 P13 都市公園","x":-7742.23,"y":-38261.35}},{"type":"Feature","geometry":{"type":"Point","coordinates":[139.759375,35.654924]},"properties":{"name":"旧芝離宮恩賜庭園","area_m2":43175,"r_m":117.2,"source":"国土数値情報 P13 都市公園","x":-6696.57,"y":-38281.79}},{"type":"Feature","geometry":{"type":"Point","coordinates":[139.772028,35.633614]},"properties":{"name":"台場公園","area_m2":29963,"r_m":97.7,"source":"国土数値情報 P13 都市公園","x":-5552.45,"y":-40646.78}},{"type":"Feature","geometry":{"type":"Point","coordinates":[139.724698,35.66369]},"properties":{"name":"青山公園","area_m2":38465,"r_m":110.7,"source":"国土数値情報 P13 都市公園","x":-9835.37,"y":-37306.46}},{"type":"Feature","geometry":{"type":"Point","coordinates":[139.713533,35.704296]},"properties":{"name":"戸山公園","area_m2":186807,"r_m":243.8,"source":"国土数値情報 P13 都市公園","x":-10840.74,"y":-32800.36}},{"type":"Feature","geometry":{"type":"Point","coordinates":[139.749639,35.7055]},"properties":{"name":"小石川後楽園","area_m2":70847,"r_m":150.2,"source":"国土数値情報 P13 都市公園","x":-7573.42,"y":-32670.15}},{"type":"Feature","geometry":{"type":"Point","coordinates":[139.746259,35.732265]},"properties":{"name":"六義園","area_m2":87809,"r_m":167.2,"source":"国土数値情報 P13 都市公園","x":-7876.58,"y":-29700.52}},{"type":"Feature","geometry":{"type":"Point","coordinates":[139.774239,35.713783]},"properties":{"name":"上野恩賜公園","area_m2":538507,"r_m":414.0,"source":"国土数値情報 P13 都市公園","x":-5346.77,"y":-31752.84}},{"type":"Feature","geometry":{"type":"Point","coordinates":[139.767411,35.709499]},"properties":{"name":"旧岩崎邸庭園","area_m2":18235,"r_m":76.2,"source":"国土数値情報 P13 都市公園","x":-5964.96,"y":-32227.74}},{"type":"Feature","geometry":{"type":"Point","coordinates":[139.796418,35.699402]},"properties":{"name":"横網町公園","area_m2":19580,"r_m":78.9,"source":"国土数値情報 P13 都市公園","x":-3340.72,"y":-33349.24}},{"type":"Feature","geometry":{"type":"Point","coordinates":[139.81548,35.72305]},"properties":{"name":"向島百花園","area_m2":10886,"r_m":58.9,"source":"国土数値情報 P13 都市公園","x":-1615.17,"y":-30726.17}},{"type":"Feature","geometry":{"type":"Point","coordinates":[139.81453,35.73306]},"properties":{"name":"東白鬚公園","area_m2":103128,"r_m":181.2,"source":"国土数値情報 P13 都市公園","x":-1700.9,"y":-29615.61}},{"type":"Feature","geometry":{"type":"Point","coordinates":[139.819116,35.690723]},"properties":{"name":"猿江恩賜公園","area_m2":145088,"r_m":214.9,"source":"国土数値情報 P13 都市公園","x":-1286.7,"y":-34312.69}},{"type":"Feature","geometry":{"type":"Point","coordinates":[139.796497,35.680149]},"properties":{"name":"清澄庭園","area_m2":81091,"r_m":160.7,"source":"国土数値情報 P13 都市公園","x":-3334.35,"y":-35485.22}},{"type":"Feature","geometry":{"type":"Point","coordinates":[139.823302,35.649723]},"properties":{"name":"夢の島公園","area_m2":433212,"r_m":371.3,"source":"国土数値情報 P13 都市公園","x":-908.34,"y":-38861.32}},{"type":"Feature","geometry":{"type":"Point","coordinates":[139.808554,35.677298]},"properties":{"name":"木場公園","area_m2":241603,"r_m":277.3,"source":"国土数値情報 P13 都市公園","x":-2243.03,"y":-35801.86}},{"type":"Feature","geometry":{"type":"Point","coordinates":[139.768834,35.62391]},"properties":{"name":"潮風公園","area_m2":154940,"r_m":222.1,"source":"国土数値情報 P13 都市公園","x":-5842.43,"y":-41723.12}},{"type":"Feature","geometry":{"type":"Point","coordinates":[139.612446,35.661614]},"properties":{"name":"蘆花恒春園","area_m2":80304,"r_m":159.9,"source":"国土数値情報 P13 都市公園","x":-19998.77,"y":-37519.68}},{"type":"Feature","geometry":{"type":"Point","coordinates":[139.836225,35.70104]},"properties":{"name":"亀戸中央公園","area_m2":103027,"r_m":181.1,"source":"国土数値情報 P13 都市公園","x":261.65,"y":-33168.15}},{"type":"Feature","geometry":{"type":"Point","coordinates":[139.621609,35.629149]},"properties":{"name":"砧公園","area_m2":391777,"r_m":353.1,"source":"国土数値情報 P13 都市公園","x":-19176.89,"y":-41123.2}},{"type":"Feature","geometry":{"type":"Point","coordinates":[139.598914,35.654007]},"properties":{"name":"祖師谷公園","area_m2":88694,"r_m":168.0,"source":"国土数値情報 P13 都市公園","x":-21225.94,"y":-38360.79}},{"type":"Feature","geometry":{"type":"Point","coordinates":[139.572353,35.700732]},"properties":{"name":"井の頭恩賜公園","area_m2":385308,"r_m":350.2,"source":"国土数値情報 P13 都市公園","x":-23617.17,"y":-33170.95}},{"type":"Feature","geometry":{"type":"Point","coordinates":[139.628384,35.763124]},"properties":{"name":"光が丘公園","area_m2":607824,"r_m":439.9,"source":"国土数値情報 P13 都市公園","x":-18532.29,"y":-26261.06}},{"type":"Feature","geometry":{"type":"Point","coordinates":[139.692639,35.794396]},"properties":{"name":"浮間公園","area_m2":117330,"r_m":193.3,"source":"国土数値情報 P13 都市公園","x":-12717.06,"y":-22801.82}},{"type":"Feature","geometry":{"type":"Point","coordinates":[139.672787,35.756799]},"properties":{"name":"城北中央公園","area_m2":260338,"r_m":287.9,"source":"国土数値情報 P13 都市公園","x":-14518.34,"y":-26970.23}},{"type":"Feature","geometry":{"type":"Point","coordinates":[139.691803,35.671942]},"properties":{"name":"代々木公園","area_m2":540529,"r_m":414.8,"source":"国土数値情報 P13 都市公園","x":-12812.24,"y":-36387.08}},{"type":"Feature","geometry":{"type":"Point","coordinates":[139.590492,35.714906]},"properties":{"name":"善福寺公園","area_m2":78622,"r_m":158.2,"source":"国土数値情報 P13 都市公園","x":-21971.82,"y":-31602.68}},{"type":"Feature","geometry":{"type":"Point","coordinates":[139.632662,35.695056]},"properties":{"name":"善福寺川緑地","area_m2":184083,"r_m":242.1,"source":"国土数値情報 P13 都市公園","x":-18160.82,"y":-33813.49}},{"type":"Feature","geometry":{"type":"Point","coordinates":[139.641414,35.684254]},"properties":{"name":"和田堀公園","area_m2":227510,"r_m":269.1,"source":"国土数値情報 P13 都市公園","x":-17371.16,"y":-35013.45}},{"type":"Feature","geometry":{"type":"Point","coordinates":[139.746342,35.742491]},"properties":{"name":"旧古河庭園","area_m2":30781,"r_m":99.0,"source":"国土数値情報 P13 都市公園","x":-7868.06,"y":-28565.96}},{"type":"Feature","geometry":{"type":"Point","coordinates":[139.775702,35.751467]},"properties":{"name":"尾久の原公園","area_m2":61841,"r_m":140.3,"source":"国土数値情報 P13 都市公園","x":-5211.96,"y":-27572.07}},{"type":"Feature","geometry":{"type":"Point","coordinates":[139.809628,35.736585]},"properties":{"name":"汐入公園","area_m2":129034,"r_m":202.7,"source":"国土数値情報 P13 都市公園","x":-2144.26,"y":-29224.46}},{"type":"Feature","geometry":{"type":"Point","coordinates":[139.656554,35.784688]},"properties":{"name":"赤塚公園","area_m2":254185,"r_m":284.4,"source":"国土数値情報 P13 都市公園","x":-15980.67,"y":-23873.54}},{"type":"Feature","geometry":{"type":"Point","coordinates":[139.597745,35.738899]},"properties":{"name":"石神井公園","area_m2":201375,"r_m":253.2,"source":"国土数値情報 P13 都市公園","x":-21309.17,"y":-28942.35}},{"type":"Feature","geometry":{"type":"Point","coordinates":[139.59757,35.774812]},"properties":{"name":"大泉中央公園","area_m2":103000,"r_m":181.1,"source":"国土数値情報 P13 都市公園","x":-21315.43,"y":-24958.03}},{"type":"Feature","geometry":{"type":"Point","coordinates":[139.832103,35.770269]},"properties":{"name":"東綾瀬公園","area_m2":158970,"r_m":224.9,"source":"国土数値情報 P13 都市公園","x":-111.25,"y":-25487.66}},{"type":"Feature","geometry":{"type":"Point","coordinates":[139.768315,35.797018]},"properties":{"name":"舎人公園","area_m2":612717,"r_m":441.6,"source":"国土数値情報 P13 都市公園","x":-5876.67,"y":-22518.09}},{"type":"Feature","geometry":{"type":"Point","coordinates":[139.845548,35.775836]},"properties":{"name":"中川公園","area_m2":120699,"r_m":196.0,"source":"国土数値情報 P13 都市公園","x":1104.28,"y":-24870.0}},{"type":"Feature","geometry":{"type":"Point","coordinates":[139.869464,35.78514]},"properties":{"name":"水元公園","area_m2":878996,"r_m":529.0,"source":"国土数値情報 P13 都市公園","x":3266.14,"y":-23837.21}},{"type":"Feature","geometry":{"type":"Point","coordinates":[139.899191,35.715684]},"properties":{"name":"篠崎公園","area_m2":299371,"r_m":308.7,"source":"国土数値情報 P13 都市公園","x":5958.66,"y":-31541.5}},{"type":"Feature","geometry":{"type":"Point","coordinates":[139.859875,35.64248]},"properties":{"name":"葛西臨海公園","area_m2":805861,"r_m":506.5,"source":"国土数値情報 P13 都市公園","x":2403.61,"y":-39664.61}},{"type":"Feature","geometry":{"type":"Point","coordinates":[139.86057,35.67429]},"properties":{"name":"宇喜田公園","area_m2":58227,"r_m":136.1,"source":"国土数値情報 P13 都市公園","x":2465.57,"y":-36135.52}},{"type":"Feature","geometry":{"type":"Point","coordinates":[139.558442,35.718879]},"properties":{"name":"武蔵野中央公園","area_m2":100898,"r_m":179.2,"source":"国土数値情報 P13 都市公園","x":-24870.38,"y":-31154.23}},{"type":"Feature","geometry":{"type":"Point","coordinates":[139.549119,35.663769]},"properties":{"name":"神代植物公園","area_m2":476637,"r_m":389.5,"source":"国土数値情報 P13 都市公園","x":-25731.63,"y":-37265.81}},{"type":"Feature","geometry":{"type":"Point","coordinates":[139.74004,35.69062]},"properties":{"name":"東郷元帥記念公園","area_m2":7119,"r_m":47.6,"source":"国土数値情報 P13 都市公園","x":-8443.56,"y":-34320.17}},{"type":"Feature","geometry":{"type":"Point","coordinates":[139.75513,35.69831]},"properties":{"name":"西神田公園","area_m2":2084,"r_m":25.8,"source":"国土数値情報 P13 都市公園","x":-7077.15,"y":-33468.21}},{"type":"Feature","geometry":{"type":"Point","coordinates":[139.763672,35.690084]},"properties":{"name":"神田橋公園","area_m2":1844,"r_m":24.2,"source":"国土数値情報 P13 都市公園","x":-6304.81,"y":-34381.41}},{"type":"Feature","geometry":{"type":"Point","coordinates":[139.76796,35.693015]},"properties":{"name":"神田児童公園","area_m2":2179,"r_m":26.3,"source":"国土数値情報 P13 都市公園","x":-5916.44,"y":-34056.54}},{"type":"Feature","geometry":{"type":"Point","coordinates":[139.760444,35.697708]},"properties":{"name":"錦華公園","area_m2":2759,"r_m":29.6,"source":"国土数値情報 P13 都市公園","x":-6596.28,"y":-33535.42}},{"type":"Feature","geometry":{"type":"Point","coordinates":[139.76688,35.69761]},"properties":{"name":"淡路公園","area_m2":2500,"r_m":28.2,"source":"国土数値情報 P13 都市公園","x":-6013.87,"y":-33546.66}},{"type":"Feature","geometry":{"type":"Point","coordinates":[139.767213,35.70232]},"properties":{"name":"宮本公園","area_m2":3312,"r_m":32.5,"source":"国土数値情報 P13 都市公園","x":-5983.35,"y":-33024.11}},{"type":"Feature","geometry":{"type":"Point","coordinates":[139.76996,35.70175]},"properties":{"name":"芳林公園","area_m2":1954,"r_m":24.9,"source":"国土数値情報 P13 都市公園","x":-5734.84,"y":-33087.54}},{"type":"Feature","geometry":{"type":"Point","coordinates":[139.77081,35.70415]},"properties":{"name":"練成公園","area_m2":1993,"r_m":25.2,"source":"国土数値情報 P13 都市公園","x":-5657.75,"y":-32821.33}},{"type":"Feature","geometry":{"type":"Point","coordinates":[139.779258,35.697407]},"properties":{"name":"佐久間公園","area_m2":1050,"r_m":18.3,"source":"国土数値情報 P13 都市公園","x":-4893.73,"y":-33569.89}},{"type":"Feature","geometry":{"type":"Point","coordinates":[139.76988,35.68654]},"properties":{"name":"常盤橋公園","area_m2":2935,"r_m":30.6,"source":"国土数値情報 P13 都市公園","x":-5743.17,"y":-34774.97}},{"type":"Feature","geometry":{"type":"Point","coordinates":[139.748022,35.698782]},"properties":{"name":"富士見一丁目公園","area_m2":623,"r_m":14.1,"source":"国土数値情報 P13 都市公園","x":-7720.33,"y":-33415.28}},{"type":"Feature","geometry":{"type":"Point","coordinates":[139.75642,35.697018]},"properties":{"name":"神保町二丁目公園","area_m2":400,"r_m":11.3,"source":"国土数値情報 P13 都市公園","x":-6960.55,"y":-33611.7}},{"type":"Feature","geometry":{"type":"Point","coordinates":[139.779211,35.699011]},"properties":{"name":"和泉公園","area_m2":4607,"r_m":38.3,"source":"国土数値情報 P13 都市公園","x":-4897.86,"y":-33391.89}},{"type":"Feature","geometry":{"type":"Point","coordinates":[139.77448,35.69783]},"properties":{"name":"秋葉原公園","area_m2":704,"r_m":15.0,"source":"国土数値情報 P13 都市公園","x":-5326.07,"y":-33522.69}},{"type":"Feature","geometry":{"type":"Point","coordinates":[139.766111,35.690182]},"properties":{"name":"内神田公園","area_m2":386,"r_m":11.1,"source":"国土数値情報 P13 都市公園","x":-6084.07,"y":-34370.73}},{"type":"Feature","geometry":{"type":"Point","coordinates":[139.745253,35.680062]},"properties":{"name":"三宅坂小公園","area_m2":802,"r_m":16.0,"source":"国土数値情報 P13 都市公園","x":-7972.76,"y":-35491.96}},{"type":"Feature","geometry":{"type":"Point","coordinates":[139.77977,35.69321]},"properties":{"name":"龍閑児童公園","area_m2":263,"r_m":9.1,"source":"国土数値情報 P13 都市公園","x":-4847.62,"y":-34035.51}},{"type":"Feature","geometry":{"type":"Point","coordinates":[139.735893,35.681459]},"properties":{"name":"清水谷公園","area_m2":10701,"r_m":58.4,"source":"国土数値情報 P13 都市公園","x":-8819.85,"y":-35336.14}},{"type":"Feature","geometry":{"type":"Point","coordinates":[139.744614,35.684251]},"properties":{"name":"千鳥ヶ淵公園","area_m2":15845,"r_m":71.0,"source":"国土数値情報 P13 都市公園","x":-8030.23,"y":-35027.18}},{"type":"Feature","geometry":{"type":"Point","coordinates":[139.74701,35.69402]},"properties":{"name":"九段坂公園","area_m2":1548,"r_m":22.2,"source":"国土数値情報 P13 都市公園","x":-7812.4,"y":-33943.54}},{"type":"Feature","geometry":{"type":"Point","coordinates":[139.739437,35.694419]},"properties":{"name":"外濠公園","area_m2":38794,"r_m":111.1,"source":"国土数値情報 P13 都市公園","x":-8497.76,"y":-33898.7}},{"type":"Feature","geometry":{"type":"Point","coordinates":[139.777025,35.679923]},"properties":{"name":"坂本町公園","area_m2":5009,"r_m":39.9,"source":"国土数値情報 P13 都市公園","x":-5096.88,"y":-35509.46}},{"type":"Feature","geometry":{"type":"Point","coordinates":[139.78242,35.67636]},"properties":{"name":"越前堀公園","area_m2":3060,"r_m":31.2,"source":"国土数値情報 P13 都市公園","x":-4608.76,"y":-35905.02}},{"type":"Feature","geometry":{"type":"Point","coordinates":[139.779258,35.686778]},"properties":{"name":"堀留公園","area_m2":4097,"r_m":36.1,"source":"国土数値情報 P13 都市公園","x":-4894.38,"y":-34749.12}},{"type":"Feature","geometry":{"type":"Point","coordinates":[139.77159,35.67313]},"properties":{"name":"京橋公園","area_m2":2194,"r_m":26.4,"source":"国土数値情報 P13 都市公園","x":-5589.33,"y":-36262.8}},{"type":"Feature","geometry":{"type":"Point","coordinates":[139.7796,35.67203]},"properties":{"name":"鉄砲洲公園","area_m2":2964,"r_m":30.7,"source":"国土数値情報 P13 都市公園","x":-4864.29,"y":-36385.26}},{"type":"Feature","geometry":{"type":"Point","coordinates":[139.76981,35.674443]},"properties":{"name":"水谷橋公園","area_m2":713,"r_m":15.1,"source":"国土数値情報 P13 都市公園","x":-5750.38,"y":-36117.07}},{"type":"Feature","geometry":{"type":"Point","coordinates":[139.762763,35.672452]},"properties":{"name":"数寄屋橋公園","area_m2":4363,"r_m":37.3,"source":"国土数値情報 P13 都市公園","x":-6388.46,"y":-36337.49}},{"type":"Feature","geometry":{"type":"Point","coordinates":[139.77488,35.668021]},"properties":{"name":"築地公園","area_m2":14039,"r_m":66.8,"source":"国土数値情報 P13 都市公園","x":-5291.88,"y":-36829.74}},{"type":"Feature","geometry":{"type":"Point","coordinates":[139.77451,35.6906]},"properties":{"name":"地蔵橋公園","area_m2":414,"r_m":11.5,"source":"国土数値情報 P13 都市公園","x":-5323.84,"y":-34324.8}},{"type":"Feature","geometry":{"type":"Point","coordinates":[139.78264,35.66162]},"properties":{"name":"月島第一公園","area_m2":3769,"r_m":34.6,"source":"国土数値情報 P13 都市公園","x":-4589.69,"y":-37540.31}},{"type":"Feature","geometry":{"type":"Point","coordinates":[139.776208,35.659298]},"properties":{"name":"月島第二公園","area_m2":5189,"r_m":40.6,"source":"国土数値情報 P13 都市公園","x":-5172.2,"y":-37797.55}},{"type":"Feature","geometry":{"type":"Point","coordinates":[139.769934,35.688152]},"properties":{"name":"常盤公園","area_m2":1420,"r_m":21.3,"source":"国土数値情報 P13 都市公園","x":-5738.21,"y":-34596.14}},{"type":"Feature","geometry":{"type":"Point","coordinates":[139.7774,35.69102]},"properties":{"name":"十思公園","area_m2":2084,"r_m":25.8,"source":"国土数値情報 P13 都市公園","x":-5062.25,"y":-34278.36}},{"type":"Feature","geometry":{"type":"Point","coordinates":[139.787334,35.692341]},"properties":{"name":"千代田公園","area_m2":2183,"r_m":26.4,"source":"国土数値情報 P13 都市公園","x":-4163.1,"y":-34132.23}},{"type":"Feature","geometry":{"type":"Point","coordinates":[139.78415,35.68837]},"properties":{"name":"久松公園","area_m2":4251,"r_m":36.8,"source":"国土数値情報 P13 都市公園","x":-4451.49,"y":-34572.68}},{"type":"Feature","geometry":{"type":"Point","coordinates":[139.78725,35.68347]},"properties":{"name":"蛎殻町公園","area_m2":6924,"r_m":46.9,"source":"国土数値情報 P13 都市公園","x":-4171.13,"y":-35116.48}},{"type":"Feature","geometry":{"type":"Point","coordinates":[139.785577,35.679824]},"properties":{"name":"箱崎公園","area_m2":2436,"r_m":27.8,"source":"国土数値情報 P13 都市公園","x":-4322.77,"y":-35520.81}},{"type":"Feature","geometry":{"type":"Point","coordinates":[139.78002,35.656454]},"properties":{"name":"黎明橋公園","area_m2":6833,"r_m":46.6,"source":"国土数値情報 P13 都市公園","x":-4827.2,"y":-38113.3}},{"type":"Feature","geometry":{"type":"Point","coordinates":[139.77587,35.679507]},"properties":{"name":"楓川公園","area_m2":4196,"r_m":36.5,"source":"国土数値情報 P13 都市公園","x":-5201.5,"y":-35555.5}},{"type":"Feature","geometry":{"type":"Point","coordinates":[139.771118,35.670446]},"properties":{"name":"築地川公園","area_m2":8244,"r_m":51.2,"source":"国土数値情報 P13 都市公園","x":-5632.21,"y":-36560.54}},{"type":"Feature","geometry":{"type":"Point","coordinates":[139.779779,35.668589]},"properties":{"name":"佃大橋公園","area_m2":1185,"r_m":19.4,"source":"国土数値情報 P13 都市公園","x":-4848.29,"y":-36767.02}},{"type":"Feature","geometry":{"type":"Point","coordinates":[139.774883,35.663907]},"properties":{"name":"はとば公園","area_m2":1967,"r_m":25.0,"source":"国土数値情報 P13 都市公園","x":-5291.8,"y":-37286.21}},{"type":"Feature","geometry":{"type":"Point","coordinates":[139.77753,35.6736]},"properties":{"name":"桜川公園","area_m2":5114,"r_m":40.3,"source":"国土数値情報 P13 都市公園","x":-5051.58,"y":-36210.98}},{"type":"Feature","geometry":{"type":"Point","coordinates":[139.76849,35.66609]},"properties":{"name":"市場橋公園","area_m2":1854,"r_m":24.3,"source":"国土数値情報 P13 都市公園","x":-5870.47,"y":-37043.65}},{"type":"Feature","geometry":{"type":"Point","coordinates":[139.791708,35.684828]},"properties":{"name":"中洲公園","area_m2":1031,"r_m":18.1,"source":"国土数値情報 P13 都市公園","x":-3767.58,"y":-34965.93}},{"type":"Feature","geometry":{"type":"Point","coordinates":[139.787227,35.659431]},"properties":{"name":"新月島公園","area_m2":18949,"r_m":77.7,"source":"国土数値情報 P13 都市公園","x":-4174.54,"y":-37783.41}},{"type":"Feature","geometry":{"type":"Point","coordinates":[139.776545,35.666281]},"properties":{"name":"あかつき公園","area_m2":12174,"r_m":62.3,"source":"国土数値情報 P13 都市公園","x":-5141.18,"y":-37022.87}},{"type":"Feature","geometry":{"type":"Point","coordinates":[139.785863,35.671223]},"properties":{"name":"石川島公園","area_m2":32433,"r_m":101.6,"source":"国土数値情報 P13 都市公園","x":-4297.33,"y":-36475.09}},{"type":"Feature","geometry":{"type":"Point","coordinates":[139.788959,35.688254]},"properties":{"name":"隅田川公園","area_m2":46899,"r_m":122.2,"source":"国土数値情報 P13 都市公園","x":-4016.28,"y":-34585.76}},{"type":"Feature","geometry":{"type":"Point","coordinates":[139.78605,35.675779]},"properties":{"name":"佃・新川公園","area_m2":27314,"r_m":93.2,"source":"国土数値情報 P13 都市公園","x":-4280.18,"y":-35969.59}},{"type":"Feature","geometry":{"type":"Point","coordinates":[139.77931,35.67353]},"properties":{"name":"桜川屋上公園","area_m2":2703,"r_m":29.3,"source":"国土数値情報 P13 都市公園","x":-4890.45,"y":-36218.83}},{"type":"Feature","geometry":{"type":"Point","coordinates":[139.78065,35.67092]},"properties":{"name":"湊公園","area_m2":1466,"r_m":21.6,"source":"国土数値情報 P13 都市公園","x":-4769.3,"y":-36508.46}},{"type":"Feature","geometry":{"type":"Point","coordinates":[139.778954,35.666715]},"properties":{"name":"明石町河岸公園","area_m2":4071,"r_m":36.0,"source":"国土数値情報 P13 都市公園","x":-4923.08,"y":-36974.93}},{"type":"Feature","geometry":{"type":"Point","coordinates":[139.783133,35.679732]},"properties":{"name":"箱崎川第一公園","area_m2":1484,"r_m":21.7,"source":"国土数値情報 P13 都市公園","x":-4544.04,"y":-35530.93}},{"type":"Feature","geometry":{"type":"Point","coordinates":[139.78413,35.6804]},"properties":{"name":"箱崎川第二公園","area_m2":2999,"r_m":30.9,"source":"国土数値情報 P13 都市公園","x":-4453.74,"y":-35456.89}},{"type":"Feature","geometry":{"type":"Point","coordinates":[139.791281,35.684675]},"properties":{"name":"あやめ第二公園","area_m2":3512,"r_m":33.4,"source":"国土数値情報 P13 都市公園","x":-3806.24,"y":-34982.89}},{"type":"Feature","geometry":{"type":"Point","coordinates":[139.790659,35.684141]},"properties":{"name":"あやめ第一公園","area_m2":2443,"r_m":27.9,"source":"国土数値情報 P13 都市公園","x":-3862.55,"y":-35042.15}},{"type":"Feature","geometry":{"type":"Point","coordinates":[139.773334,35.65428]},"properties":{"name":"豊海児童公園","area_m2":1133,"r_m":19.0,"source":"国土数値情報 P13 都市公園","x":-5432.77,"y":-38354.1}},{"type":"Feature","geometry":{"type":"Point","coordinates":[139.77185,35.65327]},"properties":{"name":"豊海運動公園","area_m2":19549,"r_m":78.9,"source":"国土数値情報 P13 都市公園","x":-5567.17,"y":-38466.11}},{"type":"Feature","geometry":{"type":"Point","coordinates":[139.78476,35.65775]},"properties":{"name":"晴海第一公園","area_m2":4118,"r_m":36.2,"source":"国土数値情報 P13 都市公園","x":-4397.96,"y":-37969.75}},{"type":"Feature","geometry":{"type":"Point","coordinates":[139.78394,35.658532]},"properties":{"name":"晴海第二公園","area_m2":3106,"r_m":31.4,"source":"国土数値情報 P13 都市公園","x":-4472.16,"y":-37882.94}},{"type":"Feature","geometry":{"type":"Point","coordinates":[139.781898,35.655807]},"properties":{"name":"晴海第三公園","area_m2":1200,"r_m":19.5,"source":"国土数値情報 P13 都市公園","x":-4657.21,"y":-38185.23}},{"type":"Feature","geometry":{"type":"Point","coordinates":[139.785974,35.663713]},"properties":{"name":"佃三丁目公園","area_m2":1877,"r_m":24.4,"source":"国土数値情報 P13 都市公園","x":-4287.68,"y":-37308.29}},{"type":"Feature","geometry":{"type":"Point","coordinates":[139.778383,35.655706]},"properties":{"name":"朝潮運河親水公園","area_m2":3346,"r_m":32.6,"source":"国土数値情報 P13 都市公園","x":-4975.46,"y":-38196.19}},{"type":"Feature","geometry":{"type":"Point","coordinates":[139.7494,35.64683]},"properties":{"name":"本芝公園","area_m2":4542,"r_m":38.0,"source":"国土数値情報 P13 都市公園","x":-7600.58,"y":-39179.07}},{"type":"Feature","geometry":{"type":"Point","coordinates":[139.757573,35.653494]},"properties":{"name":"浜崎公園","area_m2":633,"r_m":14.2,"source":"国土数値情報 P13 都市公園","x":-6859.88,"y":-38440.33}},{"type":"Feature","geometry":{"type":"Point","coordinates":[139.759048,35.658965]},"properties":{"name":"イタリア公園","area_m2":3660,"r_m":34.1,"source":"国土数値情報 P13 都市公園","x":-6725.85,"y":-37833.47}},{"type":"Feature","geometry":{"type":"Point","coordinates":[139.75764,35.66113]},"properties":{"name":"汐留西公園","area_m2":982,"r_m":17.7,"source":"国土数値情報 P13 都市公園","x":-6853.18,"y":-37593.21}},{"type":"Feature","geometry":{"type":"Point","coordinates":[139.75677,35.665351]},"properties":{"name":"桜田公園","area_m2":2671,"r_m":29.2,"source":"国土数値情報 P13 都市公園","x":-6931.56,"y":-37124.89}},{"type":"Feature","geometry":{"type":"Point","coordinates":[139.75462,35.66318]},"properties":{"name":"塩釜公園","area_m2":842,"r_m":16.4,"source":"国土数値情報 P13 都市公園","x":-7126.43,"y":-37365.57}},{"type":"Feature","geometry":{"type":"Point","coordinates":[139.75272,35.66633]},"properties":{"name":"南桜公園","area_m2":3035,"r_m":31.1,"source":"国土数値情報 P13 都市公園","x":-7298.16,"y":-37015.96}},{"type":"Feature","geometry":{"type":"Point","coordinates":[139.738956,35.658211]},"properties":{"name":"狸穴公園","area_m2":1772,"r_m":23.7,"source":"国土数値情報 P13 都市公園","x":-8545.13,"y":-37915.56}},{"type":"Feature","geometry":{"type":"Point","coordinates":[139.730853,35.65037]},"properties":{"name":"本村公園","area_m2":493,"r_m":12.5,"source":"国土数値情報 P13 都市公園","x":-9279.71,"y":-38784.72}},{"type":"Feature","geometry":{"type":"Point","coordinates":[139.72577,35.65228]},"properties":{"name":"有栖川宮記念公園","area_m2":67131,"r_m":146.2,"source":"国土数値情報 P13 都市公園","x":-9739.73,"y":-38572.36}},{"type":"Feature","geometry":{"type":"Point","coordinates":[139.724179,35.656512]},"properties":{"name":"笄公園","area_m2":2441,"r_m":27.9,"source":"国土数値情報 P13 都市公園","x":-9883.31,"y":-38102.69}},{"type":"Feature","geometry":{"type":"Point","coordinates":[139.733771,35.664471]},"properties":{"name":"三河台公園","area_m2":2588,"r_m":28.7,"source":"国土数値情報 P13 都市公園","x":-9013.92,"y":-37220.59}},{"type":"Feature","geometry":{"type":"Point","coordinates":[139.729306,35.658219]},"properties":{"name":"さくら坂公園","area_m2":1540,"r_m":22.1,"source":"国土数値情報 P13 都市公園","x":-9418.81,"y":-37913.79}},{"type":"Feature","geometry":{"type":"Point","coordinates":[139.729703,35.663253]},"properties":{"name":"六本木西公園","area_m2":2187,"r_m":26.4,"source":"国土数値情報 P13 都市公園","x":-9382.3,"y":-37355.37}},{"type":"Feature","geometry":{"type":"Point","coordinates":[139.738935,35.662441]},"properties":{"name":"横川省三記念公園","area_m2":572,"r_m":13.5,"source":"国土数値情報 P13 都市公園","x":-8546.58,"y":-37446.32}},{"type":"Feature","geometry":{"type":"Point","coordinates":[139.73552,35.6545]},"properties":{"name":"網代公園","area_m2":1359,"r_m":20.8,"source":"国土数値情報 P13 都市公園","x":-8856.63,"y":-38326.99}},{"type":"Feature","geometry":{"type":"Point","coordinates":[139.737213,35.653943]},"properties":{"name":"新広尾公園","area_m2":2059,"r_m":25.6,"source":"国土数値情報 P13 都市公園","x":-8703.36,"y":-38388.99}},{"type":"Feature","geometry":{"type":"Point","coordinates":[139.743778,35.655798]},"properties":{"name":"飯倉公園","area_m2":2192,"r_m":26.4,"source":"国土数値情報 P13 都市公園","x":-8108.75,"y":-38183.74}},{"type":"Feature","geometry":{"type":"Point","coordinates":[139.73761,35.65575]},"properties":{"name":"一の橋公園","area_m2":4828,"r_m":39.2,"source":"国土数値情報 P13 都市公園","x":-8667.26,"y":-38188.5}},{"type":"Feature","geometry":{"type":"Point","coordinates":[139.733592,35.672651]},"properties":{"name":"円通寺坂公園","area_m2":1715,"r_m":23.4,"source":"国土数値情報 P13 都市公園","x":-9029.21,"y":-36313.12}},{"type":"Feature","geometry":{"type":"Point","coordinates":[139.733657,35.671045]},"properties":{"name":"一ツ木公園","area_m2":4654,"r_m":38.5,"source":"国土数値情報 P13 都市公園","x":-9023.49,"y":-36491.24}},{"type":"Feature","geometry":{"type":"Point","coordinates":[139.736771,35.670501]},"properties":{"name":"氷川公園","area_m2":3071,"r_m":31.3,"source":"国土数値情報 P13 都市公園","x":-8741.61,"y":-36551.93}},{"type":"Feature","geometry":{"type":"Point","coordinates":[139.72891,35.67371]},"properties":{"name":"高橋是清翁記念公園","area_m2":5321,"r_m":41.2,"source":"国土数値情報 P13 都市公園","x":-9452.91,"y":-36195.21}},{"type":"Feature","geometry":{"type":"Point","coordinates":[139.727789,35.668816]},"properties":{"name":"乃木公園","area_m2":3293,"r_m":32.4,"source":"国土数値情報 P13 都市公園","x":-9554.92,"y":-36737.99}},{"type":"Feature","geometry":{"type":"Point","coordinates":[139.731262,35.666923]},"properties":{"name":"檜町公園","area_m2":16370,"r_m":72.2,"source":"国土数値情報 P13 都市公園","x":-9240.71,"y":-36948.35}},{"type":"Feature","geometry":{"type":"Point","coordinates":[139.724745,35.67079]},"properties":{"name":"青葉公園","area_m2":1003,"r_m":17.9,"source":"国土数値情報 P13 都市公園","x":-9830.23,"y":-36518.75}},{"type":"Feature","geometry":{"type":"Point","coordinates":[139.71897,35.668691]},"properties":{"name":"青山公園","area_m2":9753,"r_m":55.7,"source":"国土数値情報 P13 都市公園","x":-10353.36,"y":-36750.98}},{"type":"Feature","geometry":{"type":"Point","coordinates":[139.740935,35.643691]},"properties":{"name":"亀塚公園","area_m2":9183,"r_m":54.1,"source":"国土数値情報 P13 都市公園","x":-8367.43,"y":-39526.59}},{"type":"Feature","geometry":{"type":"Point","coordinates":[139.739124,35.642312]},"properties":{"name":"三田台公園","area_m2":4638,"r_m":38.4,"source":"国土数値情報 P13 都市公園","x":-8531.61,"y":-39679.5}},{"type":"Feature","geometry":{"type":"Point","coordinates":[139.734852,35.630404]},"properties":{"name":"高輪森の公園","area_m2":4917,"r_m":39.6,"source":"国土数値情報 P13 都市公園","x":-8919.83,"y":-41000.12}},{"type":"Feature","geometry":{"type":"Point","coordinates":[139.735968,35.632541]},"properties":{"name":"高輪公園","area_m2":5958,"r_m":43.5,"source":"国土数値情報 P13 都市公園","x":-8818.47,"y":-40763.21}},{"type":"Feature","geometry":{"type":"Point","coordinates":[139.729414,35.646804]},"properties":{"name":"白金公園","area_m2":1484,"r_m":21.7,"source":"国土数値情報 P13 都市公園","x":-9410.43,"y":-39180.23}},{"type":"Feature","geometry":{"type":"Point","coordinates":[139.756733,35.650895]},"properties":{"name":"新浜公園","area_m2":1183,"r_m":19.4,"source":"国土数値情報 P13 都市公園","x":-6936.19,"y":-38728.62}},{"type":"Feature","geometry":{"type":"Point","coordinates":[139.750501,35.646046]},"properties":{"name":"芝浦公園","area_m2":4320,"r_m":37.1,"source":"国土数値情報 P13 都市公園","x":-7500.98,"y":-39266.15}},{"type":"Feature","geometry":{"type":"Point","coordinates":[139.743405,35.638164]},"properties":{"name":"高浜公園","area_m2":1696,"r_m":23.2,"source":"国土数値情報 P13 都市公園","x":-8144.35,"y":-40139.98}},{"type":"Feature","geometry":{"type":"Point","coordinates":[139.752041,35.640511]},"properties":{"name":"プラタナス公園","area_m2":2500,"r_m":28.2,"source":"国土数値情報 P13 都市公園","x":-7361.98,"y":-39880.35}},{"type":"Feature","geometry":{"type":"Point","coordinates":[139.755192,35.641373]},"properties":{"name":"埠頭公園","area_m2":8935,"r_m":53.3,"source":"国土数値情報 P13 都市公園","x":-7076.53,"y":-39784.91}},{"type":"Feature","geometry":{"type":"Point","coordinates":[139.7421,35.63075]},"properties":{"name":"こうなん星の公園","area_m2":2150,"r_m":26.2,"source":"国土数値情報 P13 都市公園","x":-8263.28,"y":-40962.42}},{"type":"Feature","geometry":{"type":"Point","coordinates":[139.743672,35.624589]},"properties":{"name":"東八ツ山公園","area_m2":3293,"r_m":32.4,"source":"国土数値情報 P13 都市公園","x":-8121.51,"y":-41646.0}},{"type":"Feature","geometry":{"type":"Point","coordinates":[139.74061,35.627515]},"properties":{"name":"汐の公園","area_m2":1501,"r_m":21.9,"source":"国土数値情報 P13 都市公園","x":-8398.58,"y":-41321.23}},{"type":"Feature","geometry":{"type":"Point","coordinates":[139.740669,35.626553]},"properties":{"name":"杜の公園","area_m2":1875,"r_m":24.4,"source":"国土数値情報 P13 都市公園","x":-8393.35,"y":-41427.91}},{"type":"Feature","geometry":{"type":"Point","coordinates":[139.74819,35.630363]},"properties":{"name":"港南和楽公園","area_m2":3801,"r_m":34.8,"source":"国土数値情報 P13 都市公園","x":-7711.74,"y":-41005.86}},{"type":"Feature","geometry":{"type":"Point","coordinates":[139.746439,35.626994]},"properties":{"name":"港南公園","area_m2":6077,"r_m":44.0,"source":"国土数値情報 P13 都市公園","x":-7870.63,"y":-41379.51}},{"type":"Feature","geometry":{"type":"Point","coordinates":[139.751385,35.628183]},"properties":{"name":"港南緑水公園","area_m2":19859,"r_m":79.5,"source":"国土数値情報 P13 都市公園","x":-7422.56,"y":-41247.95}},{"type":"Feature","geometry":{"type":"Point","coordinates":[139.77812,35.632947]},"properties":{"name":"お台場レインボー公園","area_m2":11000,"r_m":59.2,"source":"国土数値情報 P13 都市公園","x":-5000.73,"y":-40721.06}},{"type":"Feature","geometry":{"type":"Point","coordinates":[139.727206,35.701542]},"properties":{"name":"牛込弁天公園","area_m2":2450,"r_m":27.9,"source":"国土数値情報 P13 都市公園","x":-9603.83,"y":-33107.29}},{"type":"Feature","geometry":{"type":"Point","coordinates":[139.73766,35.70375]},"properties":{"name":"白銀公園","area_m2":4410,"r_m":37.5,"source":"国土数値情報 P13 都市公園","x":-8657.54,"y":-32863.29}},{"type":"Feature","geometry":{"type":"Point","coordinates":[139.721963,35.683288]},"properties":{"name":"若葉公園","area_m2":2136,"r_m":26.1,"source":"国土数値情報 P13 都市公園","x":-10080.54,"y":-35131.89}},{"type":"Feature","geometry":{"type":"Point","coordinates":[139.718397,35.69001]},"properties":{"name":"愛住公園","area_m2":2496,"r_m":28.2,"source":"国土数値情報 P13 都市公園","x":-10402.49,"y":-34385.71}},{"type":"Feature","geometry":{"type":"Point","coordinates":[139.701329,35.697391]},"properties":{"name":"大久保公園","area_m2":3273,"r_m":32.3,"source":"国土数値情報 P13 都市公園","x":-11946.1,"y":-33564.99}},{"type":"Feature","geometry":{"type":"Point","coordinates":[139.728293,35.683448]},"properties":{"name":"四谷見附公園","area_m2":3036,"r_m":31.1,"source":"国土数値情報 P13 都市公園","x":-9507.54,"y":-35114.72}},{"type":"Feature","geometry":{"type":"Point","coordinates":[139.702319,35.699348]},"properties":{"name":"西大久保公園","area_m2":2390,"r_m":27.6,"source":"国土数値情報 P13 都市公園","x":-11856.25,"y":-33347.96}},{"type":"Feature","geometry":{"type":"Point","coordinates":[139.724783,35.688358]},"properties":{"name":"三栄公園","area_m2":1324,"r_m":20.5,"source":"国土数値情報 P13 都市公園","x":-9824.7,"y":-34569.71}},{"type":"Feature","geometry":{"type":"Point","coordinates":[139.723009,35.685117]},"properties":{"name":"須賀公園","area_m2":448,"r_m":11.9,"source":"国土数値情報 P13 都市公園","x":-9985.66,"y":-34929.08}},{"type":"Feature","geometry":{"type":"Point","coordinates":[139.700974,35.707611]},"properties":{"name":"西戸山公園","area_m2":22430,"r_m":84.5,"source":"国土数値情報 P13 都市公園","x":-11976.68,"y":-32431.11}},{"type":"Feature","geometry":{"type":"Point","coordinates":[139.71434,35.69029]},"properties":{"name":"花園東公園","area_m2":1220,"r_m":19.7,"source":"国土数値情報 P13 都市公園","x":-10769.6,"y":-34354.26}},{"type":"Feature","geometry":{"type":"Point","coordinates":[139.713504,35.688903]},"properties":{"name":"花園公園","area_m2":3988,"r_m":35.6,"source":"国土数値情報 P13 都市公園","x":-10845.44,"y":-34508.0}},{"type":"Feature","geometry":{"type":"Point","coordinates":[139.709583,35.690059]},"properties":{"name":"新宿公園","area_m2":1542,"r_m":22.2,"source":"国土数値情報 P13 都市公園","x":-11200.19,"y":-34379.41}},{"type":"Feature","geometry":{"type":"Point","coordinates":[139.70248,35.69442]},"properties":{"name":"歌舞伎町公園","area_m2":199,"r_m":8.0,"source":"国土数値情報 P13 都市公園","x":-11842.39,"y":-33894.71}},{"type":"Feature","geometry":{"type":"Point","coordinates":[139.697632,35.694808]},"properties":{"name":"柏木公園","area_m2":1306,"r_m":20.4,"source":"国土数値情報 P13 都市公園","x":-12281.1,"y":-33851.11}},{"type":"Feature","geometry":{"type":"Point","coordinates":[139.723924,35.706199]},"properties":{"name":"鶴巻南公園","area_m2":5576,"r_m":42.1,"source":"国土数値情報 P13 都市公園","x":-9900.24,"y":-32590.31}},{"type":"Feature","geometry":{"type":"Point","coordinates":[139.69048,35.70814]},"properties":{"name":"神田上水公園","area_m2":2824,"r_m":30.0,"source":"国土数値情報 P13 都市公園","x":-12926.2,"y":-32371.04}},{"type":"Feature","geometry":{"type":"Point","coordinates":[139.689341,35.706584]},"properties":{"name":"大東橋公園","area_m2":1501,"r_m":21.9,"source":"国土数値情報 P13 都市公園","x":-13029.52,"y":-32543.55}},{"type":"Feature","geometry":{"type":"Point","coordinates":[139.679764,35.714866]},"properties":{"name":"落合公園","area_m2":9603,"r_m":55.3,"source":"国土数値情報 P13 都市公園","x":-13894.66,"y":-31623.43}},{"type":"Feature","geometry":{"type":"Point","coordinates":[139.689088,35.713855]},"properties":{"name":"上落合公園","area_m2":486,"r_m":12.4,"source":"国土数値情報 P13 都市公園","x":-13051.25,"y":-31736.89}},{"type":"Feature","geometry":{"type":"Point","coordinates":[139.691695,35.71225]},"properties":{"name":"八幡公園","area_m2":1087,"r_m":18.6,"source":"国土数値情報 P13 都市公園","x":-12815.59,"y":-31915.25}},{"type":"Feature","geometry":{"type":"Point","coordinates":[139.692752,35.707073]},"properties":{"name":"北柏木公園","area_m2":5199,"r_m":40.7,"source":"国土数値情報 P13 都市公園","x":-12720.76,"y":-32489.73}},{"type":"Feature","geometry":{"type":"Point","coordinates":[139.711339,35.690687]},"properties":{"name":"花園西公園","area_m2":1022,"r_m":18.0,"source":"国土数値情報 P13 都市公園","x":-11041.13,"y":-34309.9}},{"type":"Feature","geometry":{"type":"Point","coordinates":[139.677336,35.719561]},"properties":{"name":"西落合公園","area_m2":11560,"r_m":60.7,"source":"国土数値情報 P13 都市公園","x":-14113.5,"y":-31102.14}},{"type":"Feature","geometry":{"type":"Point","coordinates":[139.697553,35.72047]},"properties":{"name":"下落合公園","area_m2":971,"r_m":17.6,"source":"国土数値情報 P13 都市公園","x":-12284.29,"y":-31004.1}},{"type":"Feature","geometry":{"type":"Point","coordinates":[139.74226,35.70507]},"properties":{"name":"新小川公園","area_m2":1111,"r_m":18.8,"source":"国土数値情報 P13 都市公園","x":-8241.15,"y":-32717.24}},{"type":"Feature","geometry":{"type":"Point","coordinates":[139.728857,35.683014]},"properties":{"name":"若葉東公園","area_m2":5046,"r_m":40.1,"source":"国土数値情報 P13 都市公園","x":-9456.6,"y":-35162.96}},{"type":"Feature","geometry":{"type":"Point","coordinates":[139.72615,35.68038]},"properties":{"name":"みなみもと町公園","area_m2":9298,"r_m":54.4,"source":"国土数値情報 P13 都市公園","x":-9701.92,"y":-35454.93}},{"type":"Feature","geometry":{"type":"Point","coordinates":[139.689333,35.688821]},"properties":{"name":"新宿中央公園","area_m2":88066,"r_m":167.4,"source":"国土数値情報 P13 都市公園","x":-13033.11,"y":-34514.24}},{"type":"Feature","geometry":{"type":"Point","coordinates":[139.704212,35.703532]},"properties":{"name":"大久保北公園","area_m2":783,"r_m":15.8,"source":"国土数値情報 P13 都市公園","x":-11684.3,"y":-32883.98}},{"type":"Feature","geometry":{"type":"Point","coordinates":[139.727873,35.696413]},"properties":{"name":"加賀公園","area_m2":1327,"r_m":20.6,"source":"国土数値情報 P13 都市公園","x":-9544.08,"y":-33676.36}},{"type":"Feature","geometry":{"type":"Point","coordinates":[139.69614,35.71295]},"properties":{"name":"戸塚公園","area_m2":1700,"r_m":23.3,"source":"国土数値情報 P13 都市公園","x":-12413.29,"y":-31838.16}},{"type":"Feature","geometry":{"type":"Point","coordinates":[139.73108,35.70332]},"properties":{"name":"矢来公園","area_m2":1436,"r_m":21.4,"source":"国土数値情報 P13 都市公園","x":-9253.02,"y":-32910.39}},{"type":"Feature","geometry":{"type":"Point","coordinates":[139.70174,35.71773]},"properties":{"name":"おとめ山公園","area_m2":15054,"r_m":69.2,"source":"国土数値情報 P13 都市公園","x":-11905.89,"y":-31308.55}},{"type":"Feature","geometry":{"type":"Point","coordinates":[139.715925,35.711373]},"properties":{"name":"甘泉園公園","area_m2":14235,"r_m":67.3,"source":"国土数値情報 P13 都市公園","x":-10623.31,"y":-32015.44}},{"type":"Feature","geometry":{"type":"Point","coordinates":[139.706758,35.7109]},"properties":{"name":"諏訪公園","area_m2":1736,"r_m":23.5,"source":"国土数値情報 P13 都市公園","x":-11452.82,"y":-32066.89}},{"type":"Feature","geometry":{"type":"Point","coordinates":[139.704683,35.71313]},"properties":{"name":"高田馬場駅前公園","area_m2":98,"r_m":5.6,"source":"国土数値情報 P13 都市公園","x":-11640.26,"y":-31819.24}},{"type":"Feature","geometry":{"type":"Point","coordinates":[139.69321,35.7128]},"properties":{"name":"落合中央公園","area_m2":21073,"r_m":81.9,"source":"国土数値情報 P13 都市公園","x":-12678.42,"y":-31854.42}},{"type":"Feature","geometry":{"type":"Point","coordinates":[139.68358,35.71144]},"properties":{"name":"上落合西公園","area_m2":1553,"r_m":22.2,"source":"国土数値情報 P13 都市公園","x":-13549.98,"y":-32004.02}},{"type":"Feature","geometry":{"type":"Point","coordinates":[139.718293,35.70371]},"properties":{"name":"戸山東公園","area_m2":947,"r_m":17.4,"source":"国土数値情報 P13 都市公園","x":-10410.1,"y":-32865.88}},{"type":"Feature","geometry":{"type":"Point","coordinates":[139.719614,35.694391]},"properties":{"name":"住吉公園","area_m2":1445,"r_m":21.4,"source":"国土数値情報 P13 都市公園","x":-10291.72,"y":-33899.88}},{"type":"Feature","geometry":{"type":"Point","coordinates":[139.709346,35.695384]},"properties":{"name":"東大久保公園","area_m2":967,"r_m":17.5,"source":"国土数値情報 P13 都市公園","x":-11220.86,"y":-33788.55}},{"type":"Feature","geometry":{"type":"Point","coordinates":[139.704336,35.715914]},"properties":{"name":"清水川橋公園","area_m2":1246,"r_m":19.9,"source":"国土数値情報 P13 都市公園","x":-11671.28,"y":-31510.31}},{"type":"Feature","geometry":{"type":"Point","coordinates":[139.67792,35.72339]},"properties":{"name":"葛ヶ谷公園","area_m2":1010,"r_m":17.9,"source":"国土数値情報 P13 都市公園","x":-14060.01,"y":-30677.46}},{"type":"Feature","geometry":{"type":"Point","coordinates":[139.70427,35.69331]},"properties":{"name":"新宿遊歩道公園","area_m2":2311,"r_m":27.1,"source":"国土数値情報 P13 都市公園","x":-11680.55,"y":-34018.07}},{"type":"Feature","geometry":{"type":"Point","coordinates":[139.738912,35.705767]},"properties":{"name":"東五軒公園","area_m2":799,"r_m":15.9,"source":"国土数値情報 P13 都市公園","x":-8544.08,"y":-32639.58}},{"type":"Feature","geometry":{"type":"Point","coordinates":[139.708135,35.709268]},"properties":{"name":"諏訪の森公園","area_m2":1437,"r_m":21.4,"source":"国土数値情報 P13 都市公園","x":-11328.51,"y":-32248.11}},{"type":"Feature","geometry":{"type":"Point","coordinates":[139.69371,35.720668]},"properties":{"name":"佐伯公園","area_m2":600,"r_m":13.8,"source":"国土数値情報 P13 都市公園","x":-12631.93,"y":-30981.57}},{"type":"Feature","geometry":{"type":"Point","coordinates":[139.723743,35.704821]},"properties":{"name":"早稲田公園","area_m2":806,"r_m":16.0,"source":"国土数値情報 P13 都市公園","x":-9916.73,"y":-32743.11}},{"type":"Feature","geometry":{"type":"Point","coordinates":[139.725725,35.704017]},"properties":{"name":"漱石公園","area_m2":1029,"r_m":18.1,"source":"国土数値情報 P13 都市公園","x":-9737.48,"y":-32832.53}},{"type":"Feature","geometry":{"type":"Point","coordinates":[139.71642,35.70783]},"properties":{"name":"荒井山公園","area_m2":332,"r_m":10.3,"source":"国土数値情報 P13 都市公園","x":-10579.03,"y":-32408.56}},{"type":"Feature","geometry":{"type":"Point","coordinates":[139.723826,35.693397]},"properties":{"name":"仲之公園","area_m2":1641,"r_m":22.9,"source":"国土数値情報 P13 都市公園","x":-9910.67,"y":-34010.52}},{"type":"Feature","geometry":{"type":"Point","coordinates":[139.699463,35.714732]},"properties":{"name":"宮田橋公園","area_m2":1541,"r_m":22.1,"source":"国土数値情報 P13 都市公園","x":-12112.31,"y":-31640.92}},{"type":"Feature","geometry":{"type":"Point","coordinates":[139.690517,35.698222]},"properties":{"name":"蜀江坂公園","area_m2":738,"r_m":15.3,"source":"国土数値情報 P13 都市公園","x":-12924.46,"y":-33471.35}},{"type":"Feature","geometry":{"type":"Point","coordinates":[139.722863,35.681122]},"properties":{"name":"もとまち公園","area_m2":2145,"r_m":26.1,"source":"国土数値情報 P13 都市公園","x":-9999.4,"y":-35372.29}},{"type":"Feature","geometry":{"type":"Point","coordinates":[139.72969,35.70546]},"properties":{"name":"榎町公園","area_m2":739,"r_m":15.3,"source":"国土数値情報 P13 都市公園","x":-9378.6,"y":-32672.85}},{"type":"Feature","geometry":{"type":"Point","coordinates":[139.731121,35.699547]},"properties":{"name":"山伏公園","area_m2":653,"r_m":14.4,"source":"国土数値情報 P13 都市公園","x":-9249.75,"y":-33328.99}},{"type":"Feature","geometry":{"type":"Point","coordinates":[139.691756,35.716955]},"properties":{"name":"中落合公園","area_m2":954,"r_m":17.4,"source":"国土数値情報 P13 都市公園","x":-12809.36,"y":-31393.29}},{"type":"Feature","geometry":{"type":"Point","coordinates":[139.716944,35.684977]},"properties":{"name":"大京公園","area_m2":713,"r_m":15.1,"source":"国土数値情報 P13 都市公園","x":-10534.62,"y":-34943.96}},{"type":"Feature","geometry":{"type":"Point","coordinates":[139.693992,35.718017]},"properties":{"name":"西坂公園","area_m2":1137,"r_m":19.0,"source":"国土数値情報 P13 都市公園","x":-12606.88,"y":-31275.77}},{"type":"Feature","geometry":{"type":"Point","coordinates":[139.67862,35.7259]},"properties":{"name":"西落合北公園","area_m2":1901,"r_m":24.6,"source":"国土数値情報 P13 都市公園","x":-13996.24,"y":-30399.09}},{"type":"Feature","geometry":{"type":"Point","coordinates":[139.680607,35.721076]},"properties":{"name":"西落合東公園","area_m2":394,"r_m":11.2,"source":"国土数値情報 P13 都市公園","x":-13817.35,"y":-30934.54}},{"type":"Feature","geometry":{"type":"Point","coordinates":[139.713331,35.69976]},"properties":{"name":"抜弁天北公園","area_m2":1250,"r_m":19.9,"source":"国土数値情報 P13 都市公園","x":-10859.65,"y":-33303.55}},{"type":"Feature","geometry":{"type":"Point","coordinates":[139.723344,35.700942]},"properties":{"name":"原町公園","area_m2":394,"r_m":11.2,"source":"国土数値情報 P13 都市公園","x":-9953.33,"y":-33173.41}},{"type":"Feature","geometry":{"type":"Point","coordinates":[139.709787,35.713212]},"properties":{"name":"まつ川公園","area_m2":390,"r_m":11.1,"source":"国土数値情報 P13 都市公園","x":-11178.51,"y":-31810.74}},{"type":"Feature","geometry":{"type":"Point","coordinates":[139.68927,35.70247]},"properties":{"name":"北新宿公園","area_m2":6991,"r_m":47.2,"source":"国土数値情報 P13 都市公園","x":-13036.6,"y":-32999.95}},{"type":"Feature","geometry":{"type":"Point","coordinates":[139.73704,35.699257]},"properties":{"name":"中町公園","area_m2":761,"r_m":15.6,"source":"国土数値情報 P13 都市公園","x":-8714.17,"y":-33361.68}},{"type":"Feature","geometry":{"type":"Point","coordinates":[139.70374,35.70857]},"properties":{"name":"大久保三角公園","area_m2":647,"r_m":14.4,"source":"国土数値情報 P13 都市公園","x":-11726.28,"y":-32325.02}},{"type":"Feature","geometry":{"type":"Point","coordinates":[139.694474,35.711054]},"properties":{"name":"小滝公園","area_m2":222,"r_m":8.4,"source":"国土数値情報 P13 都市公園","x":-12564.33,"y":-32048.33}},{"type":"Feature","geometry":{"type":"Point","coordinates":[139.722656,35.68956]},"properties":{"name":"荒木公園","area_m2":301,"r_m":9.8,"source":"国土数値情報 P13 都市公園","x":-10017.03,"y":-34436.15}},{"type":"Feature","geometry":{"type":"Point","coordinates":[139.728953,35.700558]},"properties":{"name":"南榎公園","area_m2":611,"r_m":13.9,"source":"国土数値情報 P13 都市公園","x":-9445.81,"y":-33216.61}},{"type":"Feature","geometry":{"type":"Point","coordinates":[139.68661,35.68494]},"properties":{"name":"角筈公園","area_m2":776,"r_m":15.7,"source":"国土数値情報 P13 都市公園","x":-13280.21,"y":-34944.41}},{"type":"Feature","geometry":{"type":"Point","coordinates":[139.732463,35.697306]},"properties":{"name":"納戸町公園","area_m2":1029,"r_m":18.1,"source":"国土数値情報 P13 都市公園","x":-9128.56,"y":-33577.74}},{"type":"Feature","geometry":{"type":"Point","coordinates":[139.695988,35.703042]},"properties":{"name":"百二公園","area_m2":291,"r_m":9.6,"source":"国土数値情報 P13 都市公園","x":-12428.58,"y":-32937.41}},{"type":"Feature","geometry":{"type":"Point","coordinates":[139.699291,35.712768]},"properties":{"name":"藤兵衛公園","area_m2":628,"r_m":14.1,"source":"国土数値情報 P13 都市公園","x":-12128.18,"y":-31858.7}},{"type":"Feature","geometry":{"type":"Point","coordinates":[139.701356,35.710137]},"properties":{"name":"高田馬場公園","area_m2":1756,"r_m":23.6,"source":"国土数値情報 P13 都市公園","x":-11941.76,"y":-32150.87}},{"type":"Feature","geometry":{"type":"Point","coordinates":[139.720007,35.686872]},"properties":{"name":"左門公園","area_m2":233,"r_m":8.6,"source":"国土数値情報 P13 都市公園","x":-10257.1,"y":-34734.02}},{"type":"Feature","geometry":{"type":"Point","coordinates":[139.69724,35.71801]},"properties":{"name":"下落合野鳥の森公園","area_m2":1547,"r_m":22.2,"source":"国土数値情報 P13 都市公園","x":-12312.98,"y":-31276.93}},{"type":"Feature","geometry":{"type":"Point","coordinates":[139.695855,35.705904]},"properties":{"name":"百人町ふれあい公園","area_m2":6989,"r_m":47.2,"source":"国土数値情報 P13 都市公園","x":-12440.2,"y":-32619.78}},{"type":"Feature","geometry":{"type":"Point","coordinates":[139.70503,35.69969]},"properties":{"name":"小泉八雲記念公園","area_m2":1512,"r_m":21.9,"source":"国土数値情報 P13 都市公園","x":-11610.84,"y":-33310.34}},{"type":"Feature","geometry":{"type":"Point","coordinates":[139.71799,35.71175]},"properties":{"name":"大日坂公園","area_m2":186,"r_m":7.7,"source":"国土数値情報 P13 都市公園","x":-10436.45,"y":-31973.83}},{"type":"Feature","geometry":{"type":"Point","coordinates":[139.740534,35.699476]},"properties":{"name":"若宮公園","area_m2":1368,"r_m":20.9,"source":"国土数値情報 P13 都市公園","x":-8397.92,"y":-33337.72}},{"type":"Feature","geometry":{"type":"Point","coordinates":[139.701351,35.72051]},"properties":{"name":"下落合東公園","area_m2":848,"r_m":16.4,"source":"国土数値情報 P13 都市公園","x":-11940.63,"y":-31000.12}},{"type":"Feature","geometry":{"type":"Point","coordinates":[139.7173,35.69464]},"properties":{"name":"台町すみれ公園","area_m2":135,"r_m":6.6,"source":"国土数値情報 P13 都市公園","x":-10501.13,"y":-33871.98}},{"type":"Feature","geometry":{"type":"Point","coordinates":[139.69002,35.70074]},"properties":{"name":"きたしん公園","area_m2":255,"r_m":9.0,"source":"国土数値情報 P13 都市公園","x":-12969.01,"y":-33191.98}},{"type":"Feature","geometry":{"type":"Point","coordinates":[139.68721,35.71704]},"properties":{"name":"中井東公園","area_m2":538,"r_m":13.1,"source":"国土数値情報 P13 都市公園","x":-13220.61,"y":-31383.24}},{"type":"Feature","geometry":{"type":"Point","coordinates":[139.74222,35.70366]},"properties":{"name":"つくど公園","area_m2":410,"r_m":11.4,"source":"国土数値情報 P13 都市公園","x":-8244.92,"y":-32873.66}},{"type":"Feature","geometry":{"type":"Point","coordinates":[139.73907,35.70206]},"properties":{"name":"寺内公園","area_m2":238,"r_m":8.7,"source":"国土数値情報 P13 都市公園","x":-8530.13,"y":-33050.9}},{"type":"Feature","geometry":{"type":"Point","coordinates":[139.693277,35.718022]},"properties":{"name":"西坂第二公園","area_m2":105,"r_m":5.8,"source":"国土数値情報 P13 都市公園","x":-12671.56,"y":-31275.06}},{"type":"Feature","geometry":{"type":"Point","coordinates":[139.693095,35.718804]},"properties":{"name":"かば公園","area_m2":734,"r_m":15.3,"source":"国土数値情報 P13 都市公園","x":-12687.91,"y":-31188.29}},{"type":"Feature","geometry":{"type":"Point","coordinates":[139.679742,35.719863]},"properties":{"name":"あかね公園","area_m2":570,"r_m":13.5,"source":"国土数値情報 P13 都市公園","x":-13895.79,"y":-31069.01}},{"type":"Feature","geometry":{"type":"Point","coordinates":[139.68634,35.71928]},"properties":{"name":"延寿東流庭園","area_m2":453,"r_m":12.0,"source":"国土数値情報 P13 都市公園","x":-13298.95,"y":-31134.61}},{"type":"Feature","geometry":{"type":"Point","coordinates":[139.71378,35.69285]},"properties":{"name":"富久さくら公園","area_m2":4551,"r_m":38.1,"source":"国土数値情報 P13 都市公園","x":-10819.93,"y":-34070.19}},{"type":"Feature","geometry":{"type":"Point","coordinates":[139.734226,35.700876]},"properties":{"name":"あさひ児童遊園","area_m2":1064,"r_m":18.4,"source":"国土数値情報 P13 都市公園","x":-8968.59,"y":-33181.81}},{"type":"Feature","geometry":{"type":"Point","coordinates":[139.734096,35.691978]},"properties":{"name":"市谷八幡児童遊園","area_m2":71,"r_m":4.8,"source":"国土数値情報 P13 都市公園","x":-8981.34,"y":-34169.01}},{"type":"Feature","geometry":{"type":"Point","coordinates":[139.739145,35.701535]},"properties":{"name":"毘沙門児童遊園","area_m2":77,"r_m":5.0,"source":"国土数値情報 P13 都市公園","x":-8523.41,"y":-33109.13}},{"type":"Feature","geometry":{"type":"Point","coordinates":[139.72765,35.69057]},"properties":{"name":"桝箕児童遊園","area_m2":361,"r_m":10.7,"source":"国土数値情報 P13 都市公園","x":-9564.93,"y":-34324.58}},{"type":"Feature","geometry":{"type":"Point","coordinates":[139.71512,35.684746]},"properties":{"name":"内藤児童遊園","area_m2":132,"r_m":6.5,"source":"国土数値情報 P13 都市公園","x":-10699.76,"y":-34969.41}},{"type":"Feature","geometry":{"type":"Point","coordinates":[139.71587,35.695]},"properties":{"name":"富久町児童遊園","area_m2":377,"r_m":11.0,"source":"国土数値情報 P13 都市公園","x":-10630.5,"y":-33831.89}},{"type":"Feature","geometry":{"type":"Point","coordinates":[139.71583,35.695608]},"properties":{"name":"余丁町児童遊園","area_m2":1454,"r_m":21.5,"source":"国土数値情報 P13 都市公園","x":-10634.04,"y":-33764.48}},{"type":"Feature","geometry":{"type":"Point","coordinates":[139.721581,35.699227]},"properties":{"name":"水野原児童遊園","area_m2":661,"r_m":14.5,"source":"国土数値情報 P13 都市公園","x":-10113.08,"y":-33363.55}},{"type":"Feature","geometry":{"type":"Point","coordinates":[139.714491,35.692151]},"properties":{"name":"西富久児童遊園","area_m2":1879,"r_m":24.5,"source":"国土数値情報 P13 都市公園","x":-10755.68,"y":-34147.86}},{"type":"Feature","geometry":{"type":"Point","coordinates":[139.686377,35.686245]},"properties":{"name":"こばと児童遊園","area_m2":563,"r_m":13.4,"source":"国土数値情報 P13 都市公園","x":-13301.07,"y":-34799.61}},{"type":"Feature","geometry":{"type":"Point","coordinates":[139.71631,35.68815]},"properties":{"name":"大木戸児童遊園","area_m2":1042,"r_m":18.2,"source":"国土数値情報 P13 都市公園","x":-10591.58,"y":-34591.89}},{"type":"Feature","geometry":{"type":"Point","coordinates":[139.71086,35.69615]},"properties":{"name":"天神山児童遊園","area_m2":1249,"r_m":19.9,"source":"国土数値情報 P13 都市公園","x":-11083.75,"y":-33703.75}},{"type":"Feature","geometry":{"type":"Point","coordinates":[139.67365,35.71954]},"properties":{"name":"つづみ児童遊園","area_m2":265,"r_m":9.2,"source":"国土数値情報 P13 都市公園","x":-14447.01,"y":-31103.97}},{"type":"Feature","geometry":{"type":"Point","coordinates":[139.736319,35.707846]},"properties":{"name":"さくら児童遊園","area_m2":146,"r_m":6.8,"source":"国土数値情報 P13 都市公園","x":-8778.4,"y":-32408.73}},{"type":"Feature","geometry":{"type":"Point","coordinates":[139.68573,35.68882]},"properties":{"name":"十二社児童遊園","area_m2":484,"r_m":12.4,"source":"国土数値情報 P13 都市公園","x":-13359.22,"y":-34513.83}},{"type":"Feature","geometry":{"type":"Point","coordinates":[139.70114,35.70904]},"properties":{"name":"ひまわり児童遊園","area_m2":591,"r_m":13.7,"source":"国土数値情報 P13 都市公園","x":-11961.47,"y":-32272.56}},{"type":"Feature","geometry":{"type":"Point","coordinates":[139.693173,35.700464]},"properties":{"name":"さつき児童遊園","area_m2":198,"r_m":7.9,"source":"国土数値情報 P13 都市公園","x":-12683.69,"y":-33223.01}},{"type":"Feature","geometry":{"type":"Point","coordinates":[139.722861,35.703492]},"properties":{"name":"しらゆり児童遊園","area_m2":421,"r_m":11.6,"source":"国土数値情報 P13 都市公園","x":-9996.77,"y":-32890.54}},{"type":"Feature","geometry":{"type":"Point","coordinates":[139.67957,35.72409]},"properties":{"name":"ひばり児童遊園","area_m2":330,"r_m":10.2,"source":"国土数値情報 P13 都市公園","x":-13910.61,"y":-30600.03}},{"type":"Feature","geometry":{"type":"Point","coordinates":[139.69229,35.72111]},"properties":{"name":"みつば児童遊園","area_m2":295,"r_m":9.7,"source":"国土数値情報 P13 都市公園","x":-12760.34,"y":-30932.37}},{"type":"Feature","geometry":{"type":"Point","coordinates":[139.68364,35.714]},"properties":{"name":"みなか児童遊園","area_m2":304,"r_m":9.8,"source":"国土数値情報 P13 都市公園","x":-13544.12,"y":-31720.02}},{"type":"Feature","geometry":{"type":"Point","coordinates":[139.689752,35.721758]},"properties":{"name":"やよい児童遊園","area_m2":534,"r_m":13.0,"source":"国土数値情報 P13 都市公園","x":-12989.89,"y":-30860.13}},{"type":"Feature","geometry":{"type":"Point","coordinates":[139.713412,35.675483]},"properties":{"name":"かすみ児童遊園","area_m2":877,"r_m":16.7,"source":"国土数値情報 P13 都市公園","x":-10855.61,"y":-35996.89}},{"type":"Feature","geometry":{"type":"Point","coordinates":[139.687711,35.69258]},"properties":{"name":"けやき児童遊園","area_m2":707,"r_m":15.0,"source":"国土数値情報 P13 都市公園","x":-13179.34,"y":-34096.91}},{"type":"Feature","geometry":{"type":"Point","coordinates":[139.68544,35.69256]},"properties":{"name":"はごろも児童遊園","area_m2":953,"r_m":17.4,"source":"国土数値情報 P13 都市公園","x":-13384.84,"y":-34098.87}},{"type":"Feature","geometry":{"type":"Point","coordinates":[139.713147,35.708006]},"properties":{"name":"みずき児童遊園","area_m2":303,"r_m":9.8,"source":"国土数値情報 P13 都市公園","x":-10875.15,"y":-32388.73}},{"type":"Feature","geometry":{"type":"Point","coordinates":[139.69823,35.70963]},"properties":{"name":"高田馬場第一児童遊園","area_m2":399,"r_m":11.3,"source":"国土数値情報 P13 都市公園","x":-12224.69,"y":-32206.75}},{"type":"Feature","geometry":{"type":"Point","coordinates":[139.709972,35.699319]},"properties":{"name":"東大久保児童遊園","area_m2":907,"r_m":17.0,"source":"国土数値情報 P13 都市公園","x":-11163.64,"y":-33352.11}},{"type":"Feature","geometry":{"type":"Point","coordinates":[139.69133,35.69564]},"properties":{"name":"なるこ児童遊園","area_m2":222,"r_m":8.4,"source":"国土数値情報 P13 都市公園","x":-12851.28,"y":-33757.95}},{"type":"Feature","geometry":{"type":"Point","coordinates":[139.718136,35.700049]},"properties":{"name":"わかまつ児童遊園","area_m2":349,"r_m":10.5,"source":"国土数値情報 P13 都市公園","x":-10424.74,"y":-33271.94}},{"type":"Feature","geometry":{"type":"Point","coordinates":[139.733179,35.698052]},"properties":{"name":"なんど児童遊園","area_m2":653,"r_m":14.4,"source":"国土数値情報 P13 都市公園","x":-9063.68,"y":-33495.0}},{"type":"Feature","geometry":{"type":"Point","coordinates":[139.68805,35.70081]},"properties":{"name":"すえひろ児童遊園","area_m2":183,"r_m":7.6,"source":"国土数値情報 P13 都市公園","x":-13147.27,"y":-33183.95}},{"type":"Feature","geometry":{"type":"Point","coordinates":[139.711891,35.711586]},"properties":{"name":"西早稲田児童遊園","area_m2":441,"r_m":11.8,"source":"国土数値情報 P13 都市公園","x":-10988.37,"y":-31991.39}},{"type":"Feature","geometry":{"type":"Point","coordinates":[139.733018,35.705018]},"properties":{"name":"あかぎ児童遊園","area_m2":611,"r_m":13.9,"source":"国土数値情報 P13 都市公園","x":-9077.42,"y":-32722.2}},{"type":"Feature","geometry":{"type":"Point","coordinates":[139.70758,35.70278]},"properties":{"name":"西大久保児童遊園","area_m2":307,"r_m":9.9,"source":"国土数値情報 P13 都市公園","x":-11379.64,"y":-32967.83}},{"type":"Feature","geometry":{"type":"Point","coordinates":[139.700537,35.713762]},"properties":{"name":"みやた児童遊園","area_m2":252,"r_m":9.0,"source":"国土数値情報 P13 都市公園","x":-12015.32,"y":-31748.64}},{"type":"Feature","geometry":{"type":"Point","coordinates":[139.6868,35.72221]},"properties":{"name":"中落合西児童遊園","area_m2":197,"r_m":7.9,"source":"国土数値情報 P13 都市公園","x":-13256.84,"y":-30809.61}},{"type":"Feature","geometry":{"type":"Point","coordinates":[139.685254,35.720589]},"properties":{"name":"あおぎり児童遊園","area_m2":157,"r_m":7.1,"source":"国土数値情報 P13 都市公園","x":-13396.99,"y":-30989.22}},{"type":"Feature","geometry":{"type":"Point","coordinates":[139.717229,35.697029]},"properties":{"name":"余丁東児童遊園","area_m2":623,"r_m":14.1,"source":"国土数値情報 P13 都市公園","x":-10507.23,"y":-33606.9}},{"type":"Feature","geometry":{"type":"Point","coordinates":[139.6994,35.7113]},"properties":{"name":"高田馬場駅西児童遊園","area_m2":514,"r_m":12.8,"source":"国土数値情報 P13 都市公園","x":-12118.58,"y":-32021.62}},{"type":"Feature","geometry":{"type":"Point","coordinates":[139.72029,35.68306]},"properties":{"name":"信濃町児童遊園","area_m2":308,"r_m":9.9,"source":"国土数値情報 P13 都市公園","x":-10232.01,"y":-35157.01}},{"type":"Feature","geometry":{"type":"Point","coordinates":[139.72493,35.70345]},"properties":{"name":"早稲田南町児童遊園","area_m2":205,"r_m":8.1,"source":"国土数値情報 P13 都市公園","x":-9809.53,"y":-32895.37}},{"type":"Feature","geometry":{"type":"Point","coordinates":[139.709,35.71045]},"properties":{"name":"高田馬場第二児童遊園","area_m2":306,"r_m":9.9,"source":"国土数値情報 P13 都市公園","x":-11250.07,"y":-32117.06}},{"type":"Feature","geometry":{"type":"Point","coordinates":[139.72079,35.68474]},"properties":{"name":"新左門児童遊園","area_m2":578,"r_m":13.6,"source":"国土数値情報 P13 都市公園","x":-10186.54,"y":-34970.68}},{"type":"Feature","geometry":{"type":"Point","coordinates":[139.724817,35.680991]},"properties":{"name":"出羽坂児童遊園","area_m2":197,"r_m":7.9,"source":"国土数値情報 P13 都市公園","x":-9822.53,"y":-35386.98}},{"type":"Feature","geometry":{"type":"Point","coordinates":[139.69827,35.70241]},"properties":{"name":"つつじの里児童遊園","area_m2":314,"r_m":10.0,"source":"国土数値情報 P13 都市公園","x":-12222.18,"y":-33007.76}},{"type":"Feature","geometry":{"type":"Point","coordinates":[139.68869,35.70394]},"properties":{"name":"しんかいばし児童遊園","area_m2":482,"r_m":12.4,"source":"国土数値情報 P13 都市公園","x":-13088.84,"y":-32836.78}},{"type":"Feature","geometry":{"type":"Point","coordinates":[139.71603,35.69046]},"properties":{"name":"みょうが坂児童遊園","area_m2":515,"r_m":12.8,"source":"国土数値情報 P13 都市公園","x":-10616.62,"y":-34335.59}},{"type":"Feature","geometry":{"type":"Point","coordinates":[139.68721,35.69453]},"properties":{"name":"よどばし児童遊園","area_m2":619,"r_m":14.0,"source":"国土数値情報 P13 都市公園","x":-13224.32,"y":-33880.55}},{"type":"Feature","geometry":{"type":"Point","coordinates":[139.7146,35.68134]},"properties":{"name":"大番児童遊園","area_m2":292,"r_m":9.6,"source":"国土数値情報 P13 都市公園","x":-10747.27,"y":-35347.22}},{"type":"Feature","geometry":{"type":"Point","coordinates":[139.72888,35.708594]},"properties":{"name":"やまぶき児童遊園","area_m2":329,"r_m":10.2,"source":"国土数値情報 P13 都市公園","x":-9451.5,"y":-32325.06}},{"type":"Feature","geometry":{"type":"Point","coordinates":[139.72075,35.69553]},"properties":{"name":"かわだ児童遊園","area_m2":220,"r_m":8.4,"source":"国土数値情報 P13 都市公園","x":-10188.79,"y":-33773.61}},{"type":"Feature","geometry":{"type":"Point","coordinates":[139.715817,35.693976]},"properties":{"name":"中富久児童遊園","area_m2":581,"r_m":13.6,"source":"国土数値情報 P13 都市公園","x":-10635.47,"y":-33945.52}},{"type":"Feature","geometry":{"type":"Point","coordinates":[139.725812,35.686707]},"properties":{"name":"よつや児童遊園","area_m2":246,"r_m":8.8,"source":"国土数値情報 P13 都市公園","x":-9731.77,"y":-34752.94}},{"type":"Feature","geometry":{"type":"Point","coordinates":[139.72531,35.691553]},"properties":{"name":"津の守坂児童遊園","area_m2":296,"r_m":9.7,"source":"国土数値情報 P13 都市公園","x":-9776.61,"y":-34215.3}},{"type":"Feature","geometry":{"type":"Point","coordinates":[139.69922,35.70579]},"properties":{"name":"みどり児童遊園","area_m2":330,"r_m":10.2,"source":"国土数値情報 P13 都市公園","x":-12135.7,"y":-32632.89}},{"type":"Feature","geometry":{"type":"Point","coordinates":[139.72153,35.69253]},"properties":{"name":"みずも児童遊園","area_m2":262,"r_m":9.1,"source":"国土数値情報 P13 都市公園","x":-10118.58,"y":-34106.52}},{"type":"Feature","geometry":{"type":"Point","coordinates":[139.69688,35.70745]},"properties":{"name":"百人町三丁目ポケットパーク１","area_m2":802,"r_m":16.0,"source":"国土数値情報 P13 都市公園","x":-12347.18,"y":-32448.44}},{"type":"Feature","geometry":{"type":"Point","coordinates":[139.69653,35.70724]},"properties":{"name":"百人町三丁目ポケットパーク２","area_m2":131,"r_m":6.5,"source":"国土数値情報 P13 都市公園","x":-12378.89,"y":-32471.69}},{"type":"Feature","geometry":{"type":"Point","coordinates":[139.69875,35.70719]},"properties":{"name":"百人町三丁目ポケットパーク３","area_m2":73,"r_m":4.8,"source":"国土数値情報 P13 都市公園","x":-12178.01,"y":-32477.51}},{"type":"Feature","geometry":{"type":"Point","coordinates":[139.69547,35.70741]},"properties":{"name":"百人町三丁目ポケットパーク４","area_m2":80,"r_m":5.0,"source":"国土数値情報 P13 都市公園","x":-12474.78,"y":-32452.7}},{"type":"Feature","geometry":{"type":"Point","coordinates":[139.69592,35.70699]},"properties":{"name":"百人町三丁目ポケットパーク５","area_m2":51,"r_m":4.0,"source":"国土数値情報 P13 都市公園","x":-12434.12,"y":-32499.35}},{"type":"Feature","geometry":{"type":"Point","coordinates":[139.69731,35.70719]},"properties":{"name":"百人町三丁目ポケットパーク６","area_m2":56,"r_m":4.2,"source":"国土数値情報 P13 都市公園","x":-12308.31,"y":-32477.34}},{"type":"Feature","geometry":{"type":"Point","coordinates":[139.698746,35.707262]},"properties":{"name":"百人町三丁目ポケットパーク７","area_m2":59,"r_m":4.3,"source":"国土数値情報 P13 都市公園","x":-12178.4,"y":-32469.5}},{"type":"Feature","geometry":{"type":"Point","coordinates":[139.69984,35.7067]},"properties":{"name":"百人町三丁目ポケットパーク８","area_m2":54,"r_m":4.1,"source":"国土数値情報 P13 都市公園","x":-12079.46,"y":-32532.01}},{"type":"Feature","geometry":{"type":"Point","coordinates":[139.69966,35.70643]},"properties":{"name":"百人町三丁目ポケットパーク９","area_m2":59,"r_m":4.3,"source":"国土数値情報 P13 都市公園","x":-12095.79,"y":-32561.94}},{"type":"Feature","geometry":{"type":"Point","coordinates":[139.69987,35.7071]},"properties":{"name":"百人町三丁目ポケットパーク１０","area_m2":128,"r_m":6.4,"source":"国土数値情報 P13 都市公園","x":-12076.68,"y":-32487.64}},{"type":"Feature","geometry":{"type":"Point","coordinates":[139.69728,35.70692]},"properties":{"name":"百人町三丁目ポケットパーク１１","area_m2":55,"r_m":4.2,"source":"国土数値情報 P13 都市公園","x":-12311.07,"y":-32507.29}},{"type":"Feature","geometry":{"type":"Point","coordinates":[139.697309,35.707143]},"properties":{"name":"百人町三丁目ポケットパーク１２","area_m2":55,"r_m":4.2,"source":"国土数値情報 P13 都市公園","x":-12308.39,"y":-32482.57}},{"type":"Feature","geometry":{"type":"Point","coordinates":[139.69783,35.7071]},"properties":{"name":"百人町三丁目ポケットパーク１３","area_m2":58,"r_m":4.3,"source":"国土数値情報 P13 都市公園","x":-12261.28,"y":-32487.38}},{"type":"Feature","geometry":{"type":"Point","coordinates":[139.69879,35.70664]},"properties":{"name":"百人町三丁目ポケットパーク１４","area_m2":118,"r_m":6.1,"source":"国土数値情報 P13 都市公園","x":-12174.48,"y":-32538.54}},{"type":"Feature","geometry":{"type":"Point","coordinates":[139.699543,35.706438]},"properties":{"name":"百人町三丁目ポケットパーク１５","area_m2":119,"r_m":6.2,"source":"国土数値情報 P13 都市公園","x":-12106.4,"y":-32561.03}},{"type":"Feature","geometry":{"type":"Point","coordinates":[139.699658,35.706486]},"properties":{"name":"百人町三丁目ポケットパーク１６","area_m2":237,"r_m":8.7,"source":"国土数値情報 P13 都市公園","x":-12095.91,"y":-32555.75}},{"type":"Feature","geometry":{"type":"Point","coordinates":[139.731783,35.72394]},"properties":{"name":"大塚公園","area_m2":15377,"r_m":70.0,"source":"国土数値情報 P13 都市公園","x":-9187.0,"y":-30622.83}},{"type":"Feature","geometry":{"type":"Point","coordinates":[139.758179,35.702413]},"properties":{"name":"元町公園","area_m2":3520,"r_m":33.5,"source":"国土数値情報 P13 都市公園","x":-6800.89,"y":-33013.28}},{"type":"Feature","geometry":{"type":"Point","coordinates":[139.7623,35.72655]},"properties":{"name":"須藤公園","area_m2":4825,"r_m":39.2,"source":"国土数値情報 P13 都市公園","x":-6426.02,"y":-30335.69}},{"type":"Feature","geometry":{"type":"Point","coordinates":[139.757463,35.730645]},"properties":{"name":"駒込公園","area_m2":1913,"r_m":24.7,"source":"国土数値情報 P13 都市公園","x":-6863.27,"y":-29881.09}},{"type":"Feature","geometry":{"type":"Point","coordinates":[139.766597,35.707018]},"properties":{"name":"新花公園","area_m2":1037,"r_m":18.2,"source":"国土数値情報 P13 都市公園","x":-6038.79,"y":-32502.87}},{"type":"Feature","geometry":{"type":"Point","coordinates":[139.754367,35.710227]},"properties":{"name":"清和公園","area_m2":1445,"r_m":21.4,"source":"国土数値情報 P13 都市公園","x":-7145.17,"y":-32146.04}},{"type":"Feature","geometry":{"type":"Point","coordinates":[139.750129,35.722381]},"properties":{"name":"白山公園","area_m2":1590,"r_m":22.5,"source":"国土数値情報 P13 都市公園","x":-7527.5,"y":-30797.32}},{"type":"Feature","geometry":{"type":"Point","coordinates":[139.727042,35.710526]},"properties":{"name":"江戸川公園","area_m2":13204,"r_m":64.8,"source":"国土数値情報 P13 都市公園","x":-9617.53,"y":-32110.51}},{"type":"Feature","geometry":{"type":"Point","coordinates":[139.73616,35.72196]},"properties":{"name":"大塚窪町公園","area_m2":4971,"r_m":39.8,"source":"国土数値情報 P13 都市公園","x":-8791.28,"y":-30842.89}},{"type":"Feature","geometry":{"type":"Point","coordinates":[139.74142,35.71846]},"properties":{"name":"久堅公園","area_m2":939,"r_m":17.3,"source":"国土数値情報 P13 都市公園","x":-8315.77,"y":-31231.65}},{"type":"Feature","geometry":{"type":"Point","coordinates":[139.73962,35.71715]},"properties":{"name":"竹早公園","area_m2":7525,"r_m":48.9,"source":"国土数値情報 P13 都市公園","x":-8478.76,"y":-31376.83}},{"type":"Feature","geometry":{"type":"Point","coordinates":[139.73995,35.720752]},"properties":{"name":"窪町東公園","area_m2":7559,"r_m":49.1,"source":"国土数値情報 P13 都市公園","x":-8448.55,"y":-30977.26}},{"type":"Feature","geometry":{"type":"Point","coordinates":[139.733583,35.721001]},"properties":{"name":"大塚仲町公園","area_m2":1258,"r_m":20.0,"source":"国土数値情報 P13 都市公園","x":-9024.52,"y":-30949.03}},{"type":"Feature","geometry":{"type":"Point","coordinates":[139.75108,35.73234]},"properties":{"name":"富士前公園","area_m2":1965,"r_m":25.0,"source":"国土数値情報 P13 都市公園","x":-7440.5,"y":-29692.53}},{"type":"Feature","geometry":{"type":"Point","coordinates":[139.7511,35.70796]},"properties":{"name":"礫川公園","area_m2":9328,"r_m":54.5,"source":"国土数値情報 P13 都市公園","x":-7440.96,"y":-32397.32}},{"type":"Feature","geometry":{"type":"Point","coordinates":[139.767622,35.708298]},"properties":{"name":"切通公園","area_m2":2775,"r_m":29.7,"source":"国土数値情報 P13 都市公園","x":-5945.89,"y":-32360.9}},{"type":"Feature","geometry":{"type":"Point","coordinates":[139.75424,35.73146]},"properties":{"name":"神明公園","area_m2":2220,"r_m":26.6,"source":"国土数値情報 P13 都市公園","x":-7154.73,"y":-29790.4}},{"type":"Feature","geometry":{"type":"Point","coordinates":[139.75647,35.73177]},"properties":{"name":"動坂公園","area_m2":2771,"r_m":29.7,"source":"国土数値情報 P13 都市公園","x":-6952.98,"y":-29756.17}},{"type":"Feature","geometry":{"type":"Point","coordinates":[139.733641,35.71741]},"properties":{"name":"新大塚公園","area_m2":5728,"r_m":42.7,"source":"国土数値情報 P13 都市公園","x":-9019.67,"y":-31347.47}},{"type":"Feature","geometry":{"type":"Point","coordinates":[139.73915,35.72997]},"properties":{"name":"文京宮下公園","area_m2":3539,"r_m":33.6,"source":"国土数値情報 P13 都市公園","x":-8519.92,"y":-29954.5}},{"type":"Feature","geometry":{"type":"Point","coordinates":[139.75082,35.73426]},"properties":{"name":"神明北公園","area_m2":1049,"r_m":18.3,"source":"国土数値情報 P13 都市公園","x":-7463.84,"y":-29479.5}},{"type":"Feature","geometry":{"type":"Point","coordinates":[139.766316,35.701024]},"properties":{"name":"お茶の水公園","area_m2":1295,"r_m":20.3,"source":"国土数値情報 P13 都市公園","x":-6064.64,"y":-33167.83}},{"type":"Feature","geometry":{"type":"Point","coordinates":[139.74316,35.72472]},"properties":{"name":"千石公園","area_m2":803,"r_m":16.0,"source":"国土数値情報 P13 都市公園","x":-8157.71,"y":-30537.29}},{"type":"Feature","geometry":{"type":"Point","coordinates":[139.728387,35.714658]},"properties":{"name":"関口台公園","area_m2":5225,"r_m":40.8,"source":"国土数値情報 P13 都市公園","x":-9495.35,"y":-31652.25}},{"type":"Feature","geometry":{"type":"Point","coordinates":[139.755068,35.732989]},"properties":{"name":"神明都電車庫跡公園","area_m2":1905,"r_m":24.6,"source":"国土数値情報 P13 都市公園","x":-7079.69,"y":-29620.83}},{"type":"Feature","geometry":{"type":"Point","coordinates":[139.722775,35.712871]},"properties":{"name":"新江戸川公園","area_m2":18547,"r_m":76.8,"source":"国土数値情報 P13 都市公園","x":-10003.33,"y":-31849.99}},{"type":"Feature","geometry":{"type":"Point","coordinates":[139.7372,35.71204]},"properties":{"name":"小日向公園","area_m2":805,"r_m":16.0,"source":"国土数値情報 P13 都市公園","x":-8698.27,"y":-31943.53}},{"type":"Feature","geometry":{"type":"Point","coordinates":[139.746699,35.728043]},"properties":{"name":"駕籠町公園","area_m2":826,"r_m":16.2,"source":"国土数値情報 P13 都市公園","x":-7837.26,"y":-30168.96}},{"type":"Feature","geometry":{"type":"Point","coordinates":[139.746457,35.733134]},"properties":{"name":"六義公園","area_m2":12188,"r_m":62.3,"source":"国土数値情報 P13 都市公園","x":-7858.64,"y":-29604.03}},{"type":"Feature","geometry":{"type":"Point","coordinates":[139.7494,35.70534]},"properties":{"name":"後楽公園","area_m2":5769,"r_m":42.9,"source":"国土数値情報 P13 都市公園","x":-7595.03,"y":-32687.86}},{"type":"Feature","geometry":{"type":"Point","coordinates":[139.75793,35.72888]},"properties":{"name":"千駄木公園","area_m2":770,"r_m":15.7,"source":"国土数値情報 P13 都市公園","x":-6821.16,"y":-30076.89}},{"type":"Feature","geometry":{"type":"Point","coordinates":[139.736321,35.719937]},"properties":{"name":"教育の森公園","area_m2":21171,"r_m":82.1,"source":"国土数値情報 P13 都市公園","x":-8776.9,"y":-31067.33}},{"type":"Feature","geometry":{"type":"Point","coordinates":[139.760753,35.729082]},"properties":{"name":"駒込林町公園","area_m2":853,"r_m":16.5,"source":"国土数値情報 P13 都市公園","x":-6565.8,"y":-30054.71}},{"type":"Feature","geometry":{"type":"Point","coordinates":[139.75554,35.71394]},"properties":{"name":"西片公園","area_m2":788,"r_m":15.8,"source":"国土数値情報 P13 都市公園","x":-7038.67,"y":-31734.21}},{"type":"Feature","geometry":{"type":"Point","coordinates":[139.729306,35.713037]},"properties":{"name":"関口三丁目公園","area_m2":875,"r_m":16.7,"source":"国土数値情報 P13 都市公園","x":-9412.37,"y":-31832.19}},{"type":"Feature","geometry":{"type":"Point","coordinates":[139.74222,35.72615]},"properties":{"name":"千石緑地","area_m2":1244,"r_m":19.9,"source":"国土数値情報 P13 都市公園","x":-8242.6,"y":-30378.56}},{"type":"Feature","geometry":{"type":"Point","coordinates":[139.76428,35.70666]},"properties":{"name":"春木町公園","area_m2":667,"r_m":14.6,"source":"国土数値情報 P13 都市公園","x":-6248.45,"y":-32542.46}},{"type":"Feature","geometry":{"type":"Point","coordinates":[139.727175,35.725161]},"properties":{"name":"大塚坂下町公園","area_m2":1212,"r_m":19.6,"source":"国土数値情報 P13 都市公園","x":-9603.73,"y":-30486.89}},{"type":"Feature","geometry":{"type":"Point","coordinates":[139.721815,35.715333]},"properties":{"name":"目白台運動公園","area_m2":30381,"r_m":98.3,"source":"国土数値情報 P13 都市公園","x":-10089.92,"y":-31576.73}},{"type":"Feature","geometry":{"type":"Point","coordinates":[139.79829,35.72431]},"properties":{"name":"日本堤公園","area_m2":3143,"r_m":31.6,"source":"国土数値情報 P13 都市公園","x":-3170.28,"y":-30585.96}},{"type":"Feature","geometry":{"type":"Point","coordinates":[139.782671,35.699768]},"properties":{"name":"柳北公園","area_m2":2982,"r_m":30.8,"source":"国土数値情報 P13 都市公園","x":-4584.69,"y":-33308.08}},{"type":"Feature","geometry":{"type":"Point","coordinates":[139.79277,35.728472]},"properties":{"name":"東盛公園","area_m2":3777,"r_m":34.7,"source":"国土数値情報 P13 都市公園","x":-3669.48,"y":-30124.07}},{"type":"Feature","geometry":{"type":"Point","coordinates":[139.794063,35.718635]},"properties":{"name":"千束公園","area_m2":2221,"r_m":26.6,"source":"国土数値情報 P13 都市公園","x":-3552.95,"y":-31215.46}},{"type":"Feature","geometry":{"type":"Point","coordinates":[139.779568,35.708941]},"properties":{"name":"西町公園","area_m2":2936,"r_m":30.6,"source":"国土数値情報 P13 都市公園","x":-4864.92,"y":-32290.3}},{"type":"Feature","geometry":{"type":"Point","coordinates":[139.804147,35.724621]},"properties":{"name":"石浜公園","area_m2":2972,"r_m":30.8,"source":"国土数値情報 P13 都市公園","x":-2640.43,"y":-30551.62}},{"type":"Feature","geometry":{"type":"Point","coordinates":[139.789205,35.703627]},"properties":{"name":"精華公園","area_m2":2888,"r_m":30.3,"source":"国土数値情報 P13 都市公園","x":-3993.23,"y":-32880.25}},{"type":"Feature","geometry":{"type":"Point","coordinates":[139.80229,35.72711]},"properties":{"name":"玉姫公園","area_m2":3504,"r_m":33.4,"source":"国土数値情報 P13 都市公園","x":-2808.31,"y":-30275.44}},{"type":"Feature","geometry":{"type":"Point","coordinates":[139.783595,35.716685]},"properties":{"name":"山伏公園","area_m2":1461,"r_m":21.6,"source":"国土数値情報 P13 都市公園","x":-4500.09,"y":-31431.34}},{"type":"Feature","geometry":{"type":"Point","coordinates":[139.787351,35.712181]},"properties":{"name":"松葉公園","area_m2":2972,"r_m":30.8,"source":"国土数値情報 P13 都市公園","x":-4160.54,"y":-31931.15}},{"type":"Feature","geometry":{"type":"Point","coordinates":[139.777443,35.70625]},"properties":{"name":"御徒町公園","area_m2":3312,"r_m":32.5,"source":"国土数値情報 P13 都市公園","x":-5057.41,"y":-32588.76}},{"type":"Feature","geometry":{"type":"Point","coordinates":[139.785593,35.724086]},"properties":{"name":"金杉公園","area_m2":1679,"r_m":23.1,"source":"国土数値情報 P13 都市公園","x":-4318.95,"y":-30610.37}},{"type":"Feature","geometry":{"type":"Point","coordinates":[139.783803,35.7057]},"properties":{"name":"小島公園","area_m2":2796,"r_m":29.8,"source":"国土数値情報 P13 都市公園","x":-4481.91,"y":-32650.0}},{"type":"Feature","geometry":{"type":"Point","coordinates":[139.790148,35.716836]},"properties":{"name":"金竜公園","area_m2":2645,"r_m":29.0,"source":"国土数値情報 P13 都市公園","x":-3907.27,"y":-31414.87}},{"type":"Feature","geometry":{"type":"Point","coordinates":[139.797738,35.71847]},"properties":{"name":"富士公園","area_m2":2406,"r_m":27.7,"source":"国土数値情報 P13 都市公園","x":-3220.41,"y":-31233.87}},{"type":"Feature","geometry":{"type":"Point","coordinates":[139.792816,35.709696]},"properties":{"name":"田原公園","area_m2":1798,"r_m":23.9,"source":"国土数値情報 P13 都市公園","x":-3666.14,"y":-32207.09}},{"type":"Feature","geometry":{"type":"Point","coordinates":[139.792641,35.725527]},"properties":{"name":"一葉記念公園","area_m2":340,"r_m":10.4,"source":"国土数値情報 P13 都市公園","x":-3681.31,"y":-30450.71}},{"type":"Feature","geometry":{"type":"Point","coordinates":[139.799129,35.714241]},"properties":{"name":"花川戸公園","area_m2":5242,"r_m":40.8,"source":"国土数値情報 P13 都市公園","x":-3094.79,"y":-31703.09}},{"type":"Feature","geometry":{"type":"Point","coordinates":[139.779616,35.721175]},"properties":{"name":"鶯谷公園","area_m2":968,"r_m":17.6,"source":"国土数値情報 P13 都市公園","x":-4859.84,"y":-30933.03}},{"type":"Feature","geometry":{"type":"Point","coordinates":[139.780383,35.705796]},"properties":{"name":"竹町公園","area_m2":3732,"r_m":34.5,"source":"国土数値情報 P13 都市公園","x":-4791.36,"y":-32639.17}},{"type":"Feature","geometry":{"type":"Point","coordinates":[139.802517,35.717289]},"properties":{"name":"待乳山聖天公園","area_m2":2724,"r_m":29.4,"source":"国土数値情報 P13 都市公園","x":-2788.15,"y":-31365.02}},{"type":"Feature","geometry":{"type":"Point","coordinates":[139.778546,35.723193]},"properties":{"name":"上根岸公園","area_m2":694,"r_m":14.9,"source":"国土数値情報 P13 都市公園","x":-4956.58,"y":-30709.05}},{"type":"Feature","geometry":{"type":"Point","coordinates":[139.78598,35.71709]},"properties":{"name":"入谷南公園","area_m2":3910,"r_m":35.3,"source":"国土数値情報 P13 都市公園","x":-4284.32,"y":-31386.5}},{"type":"Feature","geometry":{"type":"Point","coordinates":[139.788134,35.721051]},"properties":{"name":"大正公園","area_m2":600,"r_m":13.8,"source":"国土数値情報 P13 都市公園","x":-4089.23,"y":-30947.13}},{"type":"Feature","geometry":{"type":"Point","coordinates":[139.806208,35.721449]},"properties":{"name":"今戸公園","area_m2":893,"r_m":16.9,"source":"国土数値情報 P13 都市公園","x":-2454.02,"y":-30903.56}},{"type":"Feature","geometry":{"type":"Point","coordinates":[139.794654,35.721806]},"properties":{"name":"京町公園","area_m2":618,"r_m":14.0,"source":"国土数値情報 P13 都市公園","x":-3499.32,"y":-30863.6}},{"type":"Feature","geometry":{"type":"Point","coordinates":[139.807183,35.727834]},"properties":{"name":"橋場公園","area_m2":798,"r_m":15.9,"source":"国土数値情報 P13 都市公園","x":-2365.64,"y":-30195.25}},{"type":"Feature","geometry":{"type":"Point","coordinates":[139.7952,35.72501]},"properties":{"name":"吉原公園","area_m2":1584,"r_m":22.5,"source":"国土数値情報 P13 都市公園","x":-3449.79,"y":-30508.19}},{"type":"Feature","geometry":{"type":"Point","coordinates":[139.80566,35.72554]},"properties":{"name":"妙亀塚公園","area_m2":472,"r_m":12.3,"source":"国土数値情報 P13 都市公園","x":-2503.5,"y":-30449.71}},{"type":"Feature","geometry":{"type":"Point","coordinates":[139.792944,35.722232]},"properties":{"name":"花園公園","area_m2":1021,"r_m":18.0,"source":"国土数値情報 P13 都市公園","x":-3653.99,"y":-30816.32}},{"type":"Feature","geometry":{"type":"Point","coordinates":[139.785625,35.725555]},"properties":{"name":"根岸公園","area_m2":400,"r_m":11.3,"source":"国土数値情報 P13 都市公園","x":-4315.98,"y":-30447.38}},{"type":"Feature","geometry":{"type":"Point","coordinates":[139.769101,35.720131]},"properties":{"name":"谷中清水町公園","area_m2":738,"r_m":15.3,"source":"国土数値情報 P13 都市公園","x":-5811.25,"y":-31048.23}},{"type":"Feature","geometry":{"type":"Point","coordinates":[139.766592,35.726392]},"properties":{"name":"岡倉天心記念公園","area_m2":710,"r_m":15.0,"source":"国土数値情報 P13 都市公園","x":-6037.77,"y":-30353.45}},{"type":"Feature","geometry":{"type":"Point","coordinates":[139.79672,35.72813]},"properties":{"name":"堤児童公園","area_m2":376,"r_m":10.9,"source":"国土数値情報 P13 都市公園","x":-3312.16,"y":-30162.1}},{"type":"Feature","geometry":{"type":"Point","coordinates":[139.80376,35.72747]},"properties":{"name":"清川公園","area_m2":719,"r_m":15.1,"source":"国土数値情報 P13 都市公園","x":-2675.32,"y":-30235.54}},{"type":"Feature","geometry":{"type":"Point","coordinates":[139.803635,35.715916]},"properties":{"name":"隅田公園","area_m2":106615,"r_m":184.2,"source":"国土数値情報 P13 都市公園","x":-2686.98,"y":-31517.38}},{"type":"Feature","geometry":{"type":"Point","coordinates":[139.770587,35.727079]},"properties":{"name":"天王寺公園","area_m2":1102,"r_m":18.7,"source":"国土数値情報 P13 都市公園","x":-5676.29,"y":-30277.53}},{"type":"Feature","geometry":{"type":"Point","coordinates":[139.78778,35.7234]},"properties":{"name":"弁天院公園","area_m2":508,"r_m":12.7,"source":"国土数値情報 P13 都市公園","x":-4121.14,"y":-30686.53}},{"type":"Feature","geometry":{"type":"Point","coordinates":[139.79648,35.722]},"properties":{"name":"千草公園","area_m2":457,"r_m":12.1,"source":"国土数値情報 P13 都市公園","x":-3334.12,"y":-30842.18}},{"type":"Feature","geometry":{"type":"Point","coordinates":[139.80023,35.7212]},"properties":{"name":"山谷堀公園","area_m2":7616,"r_m":49.2,"source":"国土数値情報 P13 都市公園","x":-2994.89,"y":-30931.05}},{"type":"Feature","geometry":{"type":"Point","coordinates":[139.78928,35.71396]},"properties":{"name":"西浅草川村公園","area_m2":636,"r_m":14.2,"source":"国土数値情報 P13 都市公園","x":-3985.91,"y":-31733.89}},{"type":"Feature","geometry":{"type":"Point","coordinates":[139.78612,35.71857]},"properties":{"name":"松が谷公園","area_m2":340,"r_m":10.4,"source":"国土数値情報 P13 都市公園","x":-4271.57,"y":-31222.31}},{"type":"Feature","geometry":{"type":"Point","coordinates":[139.78699,35.70849]},"properties":{"name":"菊屋橋公園","area_m2":498,"r_m":12.6,"source":"国土数値情報 P13 都市公園","x":-4193.39,"y":-32340.65}},{"type":"Feature","geometry":{"type":"Point","coordinates":[139.784442,35.725596]},"properties":{"name":"金曽木公園","area_m2":1023,"r_m":18.0,"source":"国土数値情報 P13 都市公園","x":-4422.96,"y":-30442.76}},{"type":"Feature","geometry":{"type":"Point","coordinates":[139.785225,35.696171]},"properties":{"name":"浅草橋公園","area_m2":497,"r_m":12.6,"source":"国土数値情報 P13 都市公園","x":-4353.72,"y":-33707.23}},{"type":"Feature","geometry":{"type":"Point","coordinates":[139.789173,35.700167]},"properties":{"name":"御蔵前公園","area_m2":864,"r_m":16.6,"source":"国土数値情報 P13 都市公園","x":-3996.3,"y":-33264.12}},{"type":"Feature","geometry":{"type":"Point","coordinates":[139.78993,35.70683]},"properties":{"name":"済美公園","area_m2":410,"r_m":11.4,"source":"国土数値情報 P13 都市公園","x":-3927.44,"y":-32524.93}},{"type":"Feature","geometry":{"type":"Point","coordinates":[139.78761,35.71723]},"properties":{"name":"松が谷梅園公園","area_m2":446,"r_m":11.9,"source":"国土数値情報 P13 都市公園","x":-4136.84,"y":-31371.04}},{"type":"Feature","geometry":{"type":"Point","coordinates":[139.80211,35.72052]},"properties":{"name":"吉野公園","area_m2":555,"r_m":13.3,"source":"国土数値情報 P13 都市公園","x":-2824.83,"y":-31006.55}},{"type":"Feature","geometry":{"type":"Point","coordinates":[139.79405,35.69342]},"properties":{"name":"本所松坂町公園","area_m2":98,"r_m":5.6,"source":"国土数値情報 P13 都市公園","x":-3555.23,"y":-34012.83}},{"type":"Feature","geometry":{"type":"Point","coordinates":[139.795997,35.693535]},"properties":{"name":"両国公園","area_m2":2969,"r_m":30.7,"source":"国土数値情報 P13 都市公園","x":-3379.06,"y":-34000.13}},{"type":"Feature","geometry":{"type":"Point","coordinates":[139.807663,35.691036]},"properties":{"name":"菊川公園","area_m2":2975,"r_m":30.8,"source":"国土数値情報 P13 都市公園","x":-2323.34,"y":-34277.71}},{"type":"Feature","geometry":{"type":"Point","coordinates":[139.80282,35.68943]},"properties":{"name":"中和公園","area_m2":2976,"r_m":30.8,"source":"国土数値情報 P13 都市公園","x":-2761.64,"y":-34455.81}},{"type":"Feature","geometry":{"type":"Point","coordinates":[139.81163,35.69388]},"properties":{"name":"江東橋公園","area_m2":2180,"r_m":26.3,"source":"国土数値情報 P13 都市公園","x":-1964.19,"y":-33962.29}},{"type":"Feature","geometry":{"type":"Point","coordinates":[139.81711,35.69339]},"properties":{"name":"竪川第一公園","area_m2":4940,"r_m":39.7,"source":"国土数値情報 P13 都市公園","x":-1468.25,"y":-34016.75}},{"type":"Feature","geometry":{"type":"Point","coordinates":[139.81638,35.69475]},"properties":{"name":"錦糸堀公園","area_m2":1680,"r_m":23.1,"source":"国土数値情報 P13 都市公園","x":-1534.29,"y":-33865.85}},{"type":"Feature","geometry":{"type":"Point","coordinates":[139.793687,35.698234]},"properties":{"name":"旧安田庭園","area_m2":14242,"r_m":67.3,"source":"国土数値情報 P13 都市公園","x":-3587.84,"y":-33478.73}},{"type":"Feature","geometry":{"type":"Point","coordinates":[139.80046,35.69659]},"properties":{"name":"緑町公園","area_m2":6117,"r_m":44.1,"source":"国土数値情報 P13 都市公園","x":-2975.0,"y":-33661.35}},{"type":"Feature","geometry":{"type":"Point","coordinates":[139.80424,35.69863]},"properties":{"name":"日進公園","area_m2":2749,"r_m":29.6,"source":"国土数値情報 P13 都市公園","x":-2632.84,"y":-33435.14}},{"type":"Feature","geometry":{"type":"Point","coordinates":[139.80153,35.70252]},"properties":{"name":"若宮公園","area_m2":4594,"r_m":38.2,"source":"国土数値情報 P13 都市公園","x":-2877.95,"y":-33003.5}},{"type":"Feature","geometry":{"type":"Point","coordinates":[139.80672,35.706785]},"properties":{"name":"横川公園","area_m2":2850,"r_m":30.1,"source":"国土数値情報 P13 都市公園","x":-2408.2,"y":-32530.46}},{"type":"Feature","geometry":{"type":"Point","coordinates":[139.799017,35.70879]},"properties":{"name":"吾妻橋公園","area_m2":2993,"r_m":30.9,"source":"国土数値情報 P13 都市公園","x":-3105.12,"y":-32307.84}},{"type":"Feature","geometry":{"type":"Point","coordinates":[139.81644,35.69903]},"properties":{"name":"錦糸公園","area_m2":56124,"r_m":133.7,"source":"国土数値情報 P13 都市公園","x":-1528.78,"y":-33391.02}},{"type":"Feature","geometry":{"type":"Point","coordinates":[139.81235,35.70635]},"properties":{"name":"業平公園","area_m2":3339,"r_m":32.6,"source":"国土数値情報 P13 都市公園","x":-1898.73,"y":-32578.85}},{"type":"Feature","geometry":{"type":"Point","coordinates":[139.809996,35.721298]},"properties":{"name":"銅像堀公園","area_m2":12702,"r_m":63.6,"source":"国土数値情報 P13 都市公園","x":-2111.38,"y":-30920.4}},{"type":"Feature","geometry":{"type":"Point","coordinates":[139.81718,35.70934]},"properties":{"name":"押上公園","area_m2":3022,"r_m":31.0,"source":"国土数値情報 P13 都市公園","x":-1461.62,"y":-32247.22}},{"type":"Feature","geometry":{"type":"Point","coordinates":[139.823483,35.712895]},"properties":{"name":"原公園","area_m2":837,"r_m":16.3,"source":"国土数値情報 P13 都市公園","x":-891.22,"y":-31852.87}},{"type":"Feature","geometry":{"type":"Point","coordinates":[139.82385,35.71022]},"properties":{"name":"あずま百樹園","area_m2":3577,"r_m":33.7,"source":"国土数値情報 P13 都市公園","x":-858.08,"y":-32149.67}},{"type":"Feature","geometry":{"type":"Point","coordinates":[139.82175,35.70881]},"properties":{"name":"文花公園","area_m2":3125,"r_m":31.5,"source":"国土数値情報 P13 都市公園","x":-1048.12,"y":-32306.07}},{"type":"Feature","geometry":{"type":"Point","coordinates":[139.83058,35.72422]},"properties":{"name":"吾嬬西公園","area_m2":4266,"r_m":36.8,"source":"国土数値情報 P13 都市公園","x":-249.09,"y":-30596.51}},{"type":"Feature","geometry":{"type":"Point","coordinates":[139.83205,35.71207]},"properties":{"name":"中川公園","area_m2":1818,"r_m":24.1,"source":"国土数値情報 P13 都市公園","x":-116.12,"y":-31944.46}},{"type":"Feature","geometry":{"type":"Point","coordinates":[139.83069,35.71625]},"properties":{"name":"新平井橋公園","area_m2":4053,"r_m":35.9,"source":"国土数値情報 P13 都市公園","x":-239.16,"y":-31480.72}},{"type":"Feature","geometry":{"type":"Point","coordinates":[139.796015,35.704014]},"properties":{"name":"隅田川緑道","area_m2":23182,"r_m":85.9,"source":"国土数値情報 P13 都市公園","x":-3376.97,"y":-32837.61}},{"type":"Feature","geometry":{"type":"Point","coordinates":[139.8159,35.72576]},"properties":{"name":"東向島北公園","area_m2":4426,"r_m":37.5,"source":"国土数値情報 P13 都市公園","x":-1577.12,"y":-30425.52}},{"type":"Feature","geometry":{"type":"Point","coordinates":[139.81075,35.72387]},"properties":{"name":"堤通公園","area_m2":13586,"r_m":65.8,"source":"国土数値情報 P13 都市公園","x":-2043.07,"y":-30635.1}},{"type":"Feature","geometry":{"type":"Point","coordinates":[139.81534,35.72709]},"properties":{"name":"長寿庭園","area_m2":2618,"r_m":28.9,"source":"国土数値情報 P13 都市公園","x":-1627.75,"y":-30277.95}},{"type":"Feature","geometry":{"type":"Point","coordinates":[139.822391,35.71314]},"properties":{"name":"京島南公園","area_m2":1597,"r_m":22.5,"source":"国土数値情報 P13 都市公園","x":-990.08,"y":-31825.73}},{"type":"Feature","geometry":{"type":"Point","coordinates":[139.815574,35.71728]},"properties":{"name":"ふじのき公園","area_m2":1828,"r_m":24.1,"source":"国土数値情報 P13 都市公園","x":-1606.78,"y":-31366.27}},{"type":"Feature","geometry":{"type":"Point","coordinates":[139.82054,35.72245]},"properties":{"name":"さつき公園","area_m2":1607,"r_m":22.6,"source":"国土数値情報 P13 都市公園","x":-1157.41,"y":-30792.8}},{"type":"Feature","geometry":{"type":"Point","coordinates":[139.822391,35.720177]},"properties":{"name":"ひいらぎ公園","area_m2":1094,"r_m":18.7,"source":"国土数値情報 P13 都市公園","x":-990.0,"y":-31045.03}},{"type":"Feature","geometry":{"type":"Point","coordinates":[139.820069,35.737447]},"properties":{"name":"つばき公園","area_m2":1183,"r_m":19.4,"source":"国土数値情報 P13 都市公園","x":-1199.83,"y":-29128.97}},{"type":"Feature","geometry":{"type":"Point","coordinates":[139.804288,35.712754]},"properties":{"name":"隅田公園","area_m2":80947,"r_m":160.5,"source":"国土数値情報 P13 都市公園","x":-2628.08,"y":-31868.24}},{"type":"Feature","geometry":{"type":"Point","coordinates":[139.824363,35.73395]},"properties":{"name":"荒川四ツ木橋緑地","area_m2":107001,"r_m":184.6,"source":"国土数値情報 P13 都市公園","x":-811.39,"y":-29516.98}},{"type":"Feature","geometry":{"type":"Point","coordinates":[139.82687,35.7154]},"properties":{"name":"舟原公園","area_m2":2407,"r_m":27.7,"source":"国土数値情報 P13 都市公園","x":-584.79,"y":-31575.0}},{"type":"Feature","geometry":{"type":"Point","coordinates":[139.83473,35.70781]},"properties":{"name":"福寿公園","area_m2":971,"r_m":17.6,"source":"国土数値情報 P13 都市公園","x":126.38,"y":-32417.08}},{"type":"Feature","geometry":{"type":"Point","coordinates":[139.81897,35.715779]},"properties":{"name":"京島西公園","area_m2":1492,"r_m":21.8,"source":"国土数値情報 P13 都市公園","x":-1299.56,"y":-31532.93}},{"type":"Feature","geometry":{"type":"Point","coordinates":[139.818446,35.720198]},"properties":{"name":"東向島ふじ公園","area_m2":923,"r_m":17.1,"source":"国土数値情報 P13 都市公園","x":-1346.93,"y":-31042.61}},{"type":"Feature","geometry":{"type":"Point","coordinates":[139.828458,35.704708]},"properties":{"name":"立花公園","area_m2":4800,"r_m":39.1,"source":"国土数値情報 P13 都市公園","x":-441.12,"y":-32761.18}},{"type":"Feature","geometry":{"type":"Point","coordinates":[139.824239,35.708913]},"properties":{"name":"文花宮前橋公園","area_m2":3100,"r_m":31.4,"source":"国土数値情報 P13 都市公園","x":-822.94,"y":-32294.64}},{"type":"Feature","geometry":{"type":"Point","coordinates":[139.817247,35.703078]},"properties":{"name":"横川東公園","area_m2":1048,"r_m":18.3,"source":"国土数値情報 P13 都市公園","x":-1455.68,"y":-32941.96}},{"type":"Feature","geometry":{"type":"Point","coordinates":[139.820351,35.718994]},"properties":{"name":"曳舟さくら公園","area_m2":1509,"r_m":21.9,"source":"国土数値情報 P13 都市公園","x":-1174.54,"y":-31176.19}},{"type":"Feature","geometry":{"type":"Point","coordinates":[139.82721,35.71946]},"properties":{"name":"八広中央公園","area_m2":2532,"r_m":28.4,"source":"国土数値情報 P13 都市公園","x":-554.0,"y":-31124.58}},{"type":"Feature","geometry":{"type":"Point","coordinates":[139.83012,35.71256]},"properties":{"name":"たちばな仲よし公園","area_m2":1521,"r_m":22.0,"source":"国土数値情報 P13 都市公園","x":-290.74,"y":-31890.1}},{"type":"Feature","geometry":{"type":"Point","coordinates":[139.795174,35.690549]},"properties":{"name":"千歳公園","area_m2":1544,"r_m":22.2,"source":"国土数値情報 P13 都市公園","x":-3453.68,"y":-34331.42}},{"type":"Feature","geometry":{"type":"Point","coordinates":[139.830331,35.708175]},"properties":{"name":"東あずま公園","area_m2":9075,"r_m":53.7,"source":"国土数値情報 P13 都市公園","x":-271.65,"y":-32376.55}},{"type":"Feature","geometry":{"type":"Point","coordinates":[139.833627,35.710681]},"properties":{"name":"平井橋第一公園","area_m2":2873,"r_m":30.2,"source":"国土数値情報 P13 都市公園","x":26.6,"y":-32098.55}},{"type":"Feature","geometry":{"type":"Point","coordinates":[139.836044,35.710183]},"properties":{"name":"平井橋第二公園","area_m2":1886,"r_m":24.5,"source":"国土数値情報 P13 都市公園","x":245.3,"y":-32153.77}},{"type":"Feature","geometry":{"type":"Point","coordinates":[139.825098,35.725991]},"properties":{"name":"八広公園","area_m2":5107,"r_m":40.3,"source":"国土数値情報 P13 都市公園","x":-745.06,"y":-30400.03}},{"type":"Feature","geometry":{"type":"Point","coordinates":[139.825397,35.709033]},"properties":{"name":"緑と花の学習園","area_m2":1458,"r_m":21.5,"source":"国土数値情報 P13 都市公園","x":-718.1,"y":-32281.32}},{"type":"Feature","geometry":{"type":"Point","coordinates":[139.816128,35.733748]},"properties":{"name":"梅若公園","area_m2":1267,"r_m":20.1,"source":"国土数値情報 P13 都市公園","x":-1556.31,"y":-29539.26}},{"type":"Feature","geometry":{"type":"Point","coordinates":[139.82242,35.72459]},"properties":{"name":"なつめ公園","area_m2":1149,"r_m":19.1,"source":"国土数値情報 P13 都市公園","x":-987.3,"y":-30555.41}},{"type":"Feature","geometry":{"type":"Point","coordinates":[139.837373,35.718439]},"properties":{"name":"東墨田東公園","area_m2":585,"r_m":13.6,"source":"国土数値情報 P13 都市公園","x":365.46,"y":-31237.87}},{"type":"Feature","geometry":{"type":"Point","coordinates":[139.825237,35.721206]},"properties":{"name":"みわさと公園","area_m2":1132,"r_m":19.0,"source":"国土数値情報 P13 都市公園","x":-732.45,"y":-30930.81}},{"type":"Feature","geometry":{"type":"Point","coordinates":[139.830057,35.718675]},"properties":{"name":"東墨田第一公園","area_m2":685,"r_m":14.8,"source":"国土数値情報 P13 都市公園","x":-296.46,"y":-31211.7}},{"type":"Feature","geometry":{"type":"Point","coordinates":[139.82805,35.72382]},"properties":{"name":"八広あずま公園","area_m2":2038,"r_m":25.5,"source":"国土数値情報 P13 都市公園","x":-477.97,"y":-30640.87}},{"type":"Feature","geometry":{"type":"Point","coordinates":[139.835675,35.721142]},"properties":{"name":"東公園","area_m2":1407,"r_m":21.2,"source":"国土数値情報 P13 都市公園","x":211.83,"y":-30937.98}},{"type":"Feature","geometry":{"type":"Point","coordinates":[139.8329,35.72403]},"properties":{"name":"きねがわ公園","area_m2":1371,"r_m":20.9,"source":"国土数値情報 P13 都市公園","x":-39.2,"y":-30617.59}},{"type":"Feature","geometry":{"type":"Point","coordinates":[139.83618,35.710758]},"properties":{"name":"立花いこい公園","area_m2":1979,"r_m":25.1,"source":"国土数値情報 P13 都市公園","x":257.59,"y":-32090.05}},{"type":"Feature","geometry":{"type":"Point","coordinates":[139.807384,35.708291]},"properties":{"name":"大横川親水公園","area_m2":63344,"r_m":142.0,"source":"国土数値情報 P13 都市公園","x":-2348.05,"y":-32363.39}},{"type":"Feature","geometry":{"type":"Point","coordinates":[139.815874,35.693273]},"properties":{"name":"竪川親水公園","area_m2":12300,"r_m":62.6,"source":"国土数値情報 P13 都市公園","x":-1580.15,"y":-34029.67}},{"type":"Feature","geometry":{"type":"Point","coordinates":[139.83273,35.72105]},"properties":{"name":"東墨田二丁目公園","area_m2":1002,"r_m":17.9,"source":"国土数値情報 P13 都市公園","x":-54.57,"y":-30948.15}},{"type":"Feature","geometry":{"type":"Point","coordinates":[139.83514,35.71936]},"properties":{"name":"東墨田公園","area_m2":12528,"r_m":63.1,"source":"国土数値情報 P13 都市公園","x":163.45,"y":-31135.69}},{"type":"Feature","geometry":{"type":"Point","coordinates":[139.817671,35.705416]},"properties":{"name":"横川さんかく公園","area_m2":1268,"r_m":20.1,"source":"国土数値情報 P13 都市公園","x":-1417.22,"y":-32682.53}},{"type":"Feature","geometry":{"type":"Point","coordinates":[139.838197,35.709771]},"properties":{"name":"立花大正民家園","area_m2":1356,"r_m":20.8,"source":"国土数値情報 P13 都市公園","x":440.06,"y":-32199.46}},{"type":"Feature","geometry":{"type":"Point","coordinates":[139.816423,35.728651]},"properties":{"name":"白鬚公園","area_m2":5002,"r_m":39.9,"source":"国土数値情報 P13 都市公園","x":-1529.75,"y":-30104.79}},{"type":"Feature","geometry":{"type":"Point","coordinates":[139.78987,35.693854]},"properties":{"name":"両国橋児童遊園","area_m2":502,"r_m":12.6,"source":"国土数値情報 P13 都市公園","x":-3933.54,"y":-33964.47}},{"type":"Feature","geometry":{"type":"Point","coordinates":[139.79715,35.68873]},"properties":{"name":"六間堀児童遊園","area_m2":351,"r_m":10.6,"source":"国土数値情報 P13 都市公園","x":-3274.84,"y":-34533.26}},{"type":"Feature","geometry":{"type":"Point","coordinates":[139.800365,35.692571]},"properties":{"name":"緑児童遊園","area_m2":174,"r_m":7.4,"source":"国土数値情報 P13 都市公園","x":-2983.7,"y":-34107.2}},{"type":"Feature","geometry":{"type":"Point","coordinates":[139.804762,35.694582]},"properties":{"name":"どんぐり児童遊園","area_m2":406,"r_m":11.4,"source":"国土数値情報 P13 都市公園","x":-2585.74,"y":-33884.24}},{"type":"Feature","geometry":{"type":"Point","coordinates":[139.801934,35.692065]},"properties":{"name":"たてかわばし児童遊園","area_m2":263,"r_m":9.1,"source":"国土数値情報 P13 都市公園","x":-2841.77,"y":-34163.45}},{"type":"Feature","geometry":{"type":"Point","coordinates":[139.800644,35.688385]},"properties":{"name":"菊一児童遊園","area_m2":197,"r_m":7.9,"source":"国土数値情報 P13 都市公園","x":-2958.69,"y":-34571.67}},{"type":"Feature","geometry":{"type":"Point","coordinates":[139.809008,35.688805]},"properties":{"name":"菊川橋児童遊園","area_m2":365,"r_m":10.8,"source":"国土数値情報 P13 都市公園","x":-2201.58,"y":-34525.23}},{"type":"Feature","geometry":{"type":"Point","coordinates":[139.809331,35.693126]},"properties":{"name":"さざんか児童遊園","area_m2":382,"r_m":11.0,"source":"国土数値情報 P13 都市公園","x":-2172.27,"y":-34045.94}},{"type":"Feature","geometry":{"type":"Point","coordinates":[139.80444,35.6965]},"properties":{"name":"つくし児童遊園","area_m2":186,"r_m":7.7,"source":"国土数値情報 P13 都市公園","x":-2614.81,"y":-33671.45}},{"type":"Feature","geometry":{"type":"Point","coordinates":[139.808306,35.698482]},"properties":{"name":"ささのは児童遊園","area_m2":419,"r_m":11.5,"source":"国土数値情報 P13 都市公園","x":-2264.93,"y":-33451.67}},{"type":"Feature","geometry":{"type":"Point","coordinates":[139.808697,35.70104]},"properties":{"name":"法恩寺橋児童遊園","area_m2":677,"r_m":14.7,"source":"国土数値情報 P13 都市公園","x":-2229.43,"y":-33167.9}},{"type":"Feature","geometry":{"type":"Point","coordinates":[139.807944,35.703141]},"properties":{"name":"もみじばし児童遊園","area_m2":397,"r_m":11.2,"source":"国土数値情報 P13 都市公園","x":-2297.56,"y":-32934.76}},{"type":"Feature","geometry":{"type":"Point","coordinates":[139.80112,35.70599]},"properties":{"name":"かしわ児童遊園","area_m2":218,"r_m":8.3,"source":"国土数値情報 P13 都市公園","x":-2914.92,"y":-32618.52}},{"type":"Feature","geometry":{"type":"Point","coordinates":[139.80493,35.70972]},"properties":{"name":"しいのき児童遊園","area_m2":112,"r_m":6.0,"source":"国土数値情報 P13 都市公園","x":-2570.04,"y":-32204.81}},{"type":"Feature","geometry":{"type":"Point","coordinates":[139.81822,35.70238]},"properties":{"name":"あかしや児童遊園","area_m2":348,"r_m":10.5,"source":"国土数値情報 P13 都市公園","x":-1367.64,"y":-33019.39}},{"type":"Feature","geometry":{"type":"Point","coordinates":[139.80872,35.70328]},"properties":{"name":"横川橋児童遊園","area_m2":392,"r_m":11.2,"source":"国土数値情報 P13 都市公園","x":-2227.29,"y":-32919.37}},{"type":"Feature","geometry":{"type":"Point","coordinates":[139.81404,35.70344]},"properties":{"name":"横川南児童遊園","area_m2":128,"r_m":6.4,"source":"国土数値情報 P13 都市公園","x":-1745.87,"y":-32901.72}},{"type":"Feature","geometry":{"type":"Point","coordinates":[139.81355,35.70501]},"properties":{"name":"横川北児童遊園","area_m2":358,"r_m":10.7,"source":"国土数値情報 P13 都市公園","x":-1790.18,"y":-32727.54}},{"type":"Feature","geometry":{"type":"Point","coordinates":[139.816292,35.705157]},"properties":{"name":"柳島児童遊園","area_m2":515,"r_m":12.8,"source":"国土数値情報 P13 都市公園","x":-1542.09,"y":-32711.28}},{"type":"Feature","geometry":{"type":"Point","coordinates":[139.81618,35.7064]},"properties":{"name":"くるみ児童遊園","area_m2":480,"r_m":12.4,"source":"国土数値情報 P13 都市公園","x":-1552.13,"y":-32573.42}},{"type":"Feature","geometry":{"type":"Point","coordinates":[139.80817,35.71034]},"properties":{"name":"小梅児童遊園","area_m2":753,"r_m":15.5,"source":"国土数値情報 P13 都市公園","x":-2276.86,"y":-32136.1}},{"type":"Feature","geometry":{"type":"Point","coordinates":[139.812656,35.717932]},"properties":{"name":"さくらんぼ児童遊園","area_m2":554,"r_m":13.3,"source":"国土数値情報 P13 都市公園","x":-1870.74,"y":-31293.89}},{"type":"Feature","geometry":{"type":"Point","coordinates":[139.813213,35.721975]},"properties":{"name":"露伴児童遊園","area_m2":384,"r_m":11.1,"source":"国土数値情報 P13 都市公園","x":-1820.3,"y":-30845.44}},{"type":"Feature","geometry":{"type":"Point","coordinates":[139.815365,35.720182]},"properties":{"name":"あすなろ児童遊園","area_m2":614,"r_m":14.0,"source":"国土数値情報 P13 都市公園","x":-1625.66,"y":-31044.36}},{"type":"Feature","geometry":{"type":"Point","coordinates":[139.81635,35.71912]},"properties":{"name":"曳舟児童遊園","area_m2":322,"r_m":10.1,"source":"国土数値情報 P13 都市公園","x":-1536.54,"y":-31162.18}},{"type":"Feature","geometry":{"type":"Point","coordinates":[139.818614,35.723616]},"properties":{"name":"くすのき児童遊園","area_m2":255,"r_m":9.0,"source":"国土数値情報 P13 都市公園","x":-1331.66,"y":-30663.39}},{"type":"Feature","geometry":{"type":"Point","coordinates":[139.821837,35.727585]},"properties":{"name":"こでまり児童遊園","area_m2":556,"r_m":13.3,"source":"国土数値情報 P13 都市公園","x":-1040.02,"y":-30223.17}},{"type":"Feature","geometry":{"type":"Point","coordinates":[139.824324,35.728513]},"properties":{"name":"すずかけ児童遊園","area_m2":360,"r_m":10.7,"source":"国土数値情報 P13 都市公園","x":-814.99,"y":-30120.25}},{"type":"Feature","geometry":{"type":"Point","coordinates":[139.824203,35.727535]},"properties":{"name":"やまぶき児童遊園","area_m2":267,"r_m":9.2,"source":"国土数値情報 P13 都市公園","x":-825.94,"y":-30228.69}},{"type":"Feature","geometry":{"type":"Point","coordinates":[139.812247,35.72615]},"properties":{"name":"さくら児童遊園","area_m2":628,"r_m":14.1,"source":"国土数値情報 P13 都市公園","x":-1907.55,"y":-30382.14}},{"type":"Feature","geometry":{"type":"Point","coordinates":[139.81805,35.72839]},"properties":{"name":"境児童遊園","area_m2":524,"r_m":12.9,"source":"国土数値情報 P13 都市公園","x":-1382.57,"y":-30133.77}},{"type":"Feature","geometry":{"type":"Point","coordinates":[139.81693,35.73241]},"properties":{"name":"こぶし児童遊園","area_m2":303,"r_m":9.8,"source":"国土数値情報 P13 都市公園","x":-1483.82,"y":-29687.76}},{"type":"Feature","geometry":{"type":"Point","coordinates":[139.820676,35.731143]},"properties":{"name":"かつら児童遊園","area_m2":450,"r_m":12.0,"source":"国土数値情報 P13 都市公園","x":-1145.02,"y":-29828.34}},{"type":"Feature","geometry":{"type":"Point","coordinates":[139.82321,35.73253]},"properties":{"name":"隅田児童遊園","area_m2":314,"r_m":10.0,"source":"国土数値情報 P13 都市公園","x":-915.74,"y":-29674.53}},{"type":"Feature","geometry":{"type":"Point","coordinates":[139.812301,35.71235]},"properties":{"name":"中之郷児童遊園","area_m2":450,"r_m":12.0,"source":"国土数値情報 P13 都市公園","x":-1903.02,"y":-31913.25}},{"type":"Feature","geometry":{"type":"Point","coordinates":[139.819785,35.715359]},"properties":{"name":"とらばし児童遊園","area_m2":246,"r_m":8.8,"source":"国土数値情報 P13 都市公園","x":-1225.79,"y":-31579.48}},{"type":"Feature","geometry":{"type":"Point","coordinates":[139.82256,35.71674]},"properties":{"name":"からたち児童遊園","area_m2":661,"r_m":14.5,"source":"国土数値情報 P13 都市公園","x":-974.73,"y":-31426.31}},{"type":"Feature","geometry":{"type":"Point","coordinates":[139.826388,35.70929]},"properties":{"name":"宮元児童遊園","area_m2":513,"r_m":12.8,"source":"国土数値情報 P13 都市公園","x":-628.41,"y":-32252.86}},{"type":"Feature","geometry":{"type":"Point","coordinates":[139.82706,35.72249]},"properties":{"name":"あおぎり児童遊園","area_m2":415,"r_m":11.5,"source":"国土数値情報 P13 都市公園","x":-567.55,"y":-30788.42}},{"type":"Feature","geometry":{"type":"Point","coordinates":[139.82697,35.70535]},"properties":{"name":"あづま児童遊園","area_m2":364,"r_m":10.8,"source":"国土数値情報 P13 都市公園","x":-575.81,"y":-32689.98}},{"type":"Feature","geometry":{"type":"Point","coordinates":[139.831854,35.704762]},"properties":{"name":"香取児童遊園","area_m2":246,"r_m":8.8,"source":"国土数値情報 P13 都市公園","x":-133.86,"y":-32755.26}},{"type":"Feature","geometry":{"type":"Point","coordinates":[139.834643,35.706871]},"properties":{"name":"たちばな児童遊園","area_m2":551,"r_m":13.2,"source":"国土数値情報 P13 都市公園","x":118.5,"y":-32521.23}},{"type":"Feature","geometry":{"type":"Point","coordinates":[139.835298,35.721515]},"properties":{"name":"あじさい児童遊園","area_m2":420,"r_m":11.6,"source":"国土数値情報 P13 都市公園","x":177.73,"y":-30896.57}},{"type":"Feature","geometry":{"type":"Point","coordinates":[139.822347,35.721638]},"properties":{"name":"けやき児童遊園","area_m2":898,"r_m":16.9,"source":"国土数値情報 P13 都市公園","x":-993.9,"y":-30882.94}},{"type":"Feature","geometry":{"type":"Point","coordinates":[139.80139,35.69343]},"properties":{"name":"とちのき児童遊園","area_m2":496,"r_m":12.6,"source":"国土数値情報 P13 都市公園","x":-2890.95,"y":-34011.96}},{"type":"Feature","geometry":{"type":"Point","coordinates":[139.80377,35.6919]},"properties":{"name":"立川第二児童遊園","area_m2":973,"r_m":17.6,"source":"国土数値情報 P13 都市公園","x":-2675.6,"y":-34181.77}},{"type":"Feature","geometry":{"type":"Point","coordinates":[139.82019,35.71157]},"properties":{"name":"押上第一児童遊園","area_m2":370,"r_m":10.9,"source":"国土数値情報 P13 都市公園","x":-1189.23,"y":-31999.85}},{"type":"Feature","geometry":{"type":"Point","coordinates":[139.80856,35.693046]},"properties":{"name":"きくはな児童遊園","area_m2":308,"r_m":9.9,"source":"国土数値情報 P13 都市公園","x":-2242.08,"y":-34054.71}},{"type":"Feature","geometry":{"type":"Point","coordinates":[139.805151,35.70275]},"properties":{"name":"本四三ツ目児童遊園","area_m2":815,"r_m":16.1,"source":"国土数値情報 P13 都市公園","x":-2550.28,"y":-32978.08}},{"type":"Feature","geometry":{"type":"Point","coordinates":[139.797798,35.707079]},"properties":{"name":"こまどり児童遊園","area_m2":1544,"r_m":22.2,"source":"国土数値情報 P13 都市公園","x":-3215.47,"y":-32497.63}},{"type":"Feature","geometry":{"type":"Point","coordinates":[139.813399,35.717083]},"properties":{"name":"請地児童遊園","area_m2":460,"r_m":12.1,"source":"国土数値情報 P13 都市公園","x":-1803.61,"y":-31388.13}},{"type":"Feature","geometry":{"type":"Point","coordinates":[139.824081,35.724427]},"properties":{"name":"八広第一児童遊園","area_m2":538,"r_m":13.1,"source":"国土数値情報 P13 都市公園","x":-837.02,"y":-30573.46}},{"type":"Feature","geometry":{"type":"Point","coordinates":[139.8252,35.723893]},"properties":{"name":"八広第二児童遊園","area_m2":530,"r_m":13.0,"source":"国土数値情報 P13 都市公園","x":-735.79,"y":-30632.73}},{"type":"Feature","geometry":{"type":"Point","coordinates":[139.818818,35.732208]},"properties":{"name":"墨田二丁目児童遊園","area_m2":803,"r_m":16.0,"source":"国土数値情報 P13 都市公園","x":-1313.07,"y":-29710.18}},{"type":"Feature","geometry":{"type":"Point","coordinates":[139.834225,35.706106]},"properties":{"name":"六軒児童遊園","area_m2":712,"r_m":15.1,"source":"国土数値情報 P13 都市公園","x":80.68,"y":-32606.1}},{"type":"Feature","geometry":{"type":"Point","coordinates":[139.801856,35.69788]},"properties":{"name":"亀沢第一児童遊園","area_m2":431,"r_m":11.7,"source":"国土数値情報 P13 都市公園","x":-2848.62,"y":-33518.24}},{"type":"Feature","geometry":{"type":"Point","coordinates":[139.821408,35.732635]},"properties":{"name":"隅田第二児童遊園","area_m2":1216,"r_m":19.7,"source":"国土数値情報 P13 都市公園","x":-1078.75,"y":-29662.81}},{"type":"Feature","geometry":{"type":"Point","coordinates":[139.795484,35.695183]},"properties":{"name":"両国第一児童遊園","area_m2":879,"r_m":16.7,"source":"国土数値情報 P13 都市公園","x":-3425.41,"y":-33817.3}},{"type":"Feature","geometry":{"type":"Point","coordinates":[139.81625,35.73152]},"properties":{"name":"墨田第三児童遊園","area_m2":742,"r_m":15.4,"source":"国土数値情報 P13 都市公園","x":-1545.35,"y":-29786.49}},{"type":"Feature","geometry":{"type":"Point","coordinates":[139.82924,35.724213]},"properties":{"name":"八広つるかめ児童遊園","area_m2":672,"r_m":14.6,"source":"国土数値情報 P13 都市公園","x":-370.33,"y":-30597.3}},{"type":"Feature","geometry":{"type":"Point","coordinates":[139.829645,35.722683]},"properties":{"name":"ごあずま児童遊園","area_m2":403,"r_m":11.3,"source":"国土数値情報 P13 都市公園","x":-333.72,"y":-30767.06}},{"type":"Feature","geometry":{"type":"Point","coordinates":[139.83144,35.71014]},"properties":{"name":"立花第一児童遊園","area_m2":419,"r_m":11.5,"source":"国土数値情報 P13 都市公園","x":-171.32,"y":-32158.58}},{"type":"Feature","geometry":{"type":"Point","coordinates":[139.821327,35.711781]},"properties":{"name":"押上第二児童遊園","area_m2":583,"r_m":13.6,"source":"国土数値情報 P13 都市公園","x":-1086.34,"y":-31976.5}},{"type":"Feature","geometry":{"type":"Point","coordinates":[139.820133,35.732489]},"properties":{"name":"隅田西児童遊園","area_m2":498,"r_m":12.6,"source":"国土数値情報 P13 都市公園","x":-1194.07,"y":-29679.01}},{"type":"Feature","geometry":{"type":"Point","coordinates":[139.825071,35.729464]},"properties":{"name":"隅田東児童遊園","area_m2":447,"r_m":11.9,"source":"国土数値情報 P13 都市公園","x":-747.42,"y":-30014.71}},{"type":"Feature","geometry":{"type":"Point","coordinates":[139.817163,35.730593]},"properties":{"name":"墨田第六児童遊園","area_m2":305,"r_m":9.9,"source":"国土数値情報 P13 都市公園","x":-1462.78,"y":-29889.33}},{"type":"Feature","geometry":{"type":"Point","coordinates":[139.827434,35.728477]},"properties":{"name":"八広六西児童遊園","area_m2":412,"r_m":11.5,"source":"国土数値情報 P13 都市公園","x":-533.68,"y":-30124.17}},{"type":"Feature","geometry":{"type":"Point","coordinates":[139.82393,35.73307]},"properties":{"name":"隅田東第二児童遊園","area_m2":589,"r_m":13.7,"source":"国土数値情報 P13 都市公園","x":-850.59,"y":-29614.59}},{"type":"Feature","geometry":{"type":"Point","coordinates":[139.823109,35.721786]},"properties":{"name":"長浦児童遊園","area_m2":269,"r_m":9.3,"source":"国土数値情報 P13 都市公園","x":-924.98,"y":-30866.53}},{"type":"Feature","geometry":{"type":"Point","coordinates":[139.82285,35.71902]},"properties":{"name":"八広一丁目児童遊園","area_m2":751,"r_m":15.5,"source":"国土数値情報 P13 都市公園","x":-948.46,"y":-31173.36}},{"type":"Feature","geometry":{"type":"Point","coordinates":[139.837845,35.71026]},"properties":{"name":"立花六丁目児童遊園","area_m2":545,"r_m":13.2,"source":"国土数値情報 P13 都市公園","x":408.23,"y":-32145.24}},{"type":"Feature","geometry":{"type":"Point","coordinates":[139.814065,35.729827]},"properties":{"name":"白鬚児童遊園","area_m2":404,"r_m":11.3,"source":"国土数値情報 P13 都市公園","x":-1743.02,"y":-29974.27}},{"type":"Feature","geometry":{"type":"Point","coordinates":[139.7963,35.68261]},"properties":{"name":"清澄二丁目","area_m2":833,"r_m":16.3,"source":"国土数値情報 P13 都市公園","x":-3352.05,"y":-35212.19}},{"type":"Feature","geometry":{"type":"Point","coordinates":[139.7957,35.68654]},"properties":{"name":"八名川","area_m2":2973,"r_m":30.8,"source":"国土数値情報 P13 都市公園","x":-3406.2,"y":-34776.17}},{"type":"Feature","geometry":{"type":"Point","coordinates":[139.79953,35.68646]},"properties":{"name":"森下","area_m2":2976,"r_m":30.8,"source":"国土数値情報 P13 都市公園","x":-3059.55,"y":-34785.17}},{"type":"Feature","geometry":{"type":"Point","coordinates":[139.79875,35.68951]},"properties":{"name":"五間堀","area_m2":863,"r_m":16.6,"source":"国土数値情報 P13 都市公園","x":-3130.02,"y":-34446.77}},{"type":"Feature","geometry":{"type":"Point","coordinates":[139.803028,35.685162]},"properties":{"name":"高森","area_m2":3700,"r_m":34.3,"source":"国土数値情報 P13 都市公園","x":-2743.0,"y":-34929.26}},{"type":"Feature","geometry":{"type":"Point","coordinates":[139.804529,35.676888]},"properties":{"name":"福富川","area_m2":8253,"r_m":51.3,"source":"国土数値情報 P13 都市公園","x":-2607.36,"y":-35847.26}},{"type":"Feature","geometry":{"type":"Point","coordinates":[139.809995,35.677438]},"properties":{"name":"平野四丁目","area_m2":1007,"r_m":17.9,"source":"国土数値情報 P13 都市公園","x":-2112.57,"y":-35786.32}},{"type":"Feature","geometry":{"type":"Point","coordinates":[139.800625,35.683287]},"properties":{"name":"白河一丁目","area_m2":1550,"r_m":22.2,"source":"国土数値情報 P13 都市公園","x":-2960.53,"y":-35137.21}},{"type":"Feature","geometry":{"type":"Point","coordinates":[139.808734,35.68167]},"properties":{"name":"元加賀","area_m2":2975,"r_m":30.8,"source":"国土数値情報 P13 都市公園","x":-2226.63,"y":-35316.82}},{"type":"Feature","geometry":{"type":"Point","coordinates":[139.79149,35.6771]},"properties":{"name":"佐賀町","area_m2":851,"r_m":16.5,"source":"国土数値情報 P13 都市公園","x":-3787.69,"y":-35823.31}},{"type":"Feature","geometry":{"type":"Point","coordinates":[139.79163,35.67854]},"properties":{"name":"中の堀","area_m2":836,"r_m":16.3,"source":"国土数値情報 P13 都市公園","x":-3774.95,"y":-35663.56}},{"type":"Feature","geometry":{"type":"Point","coordinates":[139.788372,35.675202]},"properties":{"name":"永代","area_m2":2694,"r_m":29.3,"source":"国土数値情報 P13 都市公園","x":-4070.02,"y":-36033.74}},{"type":"Feature","geometry":{"type":"Point","coordinates":[139.794999,35.677593]},"properties":{"name":"亀堀","area_m2":3779,"r_m":34.7,"source":"国土数値情報 P13 都市公園","x":-3470.01,"y":-35768.72}},{"type":"Feature","geometry":{"type":"Point","coordinates":[139.801166,35.673465]},"properties":{"name":"武田堀","area_m2":677,"r_m":14.7,"source":"国土数値情報 P13 都市公園","x":-2911.96,"y":-36226.95}},{"type":"Feature","geometry":{"type":"Point","coordinates":[139.792757,35.672157]},"properties":{"name":"臨海","area_m2":2643,"r_m":29.0,"source":"国土数値情報 P13 都市公園","x":-3673.24,"y":-36371.71}},{"type":"Feature","geometry":{"type":"Point","coordinates":[139.79548,35.673929]},"properties":{"name":"油堀川","area_m2":1355,"r_m":20.8,"source":"国土数値情報 P13 都市公園","x":-3426.67,"y":-36175.24}},{"type":"Feature","geometry":{"type":"Point","coordinates":[139.797282,35.67288]},"properties":{"name":"深川","area_m2":16740,"r_m":73.0,"source":"国土数値情報 P13 都市公園","x":-3263.6,"y":-36291.71}},{"type":"Feature","geometry":{"type":"Point","coordinates":[139.79526,35.66964]},"properties":{"name":"牡丹町","area_m2":6625,"r_m":45.9,"source":"国土数値情報 P13 都市公園","x":-3446.75,"y":-36651.07}},{"type":"Feature","geometry":{"type":"Point","coordinates":[139.799304,35.667582]},"properties":{"name":"古石場川親水","area_m2":16362,"r_m":72.2,"source":"国土数値情報 P13 都市公園","x":-3080.74,"y":-36879.58}},{"type":"Feature","geometry":{"type":"Point","coordinates":[139.801506,35.665001]},"properties":{"name":"古石場三丁目","area_m2":741,"r_m":15.4,"source":"国土数値情報 P13 都市公園","x":-2881.45,"y":-37165.91}},{"type":"Feature","geometry":{"type":"Point","coordinates":[139.788853,35.67073]},"properties":{"name":"越中島","area_m2":16346,"r_m":72.1,"source":"国土数値情報 P13 都市公園","x":-4026.74,"y":-36529.96}},{"type":"Feature","geometry":{"type":"Point","coordinates":[139.788775,35.667739]},"properties":{"name":"中の島","area_m2":2173,"r_m":26.3,"source":"国土数値情報 P13 都市公園","x":-4033.95,"y":-36861.72}},{"type":"Feature","geometry":{"type":"Point","coordinates":[139.79588,35.66778]},"properties":{"name":"調練橋","area_m2":1993,"r_m":25.2,"source":"国土数値情報 P13 都市公園","x":-3390.7,"y":-36857.45}},{"type":"Feature","geometry":{"type":"Point","coordinates":[139.802107,35.661974]},"properties":{"name":"浜園","area_m2":2092,"r_m":25.8,"source":"国土数値情報 P13 都市公園","x":-2827.18,"y":-37501.82}},{"type":"Feature","geometry":{"type":"Point","coordinates":[139.801466,35.659634]},"properties":{"name":"塩浜一丁目","area_m2":1222,"r_m":19.7,"source":"国土数値情報 P13 都市公園","x":-2885.27,"y":-37761.35}},{"type":"Feature","geometry":{"type":"Point","coordinates":[139.808994,35.664141]},"properties":{"name":"塩浜","area_m2":1583,"r_m":22.4,"source":"国土数値情報 P13 都市公園","x":-2203.56,"y":-37261.53}},{"type":"Feature","geometry":{"type":"Point","coordinates":[139.81104,35.66184]},"properties":{"name":"しおかぜ橋塩浜","area_m2":654,"r_m":14.4,"source":"国土数値情報 P13 都市公園","x":-2018.39,"y":-37516.86}},{"type":"Feature","geometry":{"type":"Point","coordinates":[139.8148,35.664812]},"properties":{"name":"塩浜二丁目","area_m2":961,"r_m":17.5,"source":"国土数値情報 P13 都市公園","x":-1677.88,"y":-37187.21}},{"type":"Feature","geometry":{"type":"Point","coordinates":[139.810516,35.661974]},"properties":{"name":"塩浜二丁目第二","area_m2":1112,"r_m":18.8,"source":"国土数値情報 P13 都市公園","x":-2065.85,"y":-37502.03}},{"type":"Feature","geometry":{"type":"Point","coordinates":[139.803689,35.657226]},"properties":{"name":"枝川一丁目","area_m2":659,"r_m":14.5,"source":"国土数値情報 P13 都市公園","x":-2684.14,"y":-38028.59}},{"type":"Feature","geometry":{"type":"Point","coordinates":[139.802187,35.657897]},"properties":{"name":"朝凪","area_m2":1868,"r_m":24.4,"source":"国土数値情報 P13 都市公園","x":-2820.07,"y":-37954.12}},{"type":"Feature","geometry":{"type":"Point","coordinates":[139.808414,35.658963]},"properties":{"name":"枝川三丁目","area_m2":1270,"r_m":20.1,"source":"国土数値情報 P13 都市公園","x":-2256.27,"y":-37835.96}},{"type":"Feature","geometry":{"type":"Point","coordinates":[139.813599,35.659668]},"properties":{"name":"暁橋","area_m2":1361,"r_m":20.8,"source":"国土数値情報 P13 都市公園","x":-1786.75,"y":-37757.82}},{"type":"Feature","geometry":{"type":"Point","coordinates":[139.792579,35.661679]},"properties":{"name":"豊洲一丁目第二","area_m2":1000,"r_m":17.8,"source":"国土数値情報 P13 都市公園","x":-3689.82,"y":-37534.16}},{"type":"Feature","geometry":{"type":"Point","coordinates":[139.793237,35.661956]},"properties":{"name":"豊洲一丁目","area_m2":719,"r_m":15.1,"source":"国土数値情報 P13 都市公園","x":-3630.21,"y":-37503.43}},{"type":"Feature","geometry":{"type":"Point","coordinates":[139.792477,35.65351]},"properties":{"name":"豊洲","area_m2":24303,"r_m":88.0,"source":"国土数値情報 P13 都市公園","x":-3699.48,"y":-38440.45}},{"type":"Feature","geometry":{"type":"Point","coordinates":[139.7961,35.658378]},"properties":{"name":"豊洲三丁目","area_m2":10000,"r_m":56.4,"source":"国土数値情報 P13 都市公園","x":-3371.14,"y":-37900.49}},{"type":"Feature","geometry":{"type":"Point","coordinates":[139.799804,35.654525]},"properties":{"name":"豊洲四丁目","area_m2":1801,"r_m":23.9,"source":"国土数値情報 P13 都市公園","x":-3035.92,"y":-38328.1}},{"type":"Feature","geometry":{"type":"Point","coordinates":[139.79846,35.65443]},"properties":{"name":"豊洲四丁目第二","area_m2":771,"r_m":15.7,"source":"国土数値情報 P13 都市公園","x":-3157.65,"y":-38338.6}},{"type":"Feature","geometry":{"type":"Point","coordinates":[139.79578,35.652788]},"properties":{"name":"豊洲五丁目","area_m2":1998,"r_m":25.2,"source":"国土数値情報 P13 都市公園","x":-3400.38,"y":-38520.72}},{"type":"Feature","geometry":{"type":"Point","coordinates":[139.791115,35.646354]},"properties":{"name":"豊洲六丁目","area_m2":16190,"r_m":71.8,"source":"国土数値情報 P13 都市公園","x":-3823.09,"y":-39234.31}},{"type":"Feature","geometry":{"type":"Point","coordinates":[139.800765,35.645769]},"properties":{"name":"東雲緑道","area_m2":1505,"r_m":21.9,"source":"国土数値情報 P13 都市公園","x":-2949.23,"y":-39299.53}},{"type":"Feature","geometry":{"type":"Point","coordinates":[139.804009,35.643]},"properties":{"name":"東雲二丁目","area_m2":3598,"r_m":33.8,"source":"国土数値情報 P13 都市公園","x":-2655.6,"y":-39606.88}},{"type":"Feature","geometry":{"type":"Point","coordinates":[139.80543,35.646922]},"properties":{"name":"東雲水辺","area_m2":16881,"r_m":73.3,"source":"国土数値情報 P13 都市公園","x":-2526.75,"y":-39171.79}},{"type":"Feature","geometry":{"type":"Point","coordinates":[139.798463,35.642965]},"properties":{"name":"東雲","area_m2":5647,"r_m":42.4,"source":"国土数値情報 P13 都市公園","x":-3157.84,"y":-39610.53}},{"type":"Feature","geometry":{"type":"Point","coordinates":[139.805416,35.6409]},"properties":{"name":"東雲駅前","area_m2":2304,"r_m":27.1,"source":"国土数値情報 P13 都市公園","x":-2528.28,"y":-39839.88}},{"type":"Feature","geometry":{"type":"Point","coordinates":[139.808554,35.64976]},"properties":{"name":"辰巳","area_m2":1759,"r_m":23.7,"source":"国土数値情報 P13 都市公園","x":-2243.84,"y":-38856.97}},{"type":"Feature","geometry":{"type":"Point","coordinates":[139.809855,35.655936]},"properties":{"name":"潮見運動","area_m2":40081,"r_m":113.0,"source":"国土数値情報 P13 都市公園","x":-2125.83,"y":-38171.87}},{"type":"Feature","geometry":{"type":"Point","coordinates":[139.81476,35.655368]},"properties":{"name":"潮見さざなみ","area_m2":7576,"r_m":49.1,"source":"国土数値情報 P13 都市公園","x":-1681.7,"y":-38234.95}},{"type":"Feature","geometry":{"type":"Point","coordinates":[139.812678,35.677284]},"properties":{"name":"千石運動","area_m2":4498,"r_m":37.8,"source":"国土数値情報 P13 都市公園","x":-1869.72,"y":-35803.55}},{"type":"Feature","geometry":{"type":"Point","coordinates":[139.815621,35.679073]},"properties":{"name":"千石","area_m2":992,"r_m":17.8,"source":"国土数値情報 P13 都市公園","x":-1603.27,"y":-35605.13}},{"type":"Feature","geometry":{"type":"Point","coordinates":[139.816863,35.679055]},"properties":{"name":"川南","area_m2":2975,"r_m":30.8,"source":"国土数値情報 P13 都市公園","x":-1490.91,"y":-35607.06}},{"type":"Feature","geometry":{"type":"Point","coordinates":[139.812097,35.680844]},"properties":{"name":"扇橋","area_m2":2975,"r_m":30.8,"source":"国土数値情報 P13 都市公園","x":-1922.2,"y":-35408.49}},{"type":"Feature","geometry":{"type":"Point","coordinates":[139.81752,35.68]},"properties":{"name":"川南海辺","area_m2":1595,"r_m":22.5,"source":"国土数値情報 P13 都市公園","x":-1431.38,"y":-35502.27}},{"type":"Feature","geometry":{"type":"Point","coordinates":[139.820366,35.677077]},"properties":{"name":"横十間川親水","area_m2":50583,"r_m":126.9,"source":"国土数値情報 P13 都市公園","x":-1173.79,"y":-35826.57}},{"type":"Feature","geometry":{"type":"Point","coordinates":[139.810175,35.6837]},"properties":{"name":"扇橋一丁目","area_m2":654,"r_m":14.4,"source":"国土数値情報 P13 都市公園","x":-2096.1,"y":-35091.65}},{"type":"Feature","geometry":{"type":"Point","coordinates":[139.81633,35.68272]},"properties":{"name":"江東","area_m2":2327,"r_m":27.2,"source":"国土数値情報 P13 都市公園","x":-1539.05,"y":-35200.49}},{"type":"Feature","geometry":{"type":"Point","coordinates":[139.82013,35.68273]},"properties":{"name":"三島橋","area_m2":1435,"r_m":21.4,"source":"国土数値情報 P13 都市公園","x":-1195.09,"y":-35199.43}},{"type":"Feature","geometry":{"type":"Point","coordinates":[139.81897,35.68425]},"properties":{"name":"扇橋三丁目","area_m2":1441,"r_m":21.4,"source":"国土数値情報 P13 都市公園","x":-1300.06,"y":-35030.78}},{"type":"Feature","geometry":{"type":"Point","coordinates":[139.812898,35.684904]},"properties":{"name":"扇橋河川","area_m2":1652,"r_m":22.9,"source":"国土数値情報 P13 都市公園","x":-1849.61,"y":-34958.12}},{"type":"Feature","geometry":{"type":"Point","coordinates":[139.81242,35.68628]},"properties":{"name":"猿江一丁目","area_m2":950,"r_m":17.4,"source":"国土数値情報 P13 都市公園","x":-1892.87,"y":-34805.46}},{"type":"Feature","geometry":{"type":"Point","coordinates":[139.81541,35.6855]},"properties":{"name":"猿江二丁目","area_m2":2012,"r_m":25.3,"source":"国土数値情報 P13 都市公園","x":-1622.26,"y":-34892.05}},{"type":"Feature","geometry":{"type":"Point","coordinates":[139.81136,35.68756]},"properties":{"name":"住吉一丁目","area_m2":1064,"r_m":18.4,"source":"国土数値情報 P13 都市公園","x":-1988.78,"y":-34663.44}},{"type":"Feature","geometry":{"type":"Point","coordinates":[139.812678,35.69003]},"properties":{"name":"住利","area_m2":1742,"r_m":23.5,"source":"国土数値情報 P13 都市公園","x":-1869.43,"y":-34389.39}},{"type":"Feature","geometry":{"type":"Point","coordinates":[139.815861,35.693041]},"properties":{"name":"竪川親水","area_m2":3117,"r_m":31.5,"source":"国土数値情報 P13 都市公園","x":-1581.25,"y":-34055.47}},{"type":"Feature","geometry":{"type":"Point","coordinates":[139.80377,35.67051]},"properties":{"name":"木場二丁目","area_m2":750,"r_m":15.5,"source":"国土数値情報 P13 都市公園","x":-2676.32,"y":-36554.82}},{"type":"Feature","geometry":{"type":"Point","coordinates":[139.806011,35.674738]},"properties":{"name":"木場親水","area_m2":18912,"r_m":77.6,"source":"国土数値情報 P13 都市公園","x":-2473.31,"y":-36085.86}},{"type":"Feature","geometry":{"type":"Point","coordinates":[139.80415,35.67397]},"properties":{"name":"木場三丁目","area_m2":774,"r_m":15.7,"source":"国土数値情報 P13 都市公園","x":-2641.8,"y":-36170.97}},{"type":"Feature","geometry":{"type":"Point","coordinates":[139.807352,35.666601]},"properties":{"name":"平久","area_m2":1039,"r_m":18.2,"source":"国土数値情報 P13 都市公園","x":-2352.12,"y":-36988.58}},{"type":"Feature","geometry":{"type":"Point","coordinates":[139.80849,35.66715]},"properties":{"name":"東陽一丁目第一","area_m2":731,"r_m":15.3,"source":"国土数値情報 P13 都市公園","x":-2249.12,"y":-36927.7}},{"type":"Feature","geometry":{"type":"Point","coordinates":[139.80879,35.66832]},"properties":{"name":"洲崎川緑道","area_m2":8194,"r_m":51.1,"source":"国土数値情報 P13 都市公園","x":-2221.92,"y":-36797.91}},{"type":"Feature","geometry":{"type":"Point","coordinates":[139.813,35.66604]},"properties":{"name":"東陽一丁目第二","area_m2":1854,"r_m":24.3,"source":"国土数値情報 P13 都市公園","x":-1840.84,"y":-37050.94}},{"type":"Feature","geometry":{"type":"Point","coordinates":[139.81564,35.6699]},"properties":{"name":"東陽","area_m2":3039,"r_m":31.1,"source":"国土数値情報 P13 都市公園","x":-1601.76,"y":-36622.75}},{"type":"Feature","geometry":{"type":"Point","coordinates":[139.81305,35.67284]},"properties":{"name":"東陽五丁目","area_m2":2529,"r_m":28.4,"source":"国土数値情報 P13 都市公園","x":-1836.16,"y":-36296.54}},{"type":"Feature","geometry":{"type":"Point","coordinates":[139.81125,35.67452]},"properties":{"name":"豊住","area_m2":19338,"r_m":78.5,"source":"国土数値情報 P13 都市公園","x":-1999.06,"y":-36110.12}},{"type":"Feature","geometry":{"type":"Point","coordinates":[139.826333,35.693488]},"properties":{"name":"竪川河川敷","area_m2":52834,"r_m":129.7,"source":"国土数値情報 P13 都市公園","x":-633.58,"y":-34005.97}},{"type":"Feature","geometry":{"type":"Point","coordinates":[139.82265,35.69565]},"properties":{"name":"亀戸西","area_m2":1305,"r_m":20.4,"source":"国土数値情報 P13 都市公園","x":-966.84,"y":-33766.08}},{"type":"Feature","geometry":{"type":"Point","coordinates":[139.82251,35.69402]},"properties":{"name":"竪川第一","area_m2":1538,"r_m":22.1,"source":"国土数値情報 P13 都市公園","x":-979.53,"y":-33946.92}},{"type":"Feature","geometry":{"type":"Point","coordinates":[139.82391,35.6957]},"properties":{"name":"亀戸","area_m2":1432,"r_m":21.3,"source":"国土数値情報 P13 都市公園","x":-852.81,"y":-33760.55}},{"type":"Feature","geometry":{"type":"Point","coordinates":[139.82094,35.69759]},"properties":{"name":"亀戸水上","area_m2":455,"r_m":12.0,"source":"国土数値情報 P13 都市公園","x":-1121.57,"y":-33550.84}},{"type":"Feature","geometry":{"type":"Point","coordinates":[139.82207,35.6983]},"properties":{"name":"文泉","area_m2":3516,"r_m":33.5,"source":"国土数値情報 P13 都市公園","x":-1019.3,"y":-33472.08}},{"type":"Feature","geometry":{"type":"Point","coordinates":[139.82465,35.69791]},"properties":{"name":"亀戸駅前","area_m2":1283,"r_m":20.2,"source":"国土数値情報 P13 都市公園","x":-785.82,"y":-33515.37}},{"type":"Feature","geometry":{"type":"Point","coordinates":[139.82367,35.70005]},"properties":{"name":"亀戸二丁目","area_m2":954,"r_m":17.4,"source":"国土数値情報 P13 都市公園","x":-874.48,"y":-33277.95}},{"type":"Feature","geometry":{"type":"Point","coordinates":[139.81979,35.70697]},"properties":{"name":"亀島小学校記念","area_m2":3108,"r_m":31.5,"source":"国土数値情報 P13 都市公園","x":-1225.5,"y":-32510.19}},{"type":"Feature","geometry":{"type":"Point","coordinates":[139.8231,35.70571]},"properties":{"name":"亀島","area_m2":751,"r_m":15.5,"source":"国土数値情報 P13 都市公園","x":-926.0,"y":-32650.01}},{"type":"Feature","geometry":{"type":"Point","coordinates":[139.82405,35.70284]},"properties":{"name":"亀戸三丁目","area_m2":603,"r_m":13.9,"source":"国土数値情報 P13 都市公園","x":-840.06,"y":-32968.42}},{"type":"Feature","geometry":{"type":"Point","coordinates":[139.82642,35.70259]},"properties":{"name":"亀戸四丁目ふれあい","area_m2":752,"r_m":15.5,"source":"国土数値情報 P13 都市公園","x":-625.6,"y":-32996.18}},{"type":"Feature","geometry":{"type":"Point","coordinates":[139.82732,35.70358]},"properties":{"name":"香取","area_m2":1808,"r_m":24.0,"source":"国土数値情報 P13 都市公園","x":-544.15,"y":-32886.35}},{"type":"Feature","geometry":{"type":"Point","coordinates":[139.82957,35.70267]},"properties":{"name":"亀戸四丁目","area_m2":734,"r_m":15.3,"source":"国土数値情報 P13 都市公園","x":-340.55,"y":-32987.32}},{"type":"Feature","geometry":{"type":"Point","coordinates":[139.82924,35.702]},"properties":{"name":"水神","area_m2":724,"r_m":15.2,"source":"国土数値情報 P13 都市公園","x":-370.42,"y":-33061.65}},{"type":"Feature","geometry":{"type":"Point","coordinates":[139.828855,35.699973]},"properties":{"name":"亀戸五丁目","area_m2":1089,"r_m":18.6,"source":"国土数値情報 P13 都市公園","x":-405.23,"y":-33286.5}},{"type":"Feature","geometry":{"type":"Point","coordinates":[139.83051,35.69838]},"properties":{"name":"亀戸五丁目第二","area_m2":1368,"r_m":20.9,"source":"国土数値情報 P13 都市公園","x":-255.5,"y":-33463.26}},{"type":"Feature","geometry":{"type":"Point","coordinates":[139.82816,35.69433]},"properties":{"name":"亀戸緑道","area_m2":2096,"r_m":25.8,"source":"国土数値情報 P13 都市公園","x":-468.19,"y":-33912.57}},{"type":"Feature","geometry":{"type":"Point","coordinates":[139.82768,35.69535]},"properties":{"name":"亀戸南","area_m2":2038,"r_m":25.5,"source":"国土数値情報 P13 都市公園","x":-511.63,"y":-33799.41}},{"type":"Feature","geometry":{"type":"Point","coordinates":[139.8293,35.69405]},"properties":{"name":"竪川第二","area_m2":2275,"r_m":26.9,"source":"国土数値情報 P13 都市公園","x":-365.02,"y":-33943.64}},{"type":"Feature","geometry":{"type":"Point","coordinates":[139.83189,35.69452]},"properties":{"name":"亀戸平岩","area_m2":1847,"r_m":24.2,"source":"国土数値情報 P13 都市公園","x":-130.62,"y":-33891.5}},{"type":"Feature","geometry":{"type":"Point","coordinates":[139.83685,35.69759]},"properties":{"name":"亀戸平岩第二","area_m2":623,"r_m":14.1,"source":"国土数値情報 P13 都市公園","x":318.25,"y":-33550.9}},{"type":"Feature","geometry":{"type":"Point","coordinates":[139.83347,35.69657]},"properties":{"name":"亀戸東","area_m2":4321,"r_m":37.1,"source":"国土数値情報 P13 都市公園","x":12.37,"y":-33664.07}},{"type":"Feature","geometry":{"type":"Point","coordinates":[139.83536,35.69798]},"properties":{"name":"亀戸七丁目北","area_m2":883,"r_m":16.8,"source":"国土数値情報 P13 都市公園","x":183.41,"y":-33507.64}},{"type":"Feature","geometry":{"type":"Point","coordinates":[139.83818,35.69661]},"properties":{"name":"亀戸七丁目南","area_m2":1500,"r_m":21.9,"source":"国土数値情報 P13 都市公園","x":438.62,"y":-33659.62}},{"type":"Feature","geometry":{"type":"Point","coordinates":[139.83549,35.69675]},"properties":{"name":"亀戸七丁目西","area_m2":670,"r_m":14.6,"source":"国土数値情報 P13 都市公園","x":195.18,"y":-33644.1}},{"type":"Feature","geometry":{"type":"Point","coordinates":[139.84352,35.69683]},"properties":{"name":"亀戸緑地","area_m2":2482,"r_m":28.1,"source":"国土数値情報 P13 都市公園","x":921.88,"y":-33635.18}},{"type":"Feature","geometry":{"type":"Point","coordinates":[139.84442,35.69571]},"properties":{"name":"亀戸浅間","area_m2":3408,"r_m":32.9,"source":"国土数値情報 P13 都市公園","x":1003.34,"y":-33759.42}},{"type":"Feature","geometry":{"type":"Point","coordinates":[139.84309,35.69836]},"properties":{"name":"亀戸九丁目","area_m2":2454,"r_m":27.9,"source":"国土数値情報 P13 都市公園","x":882.95,"y":-33465.44}},{"type":"Feature","geometry":{"type":"Point","coordinates":[139.84245,35.699801]},"properties":{"name":"亀戸九丁目緑道","area_m2":4052,"r_m":35.9,"source":"国土数値情報 P13 都市公園","x":825.0,"y":-33305.55}},{"type":"Feature","geometry":{"type":"Point","coordinates":[139.838345,35.699113]},"properties":{"name":"亀戸運動","area_m2":9650,"r_m":55.4,"source":"国土数値情報 P13 都市公園","x":453.58,"y":-33381.92}},{"type":"Feature","geometry":{"type":"Point","coordinates":[139.820988,35.68676]},"properties":{"name":"釜屋堀","area_m2":880,"r_m":16.7,"source":"国土数値情報 P13 都市公園","x":-1117.36,"y":-34752.36}},{"type":"Feature","geometry":{"type":"Point","coordinates":[139.82591,35.68785]},"properties":{"name":"大島一丁目","area_m2":930,"r_m":17.2,"source":"国土数値情報 P13 都市公園","x":-671.88,"y":-34631.46}},{"type":"Feature","geometry":{"type":"Point","coordinates":[139.82344,35.69189]},"properties":{"name":"大島二丁目","area_m2":1291,"r_m":20.3,"source":"国土数値情報 P13 都市公園","x":-895.39,"y":-34183.24}},{"type":"Feature","geometry":{"type":"Point","coordinates":[139.82446,35.69203]},"properties":{"name":"大島防災","area_m2":2903,"r_m":30.4,"source":"国土数値情報 P13 都市公園","x":-803.07,"y":-34167.71}},{"type":"Feature","geometry":{"type":"Point","coordinates":[139.830172,35.691916]},"properties":{"name":"大島三丁目","area_m2":462,"r_m":12.1,"source":"国土数値情報 P13 都市公園","x":-286.1,"y":-34180.44}},{"type":"Feature","geometry":{"type":"Point","coordinates":[139.828433,35.693005]},"properties":{"name":"大島緑道","area_m2":5394,"r_m":41.4,"source":"国土数値情報 P13 都市公園","x":-443.47,"y":-34059.57}},{"type":"Feature","geometry":{"type":"Point","coordinates":[139.83202,35.68785]},"properties":{"name":"大島四丁目","area_m2":2802,"r_m":29.9,"source":"国土数値情報 P13 都市公園","x":-118.87,"y":-34631.49}},{"type":"Feature","geometry":{"type":"Point","coordinates":[139.83282,35.68611]},"properties":{"name":"大島四丁目第二","area_m2":1621,"r_m":22.7,"source":"国土数値情報 P13 都市公園","x":-46.46,"y":-34824.53}},{"type":"Feature","geometry":{"type":"Point","coordinates":[139.835763,35.686487]},"properties":{"name":"大島五丁目","area_m2":4944,"r_m":39.7,"source":"国土数値情報 P13 都市公園","x":219.89,"y":-34782.65}},{"type":"Feature","geometry":{"type":"Point","coordinates":[139.84047,35.69233]},"properties":{"name":"大島七丁目","area_m2":4669,"r_m":38.6,"source":"国土数値情報 P13 都市公園","x":645.89,"y":-34134.44}},{"type":"Feature","geometry":{"type":"Point","coordinates":[139.83922,35.688]},"properties":{"name":"大島八丁目","area_m2":2329,"r_m":27.2,"source":"国土数値情報 P13 都市公園","x":532.79,"y":-34614.83}},{"type":"Feature","geometry":{"type":"Point","coordinates":[139.84029,35.68908]},"properties":{"name":"大島八丁目第二","area_m2":782,"r_m":15.8,"source":"国土数値情報 P13 都市公園","x":629.63,"y":-34495.01}},{"type":"Feature","geometry":{"type":"Point","coordinates":[139.84401,35.69002]},"properties":{"name":"大島東","area_m2":861,"r_m":16.6,"source":"国土数値情報 P13 都市公園","x":966.3,"y":-34390.69}},{"type":"Feature","geometry":{"type":"Point","coordinates":[139.82196,35.68169]},"properties":{"name":"北砂一丁目","area_m2":766,"r_m":15.6,"source":"国土数値情報 P13 都市公園","x":-1029.46,"y":-35314.83}},{"type":"Feature","geometry":{"type":"Point","coordinates":[139.821206,35.684759]},"properties":{"name":"北砂水上","area_m2":1073,"r_m":18.5,"source":"国土数値情報 P13 都市公園","x":-1097.63,"y":-34974.35}},{"type":"Feature","geometry":{"type":"Point","coordinates":[139.823564,35.683878]},"properties":{"name":"北砂第二","area_m2":1022,"r_m":18.0,"source":"国土数値情報 P13 都市公園","x":-884.24,"y":-35072.08}},{"type":"Feature","geometry":{"type":"Point","coordinates":[139.825,35.67832]},"properties":{"name":"北砂一丁目南","area_m2":819,"r_m":16.1,"source":"国土数値情報 P13 都市公園","x":-754.33,"y":-35688.73}},{"type":"Feature","geometry":{"type":"Point","coordinates":[139.821527,35.684385]},"properties":{"name":"北砂緑道","area_m2":2696,"r_m":29.3,"source":"国土数値情報 P13 都市公園","x":-1068.64,"y":-35015.88}},{"type":"Feature","geometry":{"type":"Point","coordinates":[139.82637,35.67968]},"properties":{"name":"北砂二丁目","area_m2":5032,"r_m":40.0,"source":"国土数値情報 P13 都市公園","x":-630.31,"y":-35537.86}},{"type":"Feature","geometry":{"type":"Point","coordinates":[139.83192,35.67713]},"properties":{"name":"砂町中央","area_m2":1670,"r_m":23.1,"source":"国土数値情報 P13 都市公園","x":-127.94,"y":-35820.78}},{"type":"Feature","geometry":{"type":"Point","coordinates":[139.831406,35.679915]},"properties":{"name":"北砂","area_m2":1227,"r_m":19.8,"source":"国土数値情報 P13 都市公園","x":-174.45,"y":-35511.83}},{"type":"Feature","geometry":{"type":"Point","coordinates":[139.83913,35.68525]},"properties":{"name":"仙台堀川","area_m2":103850,"r_m":181.8,"source":"国土数値情報 P13 都市公園","x":524.67,"y":-34919.92}},{"type":"Feature","geometry":{"type":"Point","coordinates":[139.83795,35.68177]},"properties":{"name":"亀高","area_m2":5818,"r_m":43.0,"source":"国土数値情報 P13 都市公園","x":417.88,"y":-35306.0}},{"type":"Feature","geometry":{"type":"Point","coordinates":[139.835071,35.677834]},"properties":{"name":"北砂七丁目","area_m2":1089,"r_m":18.6,"source":"国土数値情報 P13 都市公園","x":157.28,"y":-35742.68}},{"type":"Feature","geometry":{"type":"Point","coordinates":[139.83937,35.68306]},"properties":{"name":"東砂一丁目","area_m2":5382,"r_m":41.4,"source":"国土数値情報 P13 都市公園","x":546.4,"y":-35162.88}},{"type":"Feature","geometry":{"type":"Point","coordinates":[139.841529,35.685375]},"properties":{"name":"東砂二丁目","area_m2":1171,"r_m":19.3,"source":"国土数値情報 P13 都市公園","x":741.79,"y":-34905.99}},{"type":"Feature","geometry":{"type":"Point","coordinates":[139.84149,35.68215]},"properties":{"name":"東砂三丁目","area_m2":1019,"r_m":18.0,"source":"国土数値情報 P13 都市公園","x":738.34,"y":-35263.86}},{"type":"Feature","geometry":{"type":"Point","coordinates":[139.842938,35.681544]},"properties":{"name":"東砂三丁目第二","area_m2":3150,"r_m":31.7,"source":"国土数値情報 P13 都市公園","x":869.41,"y":-35331.02}},{"type":"Feature","geometry":{"type":"Point","coordinates":[139.838185,35.678263]},"properties":{"name":"城東","area_m2":10054,"r_m":56.6,"source":"国土数値情報 P13 都市公園","x":439.13,"y":-35695.03}},{"type":"Feature","geometry":{"type":"Point","coordinates":[139.84471,35.68103]},"properties":{"name":"荒川・砂町水辺","area_m2":82635,"r_m":162.2,"source":"国土数値情報 P13 都市公園","x":1029.77,"y":-35388.05}},{"type":"Feature","geometry":{"type":"Point","coordinates":[139.82137,35.67704]},"properties":{"name":"南砂一丁目","area_m2":801,"r_m":16.0,"source":"国土数値情報 P13 都市公園","x":-1082.93,"y":-35830.7}},{"type":"Feature","geometry":{"type":"Point","coordinates":[139.82124,35.67884]},"properties":{"name":"南砂一丁目第二","area_m2":909,"r_m":17.0,"source":"国土数値情報 P13 都市公園","x":-1094.67,"y":-35631.01}},{"type":"Feature","geometry":{"type":"Point","coordinates":[139.82259,35.67962]},"properties":{"name":"南砂一丁目北","area_m2":823,"r_m":16.2,"source":"国土数値情報 P13 都市公園","x":-972.46,"y":-35544.49}},{"type":"Feature","geometry":{"type":"Point","coordinates":[139.824935,35.674685]},"properties":{"name":"南砂二丁目","area_m2":1254,"r_m":20.0,"source":"国土数値情報 P13 都市公園","x":-760.23,"y":-36091.97}},{"type":"Feature","geometry":{"type":"Point","coordinates":[139.8286,35.67624]},"properties":{"name":"境川","area_m2":2455,"r_m":28.0,"source":"国土数値情報 P13 都市公園","x":-428.47,"y":-35919.51}},{"type":"Feature","geometry":{"type":"Point","coordinates":[139.83185,35.67466]},"properties":{"name":"金森","area_m2":2051,"r_m":25.6,"source":"国土数値情報 P13 都市公園","x":-134.28,"y":-36094.81}},{"type":"Feature","geometry":{"type":"Point","coordinates":[139.84123,35.67429]},"properties":{"name":"東砂六丁目","area_m2":1159,"r_m":19.2,"source":"国土数値情報 P13 都市公園","x":714.84,"y":-36135.83}},{"type":"Feature","geometry":{"type":"Point","coordinates":[139.84048,35.67281]},"properties":{"name":"舟入川","area_m2":851,"r_m":16.5,"source":"国土数値情報 P13 都市公園","x":646.96,"y":-36300.03}},{"type":"Feature","geometry":{"type":"Point","coordinates":[139.839914,35.674058]},"properties":{"name":"砂町","area_m2":2645,"r_m":29.0,"source":"国土数値情報 P13 都市公園","x":595.74,"y":-36161.6}},{"type":"Feature","geometry":{"type":"Point","coordinates":[139.84244,35.66768]},"properties":{"name":"東砂八丁目","area_m2":2016,"r_m":25.3,"source":"国土数値情報 P13 都市公園","x":824.44,"y":-36869.15}},{"type":"Feature","geometry":{"type":"Point","coordinates":[139.822231,35.670149]},"properties":{"name":"南砂二丁目南","area_m2":2493,"r_m":28.2,"source":"国土数値情報 P13 都市公園","x":-1005.03,"y":-36595.16}},{"type":"Feature","geometry":{"type":"Point","coordinates":[139.821117,35.673111]},"properties":{"name":"南砂緑道","area_m2":12691,"r_m":63.6,"source":"国土数値情報 P13 都市公園","x":-1105.91,"y":-36266.59}},{"type":"Feature","geometry":{"type":"Point","coordinates":[139.82796,35.6699]},"properties":{"name":"日曹橋","area_m2":994,"r_m":17.8,"source":"国土数値情報 P13 都市公園","x":-486.44,"y":-36622.88}},{"type":"Feature","geometry":{"type":"Point","coordinates":[139.83255,35.6684]},"properties":{"name":"南砂三丁目","area_m2":38646,"r_m":110.9,"source":"国土数値情報 P13 都市公園","x":-70.92,"y":-36789.31}},{"type":"Feature","geometry":{"type":"Point","coordinates":[139.82716,35.6744]},"properties":{"name":"南砂四丁目西","area_m2":732,"r_m":15.3,"source":"国土数値情報 P13 都市公園","x":-558.83,"y":-36123.64}},{"type":"Feature","geometry":{"type":"Point","coordinates":[139.829933,35.674454]},"properties":{"name":"南砂四丁目","area_m2":1282,"r_m":20.2,"source":"国土数値情報 P13 都市公園","x":-307.86,"y":-36117.65}},{"type":"Feature","geometry":{"type":"Point","coordinates":[139.832675,35.673672]},"properties":{"name":"砂町橋","area_m2":1326,"r_m":20.5,"source":"国土数値情報 P13 都市公園","x":-59.63,"y":-36204.37}},{"type":"Feature","geometry":{"type":"Point","coordinates":[139.8344,35.6734]},"properties":{"name":"南砂六丁目","area_m2":1350,"r_m":20.7,"source":"国土数値情報 P13 都市公園","x":96.56,"y":-36234.6}},{"type":"Feature","geometry":{"type":"Point","coordinates":[139.831944,35.666428]},"properties":{"name":"新砂あゆみ","area_m2":5998,"r_m":43.7,"source":"国土数値情報 P13 都市公園","x":-125.76,"y":-37008.05}},{"type":"Feature","geometry":{"type":"Point","coordinates":[139.830368,35.666836]},"properties":{"name":"新砂のぞみ","area_m2":1690,"r_m":23.2,"source":"国土数値情報 P13 都市公園","x":-268.44,"y":-36962.86}},{"type":"Feature","geometry":{"type":"Point","coordinates":[139.836072,35.643972]},"properties":{"name":"新木場一丁目緑地","area_m2":588,"r_m":13.7,"source":"国土数値情報 P13 都市公園","x":247.97,"y":-39499.42}},{"type":"Feature","geometry":{"type":"Point","coordinates":[139.836207,35.640425]},"properties":{"name":"新木場一丁目","area_m2":492,"r_m":12.5,"source":"国土数値情報 P13 都市公園","x":260.27,"y":-39892.93}},{"type":"Feature","geometry":{"type":"Point","coordinates":[139.83007,35.672138]},"properties":{"name":"南砂三丁目緑地","area_m2":752,"r_m":15.5,"source":"国土数値情報 P13 都市公園","x":-295.43,"y":-36374.65}},{"type":"Feature","geometry":{"type":"Point","coordinates":[139.833879,35.61889]},"properties":{"name":"若洲","area_m2":89683,"r_m":169.0,"source":"国土数値情報 P13 都市公園","x":49.44,"y":-42282.05}},{"type":"Feature","geometry":{"type":"Point","coordinates":[139.837736,35.666373]},"properties":{"name":"新砂めぐみ","area_m2":1810,"r_m":24.0,"source":"国土数値情報 P13 都市公園","x":398.59,"y":-37014.15}},{"type":"Feature","geometry":{"type":"Point","coordinates":[139.737572,35.618559]},"properties":{"name":"権現山公園","area_m2":4245,"r_m":36.8,"source":"国土数値情報 P13 都市公園","x":-8674.76,"y":-42314.47}},{"type":"Feature","geometry":{"type":"Point","coordinates":[139.72144,35.6102]},"properties":{"name":"戸越公園","area_m2":18255,"r_m":76.2,"source":"国土数値情報 P13 都市公園","x":-10137.12,"y":-43240.32}},{"type":"Feature","geometry":{"type":"Point","coordinates":[139.744229,35.618846]},"properties":{"name":"聖蹟公園","area_m2":2359,"r_m":27.4,"source":"国土数値情報 P13 都市公園","x":-8071.66,"y":-42283.21}},{"type":"Feature","geometry":{"type":"Point","coordinates":[139.708241,35.615598]},"properties":{"name":"平塚公園","area_m2":717,"r_m":15.1,"source":"国土数値情報 P13 都市公園","x":-11332.14,"y":-42640.05}},{"type":"Feature","geometry":{"type":"Point","coordinates":[139.746248,35.614347]},"properties":{"name":"東品川公園","area_m2":9013,"r_m":53.6,"source":"国土数値情報 P13 都市公園","x":-7889.24,"y":-42782.53}},{"type":"Feature","geometry":{"type":"Point","coordinates":[139.70332,35.61126]},"properties":{"name":"荏原南公園","area_m2":3327,"r_m":32.5,"source":"国土数値情報 P13 都市公園","x":-11778.57,"y":-43120.71}},{"type":"Feature","geometry":{"type":"Point","coordinates":[139.73364,35.58847]},"properties":{"name":"大井海岸公園","area_m2":1180,"r_m":19.4,"source":"国土数値情報 P13 都市公園","x":-9034.28,"y":-45652.25}},{"type":"Feature","geometry":{"type":"Point","coordinates":[139.723824,35.627786]},"properties":{"name":"五反田公園","area_m2":965,"r_m":17.5,"source":"国土数値情報 P13 都市公園","x":-9919.0,"y":-41289.59}},{"type":"Feature","geometry":{"type":"Point","coordinates":[139.73085,35.59263]},"properties":{"name":"大井水神公園","area_m2":12856,"r_m":64.0,"source":"国土数値情報 P13 都市公園","x":-9286.64,"y":-45190.48}},{"type":"Feature","geometry":{"type":"Point","coordinates":[139.750052,35.620156]},"properties":{"name":"天王洲公園","area_m2":30042,"r_m":97.8,"source":"国土数値情報 P13 都市公園","x":-7544.04,"y":-42138.4}},{"type":"Feature","geometry":{"type":"Point","coordinates":[139.725283,35.624515]},"properties":{"name":"五反田南公園","area_m2":519,"r_m":12.9,"source":"国土数値情報 P13 都市公園","x":-9787.19,"y":-41652.55}},{"type":"Feature","geometry":{"type":"Point","coordinates":[139.698171,35.624613]},"properties":{"name":"小山台公園","area_m2":4274,"r_m":36.9,"source":"国土数値情報 P13 都市公園","x":-12243.03,"y":-41638.68}},{"type":"Feature","geometry":{"type":"Point","coordinates":[139.73486,35.59354]},"properties":{"name":"鈴ヶ森公園","area_m2":3069,"r_m":31.3,"source":"国土数値情報 P13 都市公園","x":-8923.16,"y":-45089.89}},{"type":"Feature","geometry":{"type":"Point","coordinates":[139.74446,35.60583]},"properties":{"name":"鮫洲運動公園","area_m2":14191,"r_m":67.2,"source":"国土数値情報 P13 都市公園","x":-8052.03,"y":-43727.26}},{"type":"Feature","geometry":{"type":"Point","coordinates":[139.74103,35.60507]},"properties":{"name":"大井公園","area_m2":9075,"r_m":53.7,"source":"国土数値情報 P13 都市公園","x":-8362.87,"y":-43811.29}},{"type":"Feature","geometry":{"type":"Point","coordinates":[139.73878,35.60378]},"properties":{"name":"東大井公園","area_m2":4680,"r_m":38.6,"source":"国土数値情報 P13 都市公園","x":-8566.86,"y":-43954.21}},{"type":"Feature","geometry":{"type":"Point","coordinates":[139.7413,35.603]},"properties":{"name":"鮫浜公園","area_m2":542,"r_m":13.1,"source":"国土数値情報 P13 都市公園","x":-8338.62,"y":-44040.96}},{"type":"Feature","geometry":{"type":"Point","coordinates":[139.73061,35.58957]},"properties":{"name":"大井坂下公園","area_m2":2329,"r_m":27.2,"source":"国土数値情報 P13 都市公園","x":-9308.74,"y":-45529.93}},{"type":"Feature","geometry":{"type":"Point","coordinates":[139.70396,35.61572]},"properties":{"name":"荏原中央公園","area_m2":1141,"r_m":19.1,"source":"国土数値情報 P13 都市公園","x":-11719.94,"y":-42625.99}},{"type":"Feature","geometry":{"type":"Point","coordinates":[139.74242,35.62022]},"properties":{"name":"品海公園","area_m2":545,"r_m":13.2,"source":"国土数値情報 P13 都市公園","x":-8235.38,"y":-42130.66}},{"type":"Feature","geometry":{"type":"Point","coordinates":[139.742023,35.618525]},"properties":{"name":"北品川公園","area_m2":526,"r_m":12.9,"source":"国土数値情報 P13 都市公園","x":-8271.5,"y":-42318.68}},{"type":"Feature","geometry":{"type":"Point","coordinates":[139.72096,35.59544]},"properties":{"name":"金子山公園","area_m2":309,"r_m":9.9,"source":"国土数値情報 P13 都市公園","x":-10182.47,"y":-44877.76}},{"type":"Feature","geometry":{"type":"Point","coordinates":[139.750176,35.614318]},"properties":{"name":"東海第二公園","area_m2":361,"r_m":10.7,"source":"国土数値情報 P13 都市公園","x":-7533.39,"y":-42786.01}},{"type":"Feature","geometry":{"type":"Point","coordinates":[139.74091,35.59785]},"properties":{"name":"新浜川公園","area_m2":1306,"r_m":20.4,"source":"国土数値情報 P13 都市公園","x":-8374.49,"y":-44612.27}},{"type":"Feature","geometry":{"type":"Point","coordinates":[139.722081,35.634665]},"properties":{"name":"上大崎公園","area_m2":377,"r_m":11.0,"source":"国土数値情報 P13 都市公園","x":-10075.95,"y":-40526.25}},{"type":"Feature","geometry":{"type":"Point","coordinates":[139.726892,35.611733]},"properties":{"name":"そよかぜ公園","area_m2":748,"r_m":15.4,"source":"国土数値情報 P13 都市公園","x":-9643.0,"y":-43070.84}},{"type":"Feature","geometry":{"type":"Point","coordinates":[139.74431,35.59717]},"properties":{"name":"わかくさ公園","area_m2":1238,"r_m":19.9,"source":"国土数値情報 P13 都市公園","x":-8066.49,"y":-44688.0}},{"type":"Feature","geometry":{"type":"Point","coordinates":[139.717947,35.631686]},"properties":{"name":"希望ヶ丘公園","area_m2":635,"r_m":14.2,"source":"国土数値情報 P13 都市公園","x":-10450.73,"y":-40856.26}},{"type":"Feature","geometry":{"type":"Point","coordinates":[139.74394,35.62288]},"properties":{"name":"東品川一丁目公園","area_m2":630,"r_m":14.2,"source":"国土数値情報 P13 都市公園","x":-8097.42,"y":-41835.68}},{"type":"Feature","geometry":{"type":"Point","coordinates":[139.715421,35.624039]},"properties":{"name":"西五反田公園","area_m2":2274,"r_m":26.9,"source":"国土数値情報 P13 都市公園","x":-10680.57,"y":-41704.33}},{"type":"Feature","geometry":{"type":"Point","coordinates":[139.71802,35.61612]},"properties":{"name":"戸越台公園","area_m2":462,"r_m":12.1,"source":"国土数値情報 P13 都市公園","x":-10446.19,"y":-42583.2}},{"type":"Feature","geometry":{"type":"Point","coordinates":[139.724194,35.62299]},"properties":{"name":"大崎公園","area_m2":1171,"r_m":19.3,"source":"国土数値情報 P13 都市公園","x":-9886.04,"y":-41821.7}},{"type":"Feature","geometry":{"type":"Point","coordinates":[139.70032,35.60386]},"properties":{"name":"旗の台公園","area_m2":754,"r_m":15.5,"source":"国土数値情報 P13 都市公園","x":-12051.46,"y":-43941.31}},{"type":"Feature","geometry":{"type":"Point","coordinates":[139.729163,35.613788]},"properties":{"name":"西の台公園","area_m2":618,"r_m":14.0,"source":"国土数値情報 P13 都市公園","x":-9437.04,"y":-42843.02}},{"type":"Feature","geometry":{"type":"Point","coordinates":[139.72115,35.617858]},"properties":{"name":"峰原公園","area_m2":622,"r_m":14.1,"source":"国土数値情報 P13 都市公園","x":-10162.43,"y":-42390.74}},{"type":"Feature","geometry":{"type":"Point","coordinates":[139.741697,35.610478]},"properties":{"name":"横丁公園","area_m2":682,"r_m":14.7,"source":"国土数値情報 P13 都市公園","x":-8301.91,"y":-43211.42}},{"type":"Feature","geometry":{"type":"Point","coordinates":[139.739128,35.61136]},"properties":{"name":"二日市公園","area_m2":2138,"r_m":26.1,"source":"国土数値情報 P13 都市公園","x":-8534.57,"y":-43113.26}},{"type":"Feature","geometry":{"type":"Point","coordinates":[139.71382,35.60093]},"properties":{"name":"原っぱ公園","area_m2":2310,"r_m":27.1,"source":"国土数値情報 P13 都市公園","x":-10828.71,"y":-44267.93}},{"type":"Feature","geometry":{"type":"Point","coordinates":[139.7285,35.60534]},"properties":{"name":"宮下公園","area_m2":385,"r_m":11.1,"source":"国土数値情報 P13 都市公園","x":-9498.08,"y":-43780.2}},{"type":"Feature","geometry":{"type":"Point","coordinates":[139.712598,35.606823]},"properties":{"name":"東中延公園","area_m2":584,"r_m":13.6,"source":"国土数値情報 P13 都市公園","x":-10938.66,"y":-43613.99}},{"type":"Feature","geometry":{"type":"Point","coordinates":[139.71506,35.6187]},"properties":{"name":"中原東公園","area_m2":348,"r_m":10.5,"source":"国土数値情報 P13 都市公園","x":-10713.99,"y":-42296.65}},{"type":"Feature","geometry":{"type":"Point","coordinates":[139.73567,35.59704]},"properties":{"name":"浜川公園","area_m2":4388,"r_m":37.4,"source":"国土数値情報 P13 都市公園","x":-8849.38,"y":-44701.68}},{"type":"Feature","geometry":{"type":"Point","coordinates":[139.72891,35.59818]},"properties":{"name":"滝王子公園","area_m2":982,"r_m":17.7,"source":"国土数値情報 P13 都市公園","x":-9461.78,"y":-44574.57}},{"type":"Feature","geometry":{"type":"Point","coordinates":[139.746271,35.617995]},"properties":{"name":"洲崎公園","area_m2":1265,"r_m":20.1,"source":"国土数値情報 P13 都市公園","x":-7886.73,"y":-42377.86}},{"type":"Feature","geometry":{"type":"Point","coordinates":[139.750436,35.612634]},"properties":{"name":"敬老公園","area_m2":1083,"r_m":18.6,"source":"国土数値情報 P13 都市公園","x":-7509.96,"y":-42972.93}},{"type":"Feature","geometry":{"type":"Point","coordinates":[139.72963,35.61708]},"properties":{"name":"大崎西口公園","area_m2":769,"r_m":15.6,"source":"国土数値情報 P13 都市公園","x":-9394.33,"y":-42477.86}},{"type":"Feature","geometry":{"type":"Point","coordinates":[139.719126,35.619479]},"properties":{"name":"西八丁公園","area_m2":522,"r_m":12.9,"source":"国土数値情報 P13 都市公園","x":-10345.56,"y":-42210.68}},{"type":"Feature","geometry":{"type":"Point","coordinates":[139.722482,35.594988]},"properties":{"name":"出石公園","area_m2":1179,"r_m":19.4,"source":"国土数値情報 P13 都市公園","x":-10044.63,"y":-44928.04}},{"type":"Feature","geometry":{"type":"Point","coordinates":[139.70961,35.60187]},"properties":{"name":"荏原町公園","area_m2":897,"r_m":16.9,"source":"国土数値情報 P13 都市公園","x":-11210.03,"y":-44163.18}},{"type":"Feature","geometry":{"type":"Point","coordinates":[139.73764,35.59931]},"properties":{"name":"浜川北公園","area_m2":411,"r_m":11.4,"source":"国土数値情報 P13 都市公園","x":-8670.63,"y":-44450.02}},{"type":"Feature","geometry":{"type":"Point","coordinates":[139.73199,35.59308]},"properties":{"name":"桐畑公園","area_m2":418,"r_m":11.5,"source":"国土数値情報 P13 都市公園","x":-9183.28,"y":-45140.66}},{"type":"Feature","geometry":{"type":"Point","coordinates":[139.729058,35.622193]},"properties":{"name":"御成橋公園","area_m2":1559,"r_m":22.3,"source":"国土数値情報 P13 都市公園","x":-9445.55,"y":-41910.56}},{"type":"Feature","geometry":{"type":"Point","coordinates":[139.70677,35.61821]},"properties":{"name":"荏三公園","area_m2":778,"r_m":15.7,"source":"国土数値情報 P13 都市公園","x":-11465.02,"y":-42350.08}},{"type":"Feature","geometry":{"type":"Point","coordinates":[139.72108,35.59733]},"properties":{"name":"西の森公園","area_m2":369,"r_m":10.8,"source":"国土数値情報 P13 都市公園","x":-10171.36,"y":-44668.09}},{"type":"Feature","geometry":{"type":"Point","coordinates":[139.736724,35.608378]},"properties":{"name":"浅間台公園","area_m2":618,"r_m":14.0,"source":"国土数値情報 P13 都市公園","x":-8752.63,"y":-43443.88}},{"type":"Feature","geometry":{"type":"Point","coordinates":[139.73567,35.60223]},"properties":{"name":"関ヶ原公園","area_m2":536,"r_m":13.1,"source":"国土数値情報 P13 都市公園","x":-8848.81,"y":-44125.89}},{"type":"Feature","geometry":{"type":"Point","coordinates":[139.711844,35.623101]},"properties":{"name":"西霧ヶ谷公園","area_m2":3328,"r_m":32.5,"source":"国土数値情報 P13 都市公園","x":-11004.67,"y":-41808.07}},{"type":"Feature","geometry":{"type":"Point","coordinates":[139.7173,35.6186]},"properties":{"name":"平塚中央公園","area_m2":1326,"r_m":20.5,"source":"国土数値情報 P13 都市公園","x":-10511.09,"y":-42307.99}},{"type":"Feature","geometry":{"type":"Point","coordinates":[139.74483,35.6175]},"properties":{"name":"北浜公園","area_m2":1795,"r_m":23.9,"source":"国土数値情報 P13 都市公園","x":-8017.34,"y":-42432.61}},{"type":"Feature","geometry":{"type":"Point","coordinates":[139.70401,35.61335]},"properties":{"name":"荏原西公園","area_m2":365,"r_m":10.8,"source":"国土数値情報 P13 都市公園","x":-11715.75,"y":-42888.92}},{"type":"Feature","geometry":{"type":"Point","coordinates":[139.714233,35.607219]},"properties":{"name":"大原公園","area_m2":407,"r_m":11.4,"source":"国土数値情報 P13 都市公園","x":-10790.44,"y":-43570.28}},{"type":"Feature","geometry":{"type":"Point","coordinates":[139.724354,35.615618]},"properties":{"name":"鎗ヶ崎公園","area_m2":361,"r_m":10.7,"source":"国土数値情報 P13 都市公園","x":-9872.49,"y":-42639.57}},{"type":"Feature","geometry":{"type":"Point","coordinates":[139.71648,35.60446]},"properties":{"name":"豊町公園","area_m2":739,"r_m":15.3,"source":"国土数値情報 P13 都市公園","x":-10587.23,"y":-43876.6}},{"type":"Feature","geometry":{"type":"Point","coordinates":[139.726531,35.613984]},"properties":{"name":"三ツ木公園","area_m2":490,"r_m":12.5,"source":"国土数値情報 P13 都市公園","x":-9675.4,"y":-42821.09}},{"type":"Feature","geometry":{"type":"Point","coordinates":[139.72322,35.60198]},"properties":{"name":"西大井広場公園","area_m2":13457,"r_m":65.4,"source":"国土数値情報 P13 都市公園","x":-9976.88,"y":-44152.44}},{"type":"Feature","geometry":{"type":"Point","coordinates":[139.731072,35.612745]},"properties":{"name":"西品川公園","area_m2":2231,"r_m":26.6,"source":"国土数値情報 P13 都市公園","x":-9264.22,"y":-42958.96}},{"type":"Feature","geometry":{"type":"Point","coordinates":[139.71268,35.61696]},"properties":{"name":"京陽公園","area_m2":1441,"r_m":21.4,"source":"国土数値情報 P13 都市公園","x":-10929.82,"y":-42489.43}},{"type":"Feature","geometry":{"type":"Point","coordinates":[139.73831,35.58962]},"properties":{"name":"しながわ区民公園","area_m2":127419,"r_m":201.4,"source":"国土数値情報 P13 都市公園","x":-8610.96,"y":-45525.09}},{"type":"Feature","geometry":{"type":"Point","coordinates":[139.70712,35.61134]},"properties":{"name":"中延公園","area_m2":637,"r_m":14.2,"source":"国土数値情報 P13 都市公園","x":-11434.29,"y":-43112.28}},{"type":"Feature","geometry":{"type":"Point","coordinates":[139.75262,35.60072]},"properties":{"name":"八潮公園","area_m2":24918,"r_m":89.1,"source":"国土数値情報 P13 都市公園","x":-7313.19,"y":-44294.81}},{"type":"Feature","geometry":{"type":"Point","coordinates":[139.723606,35.632228]},"properties":{"name":"池田山公園","area_m2":7022,"r_m":47.3,"source":"国土数値情報 P13 都市公園","x":-9938.17,"y":-40796.75}},{"type":"Feature","geometry":{"type":"Point","coordinates":[139.7047,35.60542]},"properties":{"name":"旗の台北公園","area_m2":397,"r_m":11.2,"source":"国土数値情報 P13 都市公園","x":-11654.39,"y":-43768.77}},{"type":"Feature","geometry":{"type":"Point","coordinates":[139.71257,35.60231]},"properties":{"name":"源氏前公園","area_m2":1072,"r_m":18.5,"source":"国土数値情報 P13 都市公園","x":-10941.78,"y":-44114.7}},{"type":"Feature","geometry":{"type":"Point","coordinates":[139.74928,35.59654]},"properties":{"name":"しおじ公園","area_m2":10233,"r_m":57.1,"source":"国土数値情報 P13 都市公園","x":-7616.21,"y":-44758.28}},{"type":"Feature","geometry":{"type":"Point","coordinates":[139.711579,35.625034]},"properties":{"name":"かむろ坂公園","area_m2":1140,"r_m":19.0,"source":"国土数値情報 P13 都市公園","x":-11028.5,"y":-41593.62}},{"type":"Feature","geometry":{"type":"Point","coordinates":[139.74971,35.61749]},"properties":{"name":"東品川海上公園","area_m2":19477,"r_m":78.7,"source":"国土数値情報 P13 都市公園","x":-7575.27,"y":-42434.11}},{"type":"Feature","geometry":{"type":"Point","coordinates":[139.72803,35.60963]},"properties":{"name":"しながわ中央公園","area_m2":21083,"r_m":81.9,"source":"国土数値情報 P13 都市公園","x":-9540.16,"y":-43304.22}},{"type":"Feature","geometry":{"type":"Point","coordinates":[139.75485,35.62293]},"properties":{"name":"品川南ふ頭公園","area_m2":7540,"r_m":49.0,"source":"国土数値情報 P13 都市公園","x":-7109.17,"y":-41830.97}},{"type":"Feature","geometry":{"type":"Point","coordinates":[139.71686,35.59922]},"properties":{"name":"富士見ヶ丘児童遊園","area_m2":1377,"r_m":20.9,"source":"国土数値情報 P13 都市公園","x":-10553.49,"y":-44457.97}},{"type":"Feature","geometry":{"type":"Point","coordinates":[139.6873,35.65589]},"properties":{"name":"松見坂公園","area_m2":191,"r_m":7.8,"source":"国土数値情報 P13 都市公園","x":-13222.55,"y":-38167.37}},{"type":"Feature","geometry":{"type":"Point","coordinates":[139.68018,35.6581]},"properties":{"name":"駒場野公園","area_m2":39025,"r_m":111.5,"source":"国土数値情報 P13 都市公園","x":-13866.85,"y":-37921.2}},{"type":"Feature","geometry":{"type":"Point","coordinates":[139.68941,35.65761]},"properties":{"name":"駒場三丁目もちの木公園","area_m2":293,"r_m":9.7,"source":"国土数値情報 P13 都市公園","x":-13031.22,"y":-37976.83}},{"type":"Feature","geometry":{"type":"Point","coordinates":[139.6803,35.66163]},"properties":{"name":"駒場公園","area_m2":40396,"r_m":113.4,"source":"国土数値情報 P13 都市公園","x":-13855.37,"y":-37529.6}},{"type":"Feature","geometry":{"type":"Point","coordinates":[139.69583,35.65035]},"properties":{"name":"西郷山公園","area_m2":10550,"r_m":57.9,"source":"国土数値情報 P13 都市公園","x":-12451.06,"y":-38783.1}},{"type":"Feature","geometry":{"type":"Point","coordinates":[139.69449,35.64976]},"properties":{"name":"菅刈公園","area_m2":20049,"r_m":79.9,"source":"国土数値情報 P13 都市公園","x":-12572.49,"y":-38848.38}},{"type":"Feature","geometry":{"type":"Point","coordinates":[139.68993,35.65165]},"properties":{"name":"菅刈街かど公園","area_m2":200,"r_m":8.0,"source":"国土数値情報 P13 都市公園","x":-12985.1,"y":-38638.11}},{"type":"Feature","geometry":{"type":"Point","coordinates":[139.69235,35.65424]},"properties":{"name":"青葉台四丁目街かど公園","area_m2":151,"r_m":6.9,"source":"国土数値情報 P13 都市公園","x":-12765.56,"y":-38351.09}},{"type":"Feature","geometry":{"type":"Point","coordinates":[139.69078,35.65414]},"properties":{"name":"大坂緑地","area_m2":301,"r_m":9.8,"source":"国土数値情報 P13 都市公園","x":-12907.73,"y":-38361.98}},{"type":"Feature","geometry":{"type":"Point","coordinates":[139.68512,35.64939]},"properties":{"name":"東山貝塚公園","area_m2":1752,"r_m":23.6,"source":"国土数値情報 P13 都市公園","x":-13421.02,"y":-38888.19}},{"type":"Feature","geometry":{"type":"Point","coordinates":[139.68684,35.64811]},"properties":{"name":"東山街かど公園","area_m2":320,"r_m":10.1,"source":"国土数値情報 P13 都市公園","x":-13265.49,"y":-39030.43}},{"type":"Feature","geometry":{"type":"Point","coordinates":[139.68517,35.64757]},"properties":{"name":"東山公園","area_m2":6189,"r_m":44.4,"source":"国土数値情報 P13 都市公園","x":-13416.8,"y":-39090.11}},{"type":"Feature","geometry":{"type":"Point","coordinates":[139.69984,35.64252]},"properties":{"name":"けこぼ坂街かど公園","area_m2":105,"r_m":5.8,"source":"国土数値情報 P13 都市公園","x":-12089.13,"y":-39652.27}},{"type":"Feature","geometry":{"type":"Point","coordinates":[139.698396,35.640202]},"properties":{"name":"中目黒しぜんとなかよし公園","area_m2":1366,"r_m":20.9,"source":"国土数値情報 P13 都市公園","x":-12220.26,"y":-39909.26}},{"type":"Feature","geometry":{"type":"Point","coordinates":[139.69672,35.63935]},"properties":{"name":"伊勢脇公園","area_m2":2123,"r_m":26.0,"source":"国土数値情報 P13 都市公園","x":-12372.17,"y":-40003.56}},{"type":"Feature","geometry":{"type":"Point","coordinates":[139.698774,35.643824]},"properties":{"name":"中目黒駅前街かど公園","area_m2":173,"r_m":7.4,"source":"国土数値情報 P13 都市公園","x":-12185.46,"y":-39507.42}},{"type":"Feature","geometry":{"type":"Point","coordinates":[139.7048,35.64097]},"properties":{"name":"中目黒公園","area_m2":22074,"r_m":83.8,"source":"国土数値情報 P13 都市公園","x":-11640.18,"y":-39824.83}},{"type":"Feature","geometry":{"type":"Point","coordinates":[139.70157,35.63695]},"properties":{"name":"中目黒南緑地公園","area_m2":1178,"r_m":19.4,"source":"国土数値情報 P13 都市公園","x":-11933.29,"y":-40270.42}},{"type":"Feature","geometry":{"type":"Point","coordinates":[139.70174,35.63804]},"properties":{"name":"八幡公園","area_m2":1282,"r_m":20.2,"source":"国土数値情報 P13 都市公園","x":-11917.73,"y":-40149.52}},{"type":"Feature","geometry":{"type":"Point","coordinates":[139.700118,35.636411]},"properties":{"name":"なべころ坂緑地公園","area_m2":1039,"r_m":18.2,"source":"国土数値情報 P13 都市公園","x":-12064.88,"y":-40330.03}},{"type":"Feature","geometry":{"type":"Point","coordinates":[139.714233,35.640161]},"properties":{"name":"三田丘の上公園","area_m2":3591,"r_m":33.8,"source":"国土数値情報 P13 都市公園","x":-10786.02,"y":-39915.63}},{"type":"Feature","geometry":{"type":"Point","coordinates":[139.71107,35.63889]},"properties":{"name":"三田公園","area_m2":2212,"r_m":26.5,"source":"国土数値情報 P13 都市公園","x":-11072.65,"y":-40056.31}},{"type":"Feature","geometry":{"type":"Point","coordinates":[139.70943,35.63874]},"properties":{"name":"茶屋坂街かど公園","area_m2":105,"r_m":5.8,"source":"国土数値情報 P13 都市公園","x":-11221.19,"y":-40072.76}},{"type":"Feature","geometry":{"type":"Point","coordinates":[139.70935,35.63551]},"properties":{"name":"目黒川田道街かど公園","area_m2":149,"r_m":6.9,"source":"国土数値情報 P13 都市公園","x":-11228.89,"y":-40431.09}},{"type":"Feature","geometry":{"type":"Point","coordinates":[139.70863,35.63631]},"properties":{"name":"田道広場公園","area_m2":3304,"r_m":32.4,"source":"国土数値情報 P13 都市公園","x":-11293.98,"y":-40342.26}},{"type":"Feature","geometry":{"type":"Point","coordinates":[139.70834,35.63503]},"properties":{"name":"目黒区民センター公園","area_m2":10000,"r_m":56.4,"source":"国土数値情報 P13 都市公園","x":-11320.43,"y":-40484.23}},{"type":"Feature","geometry":{"type":"Point","coordinates":[139.7021,35.63298]},"properties":{"name":"大塚山公園","area_m2":1708,"r_m":23.3,"source":"国土数値情報 P13 都市公園","x":-11885.88,"y":-40710.92}},{"type":"Feature","geometry":{"type":"Point","coordinates":[139.711611,35.628923]},"properties":{"name":"下二南街かど公園","area_m2":451,"r_m":12.0,"source":"国土数値情報 P13 都市公園","x":-11025.05,"y":-41162.09}},{"type":"Feature","geometry":{"type":"Point","coordinates":[139.70995,35.63282]},"properties":{"name":"大鳥公園","area_m2":829,"r_m":16.2,"source":"国土数値情報 P13 都市公園","x":-11174.92,"y":-40729.59}},{"type":"Feature","geometry":{"type":"Point","coordinates":[139.7081,35.62922]},"properties":{"name":"不動公園","area_m2":3332,"r_m":32.6,"source":"国土数値情報 P13 都市公園","x":-11342.99,"y":-41128.77}},{"type":"Feature","geometry":{"type":"Point","coordinates":[139.70284,35.62832]},"properties":{"name":"さくらの里街かど公園","area_m2":223,"r_m":8.4,"source":"国土数値情報 P13 都市公園","x":-11819.54,"y":-41228.0}},{"type":"Feature","geometry":{"type":"Point","coordinates":[139.69656,35.63211]},"properties":{"name":"油面公園","area_m2":4513,"r_m":37.9,"source":"国土数値情報 P13 都市公園","x":-12387.77,"y":-40806.76}},{"type":"Feature","geometry":{"type":"Point","coordinates":[139.69746,35.63396]},"properties":{"name":"中町せせらぎ緑地公園","area_m2":1044,"r_m":18.2,"source":"国土数値情報 P13 都市公園","x":-12305.98,"y":-40601.63}},{"type":"Feature","geometry":{"type":"Point","coordinates":[139.6942,35.63297]},"properties":{"name":"三角山公園","area_m2":1499,"r_m":21.8,"source":"国土数値情報 P13 都市公園","x":-12601.39,"y":-40711.05}},{"type":"Feature","geometry":{"type":"Point","coordinates":[139.68741,35.6386]},"properties":{"name":"田切公園","area_m2":1396,"r_m":21.1,"source":"国土数値情報 P13 都市公園","x":-13215.44,"y":-40085.56}},{"type":"Feature","geometry":{"type":"Point","coordinates":[139.68686,35.63891]},"properties":{"name":"芦毛塚街かど公園","area_m2":230,"r_m":8.6,"source":"国土数値情報 P13 都市公園","x":-13265.2,"y":-40051.09}},{"type":"Feature","geometry":{"type":"Point","coordinates":[139.69064,35.63465]},"properties":{"name":"五本木ふれあい街かど公園","area_m2":577,"r_m":13.6,"source":"国土数値情報 P13 都市公園","x":-12923.55,"y":-40524.21}},{"type":"Feature","geometry":{"type":"Point","coordinates":[139.68611,35.63387]},"properties":{"name":"五本木二丁目街かど公園","area_m2":426,"r_m":11.6,"source":"国土数値情報 P13 都市公園","x":-13333.96,"y":-40610.14}},{"type":"Feature","geometry":{"type":"Point","coordinates":[139.68361,35.63202]},"properties":{"name":"五本木西みどり街かど公園","area_m2":489,"r_m":12.5,"source":"国土数値情報 P13 都市公園","x":-13560.69,"y":-40815.03}},{"type":"Feature","geometry":{"type":"Point","coordinates":[139.693129,35.638711]},"properties":{"name":"祐天寺一丁目ふれあい公園","area_m2":466,"r_m":12.2,"source":"国土数値情報 P13 都市公園","x":-12697.52,"y":-40073.95}},{"type":"Feature","geometry":{"type":"Point","coordinates":[139.69051,35.63005]},"properties":{"name":"中央緑地公園","area_m2":3803,"r_m":34.8,"source":"国土数値情報 P13 都市公園","x":-12936.06,"y":-41034.52}},{"type":"Feature","geometry":{"type":"Point","coordinates":[139.6958,35.626]},"properties":{"name":"こなべ野公園","area_m2":921,"r_m":17.1,"source":"国土数値情報 P13 都市公園","x":-12457.56,"y":-41484.51}},{"type":"Feature","geometry":{"type":"Point","coordinates":[139.69238,35.62423]},"properties":{"name":"清水池公園","area_m2":5798,"r_m":43.0,"source":"国土数値情報 P13 都市公園","x":-12767.62,"y":-41680.44}},{"type":"Feature","geometry":{"type":"Point","coordinates":[139.69966,35.62321]},"properties":{"name":"月光原公園","area_m2":652,"r_m":14.4,"source":"国土数値情報 P13 都市公園","x":-12108.34,"y":-41794.52}},{"type":"Feature","geometry":{"type":"Point","coordinates":[139.70026,35.61819]},"properties":{"name":"本町みなみ街かど公園","area_m2":257,"r_m":9.0,"source":"国土数値情報 P13 都市公園","x":-12054.75,"y":-42351.52}},{"type":"Feature","geometry":{"type":"Point","coordinates":[139.69916,35.61757]},"properties":{"name":"金杉原南緑地公園","area_m2":242,"r_m":8.8,"source":"国土数値情報 P13 都市公園","x":-12154.49,"y":-42420.17}},{"type":"Feature","geometry":{"type":"Point","coordinates":[139.69891,35.62151]},"properties":{"name":"本町北公園","area_m2":204,"r_m":8.1,"source":"国土数値情報 P13 都市公園","x":-12176.54,"y":-41983.03}},{"type":"Feature","geometry":{"type":"Point","coordinates":[139.69501,35.6212]},"properties":{"name":"向原西街かど公園","area_m2":209,"r_m":8.2,"source":"国土数値情報 P13 都市公園","x":-12529.86,"y":-42016.93}},{"type":"Feature","geometry":{"type":"Point","coordinates":[139.69751,35.61688]},"properties":{"name":"西小山公園","area_m2":590,"r_m":13.7,"source":"国土数値情報 P13 都市公園","x":-12304.06,"y":-42496.51}},{"type":"Feature","geometry":{"type":"Point","coordinates":[139.69441,35.61676]},"properties":{"name":"原町タンポポ公園","area_m2":221,"r_m":8.4,"source":"国土数値情報 P13 都市公園","x":-12584.91,"y":-42509.43}},{"type":"Feature","geometry":{"type":"Point","coordinates":[139.69501,35.61457]},"properties":{"name":"洗足北街かど公園","area_m2":196,"r_m":7.9,"source":"国土数値情報 P13 都市公園","x":-12530.9,"y":-42752.47}},{"type":"Feature","geometry":{"type":"Point","coordinates":[139.69345,35.6109]},"properties":{"name":"洗足ひだまり公園","area_m2":223,"r_m":8.4,"source":"国土数値情報 P13 都市公園","x":-12672.8,"y":-43159.42}},{"type":"Feature","geometry":{"type":"Point","coordinates":[139.68791,35.6131]},"properties":{"name":"富士見台公園","area_m2":821,"r_m":16.2,"source":"国土数値情報 P13 都市公園","x":-13174.34,"y":-42914.62}},{"type":"Feature","geometry":{"type":"Point","coordinates":[139.68645,35.62297]},"properties":{"name":"田向公園","area_m2":2773,"r_m":29.7,"source":"国土数値情報 P13 都市公園","x":-13304.97,"y":-41819.44}},{"type":"Feature","geometry":{"type":"Point","coordinates":[139.68471,35.61812]},"properties":{"name":"すずめのお宿緑地公園","area_m2":7494,"r_m":48.8,"source":"国土数値情報 P13 都市公園","x":-13463.39,"y":-42357.27}},{"type":"Feature","geometry":{"type":"Point","coordinates":[139.68228,35.62587]},"properties":{"name":"碑文谷公園","area_m2":43534,"r_m":117.7,"source":"国土数値情報 P13 都市公園","x":-13682.2,"y":-41497.14}},{"type":"Feature","geometry":{"type":"Point","coordinates":[139.68384,35.61]},"properties":{"name":"大岡山公園","area_m2":755,"r_m":15.5,"source":"国土数値情報 P13 都市公園","x":-13543.57,"y":-43257.99}},{"type":"Feature","geometry":{"type":"Point","coordinates":[139.68051,35.60221]},"properties":{"name":"境橋街かど公園","area_m2":88,"r_m":5.3,"source":"国土数値情報 P13 都市公園","x":-13846.6,"y":-44121.75}},{"type":"Feature","geometry":{"type":"Point","coordinates":[139.66785,35.61037]},"properties":{"name":"自由が丘公園","area_m2":990,"r_m":17.8,"source":"国土数値情報 P13 都市公園","x":-14992.14,"y":-43214.62}},{"type":"Feature","geometry":{"type":"Point","coordinates":[139.67679,35.61292]},"properties":{"name":"中根公園","area_m2":8271,"r_m":51.3,"source":"国土数値情報 P13 都市公園","x":-14181.76,"y":-42933.05}},{"type":"Feature","geometry":{"type":"Point","coordinates":[139.67395,35.61436]},"properties":{"name":"中根ねむの木公園","area_m2":383,"r_m":11.0,"source":"国土数値情報 P13 都市公園","x":-14438.79,"y":-42772.88}},{"type":"Feature","geometry":{"type":"Point","coordinates":[139.6723,35.62105]},"properties":{"name":"めぐろ区民キャンパス公園","area_m2":2300,"r_m":27.1,"source":"国土数値情報 P13 都市公園","x":-14587.05,"y":-42030.44}},{"type":"Feature","geometry":{"type":"Point","coordinates":[139.66516,35.61736]},"properties":{"name":"宮前公園","area_m2":4117,"r_m":36.2,"source":"国土数値情報 P13 都市公園","x":-15234.52,"y":-42438.73}},{"type":"Feature","geometry":{"type":"Point","coordinates":[139.6633,35.61417]},"properties":{"name":"八雲三丁目緑地","area_m2":220,"r_m":8.4,"source":"国土数値情報 P13 都市公園","x":-15403.63,"y":-42792.34}},{"type":"Feature","geometry":{"type":"Point","coordinates":[139.66809,35.62317]},"properties":{"name":"衾町公園","area_m2":6694,"r_m":46.2,"source":"国土数値情報 P13 都市公園","x":-14968.02,"y":-41794.61}},{"type":"Feature","geometry":{"type":"Point","coordinates":[139.665829,35.621892]},"properties":{"name":"やくも街かど公園","area_m2":619,"r_m":14.0,"source":"国土数値情報 P13 都市公園","x":-15173.05,"y":-41936.08}},{"type":"Feature","geometry":{"type":"Point","coordinates":[139.66737,35.62868]},"properties":{"name":"東根公園","area_m2":2866,"r_m":30.2,"source":"国土数値情報 P13 都市公園","x":-15032.2,"y":-41183.22}},{"type":"Feature","geometry":{"type":"Point","coordinates":[139.6671,35.6296]},"properties":{"name":"芳窪街かど公園","area_m2":570,"r_m":13.5,"source":"国土数値情報 P13 都市公園","x":-15056.49,"y":-41081.11}},{"type":"Feature","geometry":{"type":"Point","coordinates":[139.68268,35.652092]},"properties":{"name":"目黒川緑道","area_m2":7120,"r_m":47.6,"source":"国土数値情報 P13 都市公園","x":-13641.47,"y":-38588.05}},{"type":"Feature","geometry":{"type":"Point","coordinates":[139.697495,35.642673]},"properties":{"name":"蛇崩川緑道","area_m2":7536,"r_m":49.0,"source":"国土数値情報 P13 都市公園","x":-12301.46,"y":-39635.04}},{"type":"Feature","geometry":{"type":"Point","coordinates":[139.69025,35.64183]},"properties":{"name":"蛇崩川支流緑道","area_m2":482,"r_m":12.4,"source":"国土数値情報 P13 都市公園","x":-12957.71,"y":-39727.6}},{"type":"Feature","geometry":{"type":"Point","coordinates":[139.7037,35.63325]},"properties":{"name":"谷戸前川緑道","area_m2":1101,"r_m":18.7,"source":"国土数値情報 P13 都市公園","x":-11740.93,"y":-40681.16}},{"type":"Feature","geometry":{"type":"Point","coordinates":[139.697722,35.625151]},"properties":{"name":"羅漢寺川緑道","area_m2":691,"r_m":14.8,"source":"国土数値情報 P13 都市公園","x":-12283.56,"y":-41578.94}},{"type":"Feature","geometry":{"type":"Point","coordinates":[139.697675,35.617368]},"properties":{"name":"立会川緑道","area_m2":2526,"r_m":28.4,"source":"国土数値情報 P13 都市公園","x":-12289.01,"y":-42442.36}},{"type":"Feature","geometry":{"type":"Point","coordinates":[139.679719,35.609078]},"properties":{"name":"呑川本流緑道","area_m2":17387,"r_m":74.4,"source":"国土数値情報 P13 都市公園","x":-13917.11,"y":-43359.71}},{"type":"Feature","geometry":{"type":"Point","coordinates":[139.676764,35.624575]},"properties":{"name":"呑川柿の木坂支流緑道","area_m2":7497,"r_m":48.9,"source":"国土数値情報 P13 都市公園","x":-14182.03,"y":-41640.05}},{"type":"Feature","geometry":{"type":"Point","coordinates":[139.668344,35.619777]},"properties":{"name":"呑川駒沢支流緑道","area_m2":2210,"r_m":26.5,"source":"国土数値情報 P13 都市公園","x":-14945.64,"y":-42171.12}},{"type":"Feature","geometry":{"type":"Point","coordinates":[139.677188,35.573256]},"properties":{"name":"あおぞら児童公園","area_m2":332,"r_m":10.3,"source":"国土数値情報 P13 都市公園","x":-14152.68,"y":-47333.46}},{"type":"Feature","geometry":{"type":"Point","coordinates":[139.682635,35.573035]},"properties":{"name":"あけぼの児童公園","area_m2":397,"r_m":11.2,"source":"国土数値情報 P13 都市公園","x":-13659.0,"y":-47358.77}},{"type":"Feature","geometry":{"type":"Point","coordinates":[139.74422,35.55599]},"properties":{"name":"旭児童公園","area_m2":471,"r_m":12.2,"source":"国土数値情報 P13 都市公園","x":-8078.78,"y":-49256.5}},{"type":"Feature","geometry":{"type":"Point","coordinates":[139.71796,35.58782]},"properties":{"name":"あさひが丘児童公園","area_m2":160,"r_m":7.1,"source":"国土数値情報 P13 都市公園","x":-10455.3,"y":-45722.81}},{"type":"Feature","geometry":{"type":"Point","coordinates":[139.68916,35.60747]},"properties":{"name":"あすなろ児童公園","area_m2":359,"r_m":10.7,"source":"国土数値情報 P13 都市公園","x":-13062.01,"y":-43539.39}},{"type":"Feature","geometry":{"type":"Point","coordinates":[139.71695,35.59616]},"properties":{"name":"あずまにこにこ児童公園","area_m2":308,"r_m":9.9,"source":"国土数値情報 P13 都市公園","x":-10545.74,"y":-44797.46}},{"type":"Feature","geometry":{"type":"Point","coordinates":[139.71036,35.5992]},"properties":{"name":"天沼児童公園","area_m2":968,"r_m":17.6,"source":"国土数値情報 P13 都市公園","x":-11142.45,"y":-44459.47}},{"type":"Feature","geometry":{"type":"Point","coordinates":[139.71875,35.57982]},"properties":{"name":"新井宿児童公園","area_m2":592,"r_m":13.7,"source":"国土数値情報 P13 都市公園","x":-10384.74,"y":-46610.42}},{"type":"Feature","geometry":{"type":"Point","coordinates":[139.72505,35.5845]},"properties":{"name":"新井宿第一児童公園","area_m2":599,"r_m":13.8,"source":"国土数値情報 P13 都市公園","x":-9813.2,"y":-46091.86}},{"type":"Feature","geometry":{"type":"Point","coordinates":[139.72224,35.5747]},"properties":{"name":"新井宿七丁目児童公園","area_m2":403,"r_m":11.3,"source":"国土数値情報 P13 都市公園","x":-10069.09,"y":-47178.79}},{"type":"Feature","geometry":{"type":"Point","coordinates":[139.7061,35.57135]},"properties":{"name":"池上五丁目公園","area_m2":2122,"r_m":26.0,"source":"国土数値情報 P13 都市公園","x":-11532.44,"y":-47548.67}},{"type":"Feature","geometry":{"type":"Point","coordinates":[139.69968,35.5761]},"properties":{"name":"池上三丁目児童公園","area_m2":441,"r_m":11.8,"source":"国土数値情報 P13 都市公園","x":-12113.63,"y":-47020.93}},{"type":"Feature","geometry":{"type":"Point","coordinates":[139.70639,35.5667]},"properties":{"name":"池上特持南児童公園","area_m2":428,"r_m":11.7,"source":"国土数値情報 P13 都市公園","x":-11506.81,"y":-48064.58}},{"type":"Feature","geometry":{"type":"Point","coordinates":[139.70279,35.58101]},"properties":{"name":"池上梅園","area_m2":9880,"r_m":56.1,"source":"国土数値情報 P13 都市公園","x":-11831.03,"y":-46476.6}},{"type":"Feature","geometry":{"type":"Point","coordinates":[139.69852,35.56765]},"properties":{"name":"池上八丁目児童公園","area_m2":643,"r_m":14.3,"source":"国土数値情報 P13 都市公園","x":-12220.05,"y":-47958.23}},{"type":"Feature","geometry":{"type":"Point","coordinates":[139.70064,35.57764]},"properties":{"name":"池上平和児童公園","area_m2":376,"r_m":10.9,"source":"国土数値情報 P13 都市公園","x":-12026.39,"y":-46850.2}},{"type":"Feature","geometry":{"type":"Point","coordinates":[139.70311,35.57835]},"properties":{"name":"池上本町児童公園","area_m2":179,"r_m":7.5,"source":"国土数値情報 P13 都市公園","x":-11802.42,"y":-46771.74}},{"type":"Feature","geometry":{"type":"Point","coordinates":[139.71066,35.57859]},"properties":{"name":"池上みどり児童公園","area_m2":199,"r_m":8.0,"source":"国土数値情報 P13 都市公園","x":-11118.12,"y":-46745.99}},{"type":"Feature","geometry":{"type":"Point","coordinates":[139.70619,35.57504]},"properties":{"name":"池上門前児童公園","area_m2":382,"r_m":11.0,"source":"国土数値情報 P13 都市公園","x":-11523.75,"y":-47139.31}},{"type":"Feature","geometry":{"type":"Point","coordinates":[139.70297,35.56729]},"properties":{"name":"池上六丁目児童公園","area_m2":602,"r_m":13.8,"source":"国土数値情報 P13 都市公園","x":-11816.74,"y":-47998.72}},{"type":"Feature","geometry":{"type":"Point","coordinates":[139.68158,35.59953]},"properties":{"name":"石川公園","area_m2":1091,"r_m":18.6,"source":"国土数値情報 P13 都市公園","x":-13750.11,"y":-44419.22}},{"type":"Feature","geometry":{"type":"Point","coordinates":[139.68137,35.59531]},"properties":{"name":"石川台児童公園","area_m2":134,"r_m":6.5,"source":"国土数値情報 P13 都市公園","x":-13769.86,"y":-44887.36}},{"type":"Feature","geometry":{"type":"Point","coordinates":[139.68317,35.60202]},"properties":{"name":"石川町上の台公園","area_m2":1977,"r_m":25.1,"source":"国土数値情報 P13 都市公園","x":-13605.62,"y":-44143.2}},{"type":"Feature","geometry":{"type":"Point","coordinates":[139.68504,35.59976]},"properties":{"name":"石川町二丁目児童公園","area_m2":981,"r_m":17.7,"source":"国土数値情報 P13 都市公園","x":-13436.57,"y":-44394.18}},{"type":"Feature","geometry":{"type":"Point","coordinates":[139.68121,35.60042]},"properties":{"name":"石川町二丁目第三児童公園","area_m2":364,"r_m":10.8,"source":"国土数値情報 P13 都市公園","x":-13783.48,"y":-44320.43}},{"type":"Feature","geometry":{"type":"Point","coordinates":[139.68222,35.60019]},"properties":{"name":"石川町二丁目第二児童公園","area_m2":632,"r_m":14.2,"source":"国土数値情報 P13 都市公園","x":-13692.01,"y":-44346.09}},{"type":"Feature","geometry":{"type":"Point","coordinates":[139.72157,35.5493]},"properties":{"name":"いずも公園","area_m2":974,"r_m":17.6,"source":"国土数値情報 P13 都市公園","x":-10133.01,"y":-49996.6}},{"type":"Feature","geometry":{"type":"Point","coordinates":[139.71417,35.57791]},"properties":{"name":"市野倉北児童公園","area_m2":335,"r_m":10.3,"source":"国土数値情報 P13 都市公園","x":-10800.09,"y":-46821.82}},{"type":"Feature","geometry":{"type":"Point","coordinates":[139.71509,35.57497]},"properties":{"name":"市野倉南児童公園","area_m2":848,"r_m":16.4,"source":"国土数値情報 P13 都市公園","x":-10717.1,"y":-47148.08}},{"type":"Feature","geometry":{"type":"Point","coordinates":[139.70107,35.59452]},"properties":{"name":"稲荷坂児童公園","area_m2":721,"r_m":15.1,"source":"国土数値情報 P13 都市公園","x":-11984.9,"y":-44977.58}},{"type":"Feature","geometry":{"type":"Point","coordinates":[139.69446,35.56128]},"properties":{"name":"今泉児童公園","area_m2":985,"r_m":17.7,"source":"国土数値情報 P13 都市公園","x":-12589.06,"y":-48664.41}},{"type":"Feature","geometry":{"type":"Point","coordinates":[139.73079,35.58643]},"properties":{"name":"入新井公園","area_m2":3002,"r_m":30.9,"source":"国土数値情報 P13 都市公園","x":-9292.79,"y":-45878.3}},{"type":"Feature","geometry":{"type":"Point","coordinates":[139.726087,35.585382]},"properties":{"name":"入新井西公園","area_m2":2912,"r_m":30.4,"source":"国土数値情報 P13 都市公園","x":-9719.07,"y":-45994.07}},{"type":"Feature","geometry":{"type":"Point","coordinates":[139.72523,35.58157]},"properties":{"name":"入三西公園","area_m2":1021,"r_m":18.0,"source":"国土数値情報 P13 都市公園","x":-9797.25,"y":-46416.93}},{"type":"Feature","geometry":{"type":"Point","coordinates":[139.68344,35.58391]},"properties":{"name":"入船児童公園","area_m2":241,"r_m":8.8,"source":"国土数値情報 P13 都市公園","x":-13584.22,"y":-46152.37}},{"type":"Feature","geometry":{"type":"Point","coordinates":[139.72844,35.58218]},"properties":{"name":"不入斗パ－ク","area_m2":1312,"r_m":20.4,"source":"国土数値情報 P13 都市公園","x":-9506.26,"y":-46349.58}},{"type":"Feature","geometry":{"type":"Point","coordinates":[139.732025,35.583564]},"properties":{"name":"うさぎ児童公園","area_m2":482,"r_m":12.4,"source":"国土数値情報 P13 都市公園","x":-9181.2,"y":-46196.37}},{"type":"Feature","geometry":{"type":"Point","coordinates":[139.71417,35.58421]},"properties":{"name":"臼田坂児童公園","area_m2":347,"r_m":10.5,"source":"国土数値情報 P13 都市公園","x":-10799.24,"y":-46122.89}},{"type":"Feature","geometry":{"type":"Point","coordinates":[139.67661,35.57735]},"properties":{"name":"鵜の木三丁目児童公園","area_m2":441,"r_m":11.8,"source":"国土数値情報 P13 都市公園","x":-14204.35,"y":-46879.18}},{"type":"Feature","geometry":{"type":"Point","coordinates":[139.67731,35.57637]},"properties":{"name":"鵜の木三丁目中央児童公園","area_m2":784,"r_m":15.8,"source":"国土数値情報 P13 都市公園","x":-14141.08,"y":-46988.0}},{"type":"Feature","geometry":{"type":"Point","coordinates":[139.67987,35.57281]},"properties":{"name":"鵜の木二丁目児童公園","area_m2":790,"r_m":15.9,"source":"国土数値情報 P13 都市公園","x":-13909.67,"y":-47383.31}},{"type":"Feature","geometry":{"type":"Point","coordinates":[139.68173,35.57743]},"properties":{"name":"鵜の木松山公園","area_m2":7740,"r_m":49.6,"source":"国土数値情報 P13 都市公園","x":-13740.3,"y":-46871.03}},{"type":"Feature","geometry":{"type":"Point","coordinates":[139.70512,35.5824]},"properties":{"name":"梅田第一児童公園","area_m2":371,"r_m":10.9,"source":"国土数値情報 P13 都市公園","x":-11619.67,"y":-46322.67}},{"type":"Feature","geometry":{"type":"Point","coordinates":[139.7041,35.58223]},"properties":{"name":"梅田第二児童公園","area_m2":401,"r_m":11.3,"source":"国土数値情報 P13 都市公園","x":-11712.13,"y":-46341.41}},{"type":"Feature","geometry":{"type":"Point","coordinates":[139.743959,35.561323]},"properties":{"name":"桜梅公園","area_m2":2432,"r_m":27.8,"source":"国土数値情報 P13 都市公園","x":-8101.91,"y":-48664.85}},{"type":"Feature","geometry":{"type":"Point","coordinates":[139.71869,35.5851]},"properties":{"name":"大倉山公園","area_m2":2810,"r_m":29.9,"source":"国土数値情報 P13 都市公園","x":-10389.5,"y":-46024.64}},{"type":"Feature","geometry":{"type":"Point","coordinates":[139.74179,35.54952]},"properties":{"name":"大鳥居児童公園","area_m2":987,"r_m":17.7,"source":"国土数値情報 P13 都市公園","x":-8299.74,"y":-49974.08}},{"type":"Feature","geometry":{"type":"Point","coordinates":[139.75131,35.54673]},"properties":{"name":"大東児童公園","area_m2":108,"r_m":5.9,"source":"国土数値情報 P13 都市公園","x":-7436.87,"y":-50284.36}},{"type":"Feature","geometry":{"type":"Point","coordinates":[139.73549,35.58615]},"properties":{"name":"大森北公園","area_m2":1928,"r_m":24.8,"source":"国土数値情報 P13 都市公園","x":-8866.89,"y":-45909.8}},{"type":"Feature","geometry":{"type":"Point","coordinates":[139.732632,35.579759]},"properties":{"name":"大森北青空児童公園","area_m2":306,"r_m":9.9,"source":"国土数値情報 P13 都市公園","x":-9126.57,"y":-46618.56}},{"type":"Feature","geometry":{"type":"Point","coordinates":[139.73034,35.583261]},"properties":{"name":"大森北三丁目梅の花","area_m2":276,"r_m":9.4,"source":"国土数値情報 P13 都市公園","x":-9333.96,"y":-46229.83}},{"type":"Feature","geometry":{"type":"Point","coordinates":[139.73076,35.58221]},"properties":{"name":"大森北三丁目くすのき公園","area_m2":311,"r_m":9.9,"source":"国土数値情報 P13 都市公園","x":-9296.0,"y":-46346.47}},{"type":"Feature","geometry":{"type":"Point","coordinates":[139.730986,35.58188]},"properties":{"name":"大森北三丁目さくら児童公園","area_m2":601,"r_m":13.8,"source":"国土数値情報 P13 都市公園","x":-9275.51,"y":-46383.06}},{"type":"Feature","geometry":{"type":"Point","coordinates":[139.72929,35.58288]},"properties":{"name":"大森北四丁目児童公園","area_m2":723,"r_m":15.2,"source":"国土数値情報 P13 都市公園","x":-9429.14,"y":-46272.0}},{"type":"Feature","geometry":{"type":"Point","coordinates":[139.73401,35.57953]},"properties":{"name":"大森北六丁目南児童公園","area_m2":583,"r_m":13.6,"source":"国土数値情報 P13 都市公園","x":-9001.76,"y":-46644.09}},{"type":"Feature","geometry":{"type":"Point","coordinates":[139.73384,35.57101]},"properties":{"name":"大森山谷公園","area_m2":1339,"r_m":20.6,"source":"国土数値情報 P13 都市公園","x":-9018.12,"y":-47589.28}},{"type":"Feature","geometry":{"type":"Point","coordinates":[139.73036,35.57468]},"properties":{"name":"大森諏訪公園","area_m2":1286,"r_m":20.2,"source":"国土数値情報 P13 都市公園","x":-9333.12,"y":-47181.81}},{"type":"Feature","geometry":{"type":"Point","coordinates":[139.73807,35.57668]},"properties":{"name":"大森東一公園","area_m2":966,"r_m":17.5,"source":"国土数値情報 P13 都市公園","x":-8634.1,"y":-46960.63}},{"type":"Feature","geometry":{"type":"Point","coordinates":[139.730653,35.5673]},"properties":{"name":"大森中二丁目児童公園","area_m2":403,"r_m":11.3,"source":"国土数値情報 P13 都市公園","x":-9307.39,"y":-48000.59}},{"type":"Feature","geometry":{"type":"Point","coordinates":[139.73689,35.57818]},"properties":{"name":"大森仲町児童公園","area_m2":802,"r_m":16.0,"source":"国土数値情報 P13 都市公園","x":-8740.89,"y":-46794.12}},{"type":"Feature","geometry":{"type":"Point","coordinates":[139.72278,35.5777]},"properties":{"name":"大森西一丁目児童公園","area_m2":653,"r_m":14.4,"source":"国土数値情報 P13 都市公園","x":-10019.77,"y":-46846.03}},{"type":"Feature","geometry":{"type":"Point","coordinates":[139.723266,35.577823]},"properties":{"name":"大森西一丁目北児童公園","area_m2":333,"r_m":10.3,"source":"国土数値情報 P13 都市公園","x":-9975.73,"y":-46832.46}},{"type":"Feature","geometry":{"type":"Point","coordinates":[139.72321,35.57574]},"properties":{"name":"大森西一丁目セブンパ－ク","area_m2":546,"r_m":13.2,"source":"国土数値情報 P13 都市公園","x":-9981.04,"y":-47063.51}},{"type":"Feature","geometry":{"type":"Point","coordinates":[139.73158,35.57468]},"properties":{"name":"大森西交通公園","area_m2":3300,"r_m":32.4,"source":"国土数値情報 P13 都市公園","x":-9222.54,"y":-47181.92}},{"type":"Feature","geometry":{"type":"Point","coordinates":[139.72498,35.5715]},"properties":{"name":"大森西五丁目児童公園","area_m2":478,"r_m":12.3,"source":"国土数値情報 P13 都市公園","x":-9821.13,"y":-47534.08}},{"type":"Feature","geometry":{"type":"Point","coordinates":[139.7284,35.574641]},"properties":{"name":"大森西三丁目公園","area_m2":1337,"r_m":20.6,"source":"国土数値情報 P13 都市公園","x":-9510.79,"y":-47185.99}},{"type":"Feature","geometry":{"type":"Point","coordinates":[139.71939,35.56961]},"properties":{"name":"大森西七丁目公園","area_m2":1045,"r_m":18.2,"source":"国土数値情報 P13 都市公園","x":-10328.05,"y":-47743.18}},{"type":"Feature","geometry":{"type":"Point","coordinates":[139.72719,35.57652]},"properties":{"name":"大森西二丁目児童公園","area_m2":835,"r_m":16.3,"source":"国土数値情報 P13 都市公園","x":-9620.22,"y":-46977.38}},{"type":"Feature","geometry":{"type":"Point","coordinates":[139.730183,35.575634]},"properties":{"name":"大森西二丁目第二児童公園","area_m2":220,"r_m":8.4,"source":"国土数値情報 P13 都市公園","x":-9349.05,"y":-47075.96}},{"type":"Feature","geometry":{"type":"Point","coordinates":[139.723246,35.573159]},"properties":{"name":"大森西四丁目公園","area_m2":1408,"r_m":21.2,"source":"国土数値情報 P13 都市公園","x":-9978.09,"y":-47349.85}},{"type":"Feature","geometry":{"type":"Point","coordinates":[139.74023,35.57631]},"properties":{"name":"大森東一丁目第一公園","area_m2":6856,"r_m":46.7,"source":"国土数値情報 P13 都市公園","x":-8438.37,"y":-47001.87}},{"type":"Feature","geometry":{"type":"Point","coordinates":[139.74028,35.57524]},"properties":{"name":"大森東一丁目第二公園","area_m2":2081,"r_m":25.7,"source":"国土数値情報 P13 都市公園","x":-8433.95,"y":-47120.58}},{"type":"Feature","geometry":{"type":"Point","coordinates":[139.73514,35.57238]},"properties":{"name":"大森東二丁目公園","area_m2":574,"r_m":13.5,"source":"国土数値情報 P13 都市公園","x":-8900.13,"y":-47437.41}},{"type":"Feature","geometry":{"type":"Point","coordinates":[139.73618,35.57084]},"properties":{"name":"大森東三丁目児童公園","area_m2":375,"r_m":10.9,"source":"国土数値情報 P13 都市公園","x":-8806.04,"y":-47608.36}},{"type":"Feature","geometry":{"type":"Point","coordinates":[139.73628,35.56771]},"properties":{"name":"大森東四丁目児童公園","area_m2":470,"r_m":12.2,"source":"国土数値情報 P13 都市公園","x":-8797.32,"y":-47955.61}},{"type":"Feature","geometry":{"type":"Point","coordinates":[139.73706,35.56717]},"properties":{"name":"大森東四丁目第二児童公園","area_m2":430,"r_m":11.7,"source":"国土数値情報 P13 都市公園","x":-8726.67,"y":-48015.58}},{"type":"Feature","geometry":{"type":"Point","coordinates":[139.74196,35.573614]},"properties":{"name":"大森ふるさとの浜辺公園","area_m2":128325,"r_m":202.1,"source":"国土数値情報 P13 都市公園","x":-8281.84,"y":-47301.15}},{"type":"Feature","geometry":{"type":"Point","coordinates":[139.73318,35.56384]},"properties":{"name":"大森堀之内児童公園","area_m2":531,"r_m":13.0,"source":"国土数値情報 P13 都市公園","x":-9078.75,"y":-48384.66}},{"type":"Feature","geometry":{"type":"Point","coordinates":[139.73802,35.56116]},"properties":{"name":"大森南一丁目公園","area_m2":3347,"r_m":32.6,"source":"国土数値情報 P13 都市公園","x":-8640.3,"y":-48682.42}},{"type":"Feature","geometry":{"type":"Point","coordinates":[139.74092,35.56316]},"properties":{"name":"大森南稲荷前児童公園","area_m2":333,"r_m":10.3,"source":"国土数値情報 P13 都市公園","x":-8377.2,"y":-48460.79}},{"type":"Feature","geometry":{"type":"Point","coordinates":[139.747841,35.562445]},"properties":{"name":"大森南五丁目児童公園","area_m2":296,"r_m":9.7,"source":"国土数値情報 P13 都市公園","x":-7749.85,"y":-48540.72}},{"type":"Feature","geometry":{"type":"Point","coordinates":[139.739913,35.563774]},"properties":{"name":"大森南第一公園","area_m2":1082,"r_m":18.6,"source":"国土数値情報 P13 都市公園","x":-8468.44,"y":-48392.56}},{"type":"Feature","geometry":{"type":"Point","coordinates":[139.74652,35.56263]},"properties":{"name":"大森南二丁目児童公園","area_m2":331,"r_m":10.3,"source":"国土数値情報 P13 都市公園","x":-7869.62,"y":-48520.05}},{"type":"Feature","geometry":{"type":"Point","coordinates":[139.74353,35.56226]},"properties":{"name":"大森南二丁目第二児童公園","area_m2":909,"r_m":17.0,"source":"国土数値情報 P13 都市公園","x":-8140.7,"y":-48560.85}},{"type":"Feature","geometry":{"type":"Point","coordinates":[139.74753,35.56736]},"properties":{"name":"大森南四丁目児童公園","area_m2":465,"r_m":12.2,"source":"国土数値情報 P13 都市公園","x":-7777.6,"y":-47995.38}},{"type":"Feature","geometry":{"type":"Point","coordinates":[139.7459,35.56564]},"properties":{"name":"大森南四丁目公園","area_m2":1387,"r_m":21.0,"source":"国土数値情報 P13 都市公園","x":-7925.52,"y":-48186.07}},{"type":"Feature","geometry":{"type":"Point","coordinates":[139.72618,35.57209]},"properties":{"name":"大森三輪公園","area_m2":1606,"r_m":22.6,"source":"国土数値情報 P13 都市公園","x":-9712.29,"y":-47468.74}},{"type":"Feature","geometry":{"type":"Point","coordinates":[139.74272,35.56459]},"properties":{"name":"大四前くすのき公園","area_m2":1199,"r_m":19.5,"source":"国土数値情報 P13 都市公園","x":-8213.89,"y":-48302.3}},{"type":"Feature","geometry":{"type":"Point","coordinates":[139.714051,35.570903]},"properties":{"name":"女塚児童公園","area_m2":277,"r_m":9.4,"source":"国土数値情報 P13 都市公園","x":-10811.81,"y":-47599.13}},{"type":"Feature","geometry":{"type":"Point","coordinates":[139.711473,35.572852]},"properties":{"name":"女塚なかよし公園","area_m2":1699,"r_m":23.3,"source":"国土数値情報 P13 都市公園","x":-11045.25,"y":-47382.63}},{"type":"Feature","geometry":{"type":"Point","coordinates":[139.682761,35.583846]},"properties":{"name":"御嶽児童公園","area_m2":383,"r_m":11.0,"source":"国土数値情報 P13 都市公園","x":-13645.74,"y":-46159.42}},{"type":"Feature","geometry":{"type":"Point","coordinates":[139.6953,35.59703]},"properties":{"name":"開光坂児童公園","area_m2":218,"r_m":8.3,"source":"国土数値情報 P13 都市公園","x":-12507.35,"y":-44698.4}},{"type":"Feature","geometry":{"type":"Point","coordinates":[139.71927,35.58126]},"properties":{"name":"春日公園","area_m2":1162,"r_m":19.2,"source":"国土数値情報 P13 都市公園","x":-10337.43,"y":-46450.72}},{"type":"Feature","geometry":{"type":"Point","coordinates":[139.72417,35.58104]},"properties":{"name":"春日橋児童公園","area_m2":147,"r_m":6.8,"source":"国土数値情報 P13 都市公園","x":-9893.38,"y":-46475.63}},{"type":"Feature","geometry":{"type":"Point","coordinates":[139.68552,35.58729]},"properties":{"name":"かにくぼ公園","area_m2":2519,"r_m":28.3,"source":"国土数値情報 P13 都市公園","x":-13395.15,"y":-45777.68}},{"type":"Feature","geometry":{"type":"Point","coordinates":[139.721783,35.566712]},"properties":{"name":"蒲田一丁目公園","area_m2":4204,"r_m":36.6,"source":"国土数値情報 P13 都市公園","x":-10111.5,"y":-48064.89}},{"type":"Feature","geometry":{"type":"Point","coordinates":[139.72533,35.56359]},"properties":{"name":"蒲田三丁目ひろば児童公園","area_m2":447,"r_m":11.9,"source":"国土数値情報 P13 都市公園","x":-9790.37,"y":-48411.65}},{"type":"Feature","geometry":{"type":"Point","coordinates":[139.72389,35.56659]},"properties":{"name":"蒲田二丁目児童公園","area_m2":856,"r_m":16.5,"source":"国土数値情報 P13 都市公園","x":-9920.53,"y":-48078.68}},{"type":"Feature","geometry":{"type":"Point","coordinates":[139.71623,35.55783]},"properties":{"name":"蒲田本町一丁目公園","area_m2":4223,"r_m":36.7,"source":"国土数値情報 P13 都市公園","x":-10616.03,"y":-49049.72}},{"type":"Feature","geometry":{"type":"Point","coordinates":[139.72057,35.55682]},"properties":{"name":"蒲田本町二丁目公園","area_m2":2048,"r_m":25.5,"source":"国土数値情報 P13 都市公園","x":-10222.72,"y":-49162.23}},{"type":"Feature","geometry":{"type":"Point","coordinates":[139.70226,35.59841]},"properties":{"name":"上池台射水坂公園","area_m2":1408,"r_m":21.2,"source":"国土数値情報 P13 都市公園","x":-11876.5,"y":-44546.17}},{"type":"Feature","geometry":{"type":"Point","coordinates":[139.6981,35.59285]},"properties":{"name":"上池台三丁目公園","area_m2":2379,"r_m":27.5,"source":"国土数値情報 P13 都市公園","x":-12254.28,"y":-45162.49}},{"type":"Feature","geometry":{"type":"Point","coordinates":[139.69986,35.59523]},"properties":{"name":"上池台四丁目公園","area_m2":813,"r_m":16.1,"source":"国土数値情報 P13 都市公園","x":-12094.44,"y":-44898.67}},{"type":"Feature","geometry":{"type":"Point","coordinates":[139.68097,35.60381]},"properties":{"name":"上呑川児童公園","area_m2":232,"r_m":8.6,"source":"国土数値情報 P13 都市公園","x":-13804.65,"y":-43944.31}},{"type":"Feature","geometry":{"type":"Point","coordinates":[139.7485,35.54631]},"properties":{"name":"上東児童公園","area_m2":111,"r_m":5.9,"source":"国土数値情報 P13 都市公園","x":-7691.69,"y":-50330.74}},{"type":"Feature","geometry":{"type":"Point","coordinates":[139.7189,35.5761]},"properties":{"name":"観音通り児童公園","area_m2":517,"r_m":12.8,"source":"国土数値情報 P13 都市公園","x":-10371.63,"y":-47023.13}},{"type":"Feature","geometry":{"type":"Point","coordinates":[139.73587,35.56531]},"properties":{"name":"北糀谷一丁目公園","area_m2":1538,"r_m":22.1,"source":"国土数値情報 P13 都市公園","x":-8834.74,"y":-48221.83}},{"type":"Feature","geometry":{"type":"Point","coordinates":[139.73337,35.56176]},"properties":{"name":"北糀谷第一児童公園","area_m2":757,"r_m":15.5,"source":"国土数値情報 P13 都市公園","x":-9061.76,"y":-48615.44}},{"type":"Feature","geometry":{"type":"Point","coordinates":[139.73441,35.58408]},"properties":{"name":"北三児童公園","area_m2":82,"r_m":5.1,"source":"国土数値情報 P13 都市公園","x":-8965.0,"y":-46139.35}},{"type":"Feature","geometry":{"type":"Point","coordinates":[139.69441,35.60604]},"properties":{"name":"北千束児童公園","area_m2":341,"r_m":10.4,"source":"国土数値情報 P13 都市公園","x":-12586.59,"y":-43698.72}},{"type":"Feature","geometry":{"type":"Point","coordinates":[139.71648,35.59101]},"properties":{"name":"きたのこばと児童公園","area_m2":834,"r_m":16.3,"source":"国土数値情報 P13 都市公園","x":-10589.0,"y":-45368.75}},{"type":"Feature","geometry":{"type":"Point","coordinates":[139.71935,35.59015]},"properties":{"name":"北野にこにこ児童公園","area_m2":130,"r_m":6.4,"source":"国土数値情報 P13 都市公園","x":-10329.04,"y":-45464.47}},{"type":"Feature","geometry":{"type":"Point","coordinates":[139.70303,35.60089]},"properties":{"name":"北馬込わくわく公園","area_m2":491,"r_m":12.5,"source":"国土数値情報 P13 都市公園","x":-11806.36,"y":-44271.13}},{"type":"Feature","geometry":{"type":"Point","coordinates":[139.7094,35.59721]},"properties":{"name":"北馬込寺郷公園","area_m2":1036,"r_m":18.2,"source":"国土数値情報 P13 都市公園","x":-11229.71,"y":-44680.14}},{"type":"Feature","geometry":{"type":"Point","coordinates":[139.708684,35.599834]},"properties":{"name":"北馬込わんぱく児童公園","area_m2":491,"r_m":12.5,"source":"国土数値情報 P13 都市公園","x":-11294.24,"y":-44388.91}},{"type":"Feature","geometry":{"type":"Point","coordinates":[139.68118,35.58836]},"properties":{"name":"北嶺町児童公園","area_m2":430,"r_m":11.7,"source":"国土数値情報 P13 都市公園","x":-13788.27,"y":-45658.37}},{"type":"Feature","geometry":{"type":"Point","coordinates":[139.73912,35.57226]},"properties":{"name":"貴船児童公園","area_m2":423,"r_m":11.6,"source":"国土数値情報 P13 都市公園","x":-8539.4,"y":-47451.08}},{"type":"Feature","geometry":{"type":"Point","coordinates":[139.741097,35.57075]},"properties":{"name":"貴船掘公園","area_m2":3724,"r_m":34.4,"source":"国土数値情報 P13 都市公園","x":-8360.41,"y":-47618.81}},{"type":"Feature","geometry":{"type":"Point","coordinates":[139.735861,35.565674]},"properties":{"name":"旧呑川緑地","area_m2":21749,"r_m":83.2,"source":"国土数値情報 P13 都市公園","x":-8835.56,"y":-48181.42}},{"type":"Feature","geometry":{"type":"Point","coordinates":[139.7093,35.58341]},"properties":{"name":"桐里児童公園","area_m2":494,"r_m":12.5,"source":"国土数値情報 P13 都市公園","x":-11240.7,"y":-46211.1}},{"type":"Feature","geometry":{"type":"Point","coordinates":[139.71021,35.58353]},"properties":{"name":"桐里自然公園","area_m2":1061,"r_m":18.4,"source":"国土数値情報 P13 都市公園","x":-11158.22,"y":-46197.89}},{"type":"Feature","geometry":{"type":"Point","coordinates":[139.69205,35.58265]},"properties":{"name":"久が里児童公園","area_m2":411,"r_m":11.4,"source":"国土数値情報 P13 都市公園","x":-12804.13,"y":-46293.31}},{"type":"Feature","geometry":{"type":"Point","coordinates":[139.69118,35.58168]},"properties":{"name":"久が原公園","area_m2":1816,"r_m":24.0,"source":"国土数値情報 P13 都市公園","x":-12883.13,"y":-46400.81}},{"type":"Feature","geometry":{"type":"Point","coordinates":[139.69536,35.5773]},"properties":{"name":"久が原さくら児童公園","area_m2":519,"r_m":12.9,"source":"国土数値情報 P13 都市公園","x":-12504.99,"y":-46887.27}},{"type":"Feature","geometry":{"type":"Point","coordinates":[139.69466,35.58262]},"properties":{"name":"久が原清水坂児童公園","area_m2":562,"r_m":13.4,"source":"国土数値情報 P13 都市公園","x":-12567.6,"y":-46296.98}},{"type":"Feature","geometry":{"type":"Point","coordinates":[139.69571,35.58213]},"properties":{"name":"久が原なかよし児童公園","area_m2":835,"r_m":16.3,"source":"国土数値情報 P13 都市公園","x":-12472.51,"y":-46351.47}},{"type":"Feature","geometry":{"type":"Point","coordinates":[139.69608,35.58314]},"properties":{"name":"久が原二丁目児童公園","area_m2":318,"r_m":10.1,"source":"国土数値情報 P13 都市公園","x":-12438.83,"y":-46239.47}},{"type":"Feature","geometry":{"type":"Point","coordinates":[139.69745,35.57874]},"properties":{"name":"久が原東児童公園","area_m2":337,"r_m":10.4,"source":"国土数値情報 P13 都市公園","x":-12315.34,"y":-46727.78}},{"type":"Feature","geometry":{"type":"Point","coordinates":[139.697004,35.578956]},"properties":{"name":"久が原光児童公園","area_m2":529,"r_m":13.0,"source":"国土数値情報 P13 都市公園","x":-12355.76,"y":-46703.76}},{"type":"Feature","geometry":{"type":"Point","coordinates":[139.69669,35.5845]},"properties":{"name":"久が原久根児童公園","area_m2":458,"r_m":12.1,"source":"国土数値情報 P13 都市公園","x":-12383.33,"y":-46088.66}},{"type":"Feature","geometry":{"type":"Point","coordinates":[139.69777,35.57443]},"properties":{"name":"久が原南児童公園","area_m2":138,"r_m":6.6,"source":"国土数値情報 P13 都市公園","x":-12287.0,"y":-47205.97}},{"type":"Feature","geometry":{"type":"Point","coordinates":[139.69557,35.57507]},"properties":{"name":"久が原南台児童公園","area_m2":731,"r_m":15.3,"source":"国土数値情報 P13 都市公園","x":-12486.3,"y":-47134.69}},{"type":"Feature","geometry":{"type":"Point","coordinates":[139.69106,35.57986]},"properties":{"name":"久が原四丁目児童公園","area_m2":311,"r_m":9.9,"source":"国土数値情報 P13 都市公園","x":-12894.3,"y":-46602.7}},{"type":"Feature","geometry":{"type":"Point","coordinates":[139.691053,35.574317]},"properties":{"name":"くさっぱら公園","area_m2":1300,"r_m":20.3,"source":"国土数値情報 P13 都市公園","x":-12895.85,"y":-47217.67}},{"type":"Feature","geometry":{"type":"Point","coordinates":[139.68147,35.60253]},"properties":{"name":"桑の木児童公園","area_m2":330,"r_m":10.2,"source":"国土数値情報 P13 都市公園","x":-13759.57,"y":-44086.39}},{"type":"Feature","geometry":{"type":"Point","coordinates":[139.72231,35.56111]},"properties":{"name":"京浜蒲田公園","area_m2":1009,"r_m":17.9,"source":"国土数値情報 P13 都市公園","x":-10064.44,"y":-48686.47}},{"type":"Feature","geometry":{"type":"Point","coordinates":[139.68788,35.57594]},"properties":{"name":"コアラ児童公園","area_m2":351,"r_m":10.6,"source":"国土数値情報 P13 都市公園","x":-13183.15,"y":-47037.17}},{"type":"Feature","geometry":{"type":"Point","coordinates":[139.69971,35.60043]},"properties":{"name":"小池けやき児童公園","area_m2":550,"r_m":13.2,"source":"国土数値情報 P13 都市公園","x":-12107.25,"y":-44321.76}},{"type":"Feature","geometry":{"type":"Point","coordinates":[139.697035,35.598947]},"properties":{"name":"小池公園","area_m2":11235,"r_m":59.8,"source":"国土数値情報 P13 都市公園","x":-12349.86,"y":-44486.0}},{"type":"Feature","geometry":{"type":"Point","coordinates":[139.709118,35.58838]},"properties":{"name":"こうま児童公園","area_m2":331,"r_m":10.3,"source":"国土数値情報 P13 都市公園","x":-11256.53,"y":-45659.75}},{"type":"Feature","geometry":{"type":"Point","coordinates":[139.72618,35.57626]},"properties":{"name":"こがねむし児童公園","area_m2":121,"r_m":6.2,"source":"国土数値情報 P13 都市公園","x":-9711.79,"y":-47006.12}},{"type":"Feature","geometry":{"type":"Point","coordinates":[139.690856,35.573859]},"properties":{"name":"こばと児童公園","area_m2":364,"r_m":10.8,"source":"国土数値情報 P13 都市公園","x":-12913.76,"y":-47268.44}},{"type":"Feature","geometry":{"type":"Point","coordinates":[139.70351,35.56297]},"properties":{"name":"小林児童公園","area_m2":347,"r_m":10.5,"source":"国土数値情報 P13 都市公園","x":-11768.42,"y":-48478.04}},{"type":"Feature","geometry":{"type":"Point","coordinates":[139.69533,35.55952]},"properties":{"name":"こまどり児童公園","area_m2":246,"r_m":8.8,"source":"国土数値情報 P13 都市公園","x":-12510.47,"y":-48859.78}},{"type":"Feature","geometry":{"type":"Point","coordinates":[139.73747,35.57349]},"properties":{"name":"鷺の森児童公園","area_m2":867,"r_m":16.6,"source":"国土数値情報 P13 都市公園","x":-8688.83,"y":-47314.48}},{"type":"Feature","geometry":{"type":"Point","coordinates":[139.72043,35.57429]},"properties":{"name":"さくら通り三丁目公園","area_m2":1201,"r_m":19.6,"source":"国土数値情報 P13 都市公園","x":-10233.19,"y":-47224.09}},{"type":"Feature","geometry":{"type":"Point","coordinates":[139.71152,35.58493]},"properties":{"name":"桜並木公園","area_m2":1189,"r_m":19.5,"source":"国土数値情報 P13 都市公園","x":-11039.3,"y":-46042.72}},{"type":"Feature","geometry":{"type":"Point","coordinates":[139.73042,35.57913]},"properties":{"name":"沢田児童公園","area_m2":253,"r_m":9.0,"source":"国土数値情報 P13 都市公園","x":-9327.17,"y":-46688.13}},{"type":"Feature","geometry":{"type":"Point","coordinates":[139.729867,35.578091]},"properties":{"name":"沢田東児童公園","area_m2":684,"r_m":14.8,"source":"国土数値情報 P13 都市公園","x":-9377.4,"y":-46803.36}},{"type":"Feature","geometry":{"type":"Point","coordinates":[139.72348,35.58586]},"properties":{"name":"サンサン児童公園","area_m2":226,"r_m":8.5,"source":"国土数値情報 P13 都市公園","x":-9955.31,"y":-45940.82}},{"type":"Feature","geometry":{"type":"Point","coordinates":[139.7229,35.58459]},"properties":{"name":"サンサン根岸児童公園","area_m2":783,"r_m":15.8,"source":"国土数値情報 P13 都市公園","x":-10008.03,"y":-46081.66}},{"type":"Feature","geometry":{"type":"Point","coordinates":[139.731838,35.547267]},"properties":{"name":"三棟児童公園","area_m2":489,"r_m":12.5,"source":"国土数値情報 P13 都市公園","x":-9202.32,"y":-50223.13}},{"type":"Feature","geometry":{"type":"Point","coordinates":[139.72446,35.58733]},"properties":{"name":"山王公園","area_m2":2173,"r_m":26.3,"source":"国土数値情報 P13 都市公園","x":-9866.32,"y":-45777.84}},{"type":"Feature","geometry":{"type":"Point","coordinates":[139.721921,35.593645]},"properties":{"name":"山王稲穂児童公園","area_m2":432,"r_m":11.7,"source":"国土数値情報 P13 都市公園","x":-10095.66,"y":-45077.02}},{"type":"Feature","geometry":{"type":"Point","coordinates":[139.72218,35.58756]},"properties":{"name":"山王木原山児童公園","area_m2":411,"r_m":11.4,"source":"国土数値情報 P13 都市公園","x":-10072.91,"y":-45752.09}},{"type":"Feature","geometry":{"type":"Point","coordinates":[139.7238,35.58204]},"properties":{"name":"山王三丁目児童公園","area_m2":821,"r_m":16.2,"source":"国土数値情報 P13 都市公園","x":-9926.79,"y":-46364.65}},{"type":"Feature","geometry":{"type":"Point","coordinates":[139.72496,35.59337]},"properties":{"name":"山王第一児童公園","area_m2":683,"r_m":14.7,"source":"国土数値情報 P13 都市公園","x":-9820.27,"y":-45107.81}},{"type":"Feature","geometry":{"type":"Point","coordinates":[139.721782,35.593869]},"properties":{"name":"山王どんぐり児童公園","area_m2":205,"r_m":8.1,"source":"国土数値情報 P13 都市公園","x":-10108.16,"y":-45052.11}},{"type":"Feature","geometry":{"type":"Point","coordinates":[139.72301,35.59266]},"properties":{"name":"山王なかよし児童公園","area_m2":470,"r_m":12.2,"source":"国土数値情報 P13 都市公園","x":-9997.06,"y":-45186.38}},{"type":"Feature","geometry":{"type":"Point","coordinates":[139.72679,35.58884]},"properties":{"name":"山王二丁目児童公園","area_m2":546,"r_m":13.2,"source":"国土数値情報 P13 都市公園","x":-9654.99,"y":-45610.55}},{"type":"Feature","geometry":{"type":"Point","coordinates":[139.72119,35.58769]},"properties":{"name":"山王花清水公園","area_m2":1045,"r_m":18.2,"source":"国土数値情報 P13 都市公園","x":-10162.61,"y":-45737.57}},{"type":"Feature","geometry":{"type":"Point","coordinates":[139.69553,35.59591]},"properties":{"name":"三本松児童公園","area_m2":478,"r_m":12.3,"source":"国土数値情報 P13 都市公園","x":-12486.69,"y":-44822.69}},{"type":"Feature","geometry":{"type":"Point","coordinates":[139.7289,35.57566]},"properties":{"name":"三和公園","area_m2":1073,"r_m":18.5,"source":"国土数値情報 P13 都市公園","x":-9465.33,"y":-47072.95}},{"type":"Feature","geometry":{"type":"Point","coordinates":[139.74651,35.56853]},"properties":{"name":"潮見児童公園","area_m2":276,"r_m":9.4,"source":"国土数値情報 P13 都市公園","x":-7869.95,"y":-47865.5}},{"type":"Feature","geometry":{"type":"Point","coordinates":[139.6821,35.5976]},"properties":{"name":"しばざくらきんたろう児童公園","area_m2":588,"r_m":13.7,"source":"国土数値情報 P13 都市公園","x":-13703.33,"y":-44633.41}},{"type":"Feature","geometry":{"type":"Point","coordinates":[139.68828,35.61016]},"properties":{"name":"清水窪児童公園","area_m2":233,"r_m":8.6,"source":"国土数値情報 P13 都市公園","x":-13141.3,"y":-43240.84}},{"type":"Feature","geometry":{"type":"Point","coordinates":[139.71628,35.57827]},"properties":{"name":"子母澤児童公園","area_m2":456,"r_m":12.0,"source":"国土数値情報 P13 都市公園","x":-10608.81,"y":-46782.11}},{"type":"Feature","geometry":{"type":"Point","coordinates":[139.73514,35.54971]},"properties":{"name":"下萩中児童公園","area_m2":451,"r_m":12.0,"source":"国土数値情報 P13 都市公園","x":-8902.64,"y":-49952.42}},{"type":"Feature","geometry":{"type":"Point","coordinates":[139.7365,35.56051]},"properties":{"name":"下袋児童公園","area_m2":164,"r_m":7.2,"source":"国土数値情報 P13 都市公園","x":-8778.16,"y":-48754.39}},{"type":"Feature","geometry":{"type":"Point","coordinates":[139.681602,35.568957]},"properties":{"name":"下丸子公園","area_m2":12813,"r_m":63.9,"source":"国土数値情報 P13 都市公園","x":-13753.31,"y":-47810.95}},{"type":"Feature","geometry":{"type":"Point","coordinates":[139.687371,35.562537]},"properties":{"name":"下丸子多摩川公園","area_m2":3013,"r_m":31.0,"source":"国土数値情報 P13 都市公園","x":-13231.47,"y":-48524.07}},{"type":"Feature","geometry":{"type":"Point","coordinates":[139.68805,35.56586]},"properties":{"name":"下丸子なかよし公園","area_m2":1083,"r_m":18.6,"source":"国土数値情報 P13 都市公園","x":-13169.39,"y":-48155.47}},{"type":"Feature","geometry":{"type":"Point","coordinates":[139.687015,35.562971]},"properties":{"name":"下丸子二丁目公園","area_m2":1811,"r_m":24.0,"source":"国土数値情報 P13 都市公園","x":-13263.66,"y":-48475.82}},{"type":"Feature","geometry":{"type":"Point","coordinates":[139.68134,35.57222]},"properties":{"name":"下丸子余情公園","area_m2":1024,"r_m":18.1,"source":"国土数値情報 P13 都市公園","x":-13776.54,"y":-47448.97}},{"type":"Feature","geometry":{"type":"Point","coordinates":[139.6718,35.59341]},"properties":{"name":"出世稲荷児童公園","area_m2":280,"r_m":9.4,"source":"国土数値情報 P13 都市公園","x":-14637.38,"y":-45096.77}},{"type":"Feature","geometry":{"type":"Point","coordinates":[139.68741,35.58496]},"properties":{"name":"松仙児童公園","area_m2":665,"r_m":14.5,"source":"国土数値情報 P13 都市公園","x":-13224.26,"y":-46036.43}},{"type":"Feature","geometry":{"type":"Point","coordinates":[139.69093,35.58501]},"properties":{"name":"松仙さくら児童公園","area_m2":291,"r_m":9.6,"source":"国土数値情報 P13 都市公園","x":-12905.25,"y":-46031.35}},{"type":"Feature","geometry":{"type":"Point","coordinates":[139.71114,35.55766]},"properties":{"name":"新蒲田公園","area_m2":1878,"r_m":24.4,"source":"国土数値情報 P13 都市公園","x":-11077.49,"y":-49068.02}},{"type":"Feature","geometry":{"type":"Point","coordinates":[139.7056,35.5603]},"properties":{"name":"新蒲田二丁目公園","area_m2":286,"r_m":9.5,"source":"国土数値情報 P13 都市公園","x":-11579.35,"y":-48774.5}},{"type":"Feature","geometry":{"type":"Point","coordinates":[139.72174,35.57719]},"properties":{"name":"新五フラワ-児童公園","area_m2":789,"r_m":15.8,"source":"国土数値情報 P13 都市公園","x":-10114.09,"y":-46902.5}},{"type":"Feature","geometry":{"type":"Point","coordinates":[139.73312,35.55241]},"properties":{"name":"新宿東児童公園","area_m2":950,"r_m":17.4,"source":"国土数値情報 P13 都市公園","x":-9085.48,"y":-49652.7}},{"type":"Feature","geometry":{"type":"Point","coordinates":[139.67967,35.57809]},"properties":{"name":"しんせい児童公園","area_m2":279,"r_m":9.4,"source":"国土数値情報 P13 都市公園","x":-13926.89,"y":-46797.52}},{"type":"Feature","geometry":{"type":"Point","coordinates":[139.71333,35.5911]},"properties":{"name":"しんめい児童公園","area_m2":457,"r_m":12.1,"source":"国土数値情報 P13 都市公園","x":-10874.44,"y":-45358.42}},{"type":"Feature","geometry":{"type":"Point","coordinates":[139.74159,35.56131]},"properties":{"name":"末広橋児童公園","area_m2":410,"r_m":11.4,"source":"国土数値情報 P13 都市公園","x":-8316.66,"y":-48666.08}},{"type":"Feature","geometry":{"type":"Point","coordinates":[139.69035,35.57623]},"properties":{"name":"スクランブルパ－ク","area_m2":535,"r_m":13.0,"source":"国土数値情報 P13 都市公園","x":-12959.23,"y":-47005.32}},{"type":"Feature","geometry":{"type":"Point","coordinates":[139.69659,35.58971]},"properties":{"name":"すずむし児童公園","area_m2":328,"r_m":10.2,"source":"国土数値情報 P13 都市公園","x":-12391.59,"y":-45510.65}},{"type":"Feature","geometry":{"type":"Point","coordinates":[139.68875,35.5966]},"properties":{"name":"昴児童公園","area_m2":504,"r_m":12.7,"source":"国土数値情報 P13 都市公園","x":-13100.93,"y":-44745.26}},{"type":"Feature","geometry":{"type":"Point","coordinates":[139.68706,35.57929]},"properties":{"name":"すみれ児童公園","area_m2":242,"r_m":8.8,"source":"国土数値情報 P13 都市公園","x":-13256.91,"y":-46665.41}},{"type":"Feature","geometry":{"type":"Point","coordinates":[139.73351,35.5853]},"properties":{"name":"清花公園","area_m2":2902,"r_m":30.4,"source":"国土数値情報 P13 都市公園","x":-9046.42,"y":-46003.92}},{"type":"Feature","geometry":{"type":"Point","coordinates":[139.72679,35.56459]},"properties":{"name":"聖蹟蒲田梅屋敷公園","area_m2":4365,"r_m":37.3,"source":"国土数値情報 P13 都市公園","x":-9657.9,"y":-48300.85}},{"type":"Feature","geometry":{"type":"Point","coordinates":[139.69603,35.59423]},"properties":{"name":"せみやま児童公園","area_m2":154,"r_m":7.0,"source":"国土数値情報 P13 都市公園","x":-12441.64,"y":-45009.13}},{"type":"Feature","geometry":{"type":"Point","coordinates":[139.68951,35.60283]},"properties":{"name":"洗足池公園","area_m2":76951,"r_m":156.5,"source":"国土数値情報 P13 都市公園","x":-13031.05,"y":-44054.2}},{"type":"Feature","geometry":{"type":"Point","coordinates":[139.69637,35.59238]},"properties":{"name":"洗足流れ東雪児童公園","area_m2":232,"r_m":8.6,"source":"国土数値情報 P13 都市公園","x":-12411.12,"y":-45214.41}},{"type":"Feature","geometry":{"type":"Point","coordinates":[139.68695,35.60589]},"properties":{"name":"千束西児童公園","area_m2":512,"r_m":12.8,"source":"国土数値情報 P13 都市公園","x":-13262.5,"y":-43714.38}},{"type":"Feature","geometry":{"type":"Point","coordinates":[139.71561,35.55116]},"properties":{"name":"雑色児童公園","area_m2":494,"r_m":12.5,"source":"国土数値情報 P13 都市公園","x":-10673.12,"y":-49789.62}},{"type":"Feature","geometry":{"type":"Point","coordinates":[139.721268,35.593]},"properties":{"name":"蘇峰公園","area_m2":4070,"r_m":36.0,"source":"国土数値情報 P13 都市公園","x":-10154.91,"y":-45148.53}},{"type":"Feature","geometry":{"type":"Point","coordinates":[139.74036,35.54571]},"properties":{"name":"大師橋児童公園","area_m2":585,"r_m":13.6,"source":"国土数値情報 P13 都市公園","x":-8429.79,"y":-50396.64}},{"type":"Feature","geometry":{"type":"Point","coordinates":[139.72522,35.54522]},"properties":{"name":"たいよう児童公園","area_m2":968,"r_m":17.6,"source":"国土数値情報 P13 都市公園","x":-9802.58,"y":-50449.6}},{"type":"Feature","geometry":{"type":"Point","coordinates":[139.70747,35.54652]},"properties":{"name":"高畑第五児童公園","area_m2":344,"r_m":10.5,"source":"国土数値情報 P13 都市公園","x":-11411.78,"y":-50303.47}},{"type":"Feature","geometry":{"type":"Point","coordinates":[139.70494,35.54543]},"properties":{"name":"高畑第三児童公園","area_m2":771,"r_m":15.7,"source":"国土数値情報 P13 都市公園","x":-11641.33,"y":-50424.09}},{"type":"Feature","geometry":{"type":"Point","coordinates":[139.70772,35.54452]},"properties":{"name":"高畑第二児童公園","area_m2":515,"r_m":12.8,"source":"国土数値情報 P13 都市公園","x":-11389.39,"y":-50525.37}},{"type":"Feature","geometry":{"type":"Point","coordinates":[139.70625,35.54423]},"properties":{"name":"高畑第四児童公園","area_m2":958,"r_m":17.5,"source":"国土数値情報 P13 都市公園","x":-11522.72,"y":-50557.38}},{"type":"Feature","geometry":{"type":"Point","coordinates":[139.70517,35.5408]},"properties":{"name":"高畑友和児童公園","area_m2":500,"r_m":12.6,"source":"国土数値情報 P13 都市公園","x":-11621.14,"y":-50937.77}},{"type":"Feature","geometry":{"type":"Point","coordinates":[139.73749,35.55465]},"properties":{"name":"竹の子児童公園","area_m2":476,"r_m":12.3,"source":"国土数値情報 P13 都市公園","x":-8689.05,"y":-49404.59}},{"type":"Feature","geometry":{"type":"Point","coordinates":[139.71518,35.59279]},"properties":{"name":"たぬき山公園","area_m2":3028,"r_m":31.0,"source":"国土数値情報 P13 都市公園","x":-10706.57,"y":-45171.14}},{"type":"Feature","geometry":{"type":"Point","coordinates":[139.66614,35.59]},"properties":{"name":"多摩川台公園","area_m2":67154,"r_m":146.2,"source":"国土数値情報 P13 都市公園","x":-15150.9,"y":-45474.22}},{"type":"Feature","geometry":{"type":"Point","coordinates":[139.67715,35.57935]},"properties":{"name":"多摩堤児童公園","area_m2":269,"r_m":9.3,"source":"国土数値情報 P13 都市公園","x":-14155.06,"y":-46657.37}},{"type":"Feature","geometry":{"type":"Point","coordinates":[139.703793,35.554182]},"properties":{"name":"タワ-ふれあい公園","area_m2":1015,"r_m":18.0,"source":"国土数値情報 P13 都市公園","x":-11744.07,"y":-49453.02}},{"type":"Feature","geometry":{"type":"Point","coordinates":[139.67542,35.57579]},"properties":{"name":"たんぽぽ児童公園","area_m2":278,"r_m":9.4,"source":"国土数値情報 P13 都市公園","x":-14312.48,"y":-47052.07}},{"type":"Feature","geometry":{"type":"Point","coordinates":[139.69456,35.5734]},"properties":{"name":"千鳥いこい公園","area_m2":6200,"r_m":44.4,"source":"国土数値情報 P13 都市公園","x":-12578.1,"y":-47319.83}},{"type":"Feature","geometry":{"type":"Point","coordinates":[139.69672,35.5728]},"properties":{"name":"千鳥第二児童公園","area_m2":382,"r_m":11.0,"source":"国土数値情報 P13 都市公園","x":-12382.42,"y":-47386.67}},{"type":"Feature","geometry":{"type":"Point","coordinates":[139.690518,35.572723]},"properties":{"name":"千鳥ふれあい児童公園","area_m2":455,"r_m":12.0,"source":"国土数値情報 P13 都市公園","x":-12944.6,"y":-47394.41}},{"type":"Feature","geometry":{"type":"Point","coordinates":[139.69513,35.56997]},"properties":{"name":"千鳥平成児童公園","area_m2":218,"r_m":8.3,"source":"国土数値情報 P13 都市公園","x":-12526.97,"y":-47700.43}},{"type":"Feature","geometry":{"type":"Point","coordinates":[139.69283,35.56901]},"properties":{"name":"ちどりみなみ児童公園","area_m2":552,"r_m":13.3,"source":"国土数値情報 P13 都市公園","x":-12735.6,"y":-47806.64}},{"type":"Feature","geometry":{"type":"Point","coordinates":[139.68903,35.57284]},"properties":{"name":"千鳥緑地児童公園","area_m2":167,"r_m":7.3,"source":"国土数値情報 P13 都市公園","x":-13079.42,"y":-47381.24}},{"type":"Feature","geometry":{"type":"Point","coordinates":[139.71948,35.58073]},"properties":{"name":"中央一丁目児童公園","area_m2":445,"r_m":11.9,"source":"国土数値情報 P13 都市公園","x":-10318.47,"y":-46509.54}},{"type":"Feature","geometry":{"type":"Point","coordinates":[139.71262,35.58166]},"properties":{"name":"中央五丁目公園","area_m2":2175,"r_m":26.3,"source":"国土数値情報 P13 都市公園","x":-10940.06,"y":-46405.62}},{"type":"Feature","geometry":{"type":"Point","coordinates":[139.71561,35.56109]},"properties":{"name":"中央三丁目公園","area_m2":398,"r_m":11.3,"source":"国土数値情報 P13 都市公園","x":-10671.81,"y":-48687.99}},{"type":"Feature","geometry":{"type":"Point","coordinates":[139.72099,35.57681]},"properties":{"name":"中央二丁目公園","area_m2":264,"r_m":9.2,"source":"国土数値情報 P13 都市公園","x":-10182.11,"y":-46944.58}},{"type":"Feature","geometry":{"type":"Point","coordinates":[139.72108,35.57971]},"properties":{"name":"中央二丁目第三児童公園","area_m2":362,"r_m":10.7,"source":"国土数値情報 P13 都市公園","x":-10173.59,"y":-46622.86}},{"type":"Feature","geometry":{"type":"Point","coordinates":[139.72246,35.57934]},"properties":{"name":"中央二丁目第二児童公園","area_m2":378,"r_m":11.0,"source":"国土数値情報 P13 都市公園","x":-10048.57,"y":-46664.05}},{"type":"Feature","geometry":{"type":"Point","coordinates":[139.71907,35.57296]},"properties":{"name":"中央八丁目児童公園","area_m2":387,"r_m":11.1,"source":"国土数値情報 P13 都市公園","x":-10356.63,"y":-47371.5}},{"type":"Feature","geometry":{"type":"Point","coordinates":[139.71877,35.57352]},"properties":{"name":"中央八丁目第二児童公園","area_m2":250,"r_m":8.9,"source":"国土数値情報 P13 都市公園","x":-10383.75,"y":-47309.34}},{"type":"Feature","geometry":{"type":"Point","coordinates":[139.69391,35.57137]},"properties":{"name":"つきやま児童公園","area_m2":1206,"r_m":19.6,"source":"国土数値情報 P13 都市公園","x":-12637.34,"y":-47544.96}},{"type":"Feature","geometry":{"type":"Point","coordinates":[139.72511,35.56845]},"properties":{"name":"鶴渡公園","area_m2":3294,"r_m":32.4,"source":"国土数値情報 P13 都市公園","x":-9809.72,"y":-47872.46}},{"type":"Feature","geometry":{"type":"Point","coordinates":[139.71727,35.55634]},"properties":{"name":"出村児童公園","area_m2":380,"r_m":11.0,"source":"国土数値情報 P13 都市公園","x":-10521.95,"y":-49215.13}},{"type":"Feature","geometry":{"type":"Point","coordinates":[139.67561,35.5909]},"properties":{"name":"田園調布一丁目東公園","area_m2":1240,"r_m":19.9,"source":"国土数値情報 P13 都市公園","x":-14292.58,"y":-45375.79}},{"type":"Feature","geometry":{"type":"Point","coordinates":[139.66982,35.58932]},"properties":{"name":"田園調布せせらぎ公園","area_m2":34665,"r_m":105.0,"source":"国土数値情報 P13 都市公園","x":-14817.55,"y":-45550.22}},{"type":"Feature","geometry":{"type":"Point","coordinates":[139.67505,35.5792]},"properties":{"name":"田園調布南公園","area_m2":2086,"r_m":25.8,"source":"国土数値情報 P13 都市公園","x":-14345.41,"y":-46673.71}},{"type":"Feature","geometry":{"type":"Point","coordinates":[139.67422,35.57977]},"properties":{"name":"田園調布南児童公園","area_m2":407,"r_m":11.4,"source":"国土数値情報 P13 都市公園","x":-14420.53,"y":-46610.35}},{"type":"Feature","geometry":{"type":"Point","coordinates":[139.70537,35.5535]},"properties":{"name":"天王木児童公園","area_m2":136,"r_m":6.6,"source":"国土数値情報 P13 都市公園","x":-11601.17,"y":-49528.86}},{"type":"Feature","geometry":{"type":"Point","coordinates":[139.67577,35.58378]},"properties":{"name":"東久児童公園","area_m2":478,"r_m":12.3,"source":"国土数値情報 P13 都市公園","x":-14279.34,"y":-46165.71}},{"type":"Feature","geometry":{"type":"Point","coordinates":[139.71396,35.54585]},"properties":{"name":"東三児童公園","area_m2":363,"r_m":10.7,"source":"国土数値情報 P13 都市公園","x":-10823.43,"y":-50378.53}},{"type":"Feature","geometry":{"type":"Point","coordinates":[139.71599,35.54676]},"properties":{"name":"東三さわやか児童公園","area_m2":298,"r_m":9.7,"source":"国土数値情報 P13 都市公園","x":-10639.25,"y":-50277.79}},{"type":"Feature","geometry":{"type":"Point","coordinates":[139.71596,35.59574]},"properties":{"name":"堂寺児童公園","area_m2":743,"r_m":15.4,"source":"国土数値情報 P13 都市公園","x":-10635.5,"y":-44843.95}},{"type":"Feature","geometry":{"type":"Point","coordinates":[139.69475,35.58881]},"properties":{"name":"東雪児童公園","area_m2":175,"r_m":7.5,"source":"国土数値情報 P13 都市公園","x":-12558.47,"y":-45610.27}},{"type":"Feature","geometry":{"type":"Point","coordinates":[139.690957,35.594694]},"properties":{"name":"東中公園","area_m2":175,"r_m":7.5,"source":"国土数値情報 P13 都市公園","x":-12901.28,"y":-44956.98}},{"type":"Feature","geometry":{"type":"Point","coordinates":[139.74345,35.56155]},"properties":{"name":"藤兵堀児童公園","area_m2":636,"r_m":14.2,"source":"国土数値情報 P13 都市公園","x":-8148.02,"y":-48639.61}},{"type":"Feature","geometry":{"type":"Point","coordinates":[139.69839,35.56934]},"properties":{"name":"徳持児童公園","area_m2":838,"r_m":16.3,"source":"国土数値情報 P13 都市公園","x":-12231.58,"y":-47770.73}},{"type":"Feature","geometry":{"type":"Point","coordinates":[139.69708,35.56797]},"properties":{"name":"徳持公園","area_m2":2777,"r_m":29.7,"source":"国土数値情報 P13 都市公園","x":-12350.53,"y":-47922.55}},{"type":"Feature","geometry":{"type":"Point","coordinates":[139.69655,35.56937]},"properties":{"name":"徳持第二児童公園","area_m2":428,"r_m":11.7,"source":"国土数値情報 P13 都市公園","x":-12398.35,"y":-47767.17}},{"type":"Feature","geometry":{"type":"Point","coordinates":[139.70535,35.56847]},"properties":{"name":"徳持ポニー児童公園","area_m2":1019,"r_m":18.0,"source":"国土数値情報 P13 都市公園","x":-11600.83,"y":-47868.09}},{"type":"Feature","geometry":{"type":"Point","coordinates":[139.69652,35.58744]},"properties":{"name":"道道橋第二児童公園","area_m2":331,"r_m":10.3,"source":"国土数値情報 P13 都市公園","x":-12398.29,"y":-45762.48}},{"type":"Feature","geometry":{"type":"Point","coordinates":[139.69296,35.58722]},"properties":{"name":"道道橋のぞみ児童公園","area_m2":595,"r_m":13.8,"source":"国土数値情報 P13 都市公園","x":-12720.94,"y":-45786.43}},{"type":"Feature","geometry":{"type":"Point","coordinates":[139.69307,35.58545]},"properties":{"name":"道道橋まほろば児童公園","area_m2":144,"r_m":6.8,"source":"国土数値情報 P13 都市公園","x":-12711.25,"y":-45982.81}},{"type":"Feature","geometry":{"type":"Point","coordinates":[139.72089,35.55272]},"properties":{"name":"鳥のひろば児童公園","area_m2":167,"r_m":7.3,"source":"国土数値情報 P13 都市公園","x":-10194.23,"y":-49617.11}},{"type":"Feature","geometry":{"type":"Point","coordinates":[139.7139,35.59243]},"properties":{"name":"どんぐりの木児童公園","area_m2":284,"r_m":9.5,"source":"国土数値情報 P13 都市公園","x":-10822.61,"y":-45210.94}},{"type":"Feature","geometry":{"type":"Point","coordinates":[139.71254,35.58777]},"properties":{"name":"中井児童公園","area_m2":539,"r_m":13.1,"source":"国土数値情報 P13 都市公園","x":-10946.48,"y":-45727.77}},{"type":"Feature","geometry":{"type":"Point","coordinates":[139.69881,35.58305]},"properties":{"name":"仲池児童公園","area_m2":972,"r_m":17.6,"source":"国土数値情報 P13 都市公園","x":-12191.43,"y":-46249.79}},{"type":"Feature","geometry":{"type":"Point","coordinates":[139.70197,35.58207]},"properties":{"name":"仲池上二丁目児童公園","area_m2":549,"r_m":13.2,"source":"国土数値情報 P13 都市公園","x":-11905.19,"y":-46358.9}},{"type":"Feature","geometry":{"type":"Point","coordinates":[139.701814,35.583882]},"properties":{"name":"仲池上二丁目第二児童公園","area_m2":593,"r_m":13.7,"source":"国土数値情報 P13 都市公園","x":-11919.06,"y":-46157.85}},{"type":"Feature","geometry":{"type":"Point","coordinates":[139.71519,35.55331]},"properties":{"name":"仲一ひばり児童公園","area_m2":226,"r_m":8.5,"source":"国土数値情報 P13 都市公園","x":-10710.92,"y":-49551.05}},{"type":"Feature","geometry":{"type":"Point","coordinates":[139.71333,35.55509]},"properties":{"name":"仲一みどり児童公園","area_m2":669,"r_m":14.6,"source":"国土数値情報 P13 都市公園","x":-10879.3,"y":-49353.38}},{"type":"Feature","geometry":{"type":"Point","coordinates":[139.73282,35.55828]},"properties":{"name":"仲江名公園","area_m2":979,"r_m":17.7,"source":"国土数値情報 P13 都市公園","x":-9112.01,"y":-49001.46}},{"type":"Feature","geometry":{"type":"Point","coordinates":[139.72102,35.55948]},"properties":{"name":"仲蒲田公園","area_m2":3281,"r_m":32.3,"source":"国土数値情報 P13 都市公園","x":-10181.59,"y":-48867.17}},{"type":"Feature","geometry":{"type":"Point","coordinates":[139.71134,35.547109]},"properties":{"name":"仲三児童公園","area_m2":6588,"r_m":45.8,"source":"国土数値情報 P13 都市公園","x":-11060.83,"y":-50238.61}},{"type":"Feature","geometry":{"type":"Point","coordinates":[139.71217,35.54955]},"properties":{"name":"仲二児童公園","area_m2":804,"r_m":16.0,"source":"国土数値情報 P13 都市公園","x":-10985.22,"y":-49967.85}},{"type":"Feature","geometry":{"type":"Point","coordinates":[139.74652,35.54931]},"properties":{"name":"仲羽田児童公園","area_m2":493,"r_m":12.5,"source":"国土数値情報 P13 都市公園","x":-7870.92,"y":-49997.77}},{"type":"Feature","geometry":{"type":"Point","coordinates":[139.7504,35.54602]},"properties":{"name":"仲東児童公園","area_m2":342,"r_m":10.4,"source":"国土数値情報 P13 都市公園","x":-7519.45,"y":-50363.06}},{"type":"Feature","geometry":{"type":"Point","coordinates":[139.70816,35.59454]},"properties":{"name":"中馬込児童公園","area_m2":347,"r_m":10.5,"source":"国土数値情報 P13 都市公園","x":-11342.45,"y":-44976.2}},{"type":"Feature","geometry":{"type":"Point","coordinates":[139.7061,35.59505]},"properties":{"name":"中馬込一丁目児童公園","area_m2":876,"r_m":16.7,"source":"国土数値情報 P13 都市公園","x":-11529.04,"y":-44919.39}},{"type":"Feature","geometry":{"type":"Point","coordinates":[139.70189,35.59171]},"properties":{"name":"中馬込大久保児童公園","area_m2":477,"r_m":12.3,"source":"国土数値情報 P13 都市公園","x":-11911.02,"y":-45289.43}},{"type":"Feature","geometry":{"type":"Point","coordinates":[139.70514,35.59461]},"properties":{"name":"中馬込貝塚公園","area_m2":1409,"r_m":21.2,"source":"国土数値情報 P13 都市公園","x":-11616.09,"y":-44968.09}},{"type":"Feature","geometry":{"type":"Point","coordinates":[139.74808,35.54697]},"properties":{"name":"仲町児童公園","area_m2":227,"r_m":8.5,"source":"国土数値情報 P13 都市公園","x":-7729.71,"y":-50257.49}},{"type":"Feature","geometry":{"type":"Point","coordinates":[139.71696,35.55528]},"properties":{"name":"仲よし児童公園","area_m2":503,"r_m":12.7,"source":"国土数値情報 P13 都市公園","x":-10550.19,"y":-49332.69}},{"type":"Feature","geometry":{"type":"Point","coordinates":[139.725782,35.577043]},"properties":{"name":"仲六郷一丁目児童公園","area_m2":441,"r_m":11.8,"source":"国土数値情報 P13 都市公園","x":-9747.76,"y":-46919.23}},{"type":"Feature","geometry":{"type":"Point","coordinates":[139.71361,35.54849]},"properties":{"name":"仲六郷三丁目公園","area_m2":1247,"r_m":19.9,"source":"国土数値情報 P13 都市公園","x":-10854.81,"y":-50085.61}},{"type":"Feature","geometry":{"type":"Point","coordinates":[139.71049,35.54691]},"properties":{"name":"仲六郷三丁目第二公園","area_m2":965,"r_m":17.5,"source":"国土数値情報 P13 都市公園","x":-11137.91,"y":-50260.55}},{"type":"Feature","geometry":{"type":"Point","coordinates":[139.712995,35.55244]},"properties":{"name":"仲六郷二丁目公園","area_m2":1354,"r_m":20.8,"source":"国土数値情報 P13 都市公園","x":-10910.06,"y":-49647.36}},{"type":"Feature","geometry":{"type":"Point","coordinates":[139.724875,35.576465]},"properties":{"name":"七辻児童公園","area_m2":110,"r_m":5.9,"source":"国土数値情報 P13 都市公園","x":-9830.06,"y":-46983.3}},{"type":"Feature","geometry":{"type":"Point","coordinates":[139.722263,35.546572]},"properties":{"name":"南二和児童公園","area_m2":548,"r_m":13.2,"source":"国土数値情報 P13 都市公園","x":-10070.52,"y":-50299.36}},{"type":"Feature","geometry":{"type":"Point","coordinates":[139.72546,35.5578]},"properties":{"name":"南一児童公園","area_m2":771,"r_m":15.7,"source":"国土数値情報 P13 都市公園","x":-9779.29,"y":-49054.0}},{"type":"Feature","geometry":{"type":"Point","coordinates":[139.72536,35.5462]},"properties":{"name":"南光公園","area_m2":1386,"r_m":21.0,"source":"国土数値情報 P13 都市公園","x":-9789.77,"y":-50340.89}},{"type":"Feature","geometry":{"type":"Point","coordinates":[139.72362,35.55599]},"properties":{"name":"南二児童公園","area_m2":940,"r_m":17.3,"source":"国土数値情報 P13 都市公園","x":-9946.32,"y":-49254.62}},{"type":"Feature","geometry":{"type":"Point","coordinates":[139.72484,35.5563]},"properties":{"name":"南二くすのき公園","area_m2":1171,"r_m":19.3,"source":"国土数値情報 P13 都市公園","x":-9835.68,"y":-49220.35}},{"type":"Feature","geometry":{"type":"Point","coordinates":[139.71994,35.54847]},"properties":{"name":"南二なかよし児童公園","area_m2":409,"r_m":11.4,"source":"国土数値情報 P13 都市公園","x":-10280.9,"y":-50088.51}},{"type":"Feature","geometry":{"type":"Point","coordinates":[139.72795,35.55864]},"properties":{"name":"南蒲公園","area_m2":2313,"r_m":27.1,"source":"国土数値情報 P13 都市公園","x":-9553.46,"y":-48961.06}},{"type":"Feature","geometry":{"type":"Point","coordinates":[139.7095,35.55415]},"properties":{"name":"西一中央児童公園","area_m2":311,"r_m":9.9,"source":"国土数値情報 P13 都市公園","x":-11226.66,"y":-49457.23}},{"type":"Feature","geometry":{"type":"Point","coordinates":[139.71103,35.5613]},"properties":{"name":"西蒲田公園","area_m2":4104,"r_m":36.1,"source":"国土数値情報 P13 都市公園","x":-11086.96,"y":-48664.18}},{"type":"Feature","geometry":{"type":"Point","coordinates":[139.71217,35.56522]},"properties":{"name":"西蒲田相生児童公園","area_m2":539,"r_m":13.1,"source":"国土数値情報 P13 都市公園","x":-10983.09,"y":-48229.43}},{"type":"Feature","geometry":{"type":"Point","coordinates":[139.71346,35.57069]},"properties":{"name":"西蒲田一丁目児童公園","area_m2":888,"r_m":16.8,"source":"国土数値情報 P13 都市公園","x":-10865.41,"y":-47622.73}},{"type":"Feature","geometry":{"type":"Point","coordinates":[139.71091,35.57168]},"properties":{"name":"西蒲田一丁目さくら児童公園","area_m2":893,"r_m":16.9,"source":"国土数値情報 P13 都市公園","x":-11096.41,"y":-47512.61}},{"type":"Feature","geometry":{"type":"Point","coordinates":[139.71774,35.56714]},"properties":{"name":"西蒲田五丁目青葉児童公園","area_m2":793,"r_m":15.9,"source":"国土数値情報 P13 都市公園","x":-10477.93,"y":-48017.03}},{"type":"Feature","geometry":{"type":"Point","coordinates":[139.71307,35.56646]},"properties":{"name":"西蒲田五丁目児童ふれあい児童公園","area_m2":170,"r_m":7.4,"source":"国土数値情報 P13 都市公園","x":-10901.34,"y":-48091.96}},{"type":"Feature","geometry":{"type":"Point","coordinates":[139.71672,35.5698]},"properties":{"name":"西蒲田太平橋児童公園","area_m2":495,"r_m":12.6,"source":"国土数値情報 P13 都市公園","x":-10570.04,"y":-47721.82}},{"type":"Feature","geometry":{"type":"Point","coordinates":[139.70874,35.56935]},"properties":{"name":"西蒲田たけのこ児童公園","area_m2":849,"r_m":16.4,"source":"国土数値情報 P13 都市公園","x":-11293.43,"y":-47770.86}},{"type":"Feature","geometry":{"type":"Point","coordinates":[139.7314,35.56024]},"properties":{"name":"西糀谷一丁目児童公園","area_m2":432,"r_m":11.7,"source":"国土数値情報 P13 都市公園","x":-9240.52,"y":-48783.88}},{"type":"Feature","geometry":{"type":"Point","coordinates":[139.73625,35.55893]},"properties":{"name":"西糀谷さざんか公園","area_m2":1670,"r_m":23.1,"source":"国土数値情報 P13 都市公園","x":-8800.99,"y":-48929.66}},{"type":"Feature","geometry":{"type":"Point","coordinates":[139.73524,35.5564]},"properties":{"name":"西糀谷三丁目児童公園","area_m2":904,"r_m":17.0,"source":"国土数値情報 P13 都市公園","x":-8892.83,"y":-49210.24}},{"type":"Feature","geometry":{"type":"Point","coordinates":[139.73743,35.55815]},"properties":{"name":"西糀谷二丁目北児童公園","area_m2":935,"r_m":17.3,"source":"国土数値情報 P13 都市公園","x":-8694.11,"y":-49016.29}},{"type":"Feature","geometry":{"type":"Point","coordinates":[139.7374,35.55742]},"properties":{"name":"西糀谷二丁目南児童公園","area_m2":1122,"r_m":18.9,"source":"国土数値情報 P13 都市公園","x":-8696.91,"y":-49097.28}},{"type":"Feature","geometry":{"type":"Point","coordinates":[139.727638,35.57398]},"properties":{"name":"西三児童公園","area_m2":474,"r_m":12.3,"source":"国土数値情報 P13 都市公園","x":-9579.88,"y":-47259.25}},{"type":"Feature","geometry":{"type":"Point","coordinates":[139.686,35.59342]},"properties":{"name":"西の橋児童公園","area_m2":595,"r_m":13.8,"source":"国土数値情報 P13 都市公園","x":-13350.64,"y":-45097.68}},{"type":"Feature","geometry":{"type":"Point","coordinates":[139.72513,35.57467]},"properties":{"name":"西富士見児童公園","area_m2":595,"r_m":13.8,"source":"国土数値情報 P13 都市公園","x":-9807.15,"y":-47182.41}},{"type":"Feature","geometry":{"type":"Point","coordinates":[139.67882,35.58035]},"properties":{"name":"西嶺児童公園","area_m2":560,"r_m":13.4,"source":"国土数値情報 P13 都市公園","x":-14003.53,"y":-46546.67}},{"type":"Feature","geometry":{"type":"Point","coordinates":[139.67804,35.58129]},"properties":{"name":"西嶺高砂公園","area_m2":1997,"r_m":25.2,"source":"国土数値情報 P13 都市公園","x":-14074.06,"y":-46442.28}},{"type":"Feature","geometry":{"type":"Point","coordinates":[139.73288,35.55366]},"properties":{"name":"西四児童公園","area_m2":342,"r_m":10.4,"source":"国土数値情報 P13 都市公園","x":-9107.1,"y":-49514.0}},{"type":"Feature","geometry":{"type":"Point","coordinates":[139.7117,35.55327]},"properties":{"name":"西六郷公園","area_m2":5691,"r_m":42.6,"source":"国土数値情報 P13 都市公園","x":-11027.33,"y":-49555.11}},{"type":"Feature","geometry":{"type":"Point","coordinates":[139.7114,35.55204]},"properties":{"name":"西六郷一丁目児童公園","area_m2":200,"r_m":8.0,"source":"国土数値情報 P13 都市公園","x":-11054.69,"y":-49691.53}},{"type":"Feature","geometry":{"type":"Point","coordinates":[139.70569,35.5463]},"properties":{"name":"西六郷三丁目公園","area_m2":5829,"r_m":43.1,"source":"国土数値情報 P13 都市公園","x":-11573.2,"y":-50327.67}},{"type":"Feature","geometry":{"type":"Point","coordinates":[139.70668,35.54972]},"properties":{"name":"西六郷二丁目児童公園","area_m2":476,"r_m":12.3,"source":"国土数値情報 P13 都市公園","x":-11482.95,"y":-49948.37}},{"type":"Feature","geometry":{"type":"Point","coordinates":[139.7043,35.54187]},"properties":{"name":"西六郷四丁目公園","area_m2":1010,"r_m":17.9,"source":"国土数値情報 P13 都市公園","x":-11699.87,"y":-50818.96}},{"type":"Feature","geometry":{"type":"Point","coordinates":[139.69943,35.58551]},"properties":{"name":"根方児童公園","area_m2":1010,"r_m":17.9,"source":"国土数値情報 P13 都市公園","x":-12134.87,"y":-45976.96}},{"type":"Feature","geometry":{"type":"Point","coordinates":[139.69217,35.5981]},"properties":{"name":"ねむの木児童公園","area_m2":372,"r_m":10.9,"source":"国土数値情報 P13 都市公園","x":-12790.8,"y":-44579.3}},{"type":"Feature","geometry":{"type":"Point","coordinates":[139.737915,35.550074]},"properties":{"name":"萩中公園","area_m2":64115,"r_m":142.9,"source":"国土数値情報 P13 都市公園","x":-8651.02,"y":-49912.28}},{"type":"Feature","geometry":{"type":"Point","coordinates":[139.725833,35.551859]},"properties":{"name":"萩中一丁目公園","area_m2":1745,"r_m":23.6,"source":"国土数値情報 P13 都市公園","x":-9746.18,"y":-49713.18}},{"type":"Feature","geometry":{"type":"Point","coordinates":[139.728922,35.550139]},"properties":{"name":"萩中くすのき公園","area_m2":2107,"r_m":25.9,"source":"国土数値情報 P13 都市公園","x":-9466.31,"y":-49904.21}},{"type":"Feature","geometry":{"type":"Point","coordinates":[139.733704,35.549598]},"properties":{"name":"萩中三丁目児童公園","area_m2":849,"r_m":16.4,"source":"国土数値情報 P13 都市公園","x":-9032.83,"y":-49964.73}},{"type":"Feature","geometry":{"type":"Point","coordinates":[139.734562,35.54999]},"properties":{"name":"萩中中央児童公園","area_m2":563,"r_m":13.4,"source":"国土数値情報 P13 都市公園","x":-8954.98,"y":-49921.34}},{"type":"Feature","geometry":{"type":"Point","coordinates":[139.73547,35.54892]},"properties":{"name":"萩中南児童公園","area_m2":256,"r_m":9.0,"source":"国土数値情報 P13 都市公園","x":-8872.81,"y":-50040.09}},{"type":"Feature","geometry":{"type":"Point","coordinates":[139.71027,35.56908]},"properties":{"name":"蓮沼児童公園","area_m2":670,"r_m":14.6,"source":"国土数値情報 P13 都市公園","x":-11154.78,"y":-47800.98}},{"type":"Feature","geometry":{"type":"Point","coordinates":[139.70857,35.565654]},"properties":{"name":"蓮沼ジュニア児童公園","area_m2":511,"r_m":12.8,"source":"国土数値情報 P13 都市公園","x":-11309.35,"y":-48180.85}},{"type":"Feature","geometry":{"type":"Point","coordinates":[139.71596,35.54315]},"properties":{"name":"八幡塚公園","area_m2":1425,"r_m":21.3,"source":"国土数値情報 P13 都市公園","x":-10642.45,"y":-50678.28}},{"type":"Feature","geometry":{"type":"Point","coordinates":[139.74292,35.55114]},"properties":{"name":"羽田一丁目児童公園","area_m2":985,"r_m":17.7,"source":"国土数値情報 P13 都市公園","x":-8197.13,"y":-49794.45}},{"type":"Feature","geometry":{"type":"Point","coordinates":[139.74988,35.54899]},"properties":{"name":"羽田五丁目児童公園","area_m2":702,"r_m":14.9,"source":"国土数値情報 P13 都市公園","x":-7566.31,"y":-50033.53}},{"type":"Feature","geometry":{"type":"Point","coordinates":[139.74477,35.54714]},"properties":{"name":"羽田三丁目第一児童公園","area_m2":347,"r_m":10.5,"source":"国土数値情報 P13 都市公園","x":-8029.8,"y":-50238.36}},{"type":"Feature","geometry":{"type":"Point","coordinates":[139.74406,35.54721]},"properties":{"name":"羽田三丁目第三児童公園","area_m2":247,"r_m":8.9,"source":"国土数値情報 P13 都市公園","x":-8094.16,"y":-50230.54}},{"type":"Feature","geometry":{"type":"Point","coordinates":[139.744259,35.547023]},"properties":{"name":"羽田三丁目第二児童公園","area_m2":328,"r_m":10.2,"source":"国土数値情報 P13 都市公園","x":-8076.13,"y":-50251.26}},{"type":"Feature","geometry":{"type":"Point","coordinates":[139.744771,35.546945]},"properties":{"name":"羽田三丁目ひろば児童公園","area_m2":415,"r_m":11.5,"source":"国土数値情報 P13 都市公園","x":-8029.72,"y":-50260.02}},{"type":"Feature","geometry":{"type":"Point","coordinates":[139.74835,35.54879]},"properties":{"name":"羽田仲七児童公園","area_m2":309,"r_m":9.9,"source":"国土数値情報 P13 都市公園","x":-7705.05,"y":-50055.6}},{"type":"Feature","geometry":{"type":"Point","coordinates":[139.74377,35.54792]},"properties":{"name":"羽田西前公園","area_m2":2431,"r_m":27.8,"source":"国土数値情報 P13 都市公園","x":-8120.39,"y":-50151.75}},{"type":"Feature","geometry":{"type":"Point","coordinates":[139.74255,35.54797]},"properties":{"name":"羽田西町児童公園","area_m2":371,"r_m":10.9,"source":"国土数値情報 P13 都市公園","x":-8230.99,"y":-50146.1}},{"type":"Feature","geometry":{"type":"Point","coordinates":[139.703268,35.558931]},"properties":{"name":"原児童公園","area_m2":300,"r_m":9.8,"source":"国土数値情報 P13 都市公園","x":-11790.96,"y":-48926.13}},{"type":"Feature","geometry":{"type":"Point","coordinates":[139.72903,35.56468]},"properties":{"name":"東蒲田一丁目児童公園","area_m2":221,"r_m":8.4,"source":"国土数値情報 P13 都市公園","x":-9454.84,"y":-48291.08}},{"type":"Feature","geometry":{"type":"Point","coordinates":[139.72644,35.56094]},"properties":{"name":"東蒲田二丁目公園","area_m2":1327,"r_m":20.6,"source":"国土数値情報 P13 都市公園","x":-9690.07,"y":-48705.75}},{"type":"Feature","geometry":{"type":"Point","coordinates":[139.7493,35.55791]},"properties":{"name":"東糀谷あおぞら公園","area_m2":2507,"r_m":28.2,"source":"国土数値情報 P13 都市公園","x":-7618.06,"y":-49043.9}},{"type":"Feature","geometry":{"type":"Point","coordinates":[139.74429,35.55761]},"properties":{"name":"東糀谷いきいき公園","area_m2":1243,"r_m":19.9,"source":"国土数値情報 P13 都市公園","x":-8072.27,"y":-49076.79}},{"type":"Feature","geometry":{"type":"Point","coordinates":[139.74023,35.56028]},"properties":{"name":"東糀谷一丁目公園","area_m2":1299,"r_m":20.3,"source":"国土数値情報 P13 都市公園","x":-8440.05,"y":-48780.24}},{"type":"Feature","geometry":{"type":"Point","coordinates":[139.74196,35.55761]},"properties":{"name":"東糀谷一丁目児童公園","area_m2":396,"r_m":11.2,"source":"国土数値情報 P13 都市公園","x":-8283.5,"y":-49076.59}},{"type":"Feature","geometry":{"type":"Point","coordinates":[139.74179,35.56073]},"properties":{"name":"東糀谷一丁目呑川児童公園","area_m2":2155,"r_m":26.2,"source":"国土数値情報 P13 都市公園","x":-8298.59,"y":-48730.45}},{"type":"Feature","geometry":{"type":"Point","coordinates":[139.74535,35.56063]},"properties":{"name":"東糀谷五丁目公園","area_m2":2136,"r_m":26.1,"source":"国土数値情報 P13 都市公園","x":-7975.87,"y":-48741.83}},{"type":"Feature","geometry":{"type":"Point","coordinates":[139.74301,35.55671]},"properties":{"name":"東糀谷さくら公園","area_m2":430,"r_m":11.7,"source":"国土数値情報 P13 都市公園","x":-8188.4,"y":-49176.53}},{"type":"Feature","geometry":{"type":"Point","coordinates":[139.74515,35.5523]},"properties":{"name":"東糀谷三丁目増田橋児童公園","area_m2":712,"r_m":15.1,"source":"国土数値情報 P13 都市公園","x":-7994.83,"y":-49665.95}},{"type":"Feature","geometry":{"type":"Point","coordinates":[139.74828,35.55564]},"properties":{"name":"東糀谷第一公園","area_m2":11152,"r_m":59.6,"source":"国土数値情報 P13 都市公園","x":-7710.74,"y":-49295.66}},{"type":"Feature","geometry":{"type":"Point","coordinates":[139.75102,35.56039]},"properties":{"name":"東糀谷第二公園","area_m2":841,"r_m":16.4,"source":"国土数値情報 P13 都市公園","x":-7461.9,"y":-48768.9}},{"type":"Feature","geometry":{"type":"Point","coordinates":[139.74072,35.55598]},"properties":{"name":"東糀谷二丁目児童公園","area_m2":900,"r_m":16.9,"source":"国土数値情報 P13 都市公園","x":-8396.08,"y":-49257.32}},{"type":"Feature","geometry":{"type":"Point","coordinates":[139.74585,35.55484]},"properties":{"name":"東糀谷四丁目児童公園","area_m2":194,"r_m":7.9,"source":"国土数値情報 P13 都市公園","x":-7931.12,"y":-49384.22}},{"type":"Feature","geometry":{"type":"Point","coordinates":[139.72379,35.55962]},"properties":{"name":"東さくら児童公園","area_m2":160,"r_m":7.1,"source":"国土数値情報 P13 都市公園","x":-9930.46,"y":-48851.92}},{"type":"Feature","geometry":{"type":"Point","coordinates":[139.71501,35.54645]},"properties":{"name":"東三はなみずき児童公園","area_m2":230,"r_m":8.6,"source":"国土数値情報 P13 都市公園","x":-10728.15,"y":-50312.08}},{"type":"Feature","geometry":{"type":"Point","coordinates":[139.6886,35.58923]},"properties":{"name":"東調布公園","area_m2":25229,"r_m":89.6,"source":"国土数値情報 P13 都市公園","x":-13115.72,"y":-45562.87}},{"type":"Feature","geometry":{"type":"Point","coordinates":[139.67931,35.58433]},"properties":{"name":"東原くすのき公園","area_m2":1521,"r_m":22.0,"source":"国土数値情報 P13 都市公園","x":-13958.43,"y":-46105.2}},{"type":"Feature","geometry":{"type":"Point","coordinates":[139.71729,35.59359]},"properties":{"name":"東馬込児童公園","area_m2":350,"r_m":10.6,"source":"国土数値情報 P13 都市公園","x":-10515.27,"y":-45082.61}},{"type":"Feature","geometry":{"type":"Point","coordinates":[139.71605,35.59491]},"properties":{"name":"東馬込霜田児童公園","area_m2":672,"r_m":14.6,"source":"国土数値情報 P13 都市公園","x":-10627.45,"y":-44936.04}},{"type":"Feature","geometry":{"type":"Point","coordinates":[139.68536,35.58118]},"properties":{"name":"東嶺公園","area_m2":1243,"r_m":19.9,"source":"国土数値情報 P13 都市公園","x":-13410.67,"y":-46455.5}},{"type":"Feature","geometry":{"type":"Point","coordinates":[139.68236,35.58241]},"properties":{"name":"東嶺相生児童公園","area_m2":276,"r_m":9.4,"source":"国土数値情報 P13 都市公園","x":-13682.35,"y":-46318.63}},{"type":"Feature","geometry":{"type":"Point","coordinates":[139.68555,35.58263]},"properties":{"name":"東嶺町児童公園","area_m2":771,"r_m":15.7,"source":"国土数値情報 P13 都市公園","x":-13393.21,"y":-46294.66}},{"type":"Feature","geometry":{"type":"Point","coordinates":[139.7076,35.56531]},"properties":{"name":"東矢口一丁目児童公園","area_m2":437,"r_m":11.8,"source":"国土数値情報 P13 都市公園","x":-11397.33,"y":-48218.92}},{"type":"Feature","geometry":{"type":"Point","coordinates":[139.70616,35.5614]},"properties":{"name":"東矢口三丁目公園","area_m2":795,"r_m":15.9,"source":"国土数値情報 P13 都市公園","x":-11528.42,"y":-48652.53}},{"type":"Feature","geometry":{"type":"Point","coordinates":[139.6973,35.56618]},"properties":{"name":"東矢口二丁目児童公園","area_m2":613,"r_m":14.0,"source":"国土数値情報 P13 都市公園","x":-12330.86,"y":-48121.16}},{"type":"Feature","geometry":{"type":"Point","coordinates":[139.69003,35.59641]},"properties":{"name":"東雪谷あすなろ児童公園","area_m2":312,"r_m":10.0,"source":"国土数値情報 P13 都市公園","x":-12984.98,"y":-44766.51}},{"type":"Feature","geometry":{"type":"Point","coordinates":[139.68571,35.59797]},"properties":{"name":"東雪谷二丁目公園","area_m2":823,"r_m":16.2,"source":"国土数値情報 P13 都市公園","x":-13376.16,"y":-44592.86}},{"type":"Feature","geometry":{"type":"Point","coordinates":[139.69472,35.59155]},"properties":{"name":"東雪谷四丁目児童公園","area_m2":688,"r_m":14.8,"source":"国土数値情報 P13 都市公園","x":-12560.77,"y":-45306.29}},{"type":"Feature","geometry":{"type":"Point","coordinates":[139.71957,35.5526]},"properties":{"name":"東六郷一丁目公園","area_m2":1400,"r_m":21.1,"source":"国土数値情報 P13 都市公園","x":-10313.92,"y":-49630.29}},{"type":"Feature","geometry":{"type":"Point","coordinates":[139.717456,35.549992]},"properties":{"name":"東六郷二丁目児童公園","area_m2":332,"r_m":10.3,"source":"国土数値情報 P13 都市公園","x":-10505.94,"y":-49919.36}},{"type":"Feature","geometry":{"type":"Point","coordinates":[139.71925,35.54993]},"properties":{"name":"東六郷ひまわり児童公園","area_m2":630,"r_m":14.2,"source":"国土数値情報 P13 都市公園","x":-10343.27,"y":-49926.46}},{"type":"Feature","geometry":{"type":"Point","coordinates":[139.68475,35.59168]},"properties":{"name":"日下山児童公園","area_m2":622,"r_m":14.1,"source":"国土数値情報 P13 都市公園","x":-13464.2,"y":-45290.55}},{"type":"Feature","geometry":{"type":"Point","coordinates":[139.68907,35.59159]},"properties":{"name":"ピノキオ児童公園","area_m2":707,"r_m":15.0,"source":"国土数値情報 P13 都市公園","x":-13072.75,"y":-45301.11}},{"type":"Feature","geometry":{"type":"Point","coordinates":[139.72597,35.55531]},"properties":{"name":"日の出児童公園","area_m2":231,"r_m":8.6,"source":"国土数値情報 P13 都市公園","x":-9733.36,"y":-49330.29}},{"type":"Feature","geometry":{"type":"Point","coordinates":[139.71796,35.58584]},"properties":{"name":"平張児童公園","area_m2":741,"r_m":15.4,"source":"国土数値情報 P13 都市公園","x":-10455.56,"y":-45942.47}},{"type":"Feature","geometry":{"type":"Point","coordinates":[139.716542,35.587458]},"properties":{"name":"平張第二児童公園","area_m2":880,"r_m":16.7,"source":"国土数値情報 P13 都市公園","x":-10583.89,"y":-45762.8}},{"type":"Feature","geometry":{"type":"Point","coordinates":[139.65927,35.59946]},"properties":{"name":"吹上緑地児童公園","area_m2":206,"r_m":8.1,"source":"国土数値情報 P13 都市公園","x":-15771.6,"y":-44423.64}},{"type":"Feature","geometry":{"type":"Point","coordinates":[139.67746,35.59032]},"properties":{"name":"ふくし公園","area_m2":1318,"r_m":20.5,"source":"国土数値情報 P13 都市公園","x":-14125.04,"y":-45440.4}},{"type":"Feature","geometry":{"type":"Point","coordinates":[139.693486,35.559606]},"properties":{"name":"古市中央児童公園","area_m2":533,"r_m":13.0,"source":"国土数値情報 P13 都市公園","x":-12677.6,"y":-48849.98}},{"type":"Feature","geometry":{"type":"Point","coordinates":[139.70593,35.55457]},"properties":{"name":"古川児童公園","area_m2":397,"r_m":11.2,"source":"国土数値情報 P13 都市公園","x":-11550.25,"y":-49410.22}},{"type":"Feature","geometry":{"type":"Point","coordinates":[139.704033,35.556461]},"properties":{"name":"古川第二児童公園","area_m2":413,"r_m":11.5,"source":"国土数値情報 P13 都市公園","x":-11721.98,"y":-49200.2}},{"type":"Feature","geometry":{"type":"Point","coordinates":[139.71884,35.57212]},"properties":{"name":"文化児童公園","area_m2":712,"r_m":15.1,"source":"国土数値情報 P13 都市公園","x":-10377.58,"y":-47464.66}},{"type":"Feature","geometry":{"type":"Point","coordinates":[139.7274,35.57709]},"properties":{"name":"平成児童公園","area_m2":170,"r_m":7.4,"source":"国土数値情報 P13 都市公園","x":-9601.12,"y":-46914.16}},{"type":"Feature","geometry":{"type":"Point","coordinates":[139.743052,35.58185]},"properties":{"name":"平和島公園","area_m2":74467,"r_m":154.0,"source":"国土数値情報 P13 都市公園","x":-8181.99,"y":-46387.49}},{"type":"Feature","geometry":{"type":"Point","coordinates":[139.74073,35.578677]},"properties":{"name":"平和の森公園","area_m2":104839,"r_m":182.7,"source":"国土数値情報 P13 都市公園","x":-8392.76,"y":-46739.33}},{"type":"Feature","geometry":{"type":"Point","coordinates":[139.72144,35.57162]},"properties":{"name":"邦西児童公園","area_m2":479,"r_m":12.3,"source":"国土数値情報 P13 都市公園","x":-10141.98,"y":-47520.4}},{"type":"Feature","geometry":{"type":"Point","coordinates":[139.721314,35.572912]},"properties":{"name":"邦西第二児童公園","area_m2":1150,"r_m":19.1,"source":"国土数値情報 P13 都市公園","x":-10153.28,"y":-47377.09}},{"type":"Feature","geometry":{"type":"Point","coordinates":[139.720143,35.571199]},"properties":{"name":"邦西ふれあい児童公園","area_m2":451,"r_m":12.0,"source":"国土数値情報 P13 都市公園","x":-10259.56,"y":-47566.93}},{"type":"Feature","geometry":{"type":"Point","coordinates":[139.66408,35.59448]},"properties":{"name":"宝来公園","area_m2":12409,"r_m":62.8,"source":"国土数値情報 P13 都市公園","x":-15336.72,"y":-44976.89}},{"type":"Feature","geometry":{"type":"Point","coordinates":[139.721295,35.567791]},"properties":{"name":"本蒲田児童公園","area_m2":172,"r_m":7.4,"source":"国土数値情報 P13 都市公園","x":-10155.59,"y":-47945.23}},{"type":"Feature","geometry":{"type":"Point","coordinates":[139.71776,35.55969]},"properties":{"name":"本蒲田公園","area_m2":2049,"r_m":25.5,"source":"国土数値情報 P13 都市公園","x":-10477.09,"y":-48843.53}},{"type":"Feature","geometry":{"type":"Point","coordinates":[139.73746,35.58273]},"properties":{"name":"本町児童公園","area_m2":165,"r_m":7.2,"source":"国土数値情報 P13 都市公園","x":-8688.73,"y":-46289.39}},{"type":"Feature","geometry":{"type":"Point","coordinates":[139.71944,35.55684]},"properties":{"name":"本二児童公園","area_m2":336,"r_m":10.3,"source":"国土数値情報 P13 都市公園","x":-10325.16,"y":-49159.89}},{"type":"Feature","geometry":{"type":"Point","coordinates":[139.720363,35.558004]},"properties":{"name":"本二北児童公園","area_m2":324,"r_m":10.2,"source":"国土数値情報 P13 都市公園","x":-10241.35,"y":-49030.86}},{"type":"Feature","geometry":{"type":"Point","coordinates":[139.737238,35.545924]},"properties":{"name":"本羽田公園","area_m2":12367,"r_m":62.7,"source":"国土数値情報 P13 都市公園","x":-8712.8,"y":-50372.66}},{"type":"Feature","geometry":{"type":"Point","coordinates":[139.72543,35.54784]},"properties":{"name":"本羽田一丁目公園","area_m2":1450,"r_m":21.5,"source":"国土数値情報 P13 都市公園","x":-9783.22,"y":-50158.96}},{"type":"Feature","geometry":{"type":"Point","coordinates":[139.73447,35.54863]},"properties":{"name":"本羽田三丁目西公園","area_m2":707,"r_m":15.0,"source":"国土数値情報 P13 都市公園","x":-8963.51,"y":-50072.17}},{"type":"Feature","geometry":{"type":"Point","coordinates":[139.7262,35.54725]},"properties":{"name":"本羽田第一児童公園","area_m2":456,"r_m":12.0,"source":"国土数値情報 P13 都市公園","x":-9713.48,"y":-50224.49}},{"type":"Feature","geometry":{"type":"Point","coordinates":[139.733026,35.547123]},"properties":{"name":"本羽田第三児童公園","area_m2":2458,"r_m":28.0,"source":"国土数値情報 P13 都市公園","x":-9094.59,"y":-50239.26}},{"type":"Feature","geometry":{"type":"Point","coordinates":[139.730926,35.547061]},"properties":{"name":"本羽田第二児童公園","area_m2":761,"r_m":15.6,"source":"国土数値情報 P13 都市公園","x":-9285.05,"y":-50245.93}},{"type":"Feature","geometry":{"type":"Point","coordinates":[139.731514,35.548185]},"properties":{"name":"本羽田多摩児童公園","area_m2":163,"r_m":7.2,"source":"国土数値情報 P13 都市公園","x":-9231.6,"y":-50121.27}},{"type":"Feature","geometry":{"type":"Point","coordinates":[139.73297,35.54884]},"properties":{"name":"本羽田二丁目児童公園","area_m2":795,"r_m":15.9,"source":"国土数値情報 P13 都市公園","x":-9099.48,"y":-50048.74}},{"type":"Feature","geometry":{"type":"Point","coordinates":[139.72873,35.54815]},"properties":{"name":"本羽田本町公園","area_m2":1014,"r_m":18.0,"source":"国土数値情報 P13 都市公園","x":-9483.98,"y":-50124.89}},{"type":"Feature","geometry":{"type":"Point","coordinates":[139.707747,35.579305]},"properties":{"name":"本門寺公園","area_m2":28366,"r_m":95.0,"source":"国土数値情報 P13 都市公園","x":-11382.0,"y":-46666.31}},{"type":"Feature","geometry":{"type":"Point","coordinates":[139.74139,35.56224]},"properties":{"name":"舞の浦児童公園","area_m2":558,"r_m":13.3,"source":"国土数値情報 P13 都市公園","x":-8334.69,"y":-48562.89}},{"type":"Feature","geometry":{"type":"Point","coordinates":[139.74437,35.54545]},"properties":{"name":"前河原児童公園","area_m2":276,"r_m":9.4,"source":"国土数値情報 P13 都市公園","x":-8066.23,"y":-50425.82}},{"type":"Feature","geometry":{"type":"Point","coordinates":[139.70551,35.5971]},"properties":{"name":"馬込浅間西児童公園","area_m2":344,"r_m":10.5,"source":"国土数値情報 P13 都市公園","x":-11582.2,"y":-44691.89}},{"type":"Feature","geometry":{"type":"Point","coordinates":[139.71124,35.5985]},"properties":{"name":"馬込三本松児童公園","area_m2":353,"r_m":10.6,"source":"国土数値情報 P13 都市公園","x":-11062.81,"y":-44537.23}},{"type":"Feature","geometry":{"type":"Point","coordinates":[139.70348,35.58832]},"properties":{"name":"馬込西公園","area_m2":5563,"r_m":42.1,"source":"国土数値情報 P13 都市公園","x":-11767.43,"y":-45665.71}},{"type":"Feature","geometry":{"type":"Point","coordinates":[139.70654,35.5912]},"properties":{"name":"馬込二本木公園","area_m2":1238,"r_m":19.9,"source":"国土数値情報 P13 都市公園","x":-11489.72,"y":-45346.56}},{"type":"Feature","geometry":{"type":"Point","coordinates":[139.71045,35.59318]},"properties":{"name":"まごめばし児童公園","area_m2":703,"r_m":15.0,"source":"国土数値情報 P13 都市公園","x":-11135.13,"y":-45127.35}},{"type":"Feature","geometry":{"type":"Point","coordinates":[139.71051,35.59399]},"properties":{"name":"馬込松原児童公園","area_m2":545,"r_m":13.2,"source":"国土数値情報 P13 都市公園","x":-11129.58,"y":-45037.49}},{"type":"Feature","geometry":{"type":"Point","coordinates":[139.70464,35.58928]},"properties":{"name":"馬込ゆりの木公園","area_m2":1377,"r_m":20.9,"source":"国土数値情報 P13 都市公園","x":-11662.17,"y":-45559.34}},{"type":"Feature","geometry":{"type":"Point","coordinates":[139.71417,35.55471]},"properties":{"name":"町屋児童公園","area_m2":231,"r_m":8.6,"source":"国土数値情報 P13 都市公園","x":-10803.2,"y":-49395.63}},{"type":"Feature","geometry":{"type":"Point","coordinates":[139.72656,35.59194]},"properties":{"name":"みこころ児童公園","area_m2":241,"r_m":8.8,"source":"国土数値情報 P13 都市公園","x":-9675.46,"y":-45266.61}},{"type":"Feature","geometry":{"type":"Point","coordinates":[139.70857,35.55508]},"properties":{"name":"道塚南公園","area_m2":1052,"r_m":18.3,"source":"国土数値情報 P13 都市公園","x":-11310.84,"y":-49353.95}},{"type":"Feature","geometry":{"type":"Point","coordinates":[139.70705,35.55471]},"properties":{"name":"道塚第三児童公園","area_m2":606,"r_m":13.9,"source":"国土数値情報 P13 都市公園","x":-11448.69,"y":-49394.82}},{"type":"Feature","geometry":{"type":"Point","coordinates":[139.72629,35.55361]},"properties":{"name":"南蒲田三丁目児童公園","area_m2":496,"r_m":12.6,"source":"国土数値情報 P13 都市公園","x":-9704.55,"y":-49518.92}},{"type":"Feature","geometry":{"type":"Point","coordinates":[139.72588,35.55276]},"properties":{"name":"南蒲田三丁目さくら公園","area_m2":1275,"r_m":20.1,"source":"国土数値情報 P13 都市公園","x":-9741.82,"y":-49613.18}},{"type":"Feature","geometry":{"type":"Point","coordinates":[139.72606,35.55442]},"properties":{"name":"南蒲田三丁目第二公園","area_m2":585,"r_m":13.6,"source":"国土数値情報 P13 都市公園","x":-9725.3,"y":-49429.04}},{"type":"Feature","geometry":{"type":"Point","coordinates":[139.72244,35.55477]},"properties":{"name":"南蒲田二丁目児童公園","area_m2":735,"r_m":15.3,"source":"国土数値情報 P13 都市公園","x":-10053.45,"y":-49389.84}},{"type":"Feature","geometry":{"type":"Point","coordinates":[139.72391,35.553747]},"properties":{"name":"南蒲田ひまわり児童公園","area_m2":367,"r_m":10.8,"source":"国土数値情報 P13 都市公園","x":-9920.33,"y":-49503.51}},{"type":"Feature","geometry":{"type":"Point","coordinates":[139.68855,35.5752]},"properties":{"name":"南久が原児童公園","area_m2":828,"r_m":16.2,"source":"国土数値情報 P13 都市公園","x":-13122.54,"y":-47119.35}},{"type":"Feature","geometry":{"type":"Point","coordinates":[139.6855,35.57805]},"properties":{"name":"南久が原二丁目児童公園","area_m2":778,"r_m":15.7,"source":"国土数値情報 P13 都市公園","x":-13398.51,"y":-46802.76}},{"type":"Feature","geometry":{"type":"Point","coordinates":[139.69362,35.60362]},"properties":{"name":"南千束東児童公園","area_m2":879,"r_m":16.7,"source":"国土数値情報 P13 都市公園","x":-12658.54,"y":-43967.09}},{"type":"Feature","geometry":{"type":"Point","coordinates":[139.73735,35.57465]},"properties":{"name":"みなみにこにこ児童公園","area_m2":232,"r_m":8.6,"source":"国土数値情報 P13 都市公園","x":-8699.58,"y":-47185.78}},{"type":"Feature","geometry":{"type":"Point","coordinates":[139.71326,35.59402]},"properties":{"name":"南馬込一丁目児童公園","area_m2":918,"r_m":17.1,"source":"国土数値情報 P13 都市公園","x":-10880.39,"y":-45034.47}},{"type":"Feature","geometry":{"type":"Point","coordinates":[139.711733,35.587992]},"properties":{"name":"南馬込うえだい公園","area_m2":1029,"r_m":18.1,"source":"国土数値情報 P13 都市公園","x":-11019.58,"y":-45703.02}},{"type":"Feature","geometry":{"type":"Point","coordinates":[139.71072,35.58822]},"properties":{"name":"南馬込五丁目公園","area_m2":972,"r_m":17.6,"source":"国土数値情報 P13 都市公園","x":-11111.35,"y":-45677.64}},{"type":"Feature","geometry":{"type":"Point","coordinates":[139.70842,35.58475]},"properties":{"name":"南馬込さくら児童公園","area_m2":536,"r_m":13.1,"source":"国土数値情報 P13 都市公園","x":-11320.26,"y":-46062.34}},{"type":"Feature","geometry":{"type":"Point","coordinates":[139.72144,35.54468]},"properties":{"name":"南六郷公園","area_m2":8395,"r_m":51.7,"source":"国土数値情報 P13 都市公園","x":-10145.38,"y":-50509.12}},{"type":"Feature","geometry":{"type":"Point","coordinates":[139.72311,35.5468]},"properties":{"name":"南六郷一丁目児童公園","area_m2":365,"r_m":10.8,"source":"国土数値情報 P13 都市公園","x":-9993.69,"y":-50274.1}},{"type":"Feature","geometry":{"type":"Point","coordinates":[139.71442,35.54393]},"properties":{"name":"南六郷三丁目公園","area_m2":1837,"r_m":24.2,"source":"国土数値情報 P13 都市公園","x":-10781.98,"y":-50591.58}},{"type":"Feature","geometry":{"type":"Point","coordinates":[139.71646,35.54235]},"properties":{"name":"南六郷三丁目児童公園","area_m2":156,"r_m":7.0,"source":"国土数値情報 P13 都市公園","x":-10597.22,"y":-50767.09}},{"type":"Feature","geometry":{"type":"Point","coordinates":[139.73766,35.57629]},"properties":{"name":"美原児童公園","area_m2":2045,"r_m":25.5,"source":"国土数値情報 P13 都市公園","x":-8671.3,"y":-47003.86}},{"type":"Feature","geometry":{"type":"Point","coordinates":[139.67488,35.58292]},"properties":{"name":"美富士橋児童公園","area_m2":744,"r_m":15.4,"source":"国土数値情報 P13 都市公園","x":-14360.15,"y":-46260.99}},{"type":"Feature","geometry":{"type":"Point","coordinates":[139.73851,35.57748]},"properties":{"name":"都堀公園","area_m2":11960,"r_m":61.7,"source":"国土数値情報 P13 都市公園","x":-8594.14,"y":-46871.92}},{"type":"Feature","geometry":{"type":"Point","coordinates":[139.70691,35.59209]},"properties":{"name":"宮ノ下児童公園","area_m2":814,"r_m":16.1,"source":"国土数値情報 P13 都市公園","x":-11456.06,"y":-45247.86}},{"type":"Feature","geometry":{"type":"Point","coordinates":[139.68277,35.5878]},"properties":{"name":"みゆき児童公園","area_m2":833,"r_m":16.3,"source":"国土数値情報 P13 都市公園","x":-13644.28,"y":-45720.72}},{"type":"Feature","geometry":{"type":"Point","coordinates":[139.72699,35.57167]},"properties":{"name":"三輪児童公園","area_m2":628,"r_m":14.1,"source":"国土数値情報 P13 都市公園","x":-9638.93,"y":-47515.41}},{"type":"Feature","geometry":{"type":"Point","coordinates":[139.693715,35.566573]},"properties":{"name":"武蔵新田児童公園","area_m2":572,"r_m":13.5,"source":"国土数値情報 P13 都市公園","x":-12655.79,"y":-48077.1}},{"type":"Feature","geometry":{"type":"Point","coordinates":[139.75214,35.54765]},"properties":{"name":"武蔵野の路仲七児童公園","area_m2":165,"r_m":7.2,"source":"国土数値情報 P13 都市公園","x":-7361.53,"y":-50182.36}},{"type":"Feature","geometry":{"type":"Point","coordinates":[139.73341,35.547458]},"properties":{"name":"元羽田児童公園","area_m2":228,"r_m":8.5,"source":"国土数値情報 P13 都市公園","x":-9059.73,"y":-50202.11}},{"type":"Feature","geometry":{"type":"Point","coordinates":[139.748293,35.563369]},"properties":{"name":"森が崎児童公園","area_m2":669,"r_m":14.6,"source":"国土数値情報 P13 都市公園","x":-7708.85,"y":-48438.24}},{"type":"Feature","geometry":{"type":"Point","coordinates":[139.6906,35.56083]},"properties":{"name":"矢口三丁目児童公園","area_m2":100,"r_m":5.6,"source":"国土数値情報 P13 都市公園","x":-12939.05,"y":-48713.83}},{"type":"Feature","geometry":{"type":"Point","coordinates":[139.69383,35.56587]},"properties":{"name":"矢口せせらぎ公園","area_m2":1061,"r_m":18.4,"source":"国土数値情報 P13 都市公園","x":-12645.45,"y":-48155.12}},{"type":"Feature","geometry":{"type":"Point","coordinates":[139.68979,35.56192]},"properties":{"name":"矢口二丁目公園","area_m2":3268,"r_m":32.3,"source":"国土数値情報 P13 都市公園","x":-13012.3,"y":-48592.8}},{"type":"Feature","geometry":{"type":"Point","coordinates":[139.69472,35.56244]},"properties":{"name":"矢口二丁目児童公園","area_m2":499,"r_m":12.6,"source":"国土数値情報 P13 都市公園","x":-12565.31,"y":-48535.75}},{"type":"Feature","geometry":{"type":"Point","coordinates":[139.690671,35.562143]},"properties":{"name":"矢口二丁目小公園","area_m2":883,"r_m":16.8,"source":"国土数値情報 P13 都市公園","x":-12932.44,"y":-48568.16}},{"type":"Feature","geometry":{"type":"Point","coordinates":[139.691877,35.565686]},"properties":{"name":"矢口南児童公園","area_m2":525,"r_m":12.9,"source":"国土数値情報 P13 都市公園","x":-12822.49,"y":-48175.32}},{"type":"Feature","geometry":{"type":"Point","coordinates":[139.70041,35.56134]},"properties":{"name":"安方南児童公園","area_m2":205,"r_m":8.1,"source":"国土数値情報 P13 都市公園","x":-12049.68,"y":-48658.5}},{"type":"Feature","geometry":{"type":"Point","coordinates":[139.72987,35.5696]},"properties":{"name":"谷戸児童公園","area_m2":451,"r_m":12.0,"source":"国土数値情報 P13 都市公園","x":-9378.12,"y":-47745.34}},{"type":"Feature","geometry":{"type":"Point","coordinates":[139.70978,35.59402]},"properties":{"name":"ゆうやけ児童公園","area_m2":466,"r_m":12.2,"source":"国土数値情報 P13 都市公園","x":-11195.72,"y":-45034.08}},{"type":"Feature","geometry":{"type":"Point","coordinates":[139.67847,35.59179]},"properties":{"name":"雪谷大塚中央児童公園","area_m2":274,"r_m":9.3,"source":"国土数値情報 P13 都市公園","x":-14033.26,"y":-45277.46}},{"type":"Feature","geometry":{"type":"Point","coordinates":[139.708674,35.588174]},"properties":{"name":"湯殿公園","area_m2":1543,"r_m":22.2,"source":"国土数値情報 P13 都市公園","x":-11296.75,"y":-45682.55}},{"type":"Feature","geometry":{"type":"Point","coordinates":[139.74567,35.54708]},"properties":{"name":"横町児童公園","area_m2":106,"r_m":5.8,"source":"国土数値情報 P13 都市公園","x":-7948.2,"y":-50245.09}},{"type":"Feature","geometry":{"type":"Point","coordinates":[139.71599,35.58287]},"properties":{"name":"龍子公園","area_m2":2565,"r_m":28.6,"source":"国土数値情報 P13 都市公園","x":-10634.48,"y":-46271.75}},{"type":"Feature","geometry":{"type":"Point","coordinates":[139.71651,35.58243]},"properties":{"name":"龍子児童公園","area_m2":611,"r_m":13.9,"source":"国土数値情報 P13 都市公園","x":-10587.41,"y":-46320.62}},{"type":"Feature","geometry":{"type":"Point","coordinates":[139.67125,35.5942]},"properties":{"name":"若竹児童公園","area_m2":68,"r_m":4.7,"source":"国土数値情報 P13 都市公園","x":-14687.07,"y":-45009.04}},{"type":"Feature","geometry":{"type":"Point","coordinates":[139.72655,35.57822]},"properties":{"name":"若竹公園","area_m2":1238,"r_m":19.9,"source":"国土数値情報 P13 都市公園","x":-9678.02,"y":-46788.71}},{"type":"Feature","geometry":{"type":"Point","coordinates":[139.701275,35.541101]},"properties":{"name":"多摩川緑地","area_m2":351532,"r_m":334.5,"source":"国土数値情報 P13 都市公園","x":-11974.28,"y":-50903.9}},{"type":"Feature","geometry":{"type":"Point","coordinates":[139.69217,35.557595]},"properties":{"name":"多摩川大橋緑地","area_m2":24696,"r_m":88.7,"source":"国土数値情報 P13 都市公園","x":-12797.26,"y":-49072.88}},{"type":"Feature","geometry":{"type":"Point","coordinates":[139.683211,35.561805]},"properties":{"name":"多摩川ガス橋緑地","area_m2":123629,"r_m":198.4,"source":"国土数値情報 P13 都市公園","x":-13608.72,"y":-48604.62}},{"type":"Feature","geometry":{"type":"Point","coordinates":[139.73126,35.544903]},"properties":{"name":"多摩川大師橋緑地","area_m2":48363,"r_m":124.1,"source":"国土数値情報 P13 都市公園","x":-9255.0,"y":-50485.39}},{"type":"Feature","geometry":{"type":"Point","coordinates":[139.671254,35.582761]},"properties":{"name":"多摩川丸子橋緑地","area_m2":19919,"r_m":79.6,"source":"国土数値情報 P13 都市公園","x":-14688.83,"y":-46278.07}},{"type":"Feature","geometry":{"type":"Point","coordinates":[139.71294,35.540221]},"properties":{"name":"多摩川六郷橋緑地","area_m2":128689,"r_m":202.4,"source":"国土数値情報 P13 都市公園","x":-10916.7,"y":-51002.85}},{"type":"Feature","geometry":{"type":"Point","coordinates":[139.68474,35.58908]},"properties":{"name":"市谷方児童公園","area_m2":441,"r_m":11.8,"source":"国土数値情報 P13 都市公園","x":-13465.54,"y":-45578.99}},{"type":"Feature","geometry":{"type":"Point","coordinates":[139.68608,35.61095]},"properties":{"name":"北千束北児童公園","area_m2":777,"r_m":15.7,"source":"国土数値情報 P13 都市公園","x":-13340.48,"y":-43152.9}},{"type":"Feature","geometry":{"type":"Point","coordinates":[139.68283,35.59906]},"properties":{"name":"華園児童公園","area_m2":209,"r_m":8.2,"source":"国土数値情報 P13 都市公園","x":-13636.93,"y":-44471.54}},{"type":"Feature","geometry":{"type":"Point","coordinates":[139.69914,35.5971]},"properties":{"name":"はなみずき児童公園","area_m2":453,"r_m":12.0,"source":"国土数値情報 P13 都市公園","x":-12159.4,"y":-44691.12}},{"type":"Feature","geometry":{"type":"Point","coordinates":[139.67715,35.65501]},"properties":{"name":"淡島通り公園","area_m2":267,"r_m":9.2,"source":"国土数値情報 P13 都市公園","x":-14141.73,"y":-38263.58}},{"type":"Feature","geometry":{"type":"Point","coordinates":[139.680994,35.649035]},"properties":{"name":"池尻南公園","area_m2":760,"r_m":15.6,"source":"国土数値情報 P13 都市公園","x":-13794.74,"y":-38926.95}},{"type":"Feature","geometry":{"type":"Point","coordinates":[139.67882,35.64972]},"properties":{"name":"池尻三丁目公園","area_m2":4161,"r_m":36.4,"source":"国土数値情報 P13 都市公園","x":-13991.45,"y":-38850.7}},{"type":"Feature","geometry":{"type":"Point","coordinates":[139.6315,35.65005]},"properties":{"name":"石仏公園","area_m2":1960,"r_m":25.0,"source":"国土数値情報 P13 都市公園","x":-18276.28,"y":-38806.32}},{"type":"Feature","geometry":{"type":"Point","coordinates":[139.67197,35.64715]},"properties":{"name":"かえるひろば公園","area_m2":70,"r_m":4.7,"source":"国土数値情報 P13 都市公園","x":-14612.19,"y":-39134.82}},{"type":"Feature","geometry":{"type":"Point","coordinates":[139.671043,35.6456]},"properties":{"name":"かどっこひろば公園","area_m2":46,"r_m":3.8,"source":"国土数値情報 P13 都市公園","x":-14696.4,"y":-39306.59}},{"type":"Feature","geometry":{"type":"Point","coordinates":[139.66821,35.63716]},"properties":{"name":"上馬公園","area_m2":770,"r_m":15.7,"source":"国土数値情報 P13 都市公園","x":-14954.54,"y":-40242.56}},{"type":"Feature","geometry":{"type":"Point","coordinates":[139.66527,35.63948]},"properties":{"name":"上馬北公園","area_m2":907,"r_m":17.0,"source":"国土数値情報 P13 都市公園","x":-15220.36,"y":-39984.73}},{"type":"Feature","geometry":{"type":"Point","coordinates":[139.65788,35.64063]},"properties":{"name":"上馬ときわ公園","area_m2":454,"r_m":12.0,"source":"国土数値情報 P13 都市公園","x":-15889.4,"y":-39855.98}},{"type":"Feature","geometry":{"type":"Point","coordinates":[139.66383,35.63776]},"properties":{"name":"上馬東公園","area_m2":869,"r_m":16.6,"source":"国土数値情報 P13 都市公園","x":-15351.1,"y":-40175.32}},{"type":"Feature","geometry":{"type":"Point","coordinates":[139.66748,35.63944]},"properties":{"name":"上馬二丁目公園","area_m2":282,"r_m":9.5,"source":"国土数値情報 P13 都市公園","x":-15020.23,"y":-39989.51}},{"type":"Feature","geometry":{"type":"Point","coordinates":[139.66119,35.63926]},"properties":{"name":"上馬四丁目公園","area_m2":1085,"r_m":18.6,"source":"国土数値情報 P13 都市公園","x":-15589.9,"y":-40008.5}},{"type":"Feature","geometry":{"type":"Point","coordinates":[139.63667,35.64787]},"properties":{"name":"経堂大橋公園","area_m2":880,"r_m":16.7,"source":"国土数値情報 P13 都市公園","x":-17808.61,"y":-39049.13}},{"type":"Feature","geometry":{"type":"Point","coordinates":[139.62885,35.6531]},"properties":{"name":"経堂けやき公園","area_m2":397,"r_m":11.2,"source":"国土数値情報 P13 都市公園","x":-18515.54,"y":-38467.46}},{"type":"Feature","geometry":{"type":"Point","coordinates":[139.65129,35.64564]},"properties":{"name":"くぬぎ公園","area_m2":1128,"r_m":18.9,"source":"国土数値情報 P13 都市公園","x":-16485.17,"y":-39299.08}},{"type":"Feature","geometry":{"type":"Point","coordinates":[139.6566,35.63748]},"properties":{"name":"小泉公園","area_m2":5289,"r_m":41.0,"source":"国土数値情報 P13 都市公園","x":-16005.95,"y":-40205.23}},{"type":"Feature","geometry":{"type":"Point","coordinates":[139.67865,35.6426]},"properties":{"name":"こどものひろば公園","area_m2":19239,"r_m":78.3,"source":"国土数値情報 P13 都市公園","x":-14008.08,"y":-39640.58}},{"type":"Feature","geometry":{"type":"Point","coordinates":[139.670013,35.648782]},"properties":{"name":"こぶしひろば公園","area_m2":87,"r_m":5.3,"source":"国土数値情報 P13 都市公園","x":-14789.06,"y":-38953.52}},{"type":"Feature","geometry":{"type":"Point","coordinates":[139.662175,35.629725]},"properties":{"name":"駒沢一丁目公園","area_m2":620,"r_m":14.0,"source":"国土数値情報 P13 都市公園","x":-15502.55,"y":-41066.49}},{"type":"Feature","geometry":{"type":"Point","coordinates":[139.656683,35.630442]},"properties":{"name":"駒沢一丁目西公園","area_m2":516,"r_m":12.8,"source":"国土数値情報 P13 都市公園","x":-15999.87,"y":-40986.08}},{"type":"Feature","geometry":{"type":"Point","coordinates":[139.68117,35.63775]},"properties":{"name":"駒繋公園","area_m2":2184,"r_m":26.4,"source":"国土数値情報 P13 都市公園","x":-13780.7,"y":-40179.0}},{"type":"Feature","geometry":{"type":"Point","coordinates":[139.66093,35.64037]},"properties":{"name":"駒留公園","area_m2":1729,"r_m":23.5,"source":"国土数値情報 P13 都市公園","x":-15613.24,"y":-39885.31}},{"type":"Feature","geometry":{"type":"Point","coordinates":[139.63818,35.64302]},"properties":{"name":"桜公園","area_m2":668,"r_m":14.6,"source":"国土数値情報 P13 都市公園","x":-17672.95,"y":-39587.46}},{"type":"Feature","geometry":{"type":"Point","coordinates":[139.63657,35.6426]},"properties":{"name":"桜みんなの公園","area_m2":1416,"r_m":21.2,"source":"国土数値情報 P13 都市公園","x":-17818.84,"y":-39633.77}},{"type":"Feature","geometry":{"type":"Point","coordinates":[139.641336,35.643734]},"properties":{"name":"桜一丁目公園","area_m2":223,"r_m":8.4,"source":"国土数値情報 P13 都市公園","x":-17387.02,"y":-39508.85}},{"type":"Feature","geometry":{"type":"Point","coordinates":[139.637008,35.638925]},"properties":{"name":"桜三丁目公園","area_m2":287,"r_m":9.6,"source":"国土数値情報 P13 都市公園","x":-17780.0,"y":-40041.59}},{"type":"Feature","geometry":{"type":"Point","coordinates":[139.621122,35.640269]},"properties":{"name":"桜丘きたっぱら公園","area_m2":255,"r_m":9.0,"source":"国土数値情報 P13 都市公園","x":-19218.37,"y":-39889.49}},{"type":"Feature","geometry":{"type":"Point","coordinates":[139.627275,35.641105]},"properties":{"name":"桜丘こぶし公園","area_m2":827,"r_m":16.2,"source":"国土数値情報 P13 都市公園","x":-18660.97,"y":-39797.89}},{"type":"Feature","geometry":{"type":"Point","coordinates":[139.63028,35.64034]},"properties":{"name":"桜丘南公園","area_m2":365,"r_m":10.8,"source":"国土数値情報 P13 都市公園","x":-18388.98,"y":-39883.34}},{"type":"Feature","geometry":{"type":"Point","coordinates":[139.628039,35.643749]},"properties":{"name":"桜丘やまもも公園","area_m2":348,"r_m":10.5,"source":"国土数値情報 P13 都市公園","x":-18591.1,"y":-39504.76}},{"type":"Feature","geometry":{"type":"Point","coordinates":[139.622464,35.642565]},"properties":{"name":"桜丘四丁目公園","area_m2":128,"r_m":6.4,"source":"国土数値情報 P13 都市公園","x":-19096.25,"y":-39635.04}},{"type":"Feature","geometry":{"type":"Point","coordinates":[139.62003,35.64346]},"properties":{"name":"桜丘五丁目公園","area_m2":1187,"r_m":19.4,"source":"国土数値情報 P13 都市公園","x":-19316.49,"y":-39535.24}},{"type":"Feature","geometry":{"type":"Point","coordinates":[139.66435,35.64204]},"properties":{"name":"三軒茶屋公園","area_m2":586,"r_m":13.7,"source":"国土数値情報 P13 都市公園","x":-15303.19,"y":-39700.58}},{"type":"Feature","geometry":{"type":"Point","coordinates":[139.668409,35.641349]},"properties":{"name":"三軒茶屋二丁目公園","area_m2":354,"r_m":10.6,"source":"国土数値情報 P13 都市公園","x":-14935.73,"y":-39777.87}},{"type":"Feature","geometry":{"type":"Point","coordinates":[139.672214,35.648919]},"properties":{"name":"したのやばし公園","area_m2":734,"r_m":15.3,"source":"国土数値情報 P13 都市公園","x":-14589.79,"y":-38938.61}},{"type":"Feature","geometry":{"type":"Point","coordinates":[139.6797,35.63284]},"properties":{"name":"下馬公園","area_m2":1537,"r_m":22.1,"source":"国土数値情報 P13 都市公園","x":-13914.69,"y":-40723.52}},{"type":"Feature","geometry":{"type":"Point","coordinates":[139.679897,35.64323]},"properties":{"name":"下馬すずかけ公園","area_m2":249,"r_m":8.9,"source":"国土数値情報 P13 都市公園","x":-13895.0,"y":-39570.87}},{"type":"Feature","geometry":{"type":"Point","coordinates":[139.67729,35.63434]},"properties":{"name":"下馬中央公園","area_m2":6159,"r_m":44.3,"source":"国土数値情報 P13 都市公園","x":-14132.7,"y":-40556.76}},{"type":"Feature","geometry":{"type":"Point","coordinates":[139.680468,35.644167]},"properties":{"name":"世田谷公園","area_m2":78957,"r_m":158.5,"source":"国土数値情報 P13 都市公園","x":-13843.13,"y":-39466.94}},{"type":"Feature","geometry":{"type":"Point","coordinates":[139.650852,35.644323]},"properties":{"name":"世田谷くじら公園","area_m2":108,"r_m":5.9,"source":"国土数値情報 P13 都市公園","x":-16525.14,"y":-39445.07}},{"type":"Feature","geometry":{"type":"Point","coordinates":[139.651413,35.647951]},"properties":{"name":"世田谷どんぐりひろば公園","area_m2":213,"r_m":8.2,"source":"国土数値情報 P13 都市公園","x":-16473.58,"y":-39042.69}},{"type":"Feature","geometry":{"type":"Point","coordinates":[139.66615,35.64086]},"properties":{"name":"世田谷丸山公園","area_m2":2787,"r_m":29.8,"source":"国土数値情報 P13 都市公園","x":-15140.41,"y":-39831.77}},{"type":"Feature","geometry":{"type":"Point","coordinates":[139.653693,35.641368]},"properties":{"name":"せたがやみどり公園","area_m2":301,"r_m":9.8,"source":"国土数値情報 P13 都市公園","x":-16268.42,"y":-39773.42}},{"type":"Feature","geometry":{"type":"Point","coordinates":[139.642917,35.64126]},"properties":{"name":"世田谷二丁目ふれあい公園","area_m2":845,"r_m":16.4,"source":"国土数値情報 P13 都市公園","x":-17244.32,"y":-39783.51}},{"type":"Feature","geometry":{"type":"Point","coordinates":[139.65512,35.64343]},"properties":{"name":"世田谷四丁目公園","area_m2":559,"r_m":13.3,"source":"国土数値情報 P13 都市公園","x":-16138.79,"y":-39544.89}},{"type":"Feature","geometry":{"type":"Point","coordinates":[139.675454,35.646302]},"properties":{"name":"太子堂ありんこ公園","area_m2":220,"r_m":8.4,"source":"国土数値情報 P13 都市公園","x":-14296.89,"y":-39229.37}},{"type":"Feature","geometry":{"type":"Point","coordinates":[139.67073,35.64988]},"properties":{"name":"太子堂円泉ヶ丘公園","area_m2":1815,"r_m":24.0,"source":"国土数値情報 P13 都市公園","x":-14723.98,"y":-38831.77}},{"type":"Feature","geometry":{"type":"Point","coordinates":[139.66945,35.6488]},"properties":{"name":"太子堂さくらひろば公園","area_m2":123,"r_m":6.3,"source":"国土数値情報 P13 都市公園","x":-14840.09,"y":-38951.39}},{"type":"Feature","geometry":{"type":"Point","coordinates":[139.67386,35.64167]},"properties":{"name":"太子堂一丁目公園","area_m2":914,"r_m":17.1,"source":"国土数値情報 P13 都市公園","x":-14442.03,"y":-39743.06}},{"type":"Feature","geometry":{"type":"Point","coordinates":[139.67085,35.6333]},"properties":{"name":"鶴ヶ久保公園","area_m2":2794,"r_m":29.8,"source":"国土数値情報 P13 都市公園","x":-14716.15,"y":-40671.2}},{"type":"Feature","geometry":{"type":"Point","coordinates":[139.644753,35.636935]},"properties":{"name":"弦巻どんぐり山公園","area_m2":1794,"r_m":23.9,"source":"国土数値情報 P13 都市公園","x":-17079.03,"y":-40263.66}},{"type":"Feature","geometry":{"type":"Point","coordinates":[139.64601,35.63506]},"properties":{"name":"弦巻三丁目公園","area_m2":718,"r_m":15.1,"source":"国土数値情報 P13 都市公園","x":-16965.55,"y":-40471.94}},{"type":"Feature","geometry":{"type":"Point","coordinates":[139.64728,35.6355]},"properties":{"name":"弦巻三丁目東公園","area_m2":897,"r_m":16.9,"source":"国土数値情報 P13 都市公園","x":-16850.43,"y":-40423.34}},{"type":"Feature","geometry":{"type":"Point","coordinates":[139.646046,35.637999]},"properties":{"name":"弦巻三丁目ゆずりは公園","area_m2":95,"r_m":5.5,"source":"国土数値情報 P13 都市公園","x":-16961.69,"y":-40145.92}},{"type":"Feature","geometry":{"type":"Point","coordinates":[139.670848,35.645899]},"properties":{"name":"トンボひろば公園","area_m2":136,"r_m":6.6,"source":"国土数値情報 P13 都市公園","x":-14714.05,"y":-39273.42}},{"type":"Feature","geometry":{"type":"Point","coordinates":[139.63086,35.64641]},"properties":{"name":"長島大榎公園","area_m2":670,"r_m":14.6,"source":"国土数値情報 P13 都市公園","x":-18335.07,"y":-39210.03}},{"type":"Feature","geometry":{"type":"Point","coordinates":[139.67636,35.62812]},"properties":{"name":"南原公園","area_m2":2014,"r_m":25.3,"source":"国土数値情報 P13 都市公園","x":-14218.03,"y":-41246.68}},{"type":"Feature","geometry":{"type":"Point","coordinates":[139.66681,35.64387]},"properties":{"name":"西太子堂公園","area_m2":1127,"r_m":18.9,"source":"国土数値情報 P13 都市公園","x":-15080.07,"y":-39497.93}},{"type":"Feature","geometry":{"type":"Point","coordinates":[139.62096,35.64407]},"properties":{"name":"西原公園","area_m2":1197,"r_m":19.5,"source":"国土数値情報 P13 都市公園","x":-19232.13,"y":-39467.74}},{"type":"Feature","geometry":{"type":"Point","coordinates":[139.67734,35.63677]},"properties":{"name":"子の神公園","area_m2":1897,"r_m":24.6,"source":"国土数値情報 P13 都市公園","x":-14127.74,"y":-40287.18}},{"type":"Feature","geometry":{"type":"Point","coordinates":[139.67595,35.63179]},"properties":{"name":"野沢公園","area_m2":2785,"r_m":29.8,"source":"国土数値情報 P13 都市公園","x":-14254.51,"y":-40839.47}},{"type":"Feature","geometry":{"type":"Point","coordinates":[139.67221,35.63706]},"properties":{"name":"野沢明朗公園","area_m2":257,"r_m":9.0,"source":"国土数値情報 P13 都市公園","x":-14592.29,"y":-40254.26}},{"type":"Feature","geometry":{"type":"Point","coordinates":[139.6649,35.634391]},"properties":{"name":"野沢四丁目公園","area_m2":73,"r_m":4.8,"source":"国土数値情報 P13 都市公園","x":-15254.83,"y":-40549.31}},{"type":"Feature","geometry":{"type":"Point","coordinates":[139.61853,35.6469]},"properties":{"name":"弁天公園","area_m2":2040,"r_m":25.5,"source":"国土数値情報 P13 都市公園","x":-19451.5,"y":-39153.3}},{"type":"Feature","geometry":{"type":"Point","coordinates":[139.640084,35.638133]},"properties":{"name":"松丘公園","area_m2":530,"r_m":13.0,"source":"国土数値情報 P13 都市公園","x":-17501.57,"y":-40129.96}},{"type":"Feature","geometry":{"type":"Point","coordinates":[139.67271,35.65289]},"properties":{"name":"三宿公園","area_m2":1132,"r_m":19.0,"source":"国土数値情報 P13 都市公園","x":-14544.14,"y":-38498.13}},{"type":"Feature","geometry":{"type":"Point","coordinates":[139.67734,35.64987]},"properties":{"name":"三宿えのき公園","area_m2":381,"r_m":11.0,"source":"国土数値情報 P13 都市公園","x":-14125.44,"y":-38833.85}},{"type":"Feature","geometry":{"type":"Point","coordinates":[139.67403,35.64835]},"properties":{"name":"三宿たぬきのポンポ公園","area_m2":713,"r_m":15.1,"source":"国土数値情報 P13 都市公園","x":-14425.43,"y":-39002.0}},{"type":"Feature","geometry":{"type":"Point","coordinates":[139.6295,35.64829]},"properties":{"name":"南公園","area_m2":1051,"r_m":18.3,"source":"国土数値情報 P13 都市公園","x":-18457.79,"y":-39001.21}},{"type":"Feature","geometry":{"type":"Point","coordinates":[139.63094,35.64899]},"properties":{"name":"南台公園","area_m2":1322,"r_m":20.5,"source":"国土数値情報 P13 都市公園","x":-18327.23,"y":-38923.82}},{"type":"Feature","geometry":{"type":"Point","coordinates":[139.63383,35.65647]},"properties":{"name":"宮坂北公園","area_m2":263,"r_m":9.1,"source":"国土数値情報 P13 都市公園","x":-18063.85,"y":-38094.51}},{"type":"Feature","geometry":{"type":"Point","coordinates":[139.64491,35.65295]},"properties":{"name":"宮坂ねむの木公園","area_m2":292,"r_m":9.6,"source":"国土数値情報 P13 都市公園","x":-17061.37,"y":-38487.0}},{"type":"Feature","geometry":{"type":"Point","coordinates":[139.65387,35.63628]},"properties":{"name":"向天神橋公園","area_m2":313,"r_m":10.0,"source":"国土数値情報 P13 都市公園","x":-16253.43,"y":-40337.92}},{"type":"Feature","geometry":{"type":"Point","coordinates":[139.64244,35.65279]},"properties":{"name":"山下公園","area_m2":1574,"r_m":22.4,"source":"国土数値情報 P13 都市公園","x":-17285.06,"y":-38504.32}},{"type":"Feature","geometry":{"type":"Point","coordinates":[139.637036,35.65463]},"properties":{"name":"山下西公園","area_m2":1143,"r_m":19.1,"source":"国土数値情報 P13 都市公園","x":-17774.01,"y":-38299.23}},{"type":"Feature","geometry":{"type":"Point","coordinates":[139.65497,35.64702]},"properties":{"name":"若林公園","area_m2":14457,"r_m":67.8,"source":"国土数値情報 P13 都市公園","x":-16151.65,"y":-39146.59}},{"type":"Feature","geometry":{"type":"Point","coordinates":[139.65562,35.64874]},"properties":{"name":"若林こども公園","area_m2":371,"r_m":10.9,"source":"国土数値情報 P13 都市公園","x":-16092.44,"y":-38955.87}},{"type":"Feature","geometry":{"type":"Point","coordinates":[139.654778,35.64408]},"properties":{"name":"若林このてがしわ公園","area_m2":127,"r_m":6.4,"source":"国土数値情報 P13 都市公園","x":-16169.65,"y":-39472.71}},{"type":"Feature","geometry":{"type":"Point","coordinates":[139.657837,35.642503]},"properties":{"name":"若林ぞうさん公園","area_m2":198,"r_m":7.9,"source":"国土数値情報 P13 都市公園","x":-15892.95,"y":-39648.17}},{"type":"Feature","geometry":{"type":"Point","coordinates":[139.65533,35.64306]},"properties":{"name":"若林なつつばき公園","area_m2":86,"r_m":5.2,"source":"国土数値情報 P13 都市公園","x":-16119.84,"y":-39585.97}},{"type":"Feature","geometry":{"type":"Point","coordinates":[139.66316,35.64705]},"properties":{"name":"若林ふれあいひろば公園","area_m2":299,"r_m":9.8,"source":"国土数値情報 P13 都市公園","x":-15410.0,"y":-39144.57}},{"type":"Feature","geometry":{"type":"Point","coordinates":[139.661049,35.643495]},"properties":{"name":"若林一丁目公園","area_m2":109,"r_m":5.9,"source":"国土数値情報 P13 都市公園","x":-15601.89,"y":-39538.67}},{"type":"Feature","geometry":{"type":"Point","coordinates":[139.655028,35.649803]},"properties":{"name":"若林五丁目公園","area_m2":271,"r_m":9.3,"source":"国土数値情報 P13 都市公園","x":-16145.84,"y":-38837.83}},{"type":"Feature","geometry":{"type":"Point","coordinates":[139.657461,35.648632]},"properties":{"name":"若林五丁目緑と子ども公園","area_m2":193,"r_m":7.8,"source":"国土数値情報 P13 都市公園","x":-15925.73,"y":-38968.13}},{"type":"Feature","geometry":{"type":"Point","coordinates":[139.66907,35.66807]},"properties":{"name":"あおぞら公園","area_m2":811,"r_m":16.1,"source":"国土数値情報 P13 都市公園","x":-14870.92,"y":-36813.49}},{"type":"Feature","geometry":{"type":"Point","coordinates":[139.63684,35.66396]},"properties":{"name":"赤堤けやき公園","area_m2":1045,"r_m":18.2,"source":"国土数値情報 P13 都市公園","x":-17789.65,"y":-37264.1}},{"type":"Feature","geometry":{"type":"Point","coordinates":[139.65247,35.66253]},"properties":{"name":"赤羽根公園","area_m2":754,"r_m":15.5,"source":"国土数値情報 P13 都市公園","x":-16374.87,"y":-37425.47}},{"type":"Feature","geometry":{"type":"Point","coordinates":[139.6414,35.66132]},"properties":{"name":"赤松公園","area_m2":6921,"r_m":46.9,"source":"国土数値情報 P13 都市公園","x":-17377.38,"y":-37557.81}},{"type":"Feature","geometry":{"type":"Point","coordinates":[139.668557,35.664809]},"properties":{"name":"一本松公園","area_m2":397,"r_m":11.2,"source":"国土数値情報 P13 都市公園","x":-14917.97,"y":-37175.14}},{"type":"Feature","geometry":{"type":"Point","coordinates":[139.65057,35.65583]},"properties":{"name":"梅丘北公園","area_m2":304,"r_m":9.8,"source":"国土数値情報 P13 都市公園","x":-16548.27,"y":-38168.46}},{"type":"Feature","geometry":{"type":"Point","coordinates":[139.656015,35.65089]},"properties":{"name":"梅丘とちのき公園","area_m2":145,"r_m":6.8,"source":"国土数値情報 P13 都市公園","x":-16056.23,"y":-38717.38}},{"type":"Feature","geometry":{"type":"Point","coordinates":[139.6503,35.64966]},"properties":{"name":"梅丘やまぼうし公園","area_m2":248,"r_m":8.9,"source":"国土数値情報 P13 都市公園","x":-16573.95,"y":-38852.95}},{"type":"Feature","geometry":{"type":"Point","coordinates":[139.66692,35.67118]},"properties":{"name":"大山谷公園","area_m2":75,"r_m":4.9,"source":"国土数値情報 P13 都市公園","x":-15064.98,"y":-36468.13}},{"type":"Feature","geometry":{"type":"Point","coordinates":[139.66245,35.67003]},"properties":{"name":"大原ＧＯＧＯ公園","area_m2":1181,"r_m":19.4,"source":"国土数値情報 P13 都市公園","x":-15469.86,"y":-36595.02}},{"type":"Feature","geometry":{"type":"Point","coordinates":[139.66344,35.67083]},"properties":{"name":"大原かるがも公園","area_m2":591,"r_m":13.7,"source":"国土数値情報 P13 都市公園","x":-15380.08,"y":-36506.42}},{"type":"Feature","geometry":{"type":"Point","coordinates":[139.66486,35.66817]},"properties":{"name":"大原さんかく公園","area_m2":558,"r_m":13.3,"source":"国土数値情報 P13 都市公園","x":-15252.04,"y":-36801.75}},{"type":"Feature","geometry":{"type":"Point","coordinates":[139.661535,35.667808]},"properties":{"name":"大原わくわく公園","area_m2":156,"r_m":7.0,"source":"国土数値情報 P13 都市公園","x":-15553.1,"y":-36841.35}},{"type":"Feature","geometry":{"type":"Point","coordinates":[139.665345,35.665252]},"properties":{"name":"大原１・１公園","area_m2":85,"r_m":5.2,"source":"国土数値情報 P13 都市公園","x":-15208.68,"y":-37125.6}},{"type":"Feature","geometry":{"type":"Point","coordinates":[139.63048,35.66271]},"properties":{"name":"上北沢八幡公園","area_m2":628,"r_m":14.1,"source":"国土数値情報 P13 都市公園","x":-18365.75,"y":-37401.61}},{"type":"Feature","geometry":{"type":"Point","coordinates":[139.67239,35.66671]},"properties":{"name":"北沢公園","area_m2":2391,"r_m":27.6,"source":"国土数値情報 P13 都市公園","x":-14570.61,"y":-36964.87}},{"type":"Feature","geometry":{"type":"Point","coordinates":[139.67186,35.66525]},"properties":{"name":"北沢かいどうひろば公園","area_m2":58,"r_m":4.3,"source":"国土数値情報 P13 都市公園","x":-14618.86,"y":-37126.76}},{"type":"Feature","geometry":{"type":"Point","coordinates":[139.665818,35.666112]},"properties":{"name":"北沢かしのき公園","area_m2":237,"r_m":8.7,"source":"国土数値情報 P13 都市公園","x":-15165.72,"y":-37030.24}},{"type":"Feature","geometry":{"type":"Point","coordinates":[139.670893,35.66248]},"properties":{"name":"北沢一丁目丘の上公園","area_m2":93,"r_m":5.4,"source":"国土数値情報 P13 都市公園","x":-14706.92,"y":-37433.97}},{"type":"Feature","geometry":{"type":"Point","coordinates":[139.67076,35.66605]},"properties":{"name":"北沢三丁目公園","area_m2":354,"r_m":10.6,"source":"国土数値情報 P13 都市公園","x":-14718.3,"y":-37037.85}},{"type":"Feature","geometry":{"type":"Point","coordinates":[139.6676,35.66705]},"properties":{"name":"北沢四丁目公園","area_m2":645,"r_m":14.3,"source":"国土数値情報 P13 都市公園","x":-15004.19,"y":-36926.43}},{"type":"Feature","geometry":{"type":"Point","coordinates":[139.667445,35.665574]},"properties":{"name":"くすのきひろば公園","area_m2":275,"r_m":9.4,"source":"国土数値情報 P13 都市公園","x":-15018.54,"y":-37090.14}},{"type":"Feature","geometry":{"type":"Point","coordinates":[139.627984,35.665216]},"properties":{"name":"桜上水公園","area_m2":1565,"r_m":22.3,"source":"国土数値情報 P13 都市公園","x":-18591.16,"y":-37123.16}},{"type":"Feature","geometry":{"type":"Point","coordinates":[139.635492,35.660341]},"properties":{"name":"桜上水のびのび公園","area_m2":1813,"r_m":24.0,"source":"国土数値情報 P13 都市公園","x":-17912.48,"y":-37665.36}},{"type":"Feature","geometry":{"type":"Point","coordinates":[139.63213,35.65633]},"properties":{"name":"桜上水一丁目公園","area_m2":1120,"r_m":18.9,"source":"国土数値情報 P13 都市公園","x":-18217.81,"y":-38109.73}},{"type":"Feature","geometry":{"type":"Point","coordinates":[139.628039,35.665598]},"properties":{"name":"桜上水五丁目公園","area_m2":166,"r_m":7.3,"source":"国土数値情報 P13 都市公園","x":-18586.03,"y":-37080.75}},{"type":"Feature","geometry":{"type":"Point","coordinates":[139.657169,35.654618]},"properties":{"name":"すみれ公園","area_m2":457,"r_m":12.1,"source":"国土数値情報 P13 都市公園","x":-15950.98,"y":-38304.01}},{"type":"Feature","geometry":{"type":"Point","coordinates":[139.6476,35.64675]},"properties":{"name":"世田谷城阯公園","area_m2":3836,"r_m":34.9,"source":"国土数値情報 P13 都市公園","x":-16819.09,"y":-39175.31}},{"type":"Feature","geometry":{"type":"Point","coordinates":[139.647992,35.653698]},"properties":{"name":"豪徳寺一丁目オリーブ公園","area_m2":139,"r_m":6.7,"source":"国土数値情報 P13 都市公園","x":-16782.11,"y":-38404.54}},{"type":"Feature","geometry":{"type":"Point","coordinates":[139.6713,35.65388]},"properties":{"name":"代沢せせらぎ公園","area_m2":1813,"r_m":24.0,"source":"国土数値情報 P13 都市公園","x":-14671.63,"y":-38388.09}},{"type":"Feature","geometry":{"type":"Point","coordinates":[139.66333,35.66159]},"properties":{"name":"代田五丁目公園","area_m2":413,"r_m":11.5,"source":"国土数値情報 P13 都市公園","x":-15391.81,"y":-37531.51}},{"type":"Feature","geometry":{"type":"Point","coordinates":[139.66861,35.66423]},"properties":{"name":"どんぐりひろば公園","area_m2":1168,"r_m":19.3,"source":"国土数値情報 P13 都市公園","x":-14913.28,"y":-37239.44}},{"type":"Feature","geometry":{"type":"Point","coordinates":[139.66812,35.67121]},"properties":{"name":"２０００ねん公園","area_m2":268,"r_m":9.2,"source":"国土数値情報 P13 都市公園","x":-14956.34,"y":-36464.99}},{"type":"Feature","geometry":{"type":"Point","coordinates":[139.65475,35.65863]},"properties":{"name":"羽根木公園","area_m2":79651,"r_m":159.2,"source":"国土数値情報 P13 都市公園","x":-16169.23,"y":-37858.52}},{"type":"Feature","geometry":{"type":"Point","coordinates":[139.65948,35.6647]},"properties":{"name":"羽根木一丁目公園","area_m2":211,"r_m":8.2,"source":"国土数値情報 P13 都市公園","x":-15739.78,"y":-37185.87}},{"type":"Feature","geometry":{"type":"Point","coordinates":[139.65797,35.66651]},"properties":{"name":"羽根木二丁目公園","area_m2":706,"r_m":15.0,"source":"国土数値情報 P13 都市公園","x":-15876.13,"y":-36984.82}},{"type":"Feature","geometry":{"type":"Point","coordinates":[139.6584,35.6594]},"properties":{"name":"ひだまり公園","area_m2":843,"r_m":16.4,"source":"国土数値情報 P13 都市公園","x":-15838.6,"y":-37773.69}},{"type":"Feature","geometry":{"type":"Point","coordinates":[139.64873,35.66278]},"properties":{"name":"松原公園","area_m2":1036,"r_m":18.2,"source":"国土数値情報 P13 都市公園","x":-16713.43,"y":-37397.1}},{"type":"Feature","geometry":{"type":"Point","coordinates":[139.65469,35.66911]},"properties":{"name":"松原つみき公園","area_m2":432,"r_m":11.7,"source":"国土数値情報 P13 都市公園","x":-16172.55,"y":-36695.84}},{"type":"Feature","geometry":{"type":"Point","coordinates":[139.67921,35.60097]},"properties":{"name":"奥沢公園","area_m2":1129,"r_m":19.0,"source":"国土数値情報 P13 都市公園","x":-13964.6,"y":-44259.14}},{"type":"Feature","geometry":{"type":"Point","coordinates":[139.67741,35.59987]},"properties":{"name":"奥沢子安公園","area_m2":516,"r_m":12.8,"source":"国土数値情報 P13 都市公園","x":-14127.89,"y":-44380.91}},{"type":"Feature","geometry":{"type":"Point","coordinates":[139.65784,35.60265]},"properties":{"name":"奥沢西公園","area_m2":741,"r_m":15.4,"source":"国土数値情報 P13 都市公園","x":-15900.54,"y":-44069.51}},{"type":"Feature","geometry":{"type":"Point","coordinates":[139.6725,35.60755]},"properties":{"name":"奥沢二丁目公園","area_m2":942,"r_m":17.3,"source":"国土数値情報 P13 都市公園","x":-14571.38,"y":-43528.17}},{"type":"Feature","geometry":{"type":"Point","coordinates":[139.65372,35.60604]},"properties":{"name":"尾山台公園","area_m2":374,"r_m":10.9,"source":"国土数値情報 P13 都市公園","x":-16273.14,"y":-43692.75}},{"type":"Feature","geometry":{"type":"Point","coordinates":[139.6366,35.6169]},"properties":{"name":"上野毛北公園","area_m2":350,"r_m":10.6,"source":"国土数値情報 P13 都市公園","x":-17821.83,"y":-42484.97}},{"type":"Feature","geometry":{"type":"Point","coordinates":[139.63612,35.60999]},"properties":{"name":"上野毛自然公園","area_m2":9240,"r_m":54.2,"source":"国土数値情報 P13 都市公園","x":-17866.85,"y":-43251.48}},{"type":"Feature","geometry":{"type":"Point","coordinates":[139.634144,35.608416]},"properties":{"name":"上野毛南公園","area_m2":189,"r_m":7.8,"source":"国土数値情報 P13 都市公園","x":-18046.26,"y":-43425.72}},{"type":"Feature","geometry":{"type":"Point","coordinates":[139.63684,35.60844]},"properties":{"name":"上野毛二丁目公園","area_m2":117,"r_m":6.1,"source":"国土数値情報 P13 都市公園","x":-17801.96,"y":-43423.57}},{"type":"Feature","geometry":{"type":"Point","coordinates":[139.629172,35.630115]},"properties":{"name":"上用賀三丁目公園","area_m2":1291,"r_m":20.3,"source":"国土数値情報 P13 都市公園","x":-18491.68,"y":-41017.46}},{"type":"Feature","geometry":{"type":"Point","coordinates":[139.629625,35.639158]},"properties":{"name":"上用賀四丁目公園","area_m2":231,"r_m":8.6,"source":"国土数値情報 P13 都市公園","x":-18448.61,"y":-40014.39}},{"type":"Feature","geometry":{"type":"Point","coordinates":[139.626454,35.629528]},"properties":{"name":"上用賀五丁目公園","area_m2":193,"r_m":7.8,"source":"国土数値情報 P13 都市公園","x":-18737.96,"y":-41082.14}},{"type":"Feature","geometry":{"type":"Point","coordinates":[139.65347,35.63222]},"properties":{"name":"駒沢緑泉公園","area_m2":14829,"r_m":68.7,"source":"国土数値情報 P13 都市公園","x":-16290.48,"y":-40788.27}},{"type":"Feature","geometry":{"type":"Point","coordinates":[139.644,35.60835]},"properties":{"name":"権蔵橋公園","area_m2":1521,"r_m":22.0,"source":"国土数値情報 P13 都市公園","x":-17153.29,"y":-43434.83}},{"type":"Feature","geometry":{"type":"Point","coordinates":[139.66095,35.60807]},"properties":{"name":"鷺草園","area_m2":467,"r_m":12.2,"source":"国土数値情報 P13 都市公園","x":-15617.7,"y":-43468.71}},{"type":"Feature","geometry":{"type":"Point","coordinates":[139.64813,35.62948]},"properties":{"name":"新町南公園","area_m2":2916,"r_m":30.5,"source":"国土数値情報 P13 都市公園","x":-16774.71,"y":-41091.35}},{"type":"Feature","geometry":{"type":"Point","coordinates":[139.65213,35.62851]},"properties":{"name":"新町一丁目公園","area_m2":887,"r_m":16.8,"source":"国土数値情報 P13 都市公園","x":-16412.61,"y":-41199.64}},{"type":"Feature","geometry":{"type":"Point","coordinates":[139.64426,35.63309]},"properties":{"name":"世田谷新町公園","area_m2":1607,"r_m":22.6,"source":"国土数値情報 P13 都市公園","x":-17124.46,"y":-40690.19}},{"type":"Feature","geometry":{"type":"Point","coordinates":[139.62364,35.62586]},"properties":{"name":"瀬田農業公園","area_m2":5306,"r_m":41.1,"source":"国土数値情報 P13 都市公園","x":-18993.74,"y":-41488.51}},{"type":"Feature","geometry":{"type":"Point","coordinates":[139.63545,35.62146]},"properties":{"name":"瀬田三丁目公園","area_m2":990,"r_m":17.8,"source":"国土数値情報 P13 都市公園","x":-17924.99,"y":-41978.87}},{"type":"Feature","geometry":{"type":"Point","coordinates":[139.62393,35.62483]},"properties":{"name":"瀬田五丁目公園","area_m2":254,"r_m":9.0,"source":"国土数値情報 P13 都市公園","x":-18967.71,"y":-41602.83}},{"type":"Feature","geometry":{"type":"Point","coordinates":[139.627067,35.61637]},"properties":{"name":"玉川北公園","area_m2":220,"r_m":8.4,"source":"国土数値情報 P13 都市公園","x":-18685.58,"y":-42541.96}},{"type":"Feature","geometry":{"type":"Point","coordinates":[139.650996,35.594449]},"properties":{"name":"多摩川玉川公園","area_m2":28707,"r_m":95.6,"source":"国土数値情報 P13 都市公園","x":-16522.36,"y":-44978.25}},{"type":"Feature","geometry":{"type":"Point","coordinates":[139.630662,35.624535]},"properties":{"name":"玉川台公園","area_m2":661,"r_m":14.5,"source":"国土数値情報 P13 都市公園","x":-18357.98,"y":-41636.83}},{"type":"Feature","geometry":{"type":"Point","coordinates":[139.635447,35.623595]},"properties":{"name":"玉川台東公園","area_m2":199,"r_m":8.0,"source":"国土数値情報 P13 都市公園","x":-17924.75,"y":-41741.97}},{"type":"Feature","geometry":{"type":"Point","coordinates":[139.63171,35.622]},"properties":{"name":"玉川台南公園","area_m2":225,"r_m":8.5,"source":"国土数値情報 P13 都市公園","x":-18263.65,"y":-41918.27}},{"type":"Feature","geometry":{"type":"Point","coordinates":[139.630539,35.625475]},"properties":{"name":"玉川台二丁目公園","area_m2":770,"r_m":15.7,"source":"国土数値情報 P13 都市公園","x":-18368.91,"y":-41532.54}},{"type":"Feature","geometry":{"type":"Point","coordinates":[139.64226,35.61998]},"properties":{"name":"玉川中町公園","area_m2":1850,"r_m":24.3,"source":"国土数値情報 P13 都市公園","x":-17308.43,"y":-42144.28}},{"type":"Feature","geometry":{"type":"Point","coordinates":[139.64339,35.605806]},"properties":{"name":"玉川野毛町公園","area_m2":38545,"r_m":110.8,"source":"国土数値情報 P13 都市公園","x":-17209.13,"y":-43716.93}},{"type":"Feature","geometry":{"type":"Point","coordinates":[139.644322,35.598486]},"properties":{"name":"多摩川遊園","area_m2":107876,"r_m":185.3,"source":"国土数値情報 P13 都市公園","x":-17126.21,"y":-44529.22}},{"type":"Feature","geometry":{"type":"Point","coordinates":[139.63324,35.63247]},"properties":{"name":"天神公園","area_m2":541,"r_m":13.1,"source":"国土数値情報 P13 都市公園","x":-18122.69,"y":-40757.0}},{"type":"Feature","geometry":{"type":"Point","coordinates":[139.64616,35.60464]},"properties":{"name":"等々力渓谷公園","area_m2":30210,"r_m":98.1,"source":"国土数値情報 P13 都市公園","x":-16958.38,"y":-43846.79}},{"type":"Feature","geometry":{"type":"Point","coordinates":[139.649502,35.600428]},"properties":{"name":"等々力一丁目公園","area_m2":217,"r_m":8.3,"source":"国土数値情報 P13 都市公園","x":-16656.45,"y":-44314.61}},{"type":"Feature","geometry":{"type":"Point","coordinates":[139.656598,35.61274]},"properties":{"name":"等々力六丁目公園","area_m2":340,"r_m":10.4,"source":"国土数値情報 P13 都市公園","x":-16011.07,"y":-42949.9}},{"type":"Feature","geometry":{"type":"Point","coordinates":[139.655477,35.61516]},"properties":{"name":"等々力七丁目公園","area_m2":1202,"r_m":19.6,"source":"国土数値情報 P13 都市公園","x":-16112.15,"y":-42681.23}},{"type":"Feature","geometry":{"type":"Point","coordinates":[139.65105,35.61546]},"properties":{"name":"等々力八丁目公園","area_m2":2429,"r_m":27.8,"source":"国土数値情報 P13 都市公園","x":-16513.11,"y":-42647.24}},{"type":"Feature","geometry":{"type":"Point","coordinates":[139.640971,35.609392]},"properties":{"name":"中町南公園","area_m2":380,"r_m":11.0,"source":"国土数値情報 P13 都市公園","x":-17427.51,"y":-43318.69}},{"type":"Feature","geometry":{"type":"Point","coordinates":[139.64124,35.61169]},"properties":{"name":"中町二丁目公園","area_m2":790,"r_m":15.9,"source":"国土数値情報 P13 都市公園","x":-17402.62,"y":-43063.8}},{"type":"Feature","geometry":{"type":"Point","coordinates":[139.64375,35.61369]},"properties":{"name":"中町二丁目北公園","area_m2":120,"r_m":6.2,"source":"国土数値情報 P13 都市公園","x":-17174.8,"y":-42842.36}},{"type":"Feature","geometry":{"type":"Point","coordinates":[139.64583,35.6165]},"properties":{"name":"中町四丁目公園","area_m2":785,"r_m":15.8,"source":"国土数値情報 P13 都市公園","x":-16985.78,"y":-42530.97}},{"type":"Feature","geometry":{"type":"Point","coordinates":[139.65945,35.61024]},"properties":{"name":"ねこじゃらし公園","area_m2":3268,"r_m":32.3,"source":"国土数値情報 P13 都市公園","x":-15753.18,"y":-43227.73}},{"type":"Feature","geometry":{"type":"Point","coordinates":[139.63609,35.60554]},"properties":{"name":"野毛西公園","area_m2":447,"r_m":11.9,"source":"国土数値情報 P13 都市公園","x":-17870.55,"y":-43745.16}},{"type":"Feature","geometry":{"type":"Point","coordinates":[139.640889,35.604446]},"properties":{"name":"野毛二丁目公園","area_m2":111,"r_m":5.9,"source":"国土数値情報 P13 都市公園","x":-17436.01,"y":-43867.38}},{"type":"Feature","geometry":{"type":"Point","coordinates":[139.63828,35.60372]},"properties":{"name":"野毛二丁目さくら公園","area_m2":175,"r_m":7.5,"source":"国土数値情報 P13 都市公園","x":-17672.54,"y":-43947.47}},{"type":"Feature","geometry":{"type":"Point","coordinates":[139.649324,35.623431]},"properties":{"name":"呑川親水公園","area_m2":4677,"r_m":38.6,"source":"国土数値情報 P13 都市公園","x":-16667.78,"y":-41762.66}},{"type":"Feature","geometry":{"type":"Point","coordinates":[139.67616,35.59705]},"properties":{"name":"東玉川公園","area_m2":413,"r_m":11.5,"source":"国土数値情報 P13 都市公園","x":-14241.65,"y":-44693.59}},{"type":"Feature","geometry":{"type":"Point","coordinates":[139.678719,35.596916]},"properties":{"name":"東玉川第二公園","area_m2":698,"r_m":14.9,"source":"国土数値情報 P13 都市公園","x":-14009.8,"y":-44708.85}},{"type":"Feature","geometry":{"type":"Point","coordinates":[139.625508,35.611377]},"properties":{"name":"兵庫島公園","area_m2":65730,"r_m":144.6,"source":"国土数値情報 P13 都市公園","x":-18827.94,"y":-43095.58}},{"type":"Feature","geometry":{"type":"Point","coordinates":[139.658,35.61614]},"properties":{"name":"深沢公園","area_m2":1952,"r_m":24.9,"source":"国土数値情報 P13 都市公園","x":-15883.38,"y":-42572.95}},{"type":"Feature","geometry":{"type":"Point","coordinates":[139.65289,35.6184]},"properties":{"name":"深沢坂上公園","area_m2":359,"r_m":10.7,"source":"国土数値情報 P13 都市公園","x":-16345.83,"y":-42321.38}},{"type":"Feature","geometry":{"type":"Point","coordinates":[139.65462,35.62133]},"properties":{"name":"深沢中村公園","area_m2":578,"r_m":13.6,"source":"国土数値情報 P13 都市公園","x":-16188.52,"y":-41996.61}},{"type":"Feature","geometry":{"type":"Point","coordinates":[139.643692,35.62383]},"properties":{"name":"深沢西公園","area_m2":1167,"r_m":19.3,"source":"国土数値情報 P13 都市公園","x":-17177.93,"y":-41717.38}},{"type":"Feature","geometry":{"type":"Point","coordinates":[139.661137,35.61442]},"properties":{"name":"深沢一丁目公園","area_m2":304,"r_m":9.8,"source":"国土数値情報 P13 都市公園","x":-15599.54,"y":-42764.25}},{"type":"Feature","geometry":{"type":"Point","coordinates":[139.663735,35.621152]},"properties":{"name":"深沢二丁目公園","area_m2":619,"r_m":14.0,"source":"国土数値情報 P13 都市公園","x":-15362.92,"y":-42017.85}},{"type":"Feature","geometry":{"type":"Point","coordinates":[139.656817,35.616582]},"properties":{"name":"深沢三丁目公園","area_m2":93,"r_m":5.4,"source":"国土数値情報 P13 都市公園","x":-15990.49,"y":-42523.75}},{"type":"Feature","geometry":{"type":"Point","coordinates":[139.65573,35.61894]},"properties":{"name":"深沢四丁目公園","area_m2":912,"r_m":17.0,"source":"国土数値情報 P13 都市公園","x":-16088.45,"y":-42261.94}},{"type":"Feature","geometry":{"type":"Point","coordinates":[139.650459,35.617381]},"properties":{"name":"深沢五丁目公園","area_m2":194,"r_m":7.9,"source":"国土数値情報 P13 都市公園","x":-16566.24,"y":-42434.07}},{"type":"Feature","geometry":{"type":"Point","coordinates":[139.65158,35.62017]},"properties":{"name":"三島公園","area_m2":3116,"r_m":31.5,"source":"国土数値情報 P13 都市公園","x":-16464.13,"y":-42124.8}},{"type":"Feature","geometry":{"type":"Point","coordinates":[139.63872,35.61684]},"properties":{"name":"森の公園","area_m2":2691,"r_m":29.3,"source":"国土数値情報 P13 都市公園","x":-17629.79,"y":-42492.0}},{"type":"Feature","geometry":{"type":"Point","coordinates":[139.62701,35.63516]},"properties":{"name":"用賀公園","area_m2":529,"r_m":13.0,"source":"国土数値情報 P13 都市公園","x":-18686.32,"y":-40457.4}},{"type":"Feature","geometry":{"type":"Point","coordinates":[139.631824,35.627167]},"properties":{"name":"用賀くすのき公園","area_m2":760,"r_m":15.6,"source":"国土数値情報 P13 都市公園","x":-18252.12,"y":-41345.1}},{"type":"Feature","geometry":{"type":"Point","coordinates":[139.640123,35.623959]},"properties":{"name":"用賀南公園","area_m2":496,"r_m":12.6,"source":"国土数値情報 P13 都市公園","x":-17501.13,"y":-41702.41}},{"type":"Feature","geometry":{"type":"Point","coordinates":[139.639358,35.624018]},"properties":{"name":"用賀一丁目公園","area_m2":201,"r_m":8.0,"source":"国土数値情報 P13 都市公園","x":-17570.46,"y":-41695.76}},{"type":"Feature","geometry":{"type":"Point","coordinates":[139.6366,35.6272]},"properties":{"name":"用賀二丁目公園","area_m2":1323,"r_m":20.5,"source":"国土数値情報 P13 都市公園","x":-17819.54,"y":-41342.27}},{"type":"Feature","geometry":{"type":"Point","coordinates":[139.633848,35.63075]},"properties":{"name":"用賀三丁目公園","area_m2":208,"r_m":8.1,"source":"国土数値情報 P13 都市公園","x":-18068.03,"y":-40947.95}},{"type":"Feature","geometry":{"type":"Point","coordinates":[139.609273,35.628757]},"properties":{"name":"石井戸公園","area_m2":501,"r_m":12.6,"source":"国土数値情報 P13 都市公園","x":-20294.36,"y":-41164.24}},{"type":"Feature","geometry":{"type":"Point","coordinates":[139.608066,35.616928]},"properties":{"name":"宇奈根公園","area_m2":32893,"r_m":102.3,"source":"国土数値情報 P13 都市公園","x":-20406.66,"y":-42476.3}},{"type":"Feature","geometry":{"type":"Point","coordinates":[139.60535,35.62235]},"properties":{"name":"宇奈根三角公園","area_m2":445,"r_m":11.9,"source":"国土数値情報 P13 都市公園","x":-20651.33,"y":-41874.23}},{"type":"Feature","geometry":{"type":"Point","coordinates":[139.602361,35.62114]},"properties":{"name":"宇奈根台口公園","area_m2":1174,"r_m":19.3,"source":"国土数値情報 P13 都市公園","x":-20922.36,"y":-42007.84}},{"type":"Feature","geometry":{"type":"Point","coordinates":[139.60753,35.62186]},"properties":{"name":"宇奈根東部記念公園","area_m2":1400,"r_m":21.1,"source":"国土数値情報 P13 都市公園","x":-20453.98,"y":-41929.04}},{"type":"Feature","geometry":{"type":"Point","coordinates":[139.599268,35.621106]},"properties":{"name":"宇奈根中島公園","area_m2":949,"r_m":17.4,"source":"国土数値情報 P13 都市公園","x":-21202.56,"y":-42010.93}},{"type":"Feature","geometry":{"type":"Point","coordinates":[139.606,35.62336]},"properties":{"name":"宇奈根ハンカチ公園","area_m2":213,"r_m":8.2,"source":"国土数値情報 P13 都市公園","x":-20592.19,"y":-41762.31}},{"type":"Feature","geometry":{"type":"Point","coordinates":[139.600584,35.620318]},"properties":{"name":"宇奈根龍王公園","area_m2":3611,"r_m":33.9,"source":"国土数値情報 P13 都市公園","x":-21083.58,"y":-42098.69}},{"type":"Feature","geometry":{"type":"Point","coordinates":[139.602768,35.61964]},"properties":{"name":"宇奈根渡し場道公園","area_m2":565,"r_m":13.4,"source":"国土数値情報 P13 都市公園","x":-20885.9,"y":-42174.33}},{"type":"Feature","geometry":{"type":"Point","coordinates":[139.60596,35.6214]},"properties":{"name":"宇奈根一丁目公園","area_m2":605,"r_m":13.9,"source":"国土数値情報 P13 都市公園","x":-20596.32,"y":-41979.75}},{"type":"Feature","geometry":{"type":"Point","coordinates":[139.61246,35.62969]},"properties":{"name":"大蔵運動公園","area_m2":112816,"r_m":189.5,"source":"国土数値情報 P13 都市公園","x":-20005.46,"y":-41061.39}},{"type":"Feature","geometry":{"type":"Point","coordinates":[139.61423,35.63133]},"properties":{"name":"大蔵第二運動公園","area_m2":40030,"r_m":112.9,"source":"国土数値情報 P13 都市公園","x":-19844.73,"y":-40879.8}},{"type":"Feature","geometry":{"type":"Point","coordinates":[139.62199,35.63534]},"properties":{"name":"大蔵一丁目公園","area_m2":465,"r_m":12.2,"source":"国土数値情報 P13 都市公園","x":-19140.93,"y":-40436.46}},{"type":"Feature","geometry":{"type":"Point","coordinates":[139.60852,35.63342]},"properties":{"name":"大蔵三丁目公園","area_m2":15223,"r_m":69.6,"source":"国土数値情報 P13 都市公園","x":-20361.37,"y":-40646.77}},{"type":"Feature","geometry":{"type":"Point","coordinates":[139.60974,35.62684]},"properties":{"name":"大蔵六丁目公園","area_m2":485,"r_m":12.4,"source":"国土数値情報 P13 都市公園","x":-20252.54,"y":-41377.01}},{"type":"Feature","geometry":{"type":"Point","coordinates":[139.61771,35.62239]},"properties":{"name":"岡本公園","area_m2":12431,"r_m":62.9,"source":"国土数値情報 P13 都市公園","x":-19531.72,"y":-41872.31}},{"type":"Feature","geometry":{"type":"Point","coordinates":[139.622255,35.620806]},"properties":{"name":"岡本下山公園","area_m2":196,"r_m":7.9,"source":"国土数値情報 P13 都市公園","x":-19120.37,"y":-42048.94}},{"type":"Feature","geometry":{"type":"Point","coordinates":[139.61993,35.62353]},"properties":{"name":"岡本隧道公園","area_m2":544,"r_m":13.2,"source":"国土数値情報 P13 都市公園","x":-19330.35,"y":-41746.28}},{"type":"Feature","geometry":{"type":"Point","coordinates":[139.612875,35.626438]},"properties":{"name":"岡本西公園","area_m2":425,"r_m":11.6,"source":"国土数値情報 P13 都市公園","x":-19968.67,"y":-41422.22}},{"type":"Feature","geometry":{"type":"Point","coordinates":[139.618279,35.623112]},"properties":{"name":"岡本二丁目公園","area_m2":222,"r_m":8.4,"source":"国土数値情報 P13 都市公園","x":-19480.04,"y":-41792.34}},{"type":"Feature","geometry":{"type":"Point","coordinates":[139.61029,35.62725]},"properties":{"name":"おっこし記念公園","area_m2":639,"r_m":14.3,"source":"国土数値情報 P13 都市公園","x":-20202.62,"y":-41331.64}},{"type":"Feature","geometry":{"type":"Point","coordinates":[139.61626,35.64627]},"properties":{"name":"笠森公園","area_m2":4360,"r_m":37.3,"source":"国土数値情報 P13 都市公園","x":-19657.21,"y":-39222.74}},{"type":"Feature","geometry":{"type":"Point","coordinates":[139.616401,35.620985]},"properties":{"name":"鎌田前耕地公園","area_m2":1519,"r_m":22.0,"source":"国土数値情報 P13 都市公園","x":-19650.59,"y":-42027.91}},{"type":"Feature","geometry":{"type":"Point","coordinates":[139.609539,35.619871]},"properties":{"name":"鎌田二丁目公園","area_m2":665,"r_m":14.5,"source":"国土数値情報 P13 都市公園","x":-20272.49,"y":-42150.1}},{"type":"Feature","geometry":{"type":"Point","coordinates":[139.609471,35.618497]},"properties":{"name":"鎌田二丁目南公園","area_m2":1356,"r_m":20.8,"source":"国土数値情報 P13 都市公園","x":-20279.03,"y":-42302.57}},{"type":"Feature","geometry":{"type":"Point","coordinates":[139.61725,35.619755]},"properties":{"name":"鎌田三丁目公園","area_m2":394,"r_m":11.2,"source":"国土数値情報 P13 都市公園","x":-19574.06,"y":-42164.6}},{"type":"Feature","geometry":{"type":"Point","coordinates":[139.61461,35.63844]},"properties":{"name":"観音公園","area_m2":892,"r_m":16.9,"source":"国土数値情報 P13 都市公園","x":-19808.56,"y":-40091.08}},{"type":"Feature","geometry":{"type":"Point","coordinates":[139.596035,35.624673]},"properties":{"name":"喜多見公園","area_m2":6803,"r_m":46.5,"source":"国土数値情報 P13 都市公園","x":-21494.52,"y":-41614.5}},{"type":"Feature","geometry":{"type":"Point","coordinates":[139.589783,35.621751]},"properties":{"name":"喜多見河原公園","area_m2":172,"r_m":7.4,"source":"国土数値情報 P13 都市公園","x":-22061.58,"y":-41937.32}},{"type":"Feature","geometry":{"type":"Point","coordinates":[139.593023,35.635519]},"properties":{"name":"喜多見八丁目公園","area_m2":257,"r_m":9.0,"source":"国土数値情報 P13 都市公園","x":-21764.33,"y":-40410.53}},{"type":"Feature","geometry":{"type":"Point","coordinates":[139.608486,35.636647]},"properties":{"name":"砧大根公園","area_m2":1001,"r_m":17.9,"source":"国土数値情報 P13 都市公園","x":-20363.6,"y":-40288.72}},{"type":"Feature","geometry":{"type":"Point","coordinates":[139.61478,35.63596]},"properties":{"name":"砧町公園","area_m2":1530,"r_m":22.1,"source":"国土数値情報 P13 都市公園","x":-19793.78,"y":-40366.25}},{"type":"Feature","geometry":{"type":"Point","coordinates":[139.6095,35.63678]},"properties":{"name":"砧五丁目公園","area_m2":605,"r_m":13.9,"source":"国土数値情報 P13 都市公園","x":-20271.77,"y":-40274.21}},{"type":"Feature","geometry":{"type":"Point","coordinates":[139.60986,35.63949]},"properties":{"name":"砧五丁目北公園","area_m2":306,"r_m":9.9,"source":"国土数値情報 P13 都市公園","x":-20238.48,"y":-39973.63}},{"type":"Feature","geometry":{"type":"Point","coordinates":[139.61066,35.64132]},"properties":{"name":"砧六丁目公園","area_m2":174,"r_m":7.4,"source":"国土数値情報 P13 都市公園","x":-20165.57,"y":-39770.77}},{"type":"Feature","geometry":{"type":"Point","coordinates":[139.61778,35.6589]},"properties":{"name":"希望丘公園","area_m2":18657,"r_m":77.1,"source":"国土数値情報 P13 都市公園","x":-19516.49,"y":-37821.85}},{"type":"Feature","geometry":{"type":"Point","coordinates":[139.61273,35.65882]},"properties":{"name":"希望丘北公園","area_m2":1887,"r_m":24.5,"source":"国土数値情報 P13 都市公園","x":-19973.75,"y":-37829.71}},{"type":"Feature","geometry":{"type":"Point","coordinates":[139.61417,35.65451]},"properties":{"name":"希望丘記念公園","area_m2":3713,"r_m":34.4,"source":"国土数値情報 P13 都市公園","x":-19844.44,"y":-38308.16}},{"type":"Feature","geometry":{"type":"Point","coordinates":[139.61371,35.65631]},"properties":{"name":"希望丘中公園","area_m2":3241,"r_m":32.1,"source":"国土数値情報 P13 都市公園","x":-19885.64,"y":-38108.38}},{"type":"Feature","geometry":{"type":"Point","coordinates":[139.6142,35.65195]},"properties":{"name":"希望丘南公園","area_m2":2518,"r_m":28.3,"source":"国土数値情報 P13 都市公園","x":-19842.35,"y":-38592.18}},{"type":"Feature","geometry":{"type":"Point","coordinates":[139.61182,35.6405]},"properties":{"name":"草山公園","area_m2":1344,"r_m":20.7,"source":"国土数値情報 P13 都市公園","x":-20060.72,"y":-39861.98}},{"type":"Feature","geometry":{"type":"Point","coordinates":[139.599254,35.631255]},"properties":{"name":"次大夫堀公園","area_m2":36567,"r_m":107.9,"source":"国土数値情報 P13 都市公園","x":-21201.2,"y":-40885.03}},{"type":"Feature","geometry":{"type":"Point","coordinates":[139.610387,35.627907]},"properties":{"name":"清水橋公園","area_m2":586,"r_m":13.7,"source":"国土数値情報 P13 都市公園","x":-20193.69,"y":-41258.8}},{"type":"Feature","geometry":{"type":"Point","coordinates":[139.597096,35.634239]},"properties":{"name":"成城さくら公園","area_m2":629,"r_m":14.1,"source":"国土数値情報 P13 都市公園","x":-21395.81,"y":-40553.43}},{"type":"Feature","geometry":{"type":"Point","coordinates":[139.6039,35.63211]},"properties":{"name":"成城一丁目公園","area_m2":259,"r_m":9.1,"source":"国土数値情報 P13 都市公園","x":-20780.15,"y":-40791.13}},{"type":"Feature","geometry":{"type":"Point","coordinates":[139.596797,35.649171]},"properties":{"name":"成城七丁目公園","area_m2":338,"r_m":10.4,"source":"国土数値情報 P13 都市公園","x":-21418.94,"y":-38896.88}},{"type":"Feature","geometry":{"type":"Point","coordinates":[139.60001,35.649511]},"properties":{"name":"成城七丁目北公園","area_m2":150,"r_m":6.9,"source":"国土数値情報 P13 都市公園","x":-21127.91,"y":-38859.78}},{"type":"Feature","geometry":{"type":"Point","coordinates":[139.592408,35.65051]},"properties":{"name":"成城九丁目公園","area_m2":300,"r_m":9.8,"source":"国土数値情報 P13 都市公園","x":-21815.98,"y":-38747.34}},{"type":"Feature","geometry":{"type":"Point","coordinates":[139.602238,35.64238]},"properties":{"name":"祖師谷三丁目公園","area_m2":1605,"r_m":22.6,"source":"国土数値情報 P13 都市公園","x":-20927.97,"y":-39651.38}},{"type":"Feature","geometry":{"type":"Point","coordinates":[139.607092,35.645705]},"properties":{"name":"祖師谷三丁目北公園","area_m2":111,"r_m":5.9,"source":"国土数値情報 P13 都市公園","x":-20487.59,"y":-39283.56}},{"type":"Feature","geometry":{"type":"Point","coordinates":[139.606169,35.652031]},"properties":{"name":"祖師谷五丁目公園","area_m2":438,"r_m":11.8,"source":"国土数値情報 P13 都市公園","x":-20569.54,"y":-38581.52}},{"type":"Feature","geometry":{"type":"Point","coordinates":[139.60489,35.65633]},"properties":{"name":"祖師谷六丁目公園","area_m2":120,"r_m":6.2,"source":"国土数値情報 P13 都市公園","x":-20684.24,"y":-38104.34}},{"type":"Feature","geometry":{"type":"Point","coordinates":[139.60344,35.65584]},"properties":{"name":"祖師谷六丁目南公園","area_m2":338,"r_m":10.4,"source":"国土数値情報 P13 都市公園","x":-20815.65,"y":-38158.39}},{"type":"Feature","geometry":{"type":"Point","coordinates":[139.60646,35.6283]},"properties":{"name":"田直公園","area_m2":4736,"r_m":38.8,"source":"国土数値情報 P13 都市公園","x":-20549.26,"y":-41214.36}},{"type":"Feature","geometry":{"type":"Point","coordinates":[139.619205,35.616335]},"properties":{"name":"多摩川二子橋公園","area_m2":175908,"r_m":236.6,"source":"国土数値情報 P13 都市公園","x":-19397.74,"y":-42544.35}},{"type":"Feature","geometry":{"type":"Point","coordinates":[139.611484,35.651238]},"properties":{"name":"千歳台公園","area_m2":180,"r_m":7.6,"source":"国土数値情報 P13 都市公園","x":-20088.47,"y":-38670.6}},{"type":"Feature","geometry":{"type":"Point","coordinates":[139.605,35.656959]},"properties":{"name":"千歳台三角公園","area_m2":400,"r_m":11.3,"source":"国土数値情報 P13 都市公園","x":-20674.11,"y":-38034.53}},{"type":"Feature","geometry":{"type":"Point","coordinates":[139.606904,35.657744]},"properties":{"name":"千歳台六丁目公園","area_m2":2000,"r_m":25.2,"source":"国土数値情報 P13 都市公園","x":-20501.54,"y":-37947.93}},{"type":"Feature","geometry":{"type":"Point","coordinates":[139.60765,35.6554]},"properties":{"name":"塚戸公園","area_m2":1179,"r_m":19.4,"source":"国土数値情報 P13 都市公園","x":-20434.57,"y":-38208.09}},{"type":"Feature","geometry":{"type":"Point","coordinates":[139.60568,35.65304]},"properties":{"name":"つりがね池公園","area_m2":2005,"r_m":25.3,"source":"国土数値情報 P13 都市公園","x":-20613.55,"y":-38469.5}},{"type":"Feature","geometry":{"type":"Point","coordinates":[139.61465,35.62288]},"properties":{"name":"堂ヶ谷戸公園","area_m2":1666,"r_m":23.0,"source":"国土数値情報 P13 都市公園","x":-19808.78,"y":-41817.34}},{"type":"Feature","geometry":{"type":"Point","coordinates":[139.61217,35.64279]},"properties":{"name":"西山野公園","area_m2":801,"r_m":16.0,"source":"国土数値情報 P13 都市公園","x":-20028.45,"y":-39607.99}},{"type":"Feature","geometry":{"type":"Point","coordinates":[139.6152,35.64376]},"properties":{"name":"富士見公園","area_m2":1595,"r_m":22.5,"source":"国土数値情報 P13 都市公園","x":-19753.82,"y":-39500.99}},{"type":"Feature","geometry":{"type":"Point","coordinates":[139.623105,35.649226]},"properties":{"name":"ふなばしかどっこ広場公園","area_m2":82,"r_m":5.1,"source":"国土数値情報 P13 都市公園","x":-19036.65,"y":-38896.11}},{"type":"Feature","geometry":{"type":"Point","coordinates":[139.62206,35.6562]},"properties":{"name":"船橋本村公園","area_m2":662,"r_m":14.5,"source":"国土数値情報 P13 都市公園","x":-19129.62,"y":-38122.24}},{"type":"Feature","geometry":{"type":"Point","coordinates":[139.61981,35.6526]},"properties":{"name":"船橋二丁目公園","area_m2":615,"r_m":14.0,"source":"国土数値情報 P13 都市公園","x":-19334.21,"y":-38521.19}},{"type":"Feature","geometry":{"type":"Point","coordinates":[139.623857,35.652178]},"properties":{"name":"船橋三丁目能勢公園","area_m2":256,"r_m":9.0,"source":"国土数値情報 P13 都市公園","x":-18967.86,"y":-38568.79}},{"type":"Feature","geometry":{"type":"Point","coordinates":[139.624694,35.653926]},"properties":{"name":"船橋三丁目まちかど公園","area_m2":268,"r_m":9.2,"source":"国土数値情報 P13 都市公園","x":-18891.62,"y":-38375.08}},{"type":"Feature","geometry":{"type":"Point","coordinates":[139.615595,35.622933]},"properties":{"name":"丸子川親水公園","area_m2":5548,"r_m":42.0,"source":"国土数値情報 P13 都市公園","x":-19723.16,"y":-41811.69}},{"type":"Feature","geometry":{"type":"Point","coordinates":[139.61273,35.64066]},"properties":{"name":"三峰公園","area_m2":1076,"r_m":18.5,"source":"国土数値情報 P13 都市公園","x":-19978.27,"y":-39844.41}},{"type":"Feature","geometry":{"type":"Point","coordinates":[139.59308,35.62952]},"properties":{"name":"みやっぱら公園","area_m2":1170,"r_m":19.3,"source":"国土数値情報 P13 都市公園","x":-21760.84,"y":-41076.13}},{"type":"Feature","geometry":{"type":"Point","coordinates":[139.5999,35.63529]},"properties":{"name":"明正公園","area_m2":1457,"r_m":21.5,"source":"国土数値情報 P13 都市公園","x":-21141.6,"y":-40437.49}},{"type":"Feature","geometry":{"type":"Point","coordinates":[139.61305,35.65704]},"properties":{"name":"廻沢公園","area_m2":1308,"r_m":20.4,"source":"国土数値情報 P13 都市公園","x":-19945.22,"y":-38027.25}},{"type":"Feature","geometry":{"type":"Point","coordinates":[139.60364,35.658]},"properties":{"name":"廻沢西公園","area_m2":554,"r_m":13.3,"source":"国土数値情報 P13 都市公園","x":-20796.99,"y":-37918.8}},{"type":"Feature","geometry":{"type":"Point","coordinates":[139.61441,35.65864]},"properties":{"name":"廻沢東公園","area_m2":730,"r_m":15.2,"source":"国土数値情報 P13 都市公園","x":-19821.68,"y":-37850.02}},{"type":"Feature","geometry":{"type":"Point","coordinates":[139.61377,35.64971]},"properties":{"name":"廻沢南公園","area_m2":1261,"r_m":20.0,"source":"国土数値情報 P13 都市公園","x":-19881.84,"y":-38840.6}},{"type":"Feature","geometry":{"type":"Point","coordinates":[139.618626,35.61942]},"properties":{"name":"谷川公園","area_m2":1305,"r_m":20.4,"source":"国土数値情報 P13 都市公園","x":-19449.44,"y":-42201.99}},{"type":"Feature","geometry":{"type":"Point","coordinates":[139.61314,35.64413]},"properties":{"name":"山野公園","area_m2":875,"r_m":16.7,"source":"国土数値情報 P13 都市公園","x":-19940.28,"y":-39459.53}},{"type":"Feature","geometry":{"type":"Point","coordinates":[139.6227,35.65796]},"properties":{"name":"葭根公園","area_m2":3299,"r_m":32.4,"source":"国土数値情報 P13 都市公園","x":-19071.25,"y":-37927.1}},{"type":"Feature","geometry":{"type":"Point","coordinates":[139.60892,35.66735]},"properties":{"name":"泉橋公園","area_m2":1172,"r_m":19.3,"source":"国土数値情報 P13 都市公園","x":-20316.55,"y":-36882.6}},{"type":"Feature","geometry":{"type":"Point","coordinates":[139.621026,35.668566]},"properties":{"name":"上北沢公園","area_m2":1983,"r_m":25.1,"source":"国土数値情報 P13 都市公園","x":-19220.3,"y":-36750.14}},{"type":"Feature","geometry":{"type":"Point","coordinates":[139.625686,35.665547]},"properties":{"name":"上北沢三丁目公園","area_m2":236,"r_m":8.7,"source":"国土数値情報 P13 都市公園","x":-18799.15,"y":-37085.94}},{"type":"Feature","geometry":{"type":"Point","coordinates":[139.618289,35.672291]},"properties":{"name":"上北沢五丁目公園","area_m2":514,"r_m":12.8,"source":"国土数値情報 P13 都市公園","x":-19467.15,"y":-36336.38}},{"type":"Feature","geometry":{"type":"Point","coordinates":[139.59645,35.65634]},"properties":{"name":"上祖師谷神明公園","area_m2":711,"r_m":15.0,"source":"国土数値情報 P13 都市公園","x":-21448.43,"y":-38101.42}},{"type":"Feature","geometry":{"type":"Point","coordinates":[139.59105,35.65722]},"properties":{"name":"上祖師谷すずらん公園","area_m2":295,"r_m":9.7,"source":"国土数値情報 P13 都市公園","x":-21937.13,"y":-38002.6}},{"type":"Feature","geometry":{"type":"Point","coordinates":[139.602337,35.65424]},"properties":{"name":"上祖師谷パンダ公園","area_m2":2731,"r_m":29.5,"source":"国土数値情報 P13 都市公園","x":-20915.98,"y":-38335.67}},{"type":"Feature","geometry":{"type":"Point","coordinates":[139.600898,35.663221]},"properties":{"name":"上祖師谷一丁目公園","area_m2":1157,"r_m":19.2,"source":"国土数値情報 P13 都市公園","x":-21043.84,"y":-37338.98}},{"type":"Feature","geometry":{"type":"Point","coordinates":[139.6017,35.65896]},"properties":{"name":"上祖師谷二丁目公園","area_m2":408,"r_m":11.4,"source":"国土数値情報 P13 都市公園","x":-20972.39,"y":-37811.88}},{"type":"Feature","geometry":{"type":"Point","coordinates":[139.59415,35.65433]},"properties":{"name":"上祖師谷四丁目公園","area_m2":963,"r_m":17.5,"source":"国土数値情報 P13 都市公園","x":-21657.23,"y":-38323.91}},{"type":"Feature","geometry":{"type":"Point","coordinates":[139.593187,35.657112]},"properties":{"name":"上祖師谷五丁目公園","area_m2":1068,"r_m":18.4,"source":"国土数値情報 P13 都市公園","x":-21743.62,"y":-38015.04}},{"type":"Feature","geometry":{"type":"Point","coordinates":[139.5961,35.66074]},"properties":{"name":"上祖師谷六丁目公園","area_m2":176,"r_m":7.5,"source":"国土数値情報 P13 都市公園","x":-21478.94,"y":-37613.2}},{"type":"Feature","geometry":{"type":"Point","coordinates":[139.59088,35.65879]},"properties":{"name":"上祖師谷七丁目公園","area_m2":496,"r_m":12.6,"source":"国土数値情報 P13 都市公園","x":-21952.09,"y":-37828.38}},{"type":"Feature","geometry":{"type":"Point","coordinates":[139.60544,35.67485]},"properties":{"name":"烏山公園","area_m2":2557,"r_m":28.5,"source":"国土数値情報 P13 都市公園","x":-20629.67,"y":-36049.81}},{"type":"Feature","geometry":{"type":"Point","coordinates":[139.59152,35.673818]},"properties":{"name":"北烏山えのき公園","area_m2":647,"r_m":14.4,"source":"国土数値情報 P13 都市公園","x":-21890.09,"y":-36161.31}},{"type":"Feature","geometry":{"type":"Point","coordinates":[139.591314,35.674123]},"properties":{"name":"北烏山すいせん公園","area_m2":128,"r_m":6.4,"source":"国土数値情報 P13 都市公園","x":-21908.57,"y":-36127.38}},{"type":"Feature","geometry":{"type":"Point","coordinates":[139.590781,35.678482]},"properties":{"name":"北烏山ほととぎす公園","area_m2":230,"r_m":8.6,"source":"国土数値情報 P13 都市公園","x":-21955.64,"y":-35643.72}},{"type":"Feature","geometry":{"type":"Point","coordinates":[139.59082,35.67532]},"properties":{"name":"北烏山もぐら公園","area_m2":2664,"r_m":29.1,"source":"国土数値情報 P13 都市公園","x":-21953.0,"y":-35994.49}},{"type":"Feature","geometry":{"type":"Point","coordinates":[139.591984,35.676755]},"properties":{"name":"北烏山やぶこうじ公園","area_m2":106,"r_m":5.8,"source":"国土数値情報 P13 都市公園","x":-21847.21,"y":-35835.58}},{"type":"Feature","geometry":{"type":"Point","coordinates":[139.606367,35.677777]},"properties":{"name":"北烏山一丁目公園","area_m2":126,"r_m":6.3,"source":"国土数値情報 P13 都市公園","x":-20544.99,"y":-35725.29}},{"type":"Feature","geometry":{"type":"Point","coordinates":[139.60078,35.67305]},"properties":{"name":"北烏山三丁目公園","area_m2":2108,"r_m":25.9,"source":"国土数値情報 P13 都市公園","x":-21051.99,"y":-36248.51}},{"type":"Feature","geometry":{"type":"Point","coordinates":[139.59031,35.680726]},"properties":{"name":"北烏山七丁目公園","area_m2":1066,"r_m":18.4,"source":"国土数値情報 P13 都市公園","x":-21997.72,"y":-35394.68}},{"type":"Feature","geometry":{"type":"Point","coordinates":[139.59355,35.67262]},"properties":{"name":"北烏山九丁目公園","area_m2":1000,"r_m":17.8,"source":"国土数値情報 P13 都市公園","x":-21706.6,"y":-36294.65}},{"type":"Feature","geometry":{"type":"Point","coordinates":[139.62355,35.66037]},"properties":{"name":"希望丘東公園","area_m2":1257,"r_m":20.0,"source":"国土数値情報 P13 都市公園","x":-18993.72,"y":-37659.9}},{"type":"Feature","geometry":{"type":"Point","coordinates":[139.59166,35.66321]},"properties":{"name":"給田公園","area_m2":1517,"r_m":22.0,"source":"国土数値情報 P13 都市公園","x":-21880.26,"y":-37338.19}},{"type":"Feature","geometry":{"type":"Point","coordinates":[139.58878,35.67128]},"properties":{"name":"給田あやめ公園","area_m2":187,"r_m":7.7,"source":"国土数値情報 P13 都市公園","x":-22138.78,"y":-36442.24}},{"type":"Feature","geometry":{"type":"Point","coordinates":[139.59312,35.67034]},"properties":{"name":"給田西公園","area_m2":2939,"r_m":30.6,"source":"国土数値情報 P13 都市公園","x":-21746.15,"y":-36547.5}},{"type":"Feature","geometry":{"type":"Point","coordinates":[139.58641,35.6728]},"properties":{"name":"給田花咲き公園","area_m2":500,"r_m":12.6,"source":"国土数値情報 P13 都市公園","x":-22352.91,"y":-36273.07}},{"type":"Feature","geometry":{"type":"Point","coordinates":[139.589831,35.671841]},"properties":{"name":"給田水無公園","area_m2":580,"r_m":13.6,"source":"国土数値情報 P13 都市公園","x":-22043.48,"y":-36380.22}},{"type":"Feature","geometry":{"type":"Point","coordinates":[139.58826,35.67225]},"properties":{"name":"給田五丁目公園","area_m2":510,"r_m":12.7,"source":"国土数値情報 P13 都市公園","x":-22185.59,"y":-36334.51}},{"type":"Feature","geometry":{"type":"Point","coordinates":[139.5957,35.6592]},"properties":{"name":"大道北記念公園","area_m2":1628,"r_m":22.8,"source":"国土数値情報 P13 都市公園","x":-21515.57,"y":-37783.96}},{"type":"Feature","geometry":{"type":"Point","coordinates":[139.59712,35.66]},"properties":{"name":"大道北三十三志公園","area_m2":1489,"r_m":21.8,"source":"国土数値情報 P13 都市公園","x":-21386.79,"y":-37695.52}},{"type":"Feature","geometry":{"type":"Point","coordinates":[139.596004,35.658557]},"properties":{"name":"大道北どんぐり公園","area_m2":381,"r_m":11.0,"source":"国土数値情報 P13 都市公園","x":-21488.23,"y":-37855.34}},{"type":"Feature","geometry":{"type":"Point","coordinates":[139.60214,35.66618]},"properties":{"name":"千歳烏山南公園","area_m2":865,"r_m":16.6,"source":"国土数値情報 P13 都市公園","x":-20930.66,"y":-37010.98}},{"type":"Feature","geometry":{"type":"Point","coordinates":[139.59671,35.67257]},"properties":{"name":"西之谷公園","area_m2":661,"r_m":14.5,"source":"国土数値情報 P13 都市公園","x":-21420.55,"y":-36300.89}},{"type":"Feature","geometry":{"type":"Point","coordinates":[139.61891,35.66321]},"properties":{"name":"八幡山公園","area_m2":731,"r_m":15.3,"source":"国土数値情報 P13 都市公園","x":-19413.14,"y":-37343.92}},{"type":"Feature","geometry":{"type":"Point","coordinates":[139.61533,35.66431]},"properties":{"name":"八幡山西公園","area_m2":1830,"r_m":24.1,"source":"国土数値情報 P13 都市公園","x":-19736.99,"y":-37221.17}},{"type":"Feature","geometry":{"type":"Point","coordinates":[139.62004,35.66314]},"properties":{"name":"八幡山やまぶき公園","area_m2":142,"r_m":6.7,"source":"国土数値情報 P13 都市公園","x":-19310.85,"y":-37351.9}},{"type":"Feature","geometry":{"type":"Point","coordinates":[139.61681,35.664842]},"properties":{"name":"八幡山三丁目公園","area_m2":1304,"r_m":20.4,"source":"国土数値情報 P13 都市公園","x":-19602.83,"y":-37162.4}},{"type":"Feature","geometry":{"type":"Point","coordinates":[139.6041,35.67767]},"properties":{"name":"東山公園","area_m2":270,"r_m":9.3,"source":"国土数値情報 P13 都市公園","x":-20750.24,"y":-35736.67}},{"type":"Feature","geometry":{"type":"Point","coordinates":[139.622529,35.663504]},"properties":{"name":"松沢公園","area_m2":463,"r_m":12.1,"source":"国土数値情報 P13 都市公園","x":-19085.46,"y":-37312.02}},{"type":"Feature","geometry":{"type":"Point","coordinates":[139.60013,35.67784]},"properties":{"name":"松葉山公園","area_m2":1117,"r_m":18.9,"source":"国土数値情報 P13 都市公園","x":-21109.57,"y":-35716.96}},{"type":"Feature","geometry":{"type":"Point","coordinates":[139.605212,35.671401]},"properties":{"name":"南烏山けやき公園","area_m2":380,"r_m":11.0,"source":"国土数値情報 P13 都市公園","x":-20651.21,"y":-36432.44}},{"type":"Feature","geometry":{"type":"Point","coordinates":[139.60854,35.66862]},"properties":{"name":"南烏山こがや公園","area_m2":551,"r_m":13.2,"source":"国土数値情報 P13 都市公園","x":-20350.63,"y":-36741.62}},{"type":"Feature","geometry":{"type":"Point","coordinates":[139.603281,35.672076]},"properties":{"name":"南烏山三角公園","area_m2":107,"r_m":5.8,"source":"国土数値情報 P13 都市公園","x":-20825.86,"y":-36357.09}},{"type":"Feature","geometry":{"type":"Point","coordinates":[139.61256,35.66843]},"properties":{"name":"南烏山なんてん公園","area_m2":276,"r_m":9.4,"source":"国土数値情報 P13 都市公園","x":-19986.75,"y":-36763.53}},{"type":"Feature","geometry":{"type":"Point","coordinates":[139.62083,35.66042]},"properties":{"name":"山下こども公園","area_m2":761,"r_m":15.6,"source":"国土数値情報 P13 都市公園","x":-19239.98,"y":-37653.82}},{"type":"Feature","geometry":{"type":"Point","coordinates":[139.659301,35.631296]},"properties":{"name":"松之木都市林","area_m2":933,"r_m":17.2,"source":"国土数値情報 P13 都市公園","x":-15762.5,"y":-40891.73}},{"type":"Feature","geometry":{"type":"Point","coordinates":[139.664992,35.638007]},"properties":{"name":"上馬塩田緑地","area_m2":547,"r_m":13.2,"source":"国土数値情報 P13 都市公園","x":-15245.78,"y":-40148.09}},{"type":"Feature","geometry":{"type":"Point","coordinates":[139.62495,35.6385]},"properties":{"name":"桜丘宇山緑地","area_m2":1470,"r_m":21.6,"source":"国土数値情報 P13 都市公園","x":-18872.11,"y":-40086.46}},{"type":"Feature","geometry":{"type":"Point","coordinates":[139.61987,35.64186]},"properties":{"name":"桜丘すみれば自然庭園","area_m2":6644,"r_m":46.0,"source":"国土数値情報 P13 都市公園","x":-19331.37,"y":-39712.71}},{"type":"Feature","geometry":{"type":"Point","coordinates":[139.64243,35.64463]},"properties":{"name":"桜木ふれあい緑地","area_m2":1049,"r_m":18.3,"source":"国土数値情報 P13 都市公園","x":-17287.72,"y":-39409.6}},{"type":"Feature","geometry":{"type":"Point","coordinates":[139.673266,35.651153]},"properties":{"name":"三宿の森緑地","area_m2":7959,"r_m":50.3,"source":"国土数値情報 P13 都市公園","x":-14494.08,"y":-38690.93}},{"type":"Feature","geometry":{"type":"Point","coordinates":[139.65758,35.66406]},"properties":{"name":"羽根木緑地","area_m2":129,"r_m":6.4,"source":"国土数値情報 P13 都市公園","x":-15911.92,"y":-37256.57}},{"type":"Feature","geometry":{"type":"Point","coordinates":[139.66202,35.60494]},"properties":{"name":"奥沢六丁目緑地","area_m2":638,"r_m":14.3,"source":"国土数値情報 P13 都市公園","x":-15521.37,"y":-43816.13}},{"type":"Feature","geometry":{"type":"Point","coordinates":[139.63759,35.60794]},"properties":{"name":"上野毛二丁目緑地","area_m2":820,"r_m":16.2,"source":"国土数値情報 P13 都市公園","x":-17734.12,"y":-43479.18}},{"type":"Feature","geometry":{"type":"Point","coordinates":[139.6386,35.61909]},"properties":{"name":"上野毛四丁目緑地","area_m2":484,"r_m":12.4,"source":"国土数値情報 P13 都市公園","x":-17640.17,"y":-42242.37}},{"type":"Feature","geometry":{"type":"Point","coordinates":[139.64364,35.627688]},"properties":{"name":"桜新町一丁目緑地","area_m2":712,"r_m":15.1,"source":"国土数値情報 P13 都市公園","x":-17181.75,"y":-41289.4}},{"type":"Feature","geometry":{"type":"Point","coordinates":[139.644809,35.633631]},"properties":{"name":"桜新町二丁目緑地","area_m2":282,"r_m":9.5,"source":"国土数値情報 P13 都市公園","x":-17074.6,"y":-40630.27}},{"type":"Feature","geometry":{"type":"Point","coordinates":[139.631975,35.613689]},"properties":{"name":"瀬田一丁目緑地","area_m2":111,"r_m":5.9,"source":"国土数値情報 P13 都市公園","x":-18241.55,"y":-42840.37}},{"type":"Feature","geometry":{"type":"Point","coordinates":[139.623771,35.619647]},"properties":{"name":"瀬田四丁目南緑地","area_m2":361,"r_m":10.7,"source":"国土数値情報 P13 都市公園","x":-18983.36,"y":-42177.81}},{"type":"Feature","geometry":{"type":"Point","coordinates":[139.63277,35.63925]},"properties":{"name":"馬事公苑前緑地","area_m2":859,"r_m":16.5,"source":"国土数値情報 P13 都市公園","x":-18163.73,"y":-40004.73}},{"type":"Feature","geometry":{"type":"Point","coordinates":[139.662367,35.618344]},"properties":{"name":"深沢一丁目緑地","area_m2":679,"r_m":14.7,"source":"国土数値情報 P13 都市公園","x":-15487.31,"y":-42329.13}},{"type":"Feature","geometry":{"type":"Point","coordinates":[139.646194,35.624758]},"properties":{"name":"深沢の杜緑地","area_m2":1048,"r_m":18.3,"source":"国土数値情報 P13 都市公園","x":-16951.1,"y":-41614.85}},{"type":"Feature","geometry":{"type":"Point","coordinates":[139.626492,35.615219]},"properties":{"name":"二子玉川けやき緑地","area_m2":52,"r_m":4.1,"source":"国土数値情報 P13 都市公園","x":-18737.87,"y":-42669.58}},{"type":"Feature","geometry":{"type":"Point","coordinates":[139.59703,35.62748]},"properties":{"name":"稲荷塚古墳緑地","area_m2":869,"r_m":16.6,"source":"国土数値情報 P13 都市公園","x":-21403.61,"y":-41303.32}},{"type":"Feature","geometry":{"type":"Point","coordinates":[139.61967,35.63388]},"properties":{"name":"大蔵ひまわり緑地","area_m2":182,"r_m":7.6,"source":"国土数値情報 P13 都市公園","x":-19351.4,"y":-40597.98}},{"type":"Feature","geometry":{"type":"Point","coordinates":[139.6115,35.62836]},"properties":{"name":"大蔵四丁目緑地","area_m2":358,"r_m":10.7,"source":"国土数値情報 P13 都市公園","x":-20092.74,"y":-41208.74}},{"type":"Feature","geometry":{"type":"Point","coordinates":[139.62184,35.62297]},"properties":{"name":"岡本緑地","area_m2":3601,"r_m":33.9,"source":"国土数値情報 P13 都市公園","x":-19157.47,"y":-41808.78}},{"type":"Feature","geometry":{"type":"Point","coordinates":[139.62144,35.627]},"properties":{"name":"岡本いこいのもり緑地","area_m2":1135,"r_m":19.0,"source":"国土数値情報 P13 都市公園","x":-19192.74,"y":-41361.61}},{"type":"Feature","geometry":{"type":"Point","coordinates":[139.61996,35.62216]},"properties":{"name":"岡本静嘉堂緑地","area_m2":18692,"r_m":77.1,"source":"国土数値情報 P13 都市公園","x":-19327.96,"y":-41898.27}},{"type":"Feature","geometry":{"type":"Point","coordinates":[139.618543,35.624761]},"properties":{"name":"岡本わきみず緑地","area_m2":521,"r_m":12.9,"source":"国土数値情報 P13 都市公園","x":-19455.71,"y":-41609.48}},{"type":"Feature","geometry":{"type":"Point","coordinates":[139.613203,35.627766]},"properties":{"name":"岡本三丁目緑地","area_m2":324,"r_m":10.2,"source":"国土数値情報 P13 都市公園","x":-19938.62,"y":-41275.01}},{"type":"Feature","geometry":{"type":"Point","coordinates":[139.59163,35.64053]},"properties":{"name":"成城みつ池緑地","area_m2":10197,"r_m":57.0,"source":"国土数値情報 P13 都市公園","x":-21889.17,"y":-39854.34}},{"type":"Feature","geometry":{"type":"Point","coordinates":[139.59967,35.63378]},"properties":{"name":"成城三丁目緑地","area_m2":19837,"r_m":79.5,"source":"国土数値情報 P13 都市公園","x":-21162.83,"y":-40604.96}},{"type":"Feature","geometry":{"type":"Point","coordinates":[139.58914,35.64436]},"properties":{"name":"成城四丁目緑地","area_m2":4333,"r_m":37.1,"source":"国土数値情報 P13 都市公園","x":-22113.61,"y":-39428.88}},{"type":"Feature","geometry":{"type":"Point","coordinates":[139.600324,35.648301]},"properties":{"name":"成城七丁目緑地","area_m2":2655,"r_m":29.1,"source":"国土数値情報 P13 都市公園","x":-21099.76,"y":-38994.09}},{"type":"Feature","geometry":{"type":"Point","coordinates":[139.603428,35.656219]},"properties":{"name":"祖師谷六丁目緑地","area_m2":334,"r_m":10.3,"source":"国土数値情報 P13 都市公園","x":-20816.67,"y":-38116.31}},{"type":"Feature","geometry":{"type":"Point","coordinates":[139.58865,35.64546]},"properties":{"name":"ビール坂緑地","area_m2":2941,"r_m":30.6,"source":"国土数値情報 P13 都市公園","x":-22157.68,"y":-39306.73}},{"type":"Feature","geometry":{"type":"Point","coordinates":[139.59692,35.67318]},"properties":{"name":"烏山つつじ緑地","area_m2":1000,"r_m":17.8,"source":"国土数値情報 P13 都市公園","x":-21401.38,"y":-36233.26}},{"type":"Feature","geometry":{"type":"Point","coordinates":[139.59389,35.68152]},"properties":{"name":"北烏山四丁目緑地","area_m2":217,"r_m":8.3,"source":"国土数値情報 P13 都市公園","x":-21673.42,"y":-35307.33}},{"type":"Feature","geometry":{"type":"Point","coordinates":[139.59265,35.68182]},"properties":{"name":"北烏山五丁目緑地","area_m2":229,"r_m":8.5,"source":"国土数値情報 P13 都市公園","x":-21785.58,"y":-35273.78}},{"type":"Feature","geometry":{"type":"Point","coordinates":[139.59096,35.67166]},"properties":{"name":"給田四丁目緑地","area_m2":2667,"r_m":29.1,"source":"国土数値情報 P13 都市公園","x":-21941.33,"y":-36400.57}},{"type":"Feature","geometry":{"type":"Point","coordinates":[139.61806,35.66085]},"properties":{"name":"八幡山かまのくち緑地","area_m2":1630,"r_m":22.8,"source":"国土数値情報 P13 都市公園","x":-19490.67,"y":-37605.57}},{"type":"Feature","geometry":{"type":"Point","coordinates":[139.67617,35.650833]},"properties":{"name":"烏山川緑道","area_m2":56599,"r_m":134.2,"source":"国土数値情報 P13 都市公園","x":-14231.24,"y":-38726.79}},{"type":"Feature","geometry":{"type":"Point","coordinates":[139.674045,35.63865]},"properties":{"name":"蛇崩川緑道","area_m2":19389,"r_m":78.6,"source":"国土数値情報 P13 都市公園","x":-14425.79,"y":-40078.15}},{"type":"Feature","geometry":{"type":"Point","coordinates":[139.678436,35.652218]},"properties":{"name":"北沢川緑道","area_m2":28729,"r_m":95.6,"source":"国土数値情報 P13 都市公園","x":-14025.81,"y":-38573.55}},{"type":"Feature","geometry":{"type":"Point","coordinates":[139.663423,35.671261]},"properties":{"name":"玉川上水緑道","area_m2":8400,"r_m":51.7,"source":"国土数値情報 P13 都市公園","x":-15381.51,"y":-36458.57}},{"type":"Feature","geometry":{"type":"Point","coordinates":[139.670102,35.670887]},"properties":{"name":"玉川上水第二緑道","area_m2":4069,"r_m":36.0,"source":"国土数値情報 P13 都市公園","x":-14776.95,"y":-36501.16}},{"type":"Feature","geometry":{"type":"Point","coordinates":[139.670434,35.607164]},"properties":{"name":"九品仏川緑道","area_m2":6333,"r_m":44.9,"source":"国土数値情報 P13 都市公園","x":-14758.65,"y":-43570.7}},{"type":"Feature","geometry":{"type":"Point","coordinates":[139.658826,35.617604]},"properties":{"name":"呑川緑道","area_m2":7620,"r_m":49.2,"source":"国土数値情報 P13 都市公園","x":-15808.23,"y":-42410.68}},{"type":"Feature","geometry":{"type":"Point","coordinates":[139.624305,35.614749]},"properties":{"name":"谷川緑道","area_m2":3354,"r_m":32.7,"source":"国土数値情報 P13 都市公園","x":-18936.14,"y":-42721.29}},{"type":"Feature","geometry":{"type":"Point","coordinates":[139.60273,35.619319]},"properties":{"name":"宇奈根下河原緑道","area_m2":1287,"r_m":20.2,"source":"国土数値情報 P13 都市公園","x":-20889.4,"y":-42209.93}},{"type":"Feature","geometry":{"type":"Point","coordinates":[139.61697,35.62187]},"properties":{"name":"鎌田前耕地緑道","area_m2":1892,"r_m":24.5,"source":"国土数値情報 P13 都市公園","x":-19598.87,"y":-41929.85}},{"type":"Feature","geometry":{"type":"Point","coordinates":[139.594292,35.626177]},"properties":{"name":"喜多見緑道","area_m2":2286,"r_m":27.0,"source":"国土数値情報 P13 都市公園","x":-21651.98,"y":-41447.26}},{"type":"Feature","geometry":{"type":"Point","coordinates":[139.59718,35.623058]},"properties":{"name":"喜多見まえこうち緑道","area_m2":1855,"r_m":24.3,"source":"国土数値情報 P13 都市公園","x":-21391.23,"y":-41793.95}},{"type":"Feature","geometry":{"type":"Point","coordinates":[139.594141,35.634246]},"properties":{"name":"滝下橋緑道","area_m2":5385,"r_m":41.4,"source":"国土数値情報 P13 都市公園","x":-21663.43,"y":-40552.02}},{"type":"Feature","geometry":{"type":"Point","coordinates":[139.590426,35.638879]},"properties":{"name":"野川緑道","area_m2":2275,"r_m":26.9,"source":"国土数値情報 P13 都市公園","x":-21998.68,"y":-40037.2}},{"type":"Feature","geometry":{"type":"Point","coordinates":[139.606516,35.6255]},"properties":{"name":"野川第二緑道","area_m2":2158,"r_m":26.2,"source":"国土数値情報 P13 都市公園","x":-20544.91,"y":-41524.98}},{"type":"Feature","geometry":{"type":"Point","coordinates":[139.595095,35.62341]},"properties":{"name":"喜多見まちかど公園","area_m2":571,"r_m":13.5,"source":"国土数値情報 P13 都市公園","x":-21580.0,"y":-41754.4}},{"type":"Feature","geometry":{"type":"Point","coordinates":[139.71175,35.64818]},"properties":{"name":"恵比寿東公園","area_m2":2666,"r_m":29.1,"source":"国土数値情報 P13 都市公園","x":-11009.79,"y":-39025.74}},{"type":"Feature","geometry":{"type":"Point","coordinates":[139.71082,35.64656]},"properties":{"name":"恵比寿駅東口公園","area_m2":588,"r_m":13.7,"source":"国土数値情報 P13 都市公園","x":-11094.23,"y":-39205.36}},{"type":"Feature","geometry":{"type":"Point","coordinates":[139.71321,35.64402]},"properties":{"name":"景丘公園","area_m2":1004,"r_m":17.9,"source":"国土数値情報 P13 都市公園","x":-10878.14,"y":-39487.42}},{"type":"Feature","geometry":{"type":"Point","coordinates":[139.71361,35.64277]},"properties":{"name":"アメリカ橋公園","area_m2":1422,"r_m":21.3,"source":"国土数値情報 P13 都市公園","x":-10842.09,"y":-39626.14}},{"type":"Feature","geometry":{"type":"Point","coordinates":[139.719844,35.656253]},"properties":{"name":"広尾北公園","area_m2":1845,"r_m":24.2,"source":"国土数値情報 P13 都市公園","x":-10275.78,"y":-38131.02}},{"type":"Feature","geometry":{"type":"Point","coordinates":[139.72124,35.653137]},"properties":{"name":"広尾東公園","area_m2":1149,"r_m":19.1,"source":"国土数値情報 P13 都市公園","x":-10149.81,"y":-38476.78}},{"type":"Feature","geometry":{"type":"Point","coordinates":[139.72194,35.64853]},"properties":{"name":"広尾公園","area_m2":2869,"r_m":30.2,"source":"国土数値情報 P13 都市公園","x":-10087.0,"y":-38988.0}},{"type":"Feature","geometry":{"type":"Point","coordinates":[139.70888,35.65604]},"properties":{"name":"常磐松公園","area_m2":263,"r_m":9.1,"source":"国土数値情報 P13 都市公園","x":-11268.57,"y":-38153.41}},{"type":"Feature","geometry":{"type":"Point","coordinates":[139.71042,35.65498]},"properties":{"name":"氷川の杜公園","area_m2":1908,"r_m":24.6,"source":"国土数値情報 P13 都市公園","x":-11129.28,"y":-38271.19}},{"type":"Feature","geometry":{"type":"Point","coordinates":[139.70988,35.65237]},"properties":{"name":"氷川つるかめ公園","area_m2":256,"r_m":9.0,"source":"国土数値情報 P13 都市公園","x":-11178.54,"y":-38560.68}},{"type":"Feature","geometry":{"type":"Point","coordinates":[139.71188,35.64251]},"properties":{"name":"恵比寿南一公園","area_m2":2017,"r_m":25.3,"source":"国土数値情報 P13 都市公園","x":-10998.79,"y":-39654.79}},{"type":"Feature","geometry":{"type":"Point","coordinates":[139.70866,35.64351]},"properties":{"name":"恵比寿南二公園","area_m2":1889,"r_m":24.5,"source":"国土数値情報 P13 都市公園","x":-11290.25,"y":-39543.48}},{"type":"Feature","geometry":{"type":"Point","coordinates":[139.70686,35.64699]},"properties":{"name":"恵比寿公園","area_m2":4142,"r_m":36.3,"source":"国土数値情報 P13 都市公園","x":-11452.76,"y":-39157.2}},{"type":"Feature","geometry":{"type":"Point","coordinates":[139.70534,35.65113]},"properties":{"name":"代官山さんかく公園","area_m2":207,"r_m":8.1,"source":"国土数値情報 P13 都市公園","x":-11589.81,"y":-38697.72}},{"type":"Feature","geometry":{"type":"Point","coordinates":[139.70337,35.64858]},"properties":{"name":"代官山公園","area_m2":363,"r_m":10.7,"source":"国土数値情報 P13 都市公園","x":-11768.57,"y":-38980.39}},{"type":"Feature","geometry":{"type":"Point","coordinates":[139.70201,35.65096]},"properties":{"name":"猿楽古代住居跡公園","area_m2":1076,"r_m":18.5,"source":"国土数値情報 P13 都市公園","x":-11891.37,"y":-38716.19}},{"type":"Feature","geometry":{"type":"Point","coordinates":[139.6989,35.65231]},"properties":{"name":"鉢山公園","area_m2":530,"r_m":13.0,"source":"国土数値情報 P13 都市公園","x":-12172.77,"y":-38566.03}},{"type":"Feature","geometry":{"type":"Point","coordinates":[139.70399,35.66189]},"properties":{"name":"美竹公園","area_m2":2888,"r_m":30.3,"source":"国土数値情報 P13 都市公園","x":-11710.48,"y":-37503.83}},{"type":"Feature","geometry":{"type":"Point","coordinates":[139.69121,35.65975]},"properties":{"name":"鍋島松濤公園","area_m2":5012,"r_m":39.9,"source":"国土数値情報 P13 都市公園","x":-12867.9,"y":-37739.65}},{"type":"Feature","geometry":{"type":"Point","coordinates":[139.69943,35.66413]},"properties":{"name":"北谷公園","area_m2":960,"r_m":17.5,"source":"国土数値情報 P13 都市公園","x":-12123.0,"y":-37254.77}},{"type":"Feature","geometry":{"type":"Point","coordinates":[139.67906,35.66635]},"properties":{"name":"上原公園","area_m2":977,"r_m":17.6,"source":"国土数値情報 P13 都市公園","x":-13966.82,"y":-37005.77}},{"type":"Feature","geometry":{"type":"Point","coordinates":[139.69078,35.66946]},"properties":{"name":"代々木深町小公園","area_m2":5243,"r_m":40.9,"source":"国土数値情報 P13 都市公園","x":-12905.27,"y":-36662.35}},{"type":"Feature","geometry":{"type":"Point","coordinates":[139.68703,35.663]},"properties":{"name":"富ヶ谷公園","area_m2":703,"r_m":15.0,"source":"国土数値情報 P13 都市公園","x":-13245.82,"y":-37378.53}},{"type":"Feature","geometry":{"type":"Point","coordinates":[139.68011,35.67785]},"properties":{"name":"西原一丁目公園","area_m2":3392,"r_m":32.9,"source":"国土数値情報 P13 都市公園","x":-13869.77,"y":-35730.09}},{"type":"Feature","geometry":{"type":"Point","coordinates":[139.68437,35.67358]},"properties":{"name":"代々木西原公園","area_m2":3306,"r_m":32.4,"source":"国土数値情報 P13 都市公園","x":-13484.87,"y":-36204.41}},{"type":"Feature","geometry":{"type":"Point","coordinates":[139.67561,35.67174]},"properties":{"name":"代々木大山公園","area_m2":15096,"r_m":69.3,"source":"国土数値情報 P13 都市公園","x":-14278.2,"y":-36407.3}},{"type":"Feature","geometry":{"type":"Point","coordinates":[139.68074,35.68116]},"properties":{"name":"本村ずい道公園","area_m2":284,"r_m":9.5,"source":"国土数値情報 P13 都市公園","x":-13812.17,"y":-35362.96}},{"type":"Feature","geometry":{"type":"Point","coordinates":[139.68265,35.69022]},"properties":{"name":"二軒家公園","area_m2":1050,"r_m":18.3,"source":"国土数値情報 P13 都市公園","x":-13637.74,"y":-34358.09}},{"type":"Feature","geometry":{"type":"Point","coordinates":[139.67809,35.68382]},"properties":{"name":"本町南児童公園","area_m2":582,"r_m":13.6,"source":"国土数値情報 P13 都市公園","x":-14051.57,"y":-35067.48}},{"type":"Feature","geometry":{"type":"Point","coordinates":[139.67715,35.68462]},"properties":{"name":"本町氷川公園","area_m2":627,"r_m":14.1,"source":"国土数値情報 P13 都市公園","x":-14136.51,"y":-34978.59}},{"type":"Feature","geometry":{"type":"Point","coordinates":[139.663288,35.675121]},"properties":{"name":"十三号通り公園","area_m2":1416,"r_m":21.2,"source":"国土数値情報 P13 都市公園","x":-15393.01,"y":-36030.37}},{"type":"Feature","geometry":{"type":"Point","coordinates":[139.66924,35.67669]},"properties":{"name":"笹塚東公園","area_m2":825,"r_m":16.2,"source":"国土数値情報 P13 都市公園","x":-14853.94,"y":-35857.19}},{"type":"Feature","geometry":{"type":"Point","coordinates":[139.66873,35.67681]},"properties":{"name":"九号通り公園","area_m2":622,"r_m":14.1,"source":"国土数値情報 P13 都市公園","x":-14900.08,"y":-35843.8}},{"type":"Feature","geometry":{"type":"Point","coordinates":[139.6662,35.67729]},"properties":{"name":"笹塚公園","area_m2":1480,"r_m":21.7,"source":"国土数値情報 P13 都市公園","x":-15129.01,"y":-35790.17}},{"type":"Feature","geometry":{"type":"Point","coordinates":[139.67191,35.67458]},"properties":{"name":"幡ヶ谷第一公園","area_m2":988,"r_m":17.7,"source":"国土数値情報 P13 都市公園","x":-14612.63,"y":-36091.68}},{"type":"Feature","geometry":{"type":"Point","coordinates":[139.67773,35.67996]},"properties":{"name":"六号通り公園","area_m2":179,"r_m":7.5,"source":"国土数値情報 P13 都市公園","x":-14084.83,"y":-35495.66}},{"type":"Feature","geometry":{"type":"Point","coordinates":[139.6749,35.67907]},"properties":{"name":"七号通り公園","area_m2":1031,"r_m":18.1,"source":"国土数値情報 P13 都市公園","x":-14341.16,"y":-35593.99}},{"type":"Feature","geometry":{"type":"Point","coordinates":[139.67113,35.6779]},"properties":{"name":"幡ヶ谷第三公園","area_m2":2001,"r_m":25.2,"source":"国土数値情報 P13 都市公園","x":-14682.63,"y":-35723.24}},{"type":"Feature","geometry":{"type":"Point","coordinates":[139.67128,35.67909]},"properties":{"name":"幡ヶ谷第二公園","area_m2":1099,"r_m":18.7,"source":"国土数値情報 P13 都市公園","x":-14668.83,"y":-35591.24}},{"type":"Feature","geometry":{"type":"Point","coordinates":[139.67456,35.68182]},"properties":{"name":"幡ヶ谷新道公園","area_m2":1083,"r_m":18.6,"source":"国土数値情報 P13 都市公園","x":-14371.44,"y":-35288.85}},{"type":"Feature","geometry":{"type":"Point","coordinates":[139.69507,35.67907]},"properties":{"name":"代々木ポニー公園","area_m2":1162,"r_m":19.2,"source":"国土数値情報 P13 都市公園","x":-12515.4,"y":-35596.75}},{"type":"Feature","geometry":{"type":"Point","coordinates":[139.6927,35.67915]},"properties":{"name":"参宮橋公園","area_m2":2726,"r_m":29.5,"source":"国土数値情報 P13 都市公園","x":-12729.91,"y":-35587.57}},{"type":"Feature","geometry":{"type":"Point","coordinates":[139.69095,35.67166]},"properties":{"name":"はるのおがわコミュニティパーク","area_m2":4910,"r_m":39.5,"source":"国土数値情報 P13 都市公園","x":-12889.53,"y":-36418.3}},{"type":"Feature","geometry":{"type":"Point","coordinates":[139.713981,35.673169]},"properties":{"name":"神宮前公園","area_m2":468,"r_m":12.2,"source":"国土数値情報 P13 都市公園","x":-10804.35,"y":-36253.63}},{"type":"Feature","geometry":{"type":"Point","coordinates":[139.701797,35.661531]},"properties":{"name":"宮下公園","area_m2":10808,"r_m":58.7,"source":"国土数値情報 P13 都市公園","x":-11909.06,"y":-37543.39}},{"type":"Feature","geometry":{"type":"Point","coordinates":[139.70197,35.66499]},"properties":{"name":"神宮通公園","area_m2":3128,"r_m":31.6,"source":"国土数値情報 P13 都市公園","x":-11892.91,"y":-37159.67}},{"type":"Feature","geometry":{"type":"Point","coordinates":[139.6671,35.69674]},"properties":{"name":"杉山公園","area_m2":1295,"r_m":20.3,"source":"国土数値情報 P13 都市公園","x":-15043.89,"y":-33632.48}},{"type":"Feature","geometry":{"type":"Point","coordinates":[139.66742,35.71482]},"properties":{"name":"新井薬師公園","area_m2":10044,"r_m":56.5,"source":"国土数値情報 P13 都市公園","x":-15011.54,"y":-31626.68}},{"type":"Feature","geometry":{"type":"Point","coordinates":[139.670745,35.723584]},"properties":{"name":"江古田公園","area_m2":8130,"r_m":50.9,"source":"国土数値情報 P13 都市公園","x":-14709.09,"y":-30654.86}},{"type":"Feature","geometry":{"type":"Point","coordinates":[139.674457,35.729192]},"properties":{"name":"江原公園","area_m2":6807,"r_m":46.5,"source":"国土数値情報 P13 都市公園","x":-14372.23,"y":-30033.31}},{"type":"Feature","geometry":{"type":"Point","coordinates":[139.66858,35.72003]},"properties":{"name":"沼袋公園","area_m2":1947,"r_m":24.9,"source":"国土数値情報 P13 都市公園","x":-14905.61,"y":-31048.85}},{"type":"Feature","geometry":{"type":"Point","coordinates":[139.67433,35.7043]},"properties":{"name":"城山公園","area_m2":3299,"r_m":32.4,"source":"国土数値情報 P13 都市公園","x":-14388.22,"y":-32794.83}},{"type":"Feature","geometry":{"type":"Point","coordinates":[139.67862,35.71643]},"properties":{"name":"中野上高田公園","area_m2":19401,"r_m":78.6,"source":"国土数値情報 P13 都市公園","x":-13997.9,"y":-31449.72}},{"type":"Feature","geometry":{"type":"Point","coordinates":[139.6716,35.68671]},"properties":{"name":"栄町公園","area_m2":2913,"r_m":30.5,"source":"国土数値情報 P13 都市公園","x":-14638.47,"y":-34745.91}},{"type":"Feature","geometry":{"type":"Point","coordinates":[139.66687,35.70284]},"properties":{"name":"桃園川公園","area_m2":304,"r_m":9.8,"source":"国土数値情報 P13 都市公園","x":-15063.55,"y":-32955.69}},{"type":"Feature","geometry":{"type":"Point","coordinates":[139.64331,35.72177]},"properties":{"name":"若宮公園","area_m2":752,"r_m":15.5,"source":"国土数値情報 P13 都市公園","x":-17191.47,"y":-30851.67}},{"type":"Feature","geometry":{"type":"Point","coordinates":[139.65085,35.71553]},"properties":{"name":"大和公園","area_m2":3210,"r_m":32.0,"source":"国土数値情報 P13 都市公園","x":-16510.62,"y":-31545.25}},{"type":"Feature","geometry":{"type":"Point","coordinates":[139.66194,35.716878]},"properties":{"name":"平和の森公園","area_m2":54659,"r_m":131.9,"source":"国土数値情報 P13 都市公園","x":-15506.93,"y":-31397.56}},{"type":"Feature","geometry":{"type":"Point","coordinates":[139.628583,35.732125]},"properties":{"name":"上鷺公園","area_m2":1021,"r_m":18.0,"source":"国土数値情報 P13 都市公園","x":-18521.46,"y":-29700.2}},{"type":"Feature","geometry":{"type":"Point","coordinates":[139.68092,35.69504]},"properties":{"name":"朝日が丘公園","area_m2":700,"r_m":14.9,"source":"国土数値情報 P13 都市公園","x":-13793.49,"y":-33823.11}},{"type":"Feature","geometry":{"type":"Point","coordinates":[139.67162,35.70391]},"properties":{"name":"紅葉山公園","area_m2":5489,"r_m":41.8,"source":"国土数値情報 P13 都市公園","x":-14633.52,"y":-32837.7}},{"type":"Feature","geometry":{"type":"Point","coordinates":[139.66876,35.69815]},"properties":{"name":"追分公園","area_m2":703,"r_m":15.0,"source":"国土数値情報 P13 都市公園","x":-14893.4,"y":-33476.3}},{"type":"Feature","geometry":{"type":"Point","coordinates":[139.630231,35.730583]},"properties":{"name":"武蔵台公園","area_m2":1061,"r_m":18.4,"source":"国土数値情報 P13 都市公園","x":-18372.7,"y":-29871.6}},{"type":"Feature","geometry":{"type":"Point","coordinates":[139.627264,35.728568]},"properties":{"name":"北中野公園","area_m2":2181,"r_m":26.3,"source":"国土数値情報 P13 都市公園","x":-18641.57,"y":-30094.51}},{"type":"Feature","geometry":{"type":"Point","coordinates":[139.68175,35.69894]},"properties":{"name":"塔の山公園","area_m2":1351,"r_m":20.7,"source":"国土数値情報 P13 都市公園","x":-13717.7,"y":-33390.55}},{"type":"Feature","geometry":{"type":"Point","coordinates":[139.65932,35.71706]},"properties":{"name":"沼袋西公園","area_m2":3312,"r_m":32.5,"source":"国土数値情報 P13 都市公園","x":-15743.97,"y":-31376.9}},{"type":"Feature","geometry":{"type":"Point","coordinates":[139.68126,35.702635]},"properties":{"name":"上の原公園","area_m2":1002,"r_m":17.9,"source":"国土数値情報 P13 都市公園","x":-13761.42,"y":-32980.51}},{"type":"Feature","geometry":{"type":"Point","coordinates":[139.652876,35.711717]},"properties":{"name":"啓明公園","area_m2":1239,"r_m":19.9,"source":"国土数値情報 P13 都市公園","x":-16328.11,"y":-31968.65}},{"type":"Feature","geometry":{"type":"Point","coordinates":[139.643811,35.71472]},"properties":{"name":"西大和公園","area_m2":1000,"r_m":17.8,"source":"国土数値情報 P13 都市公園","x":-17147.65,"y":-31633.87}},{"type":"Feature","geometry":{"type":"Point","coordinates":[139.68651,35.70344]},"properties":{"name":"川添公園","area_m2":890,"r_m":16.8,"source":"国土数値情報 P13 都市公園","x":-13286.2,"y":-32891.96}},{"type":"Feature","geometry":{"type":"Point","coordinates":[139.66272,35.71014]},"properties":{"name":"新井南公園","area_m2":1180,"r_m":19.4,"source":"国土数値情報 P13 都市公園","x":-15437.69,"y":-32145.17}},{"type":"Feature","geometry":{"type":"Point","coordinates":[139.66707,35.68652]},"properties":{"name":"弥生公園","area_m2":1332,"r_m":20.6,"source":"国土数値情報 P13 都市公園","x":-15048.52,"y":-34766.3}},{"type":"Feature","geometry":{"type":"Point","coordinates":[139.626495,35.731621]},"properties":{"name":"八成公園","area_m2":3868,"r_m":35.1,"source":"国土数値情報 P13 都市公園","x":-18710.44,"y":-29755.67}},{"type":"Feature","geometry":{"type":"Point","coordinates":[139.67403,35.72246]},"properties":{"name":"哲学堂公園","area_m2":52494,"r_m":129.3,"source":"国土数値情報 P13 都市公園","x":-14412.1,"y":-30780.07}},{"type":"Feature","geometry":{"type":"Point","coordinates":[139.634904,35.729644]},"properties":{"name":"上鷲東公園","area_m2":2292,"r_m":27.0,"source":"国土数値情報 P13 都市公園","x":-17950.22,"y":-29976.56}},{"type":"Feature","geometry":{"type":"Point","coordinates":[139.67664,35.70643]},"properties":{"name":"文園公園","area_m2":1025,"r_m":18.1,"source":"国土数値情報 P13 都市公園","x":-14178.81,"y":-32558.86}},{"type":"Feature","geometry":{"type":"Point","coordinates":[139.66263,35.68013]},"properties":{"name":"みなみ公園","area_m2":1045,"r_m":18.2,"source":"国土数値情報 P13 都市公園","x":-15451.62,"y":-35474.53}},{"type":"Feature","geometry":{"type":"Point","coordinates":[139.64653,35.72063]},"properties":{"name":"かせい公園","area_m2":564,"r_m":13.4,"source":"国土数値情報 P13 都市公園","x":-16900.4,"y":-30978.71}},{"type":"Feature","geometry":{"type":"Point","coordinates":[139.66347,35.69609]},"properties":{"name":"本六公園","area_m2":569,"r_m":13.5,"source":"国土数値情報 P13 都市公園","x":-15372.52,"y":-33704.03}},{"type":"Feature","geometry":{"type":"Point","coordinates":[139.674949,35.702604]},"properties":{"name":"谷戸運動公園","area_m2":3439,"r_m":33.1,"source":"国土数値情報 P13 都市公園","x":-14332.48,"y":-32983.12}},{"type":"Feature","geometry":{"type":"Point","coordinates":[139.66362,35.69933]},"properties":{"name":"中央西公園","area_m2":2695,"r_m":29.3,"source":"国土数値情報 P13 都市公園","x":-15358.32,"y":-33344.6}},{"type":"Feature","geometry":{"type":"Point","coordinates":[139.68265,35.69442]},"properties":{"name":"本一公園","area_m2":997,"r_m":17.8,"source":"国土数値情報 P13 都市公園","x":-13637.03,"y":-33892.13}},{"type":"Feature","geometry":{"type":"Point","coordinates":[139.6657,35.68535]},"properties":{"name":"多田公園","area_m2":478,"r_m":12.3,"source":"国土数値情報 P13 都市公園","x":-15172.74,"y":-34895.89}},{"type":"Feature","geometry":{"type":"Point","coordinates":[139.66382,35.68008]},"properties":{"name":"八島公園","area_m2":164,"r_m":7.2,"source":"国土数値情報 P13 都市公園","x":-15343.91,"y":-35480.27}},{"type":"Feature","geometry":{"type":"Point","coordinates":[139.68796,35.70964]},"properties":{"name":"すみよし公園","area_m2":333,"r_m":10.3,"source":"国土数値情報 P13 都市公園","x":-13153.96,"y":-32204.31}},{"type":"Feature","geometry":{"type":"Point","coordinates":[139.66632,35.70114]},"properties":{"name":"中央公園","area_m2":2011,"r_m":25.3,"source":"国土数値情報 P13 都市公園","x":-15113.64,"y":-33144.21}},{"type":"Feature","geometry":{"type":"Point","coordinates":[139.66089,35.68248]},"properties":{"name":"南部公園","area_m2":885,"r_m":16.8,"source":"国土数値情報 P13 都市公園","x":-15608.66,"y":-35213.54}},{"type":"Feature","geometry":{"type":"Point","coordinates":[139.6572,35.7219]},"properties":{"name":"東山公園","area_m2":1606,"r_m":22.6,"source":"国土数値情報 P13 都市公園","x":-15934.81,"y":-30839.6}},{"type":"Feature","geometry":{"type":"Point","coordinates":[139.65671,35.72071]},"properties":{"name":"野方第一公園","area_m2":450,"r_m":12.0,"source":"国土数値情報 P13 都市公園","x":-15979.38,"y":-30971.54}},{"type":"Feature","geometry":{"type":"Point","coordinates":[139.66499,35.72149]},"properties":{"name":"百観音公園","area_m2":855,"r_m":16.5,"source":"国土数値情報 P13 都市公園","x":-15230.13,"y":-30886.32}},{"type":"Feature","geometry":{"type":"Point","coordinates":[139.67055,35.68531]},"properties":{"name":"前原公園","area_m2":518,"r_m":12.8,"source":"国土数値情報 P13 都市公園","x":-14733.77,"y":-34901.07}},{"type":"Feature","geometry":{"type":"Point","coordinates":[139.65694,35.7134]},"properties":{"name":"野方第二公園","area_m2":418,"r_m":11.5,"source":"国土数値情報 P13 都市公園","x":-15960.03,"y":-31782.57}},{"type":"Feature","geometry":{"type":"Point","coordinates":[139.64381,35.71224]},"properties":{"name":"西大和児童公園","area_m2":286,"r_m":9.5,"source":"国土数値情報 P13 都市公園","x":-17148.28,"y":-31909.05}},{"type":"Feature","geometry":{"type":"Point","coordinates":[139.68312,35.70269]},"properties":{"name":"氷川公園","area_m2":850,"r_m":16.4,"source":"国土数値情報 P13 都市公園","x":-13593.09,"y":-32974.7}},{"type":"Feature","geometry":{"type":"Point","coordinates":[139.6774,35.69875]},"properties":{"name":"本町通り公園","area_m2":539,"r_m":13.1,"source":"国土数値情報 P13 都市公園","x":-14111.4,"y":-33411.01}},{"type":"Feature","geometry":{"type":"Point","coordinates":[139.6718,35.70792]},"properties":{"name":"天神公園","area_m2":639,"r_m":14.3,"source":"国土数値情報 P13 都市公園","x":-14616.5,"y":-32392.85}},{"type":"Feature","geometry":{"type":"Point","coordinates":[139.66597,35.70183]},"properties":{"name":"橋場公園","area_m2":416,"r_m":11.5,"source":"国土数値情報 P13 都市公園","x":-15145.19,"y":-33067.61}},{"type":"Feature","geometry":{"type":"Point","coordinates":[139.66946,35.69275]},"properties":{"name":"千代田公園","area_m2":436,"r_m":11.8,"source":"国土数値情報 P13 都市公園","x":-14831.05,"y":-34075.5}},{"type":"Feature","geometry":{"type":"Point","coordinates":[139.66203,35.69551]},"properties":{"name":"西町公園","area_m2":272,"r_m":9.3,"source":"国土数値情報 P13 都市公園","x":-15502.95,"y":-33768.15}},{"type":"Feature","geometry":{"type":"Point","coordinates":[139.67644,35.69243]},"properties":{"name":"花見公園","area_m2":392,"r_m":11.2,"source":"国土数値情報 P13 都市公園","x":-14199.39,"y":-34112.03}},{"type":"Feature","geometry":{"type":"Point","coordinates":[139.66125,35.71325]},"properties":{"name":"柏公園","area_m2":453,"r_m":12.0,"source":"国土数値情報 P13 都市公園","x":-15570.09,"y":-31799.9}},{"type":"Feature","geometry":{"type":"Point","coordinates":[139.626184,35.726586]},"properties":{"name":"西鷺公園","area_m2":429,"r_m":11.7,"source":"国土数値情報 P13 都市公園","x":-18739.79,"y":-30314.27}},{"type":"Feature","geometry":{"type":"Point","coordinates":[139.631605,35.725295]},"properties":{"name":"若葉公園","area_m2":540,"r_m":13.1,"source":"国土数値情報 P13 都市公園","x":-18249.65,"y":-30458.45}},{"type":"Feature","geometry":{"type":"Point","coordinates":[139.642703,35.716008]},"properties":{"name":"みはと公園","area_m2":1017,"r_m":18.0,"source":"国土数値情報 P13 都市公園","x":-17247.65,"y":-31490.87}},{"type":"Feature","geometry":{"type":"Point","coordinates":[139.66647,35.68278]},"properties":{"name":"ささの葉公園","area_m2":988,"r_m":17.7,"source":"国土数値情報 P13 都市公園","x":-15103.53,"y":-35181.13}},{"type":"Feature","geometry":{"type":"Point","coordinates":[139.67752,35.69725]},"properties":{"name":"青桐公園","area_m2":184,"r_m":7.7,"source":"国土数値情報 P13 都市公園","x":-14100.8,"y":-33577.44}},{"type":"Feature","geometry":{"type":"Point","coordinates":[139.6662,35.69833]},"properties":{"name":"なつめ公園","area_m2":331,"r_m":10.3,"source":"国土数値情報 P13 都市公園","x":-15125.03,"y":-33455.94}},{"type":"Feature","geometry":{"type":"Point","coordinates":[139.67078,35.71253]},"properties":{"name":"こぶし公園","area_m2":282,"r_m":9.5,"source":"国土数値情報 P13 都市公園","x":-14707.95,"y":-31881.25}},{"type":"Feature","geometry":{"type":"Point","coordinates":[139.68968,35.70838]},"properties":{"name":"けやき公園","area_m2":636,"r_m":14.2,"source":"国土数値情報 P13 都市公園","x":-12998.54,"y":-32344.33}},{"type":"Feature","geometry":{"type":"Point","coordinates":[139.67828,35.68903]},"properties":{"name":"くすの木公園","area_m2":288,"r_m":9.6,"source":"国土数値情報 P13 都市公園","x":-14033.46,"y":-34489.5}},{"type":"Feature","geometry":{"type":"Point","coordinates":[139.66777,35.70348]},"properties":{"name":"桃園公園","area_m2":251,"r_m":8.9,"source":"国土数値情報 P13 都市公園","x":-14981.99,"y":-32884.83}},{"type":"Feature","geometry":{"type":"Point","coordinates":[139.67812,35.70579]},"properties":{"name":"高根公園","area_m2":1466,"r_m":21.6,"source":"国土数値情報 P13 都市公園","x":-14045.0,"y":-32630.08}},{"type":"Feature","geometry":{"type":"Point","coordinates":[139.63841,35.72351]},"properties":{"name":"みよし公園","area_m2":200,"r_m":8.0,"source":"国土数値情報 P13 都市公園","x":-17634.4,"y":-30657.76}},{"type":"Feature","geometry":{"type":"Point","coordinates":[139.64772,35.72194]},"properties":{"name":"わかたけ公園","area_m2":440,"r_m":11.8,"source":"国土数値情報 P13 都市公園","x":-16792.46,"y":-30833.58}},{"type":"Feature","geometry":{"type":"Point","coordinates":[139.67845,35.70763]},"properties":{"name":"さくら公園","area_m2":984,"r_m":17.7,"source":"国土数値情報 P13 都市公園","x":-14014.82,"y":-32425.99}},{"type":"Feature","geometry":{"type":"Point","coordinates":[139.67993,35.70068]},"properties":{"name":"かえで公園","area_m2":511,"r_m":12.8,"source":"国土数値情報 P13 都市公園","x":-13882.1,"y":-33197.25}},{"type":"Feature","geometry":{"type":"Point","coordinates":[139.673467,35.731724]},"properties":{"name":"こぐま公園","area_m2":361,"r_m":10.7,"source":"国土数値情報 P13 都市公園","x":-14461.4,"y":-29752.16}},{"type":"Feature","geometry":{"type":"Point","coordinates":[139.639145,35.724154]},"properties":{"name":"みたけ公園","area_m2":244,"r_m":8.8,"source":"国土数値情報 P13 都市公園","x":-17567.72,"y":-30586.41}},{"type":"Feature","geometry":{"type":"Point","coordinates":[139.63553,35.72051]},"properties":{"name":"そろの木公園","area_m2":904,"r_m":17.0,"source":"国土数値情報 P13 都市公園","x":-17895.62,"y":-30990.07}},{"type":"Feature","geometry":{"type":"Point","coordinates":[139.66786,35.70707]},"properties":{"name":"あじさい公園","area_m2":499,"r_m":12.6,"source":"国土数値情報 P13 都市公園","x":-14973.18,"y":-32486.56}},{"type":"Feature","geometry":{"type":"Point","coordinates":[139.65474,35.71457]},"properties":{"name":"たんぽぽ公園","area_m2":949,"r_m":17.4,"source":"国土数値情報 P13 都市公園","x":-16158.85,"y":-31652.41}},{"type":"Feature","geometry":{"type":"Point","coordinates":[139.67166,35.70908]},"properties":{"name":"すみれ公園","area_m2":728,"r_m":15.2,"source":"国土数値情報 P13 都市公園","x":-14628.96,"y":-32264.13}},{"type":"Feature","geometry":{"type":"Point","coordinates":[139.65306,35.71952]},"properties":{"name":"くるみ公園","area_m2":195,"r_m":7.9,"source":"国土数値情報 P13 都市公園","x":-16309.85,"y":-31102.96}},{"type":"Feature","geometry":{"type":"Point","coordinates":[139.66508,35.68851]},"properties":{"name":"れんげ公園","area_m2":919,"r_m":17.1,"source":"国土数値情報 P13 都市公園","x":-15228.26,"y":-34545.22}},{"type":"Feature","geometry":{"type":"Point","coordinates":[139.68277,35.69299]},"properties":{"name":"若の芽公園","area_m2":289,"r_m":9.6,"source":"国土数値情報 P13 都市公園","x":-13626.41,"y":-34050.8}},{"type":"Feature","geometry":{"type":"Point","coordinates":[139.68254,35.70835]},"properties":{"name":"みどり公園","area_m2":798,"r_m":15.9,"source":"国土数値情報 P13 都市公園","x":-13644.61,"y":-32346.69}},{"type":"Feature","geometry":{"type":"Point","coordinates":[139.6871,35.69918]},"properties":{"name":"ゆりの木公園","area_m2":340,"r_m":10.4,"source":"国土数値情報 P13 都市公園","x":-13233.51,"y":-33364.66}},{"type":"Feature","geometry":{"type":"Point","coordinates":[139.66954,35.7022]},"properties":{"name":"いちょう公園","area_m2":484,"r_m":12.4,"source":"国土数値情報 P13 都市公園","x":-14822.06,"y":-33027.1}},{"type":"Feature","geometry":{"type":"Point","coordinates":[139.67476,35.72441]},"properties":{"name":"みずのとう公園","area_m2":2272,"r_m":26.9,"source":"国土数値情報 P13 都市公園","x":-14345.71,"y":-30563.84}},{"type":"Feature","geometry":{"type":"Point","coordinates":[139.67392,35.68908]},"properties":{"name":"ぱんだ公園","area_m2":851,"r_m":16.5,"source":"国土数値情報 P13 都市公園","x":-14428.06,"y":-34483.32}},{"type":"Feature","geometry":{"type":"Point","coordinates":[139.65901,35.71236]},"properties":{"name":"野方ひがし公園","area_m2":724,"r_m":15.2,"source":"国土数値情報 P13 都市公園","x":-15772.94,"y":-31898.28}},{"type":"Feature","geometry":{"type":"Point","coordinates":[139.65491,35.7092]},"properties":{"name":"もみの木公園","area_m2":224,"r_m":8.4,"source":"国土数値情報 P13 都市公園","x":-16144.55,"y":-32248.2}},{"type":"Feature","geometry":{"type":"Point","coordinates":[139.69257,35.71002]},"properties":{"name":"おたき公園","area_m2":380,"r_m":11.0,"source":"国土数値情報 P13 都市公園","x":-12736.77,"y":-32162.76}},{"type":"Feature","geometry":{"type":"Point","coordinates":[139.66815,35.70972]},"properties":{"name":"昭三公園","area_m2":391,"r_m":11.2,"source":"国土数値情報 P13 都市公園","x":-14946.44,"y":-32192.6}},{"type":"Feature","geometry":{"type":"Point","coordinates":[139.64755,35.71875]},"properties":{"name":"みつわ公園","area_m2":542,"r_m":13.1,"source":"国土数値情報 P13 都市公園","x":-16808.51,"y":-31187.46}},{"type":"Feature","geometry":{"type":"Point","coordinates":[139.6731,35.69661]},"properties":{"name":"本四公園","area_m2":269,"r_m":9.3,"source":"国土数値情報 P13 都市公園","x":-14500.92,"y":-33647.8}},{"type":"Feature","geometry":{"type":"Point","coordinates":[139.6571,35.71022]},"properties":{"name":"野方一丁目公園","area_m2":572,"r_m":13.5,"source":"国土数値情報 P13 都市公園","x":-15946.19,"y":-32135.39}},{"type":"Feature","geometry":{"type":"Point","coordinates":[139.66444,35.72609]},"properties":{"name":"江古田二丁目公園","area_m2":710,"r_m":15.0,"source":"国土数値情報 P13 都市公園","x":-15279.01,"y":-30375.9}},{"type":"Feature","geometry":{"type":"Point","coordinates":[139.66916,35.70815]},"properties":{"name":"打越公園","area_m2":774,"r_m":15.7,"source":"国土数値情報 P13 都市公園","x":-14855.34,"y":-32366.94}},{"type":"Feature","geometry":{"type":"Point","coordinates":[139.67834,35.70049]},"properties":{"name":"宮前公園","area_m2":1481,"r_m":21.7,"source":"国土数値情報 P13 都市公園","x":-14026.02,"y":-33218.11}},{"type":"Feature","geometry":{"type":"Point","coordinates":[139.65065,35.72436]},"properties":{"name":"丸山公園","area_m2":2884,"r_m":30.3,"source":"国土数値情報 P13 都市公園","x":-16526.89,"y":-30565.59}},{"type":"Feature","geometry":{"type":"Point","coordinates":[139.67784,35.71346]},"properties":{"name":"上高田台公園","area_m2":2948,"r_m":30.6,"source":"国土数値情報 P13 都市公園","x":-14068.99,"y":-31779.11}},{"type":"Feature","geometry":{"type":"Point","coordinates":[139.67987,35.70763]},"properties":{"name":"桜山公園","area_m2":2404,"r_m":27.7,"source":"国土数値情報 P13 都市公園","x":-13886.33,"y":-32426.19}},{"type":"Feature","geometry":{"type":"Point","coordinates":[139.66387,35.68141]},"properties":{"name":"南台公園","area_m2":3715,"r_m":34.4,"source":"国土数値情報 P13 都市公園","x":-15339.17,"y":-35332.71}},{"type":"Feature","geometry":{"type":"Point","coordinates":[139.66205,35.686877]},"properties":{"name":"丸太公園","area_m2":1314,"r_m":20.5,"source":"国土数値情報 P13 都市公園","x":-15502.83,"y":-34725.96}},{"type":"Feature","geometry":{"type":"Point","coordinates":[139.66338,35.72314]},"properties":{"name":"丸山塚公園","area_m2":2718,"r_m":29.4,"source":"国土数値情報 P13 都市公園","x":-15375.47,"y":-30703.01}},{"type":"Feature","geometry":{"type":"Point","coordinates":[139.625396,35.731369]},"properties":{"name":"上鷺西公園","area_m2":194,"r_m":7.9,"source":"国土数値情報 P13 都市公園","x":-18809.91,"y":-29783.39}},{"type":"Feature","geometry":{"type":"Point","coordinates":[139.674665,35.706497]},"properties":{"name":"文園西公園","area_m2":368,"r_m":10.8,"source":"国土数値情報 P13 都市公園","x":-14357.51,"y":-32551.13}},{"type":"Feature","geometry":{"type":"Point","coordinates":[139.62976,35.72556]},"properties":{"name":"鷺六公園","area_m2":1026,"r_m":18.1,"source":"国土数値情報 P13 都市公園","x":-18416.48,"y":-30428.74}},{"type":"Feature","geometry":{"type":"Point","coordinates":[139.67163,35.71707]},"properties":{"name":"松が丘公園","area_m2":415,"r_m":11.5,"source":"国土数値情報 P13 都市公園","x":-14630.21,"y":-31377.7}},{"type":"Feature","geometry":{"type":"Point","coordinates":[139.67596,35.70052]},"properties":{"name":"みずき公園","area_m2":725,"r_m":15.2,"source":"国土数値情報 P13 都市公園","x":-14241.4,"y":-33214.44}},{"type":"Feature","geometry":{"type":"Point","coordinates":[139.66219,35.7033]},"properties":{"name":"囲桃園公園","area_m2":1244,"r_m":19.9,"source":"国土数値情報 P13 都市公園","x":-15486.97,"y":-32903.93}},{"type":"Feature","geometry":{"type":"Point","coordinates":[139.65636,35.70943]},"properties":{"name":"早稲田通り公園","area_m2":1032,"r_m":18.1,"source":"国土数値情報 P13 都市公園","x":-16013.3,"y":-32222.92}},{"type":"Feature","geometry":{"type":"Point","coordinates":[139.67488,35.69112]},"properties":{"name":"弥生町二丁目公園","area_m2":389,"r_m":11.1,"source":"国土数値情報 P13 都市公園","x":-14340.81,"y":-34257.14}},{"type":"Feature","geometry":{"type":"Point","coordinates":[139.6683,35.71163]},"properties":{"name":"新井東公園","area_m2":613,"r_m":14.0,"source":"国土数値情報 P13 都市公園","x":-14932.51,"y":-31980.72}},{"type":"Feature","geometry":{"type":"Point","coordinates":[139.64886,35.7144]},"properties":{"name":"大和北公園","area_m2":1294,"r_m":20.3,"source":"国土数値情報 P13 都市公園","x":-16690.9,"y":-31670.28}},{"type":"Feature","geometry":{"type":"Point","coordinates":[139.67281,35.71064]},"properties":{"name":"上高田二丁目公園","area_m2":3037,"r_m":31.1,"source":"国土数値情報 P13 都市公園","x":-14524.62,"y":-32091.23}},{"type":"Feature","geometry":{"type":"Point","coordinates":[139.67044,35.70111]},"properties":{"name":"上町公園","area_m2":462,"r_m":12.1,"source":"国土数値情報 P13 都市公園","x":-14740.82,"y":-33148.16}},{"type":"Feature","geometry":{"type":"Point","coordinates":[139.66389,35.68233]},"properties":{"name":"南台三丁目公園","area_m2":956,"r_m":17.4,"source":"国土数値情報 P13 都市公園","x":-15337.15,"y":-35230.66}},{"type":"Feature","geometry":{"type":"Point","coordinates":[139.67569,35.71365]},"properties":{"name":"上高田三丁目公園","area_m2":381,"r_m":11.0,"source":"国土数値情報 P13 都市公園","x":-14263.49,"y":-31757.72}},{"type":"Feature","geometry":{"type":"Point","coordinates":[139.64244,35.71859]},"properties":{"name":"鷺南公園","area_m2":382,"r_m":11.0,"source":"国土数値情報 P13 都市公園","x":-17270.87,"y":-31204.32}},{"type":"Feature","geometry":{"type":"Point","coordinates":[139.67871,35.6945]},"properties":{"name":"東郷公園","area_m2":716,"r_m":15.1,"source":"国土数値情報 P13 都市公園","x":-13993.59,"y":-33882.7}},{"type":"Feature","geometry":{"type":"Point","coordinates":[139.6606,35.72266]},"properties":{"name":"沼四緑の公園","area_m2":568,"r_m":13.4,"source":"国土数値情報 P13 都市公園","x":-15627.07,"y":-30755.83}},{"type":"Feature","geometry":{"type":"Point","coordinates":[139.64011,35.72182]},"properties":{"name":"双鷺公園","area_m2":500,"r_m":12.6,"source":"国土数値情報 P13 都市公園","x":-17480.97,"y":-30845.56}},{"type":"Feature","geometry":{"type":"Point","coordinates":[139.65494,35.71198]},"properties":{"name":"こまどり公園","area_m2":575,"r_m":13.5,"source":"国土数値情報 P13 都市公園","x":-16141.28,"y":-31939.78}},{"type":"Feature","geometry":{"type":"Point","coordinates":[139.67056,35.70755]},"properties":{"name":"天神小公園","area_m2":446,"r_m":11.9,"source":"国土数値情報 P13 都市公園","x":-14728.77,"y":-32433.71}},{"type":"Feature","geometry":{"type":"Point","coordinates":[139.64998,35.71175]},"properties":{"name":"大和花公園","area_m2":403,"r_m":11.3,"source":"国土数値情報 P13 都市公園","x":-16590.11,"y":-31964.47}},{"type":"Feature","geometry":{"type":"Point","coordinates":[139.666331,35.730742]},"properties":{"name":"江古田の森公園","area_m2":58911,"r_m":136.9,"source":"国土数値情報 P13 都市公園","x":-15107.09,"y":-29860.09}},{"type":"Feature","geometry":{"type":"Point","coordinates":[139.67482,35.7181]},"properties":{"name":"上高田北公園","area_m2":961,"r_m":17.5,"source":"国土数値情報 P13 都市公園","x":-14341.41,"y":-31263.9}},{"type":"Feature","geometry":{"type":"Point","coordinates":[139.65321,35.72336]},"properties":{"name":"籠原公園","area_m2":338,"r_m":10.4,"source":"国土数値情報 P13 都市公園","x":-16295.49,"y":-30676.96}},{"type":"Feature","geometry":{"type":"Point","coordinates":[139.63564,35.72223]},"properties":{"name":"鷺宮運動広場","area_m2":4920,"r_m":39.6,"source":"国土数値情報 P13 都市公園","x":-17885.28,"y":-30799.27}},{"type":"Feature","geometry":{"type":"Point","coordinates":[139.66805,35.69514]},"properties":{"name":"西町花の公園","area_m2":325,"r_m":10.2,"source":"国土数値情報 P13 都市公園","x":-14958.21,"y":-33810.13}},{"type":"Feature","geometry":{"type":"Point","coordinates":[139.63597,35.71873]},"properties":{"name":"白鷺公園","area_m2":378,"r_m":11.0,"source":"国土数値情報 P13 都市公園","x":-17856.21,"y":-31187.63}},{"type":"Feature","geometry":{"type":"Point","coordinates":[139.68616,35.70077]},"properties":{"name":"小淀公園","area_m2":713,"r_m":15.1,"source":"国土数値情報 P13 都市公園","x":-13318.31,"y":-33188.13}},{"type":"Feature","geometry":{"type":"Point","coordinates":[139.67125,35.68435]},"properties":{"name":"みなみの広場","area_m2":296,"r_m":9.7,"source":"国土数値情報 P13 都市公園","x":-14670.59,"y":-35007.68}},{"type":"Feature","geometry":{"type":"Point","coordinates":[139.64162,35.72031]},"properties":{"name":"かしの木公園","area_m2":1411,"r_m":21.2,"source":"国土数値情報 P13 都市公園","x":-17344.69,"y":-31013.35}},{"type":"Feature","geometry":{"type":"Point","coordinates":[139.66043,35.71893]},"properties":{"name":"さんかく公園","area_m2":332,"r_m":10.3,"source":"国土数値情報 P13 都市公園","x":-15643.18,"y":-31169.62}},{"type":"Feature","geometry":{"type":"Point","coordinates":[139.63136,35.732484]},"properties":{"name":"アカシア広場","area_m2":1277,"r_m":20.2,"source":"国土数値情報 P13 都市公園","x":-18270.15,"y":-29660.91}},{"type":"Feature","geometry":{"type":"Point","coordinates":[139.67397,35.70069]},"properties":{"name":"仲町公園","area_m2":541,"r_m":13.1,"source":"国土数値情報 P13 都市公園","x":-14421.45,"y":-33195.28}},{"type":"Feature","geometry":{"type":"Point","coordinates":[139.646427,35.712766]},"properties":{"name":"大和鹿鳴公園","area_m2":438,"r_m":11.8,"source":"国土数値情報 P13 都市公園","x":-16911.37,"y":-31851.18}},{"type":"Feature","geometry":{"type":"Point","coordinates":[139.66191,35.70211]},"properties":{"name":"子宝公園","area_m2":122,"r_m":6.2,"source":"国土数値情報 P13 都市公園","x":-15512.53,"y":-33035.91}},{"type":"Feature","geometry":{"type":"Point","coordinates":[139.67369,35.71117]},"properties":{"name":"上一こなら公園","area_m2":479,"r_m":12.3,"source":"国土数値情報 P13 都市公園","x":-14444.9,"y":-32032.56}},{"type":"Feature","geometry":{"type":"Point","coordinates":[139.64703,35.71191]},"properties":{"name":"みすみ公園","area_m2":203,"r_m":8.0,"source":"国土数値情報 P13 都市公園","x":-16857.0,"y":-31946.22}},{"type":"Feature","geometry":{"type":"Point","coordinates":[139.67636,35.68785]},"properties":{"name":"弥生こぶし公園","area_m2":416,"r_m":11.5,"source":"国土数値情報 P13 都市公園","x":-14207.44,"y":-34620.13}},{"type":"Feature","geometry":{"type":"Point","coordinates":[139.65018,35.72247]},"properties":{"name":"こうさぎ公園","area_m2":338,"r_m":10.4,"source":"国土数値情報 P13 都市公園","x":-16569.8,"y":-30775.2}},{"type":"Feature","geometry":{"type":"Point","coordinates":[139.672716,35.73244]},"properties":{"name":"江原屋敷森緑地","area_m2":992,"r_m":17.8,"source":"国土数値情報 P13 都市公園","x":-14529.13,"y":-29672.72}},{"type":"Feature","geometry":{"type":"Point","coordinates":[139.66417,35.72539]},"properties":{"name":"江古四しいの木公園","area_m2":189,"r_m":7.8,"source":"国土数値情報 P13 都市公園","x":-15303.57,"y":-30453.51}},{"type":"Feature","geometry":{"type":"Point","coordinates":[139.67633,35.69942]},"properties":{"name":"ひまわり公園","area_m2":288,"r_m":9.6,"source":"国土数値情報 P13 都市公園","x":-14208.11,"y":-33336.53}},{"type":"Feature","geometry":{"type":"Point","coordinates":[139.68497,35.69585]},"properties":{"name":"なかの坂公園","area_m2":175,"r_m":7.5,"source":"国土数値情報 P13 都市公園","x":-13426.82,"y":-33733.81}},{"type":"Feature","geometry":{"type":"Point","coordinates":[139.62801,35.73384]},"properties":{"name":"風の子ひろば","area_m2":2904,"r_m":30.4,"source":"国土数値情報 P13 都市公園","x":-18572.87,"y":-29509.8}},{"type":"Feature","geometry":{"type":"Point","coordinates":[139.66959,35.7228]},"properties":{"name":"片山小さな緑地","area_m2":164,"r_m":7.2,"source":"国土数値情報 P13 都市公園","x":-14813.72,"y":-30741.69}},{"type":"Feature","geometry":{"type":"Point","coordinates":[139.66133,35.71265]},"properties":{"name":"草の実公園","area_m2":236,"r_m":8.7,"source":"国土数値情報 P13 都市公園","x":-15562.97,"y":-31866.48}},{"type":"Feature","geometry":{"type":"Point","coordinates":[139.67168,35.72515]},"properties":{"name":"江古－御嶽公園","area_m2":314,"r_m":10.0,"source":"国土数値情報 P13 都市公園","x":-14624.21,"y":-30481.29}},{"type":"Feature","geometry":{"type":"Point","coordinates":[139.63731,35.71676]},"properties":{"name":"白鷺ネムノキ公園","area_m2":701,"r_m":14.9,"source":"国土数値情報 P13 都市公園","x":-17735.41,"y":-31406.43}},{"type":"Feature","geometry":{"type":"Point","coordinates":[139.64006,35.71725]},"properties":{"name":"わかさぎ公園","area_m2":760,"r_m":15.6,"source":"国土数値情報 P13 都市公園","x":-17486.49,"y":-31352.56}},{"type":"Feature","geometry":{"type":"Point","coordinates":[139.674949,35.702478]},"properties":{"name":"やまぶき公園","area_m2":102,"r_m":5.7,"source":"国土数値情報 P13 都市公園","x":-14332.5,"y":-32997.09}},{"type":"Feature","geometry":{"type":"Point","coordinates":[139.68381,35.69313]},"properties":{"name":"神田川はなひろば","area_m2":392,"r_m":11.2,"source":"国土数値情報 P13 都市公園","x":-13532.26,"y":-34035.41}},{"type":"Feature","geometry":{"type":"Point","coordinates":[139.62683,35.73328]},"properties":{"name":"上鷺いこい公園","area_m2":512,"r_m":12.8,"source":"国土数値情報 P13 都市公園","x":-18679.74,"y":-29571.71}},{"type":"Feature","geometry":{"type":"Point","coordinates":[139.66924,35.72767]},"properties":{"name":"本多山公園","area_m2":1263,"r_m":20.1,"source":"国土数値情報 P13 都市公園","x":-14844.48,"y":-30201.34}},{"type":"Feature","geometry":{"type":"Point","coordinates":[139.67676,35.70761]},"properties":{"name":"そらまめ公園","area_m2":137,"r_m":6.6,"source":"国土数値情報 P13 都市公園","x":-14167.75,"y":-32427.97}},{"type":"Feature","geometry":{"type":"Point","coordinates":[139.64043,35.72044]},"properties":{"name":"若宮オリーブ公園","area_m2":995,"r_m":17.8,"source":"国土数値情報 P13 都市公園","x":-17452.32,"y":-30998.72}},{"type":"Feature","geometry":{"type":"Point","coordinates":[139.63489,35.71829]},"properties":{"name":"白鷺ふれあい公園","area_m2":1329,"r_m":20.6,"source":"国土数値情報 P13 都市公園","x":-17954.02,"y":-31236.25}},{"type":"Feature","geometry":{"type":"Point","coordinates":[139.652947,35.71732]},"properties":{"name":"沼栄橋公園","area_m2":773,"r_m":15.7,"source":"国土数値情報 P13 都市公園","x":-16320.48,"y":-31346.97}},{"type":"Feature","geometry":{"type":"Point","coordinates":[139.61974,35.69761]},"properties":{"name":"荻窪公園","area_m2":1382,"r_m":21.0,"source":"国土数値情報 P13 都市公園","x":-19329.7,"y":-33527.67}},{"type":"Feature","geometry":{"type":"Point","coordinates":[139.60509,35.70882]},"properties":{"name":"関根文化公園","area_m2":2480,"r_m":28.1,"source":"国土数値情報 P13 都市公園","x":-20652.6,"y":-32281.02}},{"type":"Feature","geometry":{"type":"Point","coordinates":[139.63675,35.67791]},"properties":{"name":"西永福公園","area_m2":2518,"r_m":28.3,"source":"国土数値情報 P13 都市公園","x":-17794.7,"y":-35716.45}},{"type":"Feature","geometry":{"type":"Point","coordinates":[139.65932,35.68567]},"properties":{"name":"方南公園","area_m2":2670,"r_m":29.2,"source":"国土数値情報 P13 都市公園","x":-15750.14,"y":-34859.39}},{"type":"Feature","geometry":{"type":"Point","coordinates":[139.66139,35.68727]},"properties":{"name":"和田公園","area_m2":2737,"r_m":29.5,"source":"国土数値情報 P13 都市公園","x":-15562.47,"y":-34682.21}},{"type":"Feature","geometry":{"type":"Point","coordinates":[139.61819,35.71731]},"properties":{"name":"妙正寺公園","area_m2":12444,"r_m":62.9,"source":"国土数値情報 P13 都市公園","x":-19465.18,"y":-31341.79}},{"type":"Feature","geometry":{"type":"Point","coordinates":[139.64893,35.70689]},"properties":{"name":"高円寺北公園","area_m2":1809,"r_m":24.0,"source":"国土数値情報 P13 都市公園","x":-16686.13,"y":-32503.47}},{"type":"Feature","geometry":{"type":"Point","coordinates":[139.63988,35.68158]},"properties":{"name":"大宮児童公園","area_m2":1587,"r_m":22.5,"source":"国土数値情報 P13 都市公園","x":-17510.57,"y":-35309.85}},{"type":"Feature","geometry":{"type":"Point","coordinates":[139.65149,35.70355]},"properties":{"name":"高円寺中央公園","area_m2":1501,"r_m":21.9,"source":"国土数値情報 P13 都市公園","x":-16455.17,"y":-32874.45}},{"type":"Feature","geometry":{"type":"Point","coordinates":[139.653638,35.695809]},"properties":{"name":"梅里公園","area_m2":5621,"r_m":42.3,"source":"国土数値情報 P13 都市公園","x":-16262.41,"y":-33733.58}},{"type":"Feature","geometry":{"type":"Point","coordinates":[139.60002,35.71944]},"properties":{"name":"三谷公園","area_m2":1789,"r_m":23.9,"source":"国土数値情報 P13 都市公園","x":-21108.56,"y":-31101.72}},{"type":"Feature","geometry":{"type":"Point","coordinates":[139.65833,35.70221]},"properties":{"name":"高円寺東公園","area_m2":2719,"r_m":29.4,"source":"国土数値情報 P13 都市公園","x":-15836.48,"y":-33024.24}},{"type":"Feature","geometry":{"type":"Point","coordinates":[139.649063,35.688022]},"properties":{"name":"済美公園","area_m2":6521,"r_m":45.6,"source":"国土数値情報 P13 都市公園","x":-16678.03,"y":-34596.81}},{"type":"Feature","geometry":{"type":"Point","coordinates":[139.651648,35.671379]},"properties":{"name":"玉川上水公園","area_m2":4253,"r_m":36.8,"source":"国土数値情報 P13 都市公園","x":-16447.49,"y":-36443.57}},{"type":"Feature","geometry":{"type":"Point","coordinates":[139.630646,35.671116]},"properties":{"name":"玉川上水第二公園","area_m2":13194,"r_m":64.8,"source":"国土数値情報 P13 都市公園","x":-18348.82,"y":-36469.03}},{"type":"Feature","geometry":{"type":"Point","coordinates":[139.65616,35.70126]},"properties":{"name":"桃園川緑道","area_m2":8949,"r_m":53.4,"source":"国土数値情報 P13 都市公園","x":-16033.04,"y":-33129.28}},{"type":"Feature","geometry":{"type":"Point","coordinates":[139.6066,35.69633]},"properties":{"name":"大宮前公園","area_m2":3827,"r_m":34.9,"source":"国土数値情報 P13 都市公園","x":-20519.17,"y":-33667.01}},{"type":"Feature","geometry":{"type":"Point","coordinates":[139.61241,35.71164]},"properties":{"name":"桃井公園","area_m2":1316,"r_m":20.5,"source":"国土数値情報 P13 都市公園","x":-19989.54,"y":-31969.67}},{"type":"Feature","geometry":{"type":"Point","coordinates":[139.644727,35.702151]},"properties":{"name":"高円寺南公園","area_m2":768,"r_m":15.6,"source":"国土数値情報 P13 都市公園","x":-17067.5,"y":-33028.55}},{"type":"Feature","geometry":{"type":"Point","coordinates":[139.61526,35.69246]},"properties":{"name":"宮下公園","area_m2":1298,"r_m":20.3,"source":"国土数値情報 P13 都市公園","x":-19736.4,"y":-34098.13}},{"type":"Feature","geometry":{"type":"Point","coordinates":[139.59758,35.70881]},"properties":{"name":"井荻公園","area_m2":3939,"r_m":35.4,"source":"国土数値情報 P13 都市公園","x":-21332.14,"y":-32280.52}},{"type":"Feature","geometry":{"type":"Point","coordinates":[139.61038,35.72552]},"properties":{"name":"矢頭公園","area_m2":1169,"r_m":19.3,"source":"国土数値情報 P13 都市公園","x":-20169.72,"y":-30429.37}},{"type":"Feature","geometry":{"type":"Point","coordinates":[139.630493,35.716981]},"properties":{"name":"東原公園","area_m2":662,"r_m":14.5,"source":"国土数値情報 P13 都市公園","x":-18352.16,"y":-31380.65}},{"type":"Feature","geometry":{"type":"Point","coordinates":[139.620425,35.728524]},"properties":{"name":"八成公園","area_m2":595,"r_m":13.8,"source":"国土数値情報 P13 都市公園","x":-19260.24,"y":-30098.12}},{"type":"Feature","geometry":{"type":"Point","coordinates":[139.64168,35.69106]},"properties":{"name":"松ノ木公園","area_m2":663,"r_m":14.5,"source":"国土数値情報 P13 都市公園","x":-17345.59,"y":-34258.44}},{"type":"Feature","geometry":{"type":"Point","coordinates":[139.63785,35.70914]},"properties":{"name":"阿佐谷中央公園","area_m2":2257,"r_m":26.8,"source":"国土数値情報 P13 都市公園","x":-17688.23,"y":-32251.91}},{"type":"Feature","geometry":{"type":"Point","coordinates":[139.62952,35.70347]},"properties":{"name":"阿佐谷南公園","area_m2":1178,"r_m":19.4,"source":"国土数値情報 P13 都市公園","x":-18443.28,"y":-32879.42}},{"type":"Feature","geometry":{"type":"Point","coordinates":[139.63142,35.68085]},"properties":{"name":"浜田山東公園","area_m2":661,"r_m":14.5,"source":"国土数値情報 P13 都市公園","x":-18276.5,"y":-35389.3}},{"type":"Feature","geometry":{"type":"Point","coordinates":[139.63597,35.6705]},"properties":{"name":"下高井戸公園","area_m2":2234,"r_m":26.7,"source":"国土数値情報 P13 都市公園","x":-17866.96,"y":-36538.39}},{"type":"Feature","geometry":{"type":"Point","coordinates":[139.64151,35.66782]},"properties":{"name":"玉川上水第三公園","area_m2":12251,"r_m":62.4,"source":"国土数値情報 P13 都市公園","x":-17366.01,"y":-36836.7}},{"type":"Feature","geometry":{"type":"Point","coordinates":[139.65828,35.69594]},"properties":{"name":"和田北公園","area_m2":1018,"r_m":18.0,"source":"国土数値情報 P13 都市公園","x":-15842.24,"y":-33719.84}},{"type":"Feature","geometry":{"type":"Point","coordinates":[139.65393,35.69213]},"properties":{"name":"堀ノ内東公園","area_m2":1233,"r_m":19.8,"source":"国土数値情報 P13 都市公園","x":-16236.69,"y":-34141.82}},{"type":"Feature","geometry":{"type":"Point","coordinates":[139.639081,35.671175]},"properties":{"name":"永福南公園","area_m2":1647,"r_m":22.9,"source":"国土数値情報 P13 都市公園","x":-17585.21,"y":-36464.08}},{"type":"Feature","geometry":{"type":"Point","coordinates":[139.63158,35.6886]},"properties":{"name":"杉並児童交通公園","area_m2":9187,"r_m":54.1,"source":"国土数値情報 P13 都市公園","x":-18260.26,"y":-34529.52}},{"type":"Feature","geometry":{"type":"Point","coordinates":[139.652447,35.68095]},"properties":{"name":"べんてんばし公園","area_m2":1419,"r_m":21.3,"source":"国土数値情報 P13 都市公園","x":-16373.18,"y":-35381.94}},{"type":"Feature","geometry":{"type":"Point","coordinates":[139.59744,35.68869]},"properties":{"name":"久我山公園","area_m2":1816,"r_m":24.0,"source":"国土数値情報 P13 都市公園","x":-21350.17,"y":-34512.66}},{"type":"Feature","geometry":{"type":"Point","coordinates":[139.64215,35.68057]},"properties":{"name":"永福北公園","area_m2":602,"r_m":13.8,"source":"国土数値情報 P13 都市公園","x":-17305.32,"y":-35422.3}},{"type":"Feature","geometry":{"type":"Point","coordinates":[139.62741,35.708]},"properties":{"name":"天沼東公園","area_m2":587,"r_m":13.7,"source":"国土数値情報 P13 都市公園","x":-18633.16,"y":-32376.46}},{"type":"Feature","geometry":{"type":"Point","coordinates":[139.60136,35.71757]},"properties":{"name":"道潅公園","area_m2":661,"r_m":14.5,"source":"国土数値情報 P13 都市公園","x":-20987.81,"y":-31309.47}},{"type":"Feature","geometry":{"type":"Point","coordinates":[139.62143,35.68886]},"properties":{"name":"高井戸東公園","area_m2":882,"r_m":16.8,"source":"国土数値情報 P13 都市公園","x":-19178.85,"y":-34498.74}},{"type":"Feature","geometry":{"type":"Point","coordinates":[139.60701,35.67924]},"properties":{"name":"浅間橋公園","area_m2":1340,"r_m":20.7,"source":"国土数値情報 P13 都市公園","x":-20486.43,"y":-35563.1}},{"type":"Feature","geometry":{"type":"Point","coordinates":[139.607909,35.687583]},"properties":{"name":"富士見丘北公園","area_m2":765,"r_m":15.6,"source":"国土数値情報 P13 都市公園","x":-20402.93,"y":-34637.67}},{"type":"Feature","geometry":{"type":"Point","coordinates":[139.62274,35.67349]},"properties":{"name":"下高井戸西公園","area_m2":2502,"r_m":28.2,"source":"国土数値情報 P13 都市公園","x":-19063.94,"y":-36204.18}},{"type":"Feature","geometry":{"type":"Point","coordinates":[139.62675,35.68113]},"properties":{"name":"浜田山公園","area_m2":4595,"r_m":38.2,"source":"国土数値情報 P13 都市公園","x":-18699.15,"y":-35357.35}},{"type":"Feature","geometry":{"type":"Point","coordinates":[139.60094,35.69368]},"properties":{"name":"西宮公園","area_m2":499,"r_m":12.6,"source":"国土数値情報 P13 都市公園","x":-21032.09,"y":-33959.81}},{"type":"Feature","geometry":{"type":"Point","coordinates":[139.66014,35.67881]},"properties":{"name":"方南中央公園","area_m2":1428,"r_m":21.3,"source":"国土数値情報 P13 都市公園","x":-15677.26,"y":-35620.58}},{"type":"Feature","geometry":{"type":"Point","coordinates":[139.61678,35.72812]},"properties":{"name":"井草北公園","area_m2":995,"r_m":17.8,"source":"国土数値情報 P13 都市公園","x":-19590.1,"y":-30142.21}},{"type":"Feature","geometry":{"type":"Point","coordinates":[139.6279,35.71209]},"properties":{"name":"本天沼南公園","area_m2":698,"r_m":14.9,"source":"国土数値情報 P13 都市公園","x":-18587.87,"y":-31922.79}},{"type":"Feature","geometry":{"type":"Point","coordinates":[139.61501,35.67999]},"properties":{"name":"つくだ公園","area_m2":1135,"r_m":19.0,"source":"国土数値情報 P13 都市公園","x":-19762.1,"y":-35481.53}},{"type":"Feature","geometry":{"type":"Point","coordinates":[139.6189,35.72707]},"properties":{"name":"井草公園","area_m2":2844,"r_m":30.1,"source":"国土数値情報 P13 都市公園","x":-19398.57,"y":-30259.13}},{"type":"Feature","geometry":{"type":"Point","coordinates":[139.60843,35.69685]},"properties":{"name":"小鳩公園","area_m2":595,"r_m":13.8,"source":"国土数値情報 P13 都市公園","x":-20353.42,"y":-33609.7}},{"type":"Feature","geometry":{"type":"Point","coordinates":[139.59198,35.6968]},"properties":{"name":"松庵公園","area_m2":1360,"r_m":20.8,"source":"国土数値情報 P13 都市公園","x":-21842.14,"y":-33611.71}},{"type":"Feature","geometry":{"type":"Point","coordinates":[139.64935,35.68862]},"properties":{"name":"谷中公園","area_m2":640,"r_m":14.3,"source":"国土数値情報 P13 都市公園","x":-16651.93,"y":-34530.46}},{"type":"Feature","geometry":{"type":"Point","coordinates":[139.63235,35.67727]},"properties":{"name":"浜田山南公園","area_m2":819,"r_m":16.1,"source":"国土数値情報 P13 都市公園","x":-18193.14,"y":-35786.64}},{"type":"Feature","geometry":{"type":"Point","coordinates":[139.63994,35.70184]},"properties":{"name":"阿佐谷東公園","area_m2":1845,"r_m":24.2,"source":"国土数値情報 P13 都市公園","x":-17500.72,"y":-33062.17}},{"type":"Feature","geometry":{"type":"Point","coordinates":[139.6134,35.68889]},"properties":{"name":"高井戸西公園","area_m2":3000,"r_m":30.9,"source":"国土数値情報 P13 都市公園","x":-19905.62,"y":-34493.82}},{"type":"Feature","geometry":{"type":"Point","coordinates":[139.620799,35.67965]},"properties":{"name":"三泉淵緑地","area_m2":1663,"r_m":23.0,"source":"国土数値情報 P13 都市公園","x":-19238.2,"y":-35520.35}},{"type":"Feature","geometry":{"type":"Point","coordinates":[139.620367,35.680013]},"properties":{"name":"三泉淵第二公園","area_m2":390,"r_m":11.1,"source":"国土数値情報 P13 都市公園","x":-19277.15,"y":-35480.04}},{"type":"Feature","geometry":{"type":"Point","coordinates":[139.59538,35.71978]},"properties":{"name":"上井草西公園","area_m2":913,"r_m":17.0,"source":"国土数値情報 P13 都市公園","x":-21528.26,"y":-31063.0}},{"type":"Feature","geometry":{"type":"Point","coordinates":[139.606993,35.722819]},"properties":{"name":"四宮公園","area_m2":393,"r_m":11.2,"source":"国土数値情報 P13 都市公園","x":-20476.78,"y":-30728.29}},{"type":"Feature","geometry":{"type":"Point","coordinates":[139.61348,35.69614]},"properties":{"name":"南荻窪公園","area_m2":710,"r_m":15.0,"source":"国土数値情報 P13 都市公園","x":-19896.58,"y":-33689.5}},{"type":"Feature","geometry":{"type":"Point","coordinates":[139.65701,35.70026]},"properties":{"name":"かえる公園","area_m2":288,"r_m":9.6,"source":"国土数値情報 P13 都市公園","x":-15956.32,"y":-33240.37}},{"type":"Feature","geometry":{"type":"Point","coordinates":[139.61942,35.70871]},"properties":{"name":"天沼西公園","area_m2":1061,"r_m":18.4,"source":"国土数値情報 P13 都市公園","x":-19355.97,"y":-32296.14}},{"type":"Feature","geometry":{"type":"Point","coordinates":[139.64034,35.6931]},"properties":{"name":"東二公園","area_m2":1032,"r_m":18.1,"source":"国土数値情報 P13 都市公園","x":-17466.43,"y":-34031.88}},{"type":"Feature","geometry":{"type":"Point","coordinates":[139.62093,35.69521]},"properties":{"name":"西田公園","area_m2":783,"r_m":15.8,"source":"国土数値情報 P13 都市公園","x":-19222.58,"y":-33794.16}},{"type":"Feature","geometry":{"type":"Point","coordinates":[139.61462,35.72668]},"properties":{"name":"住吉公園","area_m2":754,"r_m":15.5,"source":"国土数値情報 P13 都市公園","x":-19785.86,"y":-30301.54}},{"type":"Feature","geometry":{"type":"Point","coordinates":[139.650755,35.683499]},"properties":{"name":"だいしょうじ公園","area_m2":683,"r_m":14.7,"source":"国土数値情報 P13 都市公園","x":-16525.8,"y":-35098.81}},{"type":"Feature","geometry":{"type":"Point","coordinates":[139.65785,35.70641]},"properties":{"name":"たかはら公園","area_m2":2308,"r_m":27.1,"source":"国土数値情報 P13 都市公園","x":-15879.08,"y":-32558.21}},{"type":"Feature","geometry":{"type":"Point","coordinates":[139.64502,35.69433]},"properties":{"name":"松ノ木北公園","area_m2":374,"r_m":10.9,"source":"国土数値情報 P13 都市公園","x":-17042.61,"y":-33896.24}},{"type":"Feature","geometry":{"type":"Point","coordinates":[139.64827,35.70189]},"properties":{"name":"高南小公園","area_m2":254,"r_m":9.0,"source":"国土数値情報 P13 都市公園","x":-16746.9,"y":-33058.07}},{"type":"Feature","geometry":{"type":"Point","coordinates":[139.60597,35.72371]},"properties":{"name":"上井草向山公園","area_m2":591,"r_m":13.7,"source":"国土数値情報 P13 都市公園","x":-20569.14,"y":-30629.26}},{"type":"Feature","geometry":{"type":"Point","coordinates":[139.62186,35.69514]},"properties":{"name":"松渓公園","area_m2":3552,"r_m":33.6,"source":"国土数値情報 P13 都市公園","x":-19138.43,"y":-33802.11}},{"type":"Feature","geometry":{"type":"Point","coordinates":[139.58586,35.71635]},"properties":{"name":"善福寺西の山公園","area_m2":390,"r_m":11.1,"source":"国土数値情報 P13 都市公園","x":-22390.52,"y":-31441.4}},{"type":"Feature","geometry":{"type":"Point","coordinates":[139.630858,35.716135]},"properties":{"name":"すぎのこ公園","area_m2":336,"r_m":10.3,"source":"国土数値情報 P13 都市公園","x":-18319.34,"y":-31474.6}},{"type":"Feature","geometry":{"type":"Point","coordinates":[139.63292,35.70738]},"properties":{"name":"阿佐谷西公園","area_m2":1109,"r_m":18.8,"source":"国土数値情報 P13 都市公園","x":-18134.72,"y":-32446.27}},{"type":"Feature","geometry":{"type":"Point","coordinates":[139.608485,35.679979]},"properties":{"name":"昭栄公園","area_m2":4950,"r_m":39.7,"source":"国土数値情報 P13 都市公園","x":-20352.73,"y":-35481.47}},{"type":"Feature","geometry":{"type":"Point","coordinates":[139.62717,35.71461]},"properties":{"name":"本天沼北公園","area_m2":368,"r_m":10.8,"source":"国土数値情報 P13 都市公園","x":-18653.34,"y":-31643.08}},{"type":"Feature","geometry":{"type":"Point","coordinates":[139.58667,35.71545]},"properties":{"name":"善福寺中山公園","area_m2":389,"r_m":11.1,"source":"国土数値情報 P13 都市公園","x":-22317.49,"y":-31541.43}},{"type":"Feature","geometry":{"type":"Point","coordinates":[139.59627,35.69064]},"properties":{"name":"久我山つくし公園","area_m2":397,"r_m":11.2,"source":"国土数値情報 P13 都市公園","x":-21455.55,"y":-34296.06}},{"type":"Feature","geometry":{"type":"Point","coordinates":[139.65282,35.68804]},"properties":{"name":"堀ノ内南公園","area_m2":660,"r_m":14.5,"source":"国土数値情報 P13 都市公園","x":-16337.98,"y":-34595.39}},{"type":"Feature","geometry":{"type":"Point","coordinates":[139.6115,35.71373]},"properties":{"name":"中通公園","area_m2":660,"r_m":14.5,"source":"国土数値情報 P13 都市公園","x":-20071.36,"y":-31737.62}},{"type":"Feature","geometry":{"type":"Point","coordinates":[139.61748,35.70081]},"properties":{"name":"おしかわ公園","area_m2":345,"r_m":10.5,"source":"国土数値情報 P13 都市公園","x":-19533.44,"y":-33172.2}},{"type":"Feature","geometry":{"type":"Point","coordinates":[139.59573,35.69678]},"properties":{"name":"松庵東公園","area_m2":761,"r_m":15.6,"source":"国土数値情報 P13 都市公園","x":-21502.77,"y":-33614.76}},{"type":"Feature","geometry":{"type":"Point","coordinates":[139.65543,35.69852]},"properties":{"name":"やなぎ公園","area_m2":440,"r_m":11.8,"source":"国土数値情報 P13 都市公園","x":-16099.65,"y":-33433.15}},{"type":"Feature","geometry":{"type":"Point","coordinates":[139.61263,35.67121]},"properties":{"name":"上高井戸南公園","area_m2":1058,"r_m":18.4,"source":"国土数値情報 P13 都市公園","x":-19979.72,"y":-36455.12}},{"type":"Feature","geometry":{"type":"Point","coordinates":[139.58914,35.71289]},"properties":{"name":"善福寺だいかんやま公園","area_m2":660,"r_m":14.5,"source":"国土数値情報 P13 都市公園","x":-22094.71,"y":-31826.01}},{"type":"Feature","geometry":{"type":"Point","coordinates":[139.62657,35.68341]},"properties":{"name":"浜田山かなめ公園","area_m2":771,"r_m":15.7,"source":"国土数値情報 P13 都市公園","x":-18714.91,"y":-35104.37}},{"type":"Feature","geometry":{"type":"Point","coordinates":[139.64145,35.69947]},"properties":{"name":"阿佐谷にしはら公園","area_m2":1657,"r_m":23.0,"source":"国土数値情報 P13 都市公園","x":-17364.59,"y":-33325.37}},{"type":"Feature","geometry":{"type":"Point","coordinates":[139.62767,35.71946]},"properties":{"name":"下井草二丁目公園","area_m2":504,"r_m":12.7,"source":"国土数値情報 P13 都市公園","x":-18606.97,"y":-31105.1}},{"type":"Feature","geometry":{"type":"Point","coordinates":[139.6434,35.69122]},"properties":{"name":"松ノ木中央公園","area_m2":539,"r_m":13.1,"source":"国土数値情報 P13 都市公園","x":-17189.89,"y":-34240.99}},{"type":"Feature","geometry":{"type":"Point","coordinates":[139.61143,35.69297]},"properties":{"name":"大善公園","area_m2":855,"r_m":16.5,"source":"国土数値情報 P13 都市公園","x":-20082.9,"y":-34040.77}},{"type":"Feature","geometry":{"type":"Point","coordinates":[139.59776,35.7133]},"properties":{"name":"善福寺一丁目公園","area_m2":661,"r_m":14.5,"source":"国土数値情報 P13 都市公園","x":-21314.66,"y":-31782.43}},{"type":"Feature","geometry":{"type":"Point","coordinates":[139.6526,35.70702]},"properties":{"name":"高円寺北二公園","area_m2":1114,"r_m":18.8,"source":"国土数値情報 P13 都市公園","x":-16354.02,"y":-32489.67}},{"type":"Feature","geometry":{"type":"Point","coordinates":[139.652625,35.679965]},"properties":{"name":"和泉がけ公園","area_m2":883,"r_m":16.8,"source":"国土数値情報 P13 都市公園","x":-16357.24,"y":-35491.26}},{"type":"Feature","geometry":{"type":"Point","coordinates":[139.651041,35.679352]},"properties":{"name":"一本橋公園","area_m2":716,"r_m":15.1,"source":"国土数値情報 P13 都市公園","x":-16500.82,"y":-35558.92}},{"type":"Feature","geometry":{"type":"Point","coordinates":[139.628411,35.701718]},"properties":{"name":"成宗公園","area_m2":1062,"r_m":18.4,"source":"国土数値情報 P13 都市公園","x":-18544.08,"y":-33073.58}},{"type":"Feature","geometry":{"type":"Point","coordinates":[139.642227,35.669366]},"properties":{"name":"ひまわり公園","area_m2":732,"r_m":15.3,"source":"国土数値情報 P13 都市公園","x":-17300.77,"y":-36665.29}},{"type":"Feature","geometry":{"type":"Point","coordinates":[139.643692,35.669295]},"properties":{"name":"どんぐり緑地","area_m2":686,"r_m":14.8,"source":"国土数値情報 P13 都市公園","x":-17168.17,"y":-36673.48}},{"type":"Feature","geometry":{"type":"Point","coordinates":[139.64645,35.70724]},"properties":{"name":"馬橋北公園","area_m2":314,"r_m":10.0,"source":"国土数値情報 P13 都市公園","x":-16910.47,"y":-32464.22}},{"type":"Feature","geometry":{"type":"Point","coordinates":[139.64322,35.66791]},"properties":{"name":"玉川上水永泉寺緑地","area_m2":4813,"r_m":39.1,"source":"国土数値情報 P13 都市公園","x":-17211.19,"y":-36827.02}},{"type":"Feature","geometry":{"type":"Point","coordinates":[139.65498,35.69221]},"properties":{"name":"和田西公園","area_m2":372,"r_m":10.9,"source":"国土数値情報 P13 都市公園","x":-16141.64,"y":-34133.12}},{"type":"Feature","geometry":{"type":"Point","coordinates":[139.60156,35.69512]},"properties":{"name":"なかよし公園","area_m2":550,"r_m":13.2,"source":"国土数値情報 P13 都市公園","x":-20975.6,"y":-33800.18}},{"type":"Feature","geometry":{"type":"Point","coordinates":[139.619636,35.677499]},"properties":{"name":"堂の上公園","area_m2":275,"r_m":9.4,"source":"国土数値情報 P13 都市公園","x":-19343.97,"y":-35758.78}},{"type":"Feature","geometry":{"type":"Point","coordinates":[139.65228,35.68652]},"properties":{"name":"堀ノ内二丁目公園","area_m2":137,"r_m":6.6,"source":"国土数値情報 P13 都市公園","x":-16387.17,"y":-34763.94}},{"type":"Feature","geometry":{"type":"Point","coordinates":[139.61615,35.69266]},"properties":{"name":"まてば緑地","area_m2":399,"r_m":11.3,"source":"国土数値情報 P13 都市公園","x":-19655.8,"y":-34076.12}},{"type":"Feature","geometry":{"type":"Point","coordinates":[139.65919,35.6806]},"properties":{"name":"方南二丁目公園","area_m2":1485,"r_m":21.7,"source":"国土数値情報 P13 都市公園","x":-15762.91,"y":-35421.84}},{"type":"Feature","geometry":{"type":"Point","coordinates":[139.60811,35.72462]},"properties":{"name":"四宮森公園","area_m2":1853,"r_m":24.3,"source":"国土数値情報 P13 都市公園","x":-20375.31,"y":-30528.75}},{"type":"Feature","geometry":{"type":"Point","coordinates":[139.60953,35.71935]},"properties":{"name":"四宮南公園","area_m2":236,"r_m":8.7,"source":"国土数値情報 P13 都市公園","x":-20248.18,"y":-31113.71}},{"type":"Feature","geometry":{"type":"Point","coordinates":[139.60571,35.71514]},"properties":{"name":"今川三丁目公園","area_m2":389,"r_m":11.1,"source":"国土数値情報 P13 都市公園","x":-20594.87,"y":-31579.99}},{"type":"Feature","geometry":{"type":"Point","coordinates":[139.64745,35.70793]},"properties":{"name":"馬橋北第二公園","area_m2":434,"r_m":11.8,"source":"国土数値情報 P13 都市公園","x":-16819.84,"y":-32387.84}},{"type":"Feature","geometry":{"type":"Point","coordinates":[139.624698,35.684441]},"properties":{"name":"高井戸正用公園","area_m2":1029,"r_m":18.1,"source":"国土数値情報 P13 都市公園","x":-18884.07,"y":-34989.65}},{"type":"Feature","geometry":{"type":"Point","coordinates":[139.65025,35.677533]},"properties":{"name":"和泉二丁目公園","area_m2":2666,"r_m":29.1,"source":"国土数値情報 P13 都市公園","x":-16572.72,"y":-35760.65}},{"type":"Feature","geometry":{"type":"Point","coordinates":[139.61853,35.69082]},"properties":{"name":"柳窪公園","area_m2":1317,"r_m":20.5,"source":"国土数値情報 P13 都市公園","x":-19440.85,"y":-34280.73}},{"type":"Feature","geometry":{"type":"Point","coordinates":[139.60571,35.72099]},"properties":{"name":"瀬戸原緑地","area_m2":183,"r_m":7.6,"source":"国土数値情報 P13 都市公園","x":-20593.37,"y":-30930.97}},{"type":"Feature","geometry":{"type":"Point","coordinates":[139.64137,35.70551]},"properties":{"name":"阿佐谷けやき公園","area_m2":3998,"r_m":35.7,"source":"国土数値情報 P13 都市公園","x":-17370.52,"y":-32655.26}},{"type":"Feature","geometry":{"type":"Point","coordinates":[139.62567,35.69347]},"properties":{"name":"天神橋公園","area_m2":1517,"r_m":22.0,"source":"国土数値情報 P13 都市公園","x":-18794.02,"y":-33988.12}},{"type":"Feature","geometry":{"type":"Point","coordinates":[139.62291,35.72718]},"properties":{"name":"正保公園","area_m2":684,"r_m":14.8,"source":"国土数値情報 P13 都市公園","x":-19035.79,"y":-30247.71}},{"type":"Feature","geometry":{"type":"Point","coordinates":[139.62454,35.70086]},"properties":{"name":"大田黒公園","area_m2":8972,"r_m":53.4,"source":"国土数値情報 P13 都市公園","x":-18894.54,"y":-33168.04}},{"type":"Feature","geometry":{"type":"Point","coordinates":[139.61565,35.69069]},"properties":{"name":"松宮公園","area_m2":286,"r_m":9.5,"source":"国土数値情報 P13 都市公園","x":-19701.53,"y":-34294.58}},{"type":"Feature","geometry":{"type":"Point","coordinates":[139.634343,35.697492]},"properties":{"name":"成田東公園","area_m2":208,"r_m":8.1,"source":"国土数値情報 P13 都市公園","x":-18008.21,"y":-33543.51}},{"type":"Feature","geometry":{"type":"Point","coordinates":[139.6154,35.69898]},"properties":{"name":"南荻窪中央公園","area_m2":1297,"r_m":20.3,"source":"国土数値情報 P13 都市公園","x":-19722.12,"y":-33374.81}},{"type":"Feature","geometry":{"type":"Point","coordinates":[139.59711,35.69938]},"properties":{"name":"松庵三丁目公園","area_m2":229,"r_m":8.5,"source":"国土数値情報 P13 都市公園","x":-21377.19,"y":-33326.61}},{"type":"Feature","geometry":{"type":"Point","coordinates":[139.653156,35.704545]},"properties":{"name":"高南幼児公園","area_m2":230,"r_m":8.6,"source":"国土数値情報 P13 都市公園","x":-16304.19,"y":-32764.39}},{"type":"Feature","geometry":{"type":"Point","coordinates":[139.61247,35.6837]},"properties":{"name":"高井戸わんぱく公園","area_m2":700,"r_m":14.9,"source":"国土数値情報 P13 都市公園","x":-19991.09,"y":-35069.42}},{"type":"Feature","geometry":{"type":"Point","coordinates":[139.61188,35.72365]},"properties":{"name":"柿木公園","area_m2":300,"r_m":9.8,"source":"国土数値情報 P13 都市公園","x":-20034.49,"y":-30637.14}},{"type":"Feature","geometry":{"type":"Point","coordinates":[139.64211,35.69586]},"properties":{"name":"梅里中央公園","area_m2":6286,"r_m":44.7,"source":"国土数値情報 P13 都市公園","x":-17305.64,"y":-33725.99}},{"type":"Feature","geometry":{"type":"Point","coordinates":[139.614125,35.680722]},"properties":{"name":"山中公園","area_m2":409,"r_m":11.4,"source":"国土数値情報 P13 都市公園","x":-19842.04,"y":-35400.11}},{"type":"Feature","geometry":{"type":"Point","coordinates":[139.61377,35.71827]},"properties":{"name":"今川一丁目公園","area_m2":1746,"r_m":23.6,"source":"国土数値情報 P13 都市公園","x":-19864.84,"y":-31234.4}},{"type":"Feature","geometry":{"type":"Point","coordinates":[139.62251,35.72554]},"properties":{"name":"井草さくら公園","area_m2":1157,"r_m":19.2,"source":"国土数値情報 P13 都市公園","x":-19072.36,"y":-30429.58}},{"type":"Feature","geometry":{"type":"Point","coordinates":[139.64851,35.70872]},"properties":{"name":"高円寺北三丁目公園","area_m2":241,"r_m":8.8,"source":"国土数値情報 P13 都市公園","x":-16723.75,"y":-32300.38}},{"type":"Feature","geometry":{"type":"Point","coordinates":[139.6183,35.68756]},"properties":{"name":"高井戸いずみ公園","area_m2":180,"r_m":7.6,"source":"国土数値情報 P13 都市公園","x":-19462.45,"y":-34642.35}},{"type":"Feature","geometry":{"type":"Point","coordinates":[139.59752,35.71772]},"properties":{"name":"切通し公園","area_m2":2201,"r_m":26.5,"source":"国土数値情報 P13 都市公園","x":-21335.2,"y":-31292.01}},{"type":"Feature","geometry":{"type":"Point","coordinates":[139.61649,35.71112]},"properties":{"name":"清水一丁目公園","area_m2":502,"r_m":12.6,"source":"国土数値情報 P13 都市公園","x":-19620.5,"y":-32028.19}},{"type":"Feature","geometry":{"type":"Point","coordinates":[139.62213,35.70996]},"properties":{"name":"天沼三丁目公園","area_m2":354,"r_m":10.6,"source":"国土数値情報 P13 都市公園","x":-19110.46,"y":-32157.99}},{"type":"Feature","geometry":{"type":"Point","coordinates":[139.60394,35.72116]},"properties":{"name":"上瀬戸公園","area_m2":867,"r_m":16.6,"source":"国土数値情報 P13 都市公園","x":-20753.46,"y":-30911.74}},{"type":"Feature","geometry":{"type":"Point","coordinates":[139.64401,35.70965]},"properties":{"name":"馬橋公園","area_m2":19261,"r_m":78.3,"source":"国土数値情報 P13 都市公園","x":-17130.74,"y":-32196.42}},{"type":"Feature","geometry":{"type":"Point","coordinates":[139.61237,35.67252]},"properties":{"name":"上高井戸宿公園","area_m2":438,"r_m":11.8,"source":"国土数値情報 P13 都市公園","x":-20002.93,"y":-36309.73}},{"type":"Feature","geometry":{"type":"Point","coordinates":[139.59329,35.69634]},"properties":{"name":"まつぼっくり緑地","area_m2":251,"r_m":8.9,"source":"国土数値情報 P13 都市公園","x":-21723.71,"y":-33663.03}},{"type":"Feature","geometry":{"type":"Point","coordinates":[139.61075,35.67935]},"properties":{"name":"高井戸みどり公園","area_m2":2144,"r_m":26.1,"source":"国土数値情報 P13 都市公園","x":-20147.86,"y":-35551.67}},{"type":"Feature","geometry":{"type":"Point","coordinates":[139.59357,35.69887]},"properties":{"name":"青葉公園","area_m2":581,"r_m":13.6,"source":"国土数値情報 P13 都市公園","x":-21697.68,"y":-33382.41}},{"type":"Feature","geometry":{"type":"Point","coordinates":[139.61719,35.71348]},"properties":{"name":"清水森公園","area_m2":2492,"r_m":28.2,"source":"国土数値情報 P13 都市公園","x":-19556.59,"y":-31766.5}},{"type":"Feature","geometry":{"type":"Point","coordinates":[139.65355,35.69822]},"properties":{"name":"高円寺南二丁目公園","area_m2":328,"r_m":10.2,"source":"国土数値情報 P13 都市公園","x":-16269.84,"y":-33466.12}},{"type":"Feature","geometry":{"type":"Point","coordinates":[139.61644,35.67691]},"properties":{"name":"ひかり公園","area_m2":571,"r_m":13.5,"source":"国土数値情報 P13 都市公園","x":-19633.41,"y":-35823.52}},{"type":"Feature","geometry":{"type":"Point","coordinates":[139.65674,35.69704]},"properties":{"name":"蚕糸の森公園","area_m2":27147,"r_m":93.0,"source":"国土数値情報 P13 都市公園","x":-15981.39,"y":-33597.56}},{"type":"Feature","geometry":{"type":"Point","coordinates":[139.634053,35.70148]},"properties":{"name":"阿佐谷ことり公園","area_m2":450,"r_m":12.0,"source":"国土数値情報 P13 都市公園","x":-18033.51,"y":-33101.09}},{"type":"Feature","geometry":{"type":"Point","coordinates":[139.64497,35.69626]},"properties":{"name":"かっぱ公園","area_m2":507,"r_m":12.7,"source":"国土数値情報 P13 都市公園","x":-17046.72,"y":-33682.11}},{"type":"Feature","geometry":{"type":"Point","coordinates":[139.63522,35.7126]},"properties":{"name":"阿佐谷かりん公園","area_m2":369,"r_m":10.8,"source":"国土数値情報 P13 都市公園","x":-17925.43,"y":-31867.57}},{"type":"Feature","geometry":{"type":"Point","coordinates":[139.66165,35.69217]},"properties":{"name":"和田中央公園","area_m2":2128,"r_m":26.0,"source":"国土数値情報 P13 都市公園","x":-15537.99,"y":-34138.63}},{"type":"Feature","geometry":{"type":"Point","coordinates":[139.63701,35.68483]},"properties":{"name":"成田かっぱ公園","area_m2":2356,"r_m":27.4,"source":"国土数値情報 P13 都市公園","x":-17769.63,"y":-34948.77}},{"type":"Feature","geometry":{"type":"Point","coordinates":[139.63448,35.71544]},"properties":{"name":"一本松公園","area_m2":485,"r_m":12.4,"source":"国土数値情報 P13 都市公園","x":-17991.75,"y":-31552.36}},{"type":"Feature","geometry":{"type":"Point","coordinates":[139.61731,35.67511]},"properties":{"name":"上高井戸東公園","area_m2":280,"r_m":9.4,"source":"国土数値情報 P13 都市公園","x":-19555.1,"y":-36023.39}},{"type":"Feature","geometry":{"type":"Point","coordinates":[139.617373,35.677243]},"properties":{"name":"新栄緑地","area_m2":197,"r_m":7.9,"source":"国土数値情報 P13 都市公園","x":-19548.88,"y":-35786.81}},{"type":"Feature","geometry":{"type":"Point","coordinates":[139.63751,35.69378]},"properties":{"name":"東二第三公園","area_m2":756,"r_m":15.5,"source":"国土数値情報 P13 都市公園","x":-17722.4,"y":-33955.93}},{"type":"Feature","geometry":{"type":"Point","coordinates":[139.592181,35.718053]},"properties":{"name":"善福寺美樹園公園","area_m2":500,"r_m":12.6,"source":"国土数値情報 P13 都市公園","x":-21818.14,"y":-31253.93}},{"type":"Feature","geometry":{"type":"Point","coordinates":[139.615752,35.691653]},"properties":{"name":"はるたけ公園","area_m2":304,"r_m":9.8,"source":"国土数値情報 P13 都市公園","x":-19692.04,"y":-34187.71}},{"type":"Feature","geometry":{"type":"Point","coordinates":[139.65417,35.702]},"properties":{"name":"高南みどり公園","area_m2":211,"r_m":8.2,"source":"国土数値情報 P13 都市公園","x":-16212.97,"y":-33046.86}},{"type":"Feature","geometry":{"type":"Point","coordinates":[139.61119,35.72602]},"properties":{"name":"井草ひまわり公園","area_m2":342,"r_m":10.4,"source":"国土数値情報 P13 都市公園","x":-20096.32,"y":-30374.06}},{"type":"Feature","geometry":{"type":"Point","coordinates":[139.64539,35.68982]},"properties":{"name":"松ノ木坂下公園","area_m2":292,"r_m":9.6,"source":"国土数値情報 P13 都市公園","x":-17010.08,"y":-34396.65}},{"type":"Feature","geometry":{"type":"Point","coordinates":[139.63,35.67055]},"properties":{"name":"下高井戸仲町緑地","area_m2":307,"r_m":9.9,"source":"国土数値情報 P13 都市公園","x":-18407.4,"y":-36531.74}},{"type":"Feature","geometry":{"type":"Point","coordinates":[139.65089,35.69365]},"properties":{"name":"堀ノ内三丁目公園","area_m2":509,"r_m":12.7,"source":"国土数値情報 P13 都市公園","x":-16511.51,"y":-33972.68}},{"type":"Feature","geometry":{"type":"Point","coordinates":[139.624904,35.675568]},"properties":{"name":"塚山公園","area_m2":28701,"r_m":95.6,"source":"国土数値情報 P13 都市公園","x":-18867.59,"y":-35974.11}},{"type":"Feature","geometry":{"type":"Point","coordinates":[139.63086,35.68751]},"properties":{"name":"尾崎公園","area_m2":408,"r_m":11.4,"source":"国土数値情報 P13 都市公園","x":-18325.67,"y":-34650.32}},{"type":"Feature","geometry":{"type":"Point","coordinates":[139.59468,35.68509]},"properties":{"name":"兵庫橋公園","area_m2":1967,"r_m":25.0,"source":"国土数値情報 P13 都市公園","x":-21600.95,"y":-34911.44}},{"type":"Feature","geometry":{"type":"Point","coordinates":[139.62732,35.67075]},"properties":{"name":"喜花公園","area_m2":278,"r_m":9.4,"source":"国土数値情報 P13 都市公園","x":-18649.97,"y":-36509.04}},{"type":"Feature","geometry":{"type":"Point","coordinates":[139.65765,35.67876]},"properties":{"name":"上水橋緑地","area_m2":756,"r_m":15.5,"source":"国土数値情報 P13 都市公園","x":-15902.67,"y":-35625.73}},{"type":"Feature","geometry":{"type":"Point","coordinates":[139.64528,35.69902]},"properties":{"name":"新高円寺公園","area_m2":555,"r_m":13.3,"source":"国土数値情報 P13 都市公園","x":-17018.08,"y":-33375.97}},{"type":"Feature","geometry":{"type":"Point","coordinates":[139.59384,35.68865]},"properties":{"name":"緑橋緑地","area_m2":671,"r_m":14.6,"source":"国土数値情報 P13 都市公園","x":-21676.01,"y":-34516.3}},{"type":"Feature","geometry":{"type":"Point","coordinates":[139.59561,35.68708]},"properties":{"name":"宮下橋公園","area_m2":2776,"r_m":29.7,"source":"国土数値情報 P13 都市公園","x":-21516.24,"y":-34690.87}},{"type":"Feature","geometry":{"type":"Point","coordinates":[139.6053,35.6792]},"properties":{"name":"上高井戸西原緑地","area_m2":245,"r_m":8.8,"source":"国土数値情報 P13 都市公園","x":-20641.23,"y":-35567.18}},{"type":"Feature","geometry":{"type":"Point","coordinates":[139.60237,35.70142]},"properties":{"name":"西荻南児童公園","area_m2":342,"r_m":10.4,"source":"国土数値情報 P13 都市公園","x":-20900.65,"y":-33101.42}},{"type":"Feature","geometry":{"type":"Point","coordinates":[139.630048,35.679292]},"properties":{"name":"浜田山一丁目公園","area_m2":1246,"r_m":19.9,"source":"国土数値情報 P13 都市公園","x":-18401.06,"y":-35561.93}},{"type":"Feature","geometry":{"type":"Point","coordinates":[139.63226,35.68622]},"properties":{"name":"はら公園","area_m2":1150,"r_m":19.1,"source":"国土数値情報 P13 都市公園","x":-18199.25,"y":-34793.69}},{"type":"Feature","geometry":{"type":"Point","coordinates":[139.59866,35.68762]},"properties":{"name":"久我山中央緑地","area_m2":1966,"r_m":25.0,"source":"国土数値情報 P13 都市公園","x":-21240.04,"y":-34631.63}},{"type":"Feature","geometry":{"type":"Point","coordinates":[139.59073,35.69396]},"properties":{"name":"さざんか公園","area_m2":596,"r_m":13.8,"source":"国土数値情報 P13 都市公園","x":-21956.04,"y":-33926.51}},{"type":"Feature","geometry":{"type":"Point","coordinates":[139.61053,35.71642]},"properties":{"name":"今川二丁目公園","area_m2":657,"r_m":14.5,"source":"国土数値情報 P13 都市公園","x":-20158.44,"y":-31438.98}},{"type":"Feature","geometry":{"type":"Point","coordinates":[139.65681,35.69357]},"properties":{"name":"帝釈天北広場緑地","area_m2":115,"r_m":6.1,"source":"国土数値情報 P13 都市公園","x":-15975.75,"y":-33982.54}},{"type":"Feature","geometry":{"type":"Point","coordinates":[139.621,35.69377]},"properties":{"name":"西田仲よし広場緑地","area_m2":200,"r_m":8.0,"source":"国土数値情報 P13 都市公園","x":-19216.59,"y":-33953.93}},{"type":"Feature","geometry":{"type":"Point","coordinates":[139.62184,35.679699]},"properties":{"name":"乙女橋緑地","area_m2":1581,"r_m":22.4,"source":"国土数値情報 P13 都市公園","x":-19143.97,"y":-35515.19}},{"type":"Feature","geometry":{"type":"Point","coordinates":[139.5972,35.7056]},"properties":{"name":"西荻北中央公園","area_m2":679,"r_m":14.7,"source":"国土数値情報 P13 都市公園","x":-21367.38,"y":-32636.56}},{"type":"Feature","geometry":{"type":"Point","coordinates":[139.60149,35.72051]},"properties":{"name":"道潅橋公園","area_m2":821,"r_m":16.2,"source":"国土数値情報 P13 都市公園","x":-20975.28,"y":-30983.33}},{"type":"Feature","geometry":{"type":"Point","coordinates":[139.65999,35.70227]},"properties":{"name":"高円寺いこい公園","area_m2":326,"r_m":10.2,"source":"国土数値情報 P13 都市公園","x":-15686.25,"y":-33017.85}},{"type":"Feature","geometry":{"type":"Point","coordinates":[139.61256,35.69257]},"properties":{"name":"宮前けやき緑地","area_m2":462,"r_m":12.1,"source":"国土数値情報 P13 都市公園","x":-19980.73,"y":-34085.38}},{"type":"Feature","geometry":{"type":"Point","coordinates":[139.61075,35.68413]},"properties":{"name":"富士見丘東緑地","area_m2":223,"r_m":8.4,"source":"国土数値情報 P13 都市公園","x":-20146.66,"y":-35021.36}},{"type":"Feature","geometry":{"type":"Point","coordinates":[139.64099,35.67072]},"properties":{"name":"永福中央公園","area_m2":4166,"r_m":36.4,"source":"国土数値情報 P13 都市公園","x":-17412.46,"y":-36514.88}},{"type":"Feature","geometry":{"type":"Point","coordinates":[139.618933,35.676976]},"properties":{"name":"うめの木緑地","area_m2":233,"r_m":8.6,"source":"国土数値情報 P13 都市公園","x":-19407.76,"y":-35816.74}},{"type":"Feature","geometry":{"type":"Point","coordinates":[139.61606,35.72099]},"properties":{"name":"神戸町あけぼの公園","area_m2":1300,"r_m":20.3,"source":"国土数値情報 P13 都市公園","x":-19656.99,"y":-30933.09}},{"type":"Feature","geometry":{"type":"Point","coordinates":[139.629982,35.67559]},"properties":{"name":"藤和緑地","area_m2":2414,"r_m":27.7,"source":"国土数値情報 P13 都市公園","x":-18407.88,"y":-35972.6}},{"type":"Feature","geometry":{"type":"Point","coordinates":[139.66063,35.69872]},"properties":{"name":"こりす公園","area_m2":238,"r_m":8.7,"source":"国土数値情報 P13 都市公園","x":-15629.03,"y":-33411.8}},{"type":"Feature","geometry":{"type":"Point","coordinates":[139.59454,35.70714]},"properties":{"name":"西荻北公園","area_m2":449,"r_m":12.0,"source":"国土数値情報 P13 都市公園","x":-21607.71,"y":-32465.15}},{"type":"Feature","geometry":{"type":"Point","coordinates":[139.61945,35.68935]},"properties":{"name":"柳窪南公園","area_m2":331,"r_m":10.3,"source":"国土数値情報 P13 都市公園","x":-19357.94,"y":-34443.99}},{"type":"Feature","geometry":{"type":"Point","coordinates":[139.60355,35.71506]},"properties":{"name":"三谷南公園","area_m2":470,"r_m":12.2,"source":"国土数値情報 P13 都市公園","x":-20790.32,"y":-31588.41}},{"type":"Feature","geometry":{"type":"Point","coordinates":[139.611035,35.693985]},"properties":{"name":"宮前公園","area_m2":3727,"r_m":34.4,"source":"国土数値情報 P13 都市公園","x":-20118.35,"y":-33928.03}},{"type":"Feature","geometry":{"type":"Point","coordinates":[139.62402,35.68984]},"properties":{"name":"成田西公園","area_m2":2053,"r_m":25.6,"source":"国土数値情報 P13 都市公園","x":-18944.2,"y":-34390.52}},{"type":"Feature","geometry":{"type":"Point","coordinates":[139.611035,35.684442]},"properties":{"name":"桐の木公園","area_m2":424,"r_m":11.6,"source":"国土数値情報 P13 都市公園","x":-20120.75,"y":-34986.77}},{"type":"Feature","geometry":{"type":"Point","coordinates":[139.63071,35.71261]},"properties":{"name":"本天沼東公園","area_m2":419,"r_m":11.5,"source":"国土数値情報 P13 都市公園","x":-18333.5,"y":-31865.63}},{"type":"Feature","geometry":{"type":"Point","coordinates":[139.60385,35.70498]},"properties":{"name":"西荻わかば公園","area_m2":726,"r_m":15.2,"source":"国土数値情報 P13 都市公園","x":-20765.8,"y":-32706.77}},{"type":"Feature","geometry":{"type":"Point","coordinates":[139.63609,35.71605]},"properties":{"name":"小七山公園","area_m2":474,"r_m":12.3,"source":"国土数値情報 P13 都市公園","x":-17845.95,"y":-31484.98}},{"type":"Feature","geometry":{"type":"Point","coordinates":[139.63541,35.68943]},"properties":{"name":"成三公園","area_m2":405,"r_m":11.4,"source":"国土数値情報 P13 都市公園","x":-17913.42,"y":-34438.15}},{"type":"Feature","geometry":{"type":"Point","coordinates":[139.626899,35.704932]},"properties":{"name":"天沼地蔵前公園","area_m2":1055,"r_m":18.3,"source":"国土数値情報 P13 都市公園","x":-18680.12,"y":-32716.7}},{"type":"Feature","geometry":{"type":"Point","coordinates":[139.60452,35.68707]},"properties":{"name":"久我山東原公園","area_m2":2171,"r_m":26.3,"source":"国土数値情報 P13 都市公園","x":-20709.8,"y":-34693.9}},{"type":"Feature","geometry":{"type":"Point","coordinates":[139.611194,35.72472]},"properties":{"name":"柿木北公園","area_m2":498,"r_m":12.6,"source":"国土数値情報 P13 都市公園","x":-20096.32,"y":-30518.25}},{"type":"Feature","geometry":{"type":"Point","coordinates":[139.65726,35.70474]},"properties":{"name":"ひとみ公園","area_m2":285,"r_m":9.5,"source":"国土数値情報 P13 都市公園","x":-15932.8,"y":-32743.38}},{"type":"Feature","geometry":{"type":"Point","coordinates":[139.622775,35.716966]},"properties":{"name":"わかたけ公園","area_m2":929,"r_m":17.2,"source":"国土数値情報 P13 都市公園","x":-19050.43,"y":-31380.87}},{"type":"Feature","geometry":{"type":"Point","coordinates":[139.65526,35.68046]},"properties":{"name":"弁天橋東緑地","area_m2":733,"r_m":15.3,"source":"国土数値情報 P13 都市公園","x":-16118.67,"y":-35436.74}},{"type":"Feature","geometry":{"type":"Point","coordinates":[139.607676,35.675816]},"properties":{"name":"つばき緑地","area_m2":455,"r_m":12.0,"source":"国土数値情報 P13 都市公園","x":-20427.05,"y":-35943.08}},{"type":"Feature","geometry":{"type":"Point","coordinates":[139.60284,35.69159]},"properties":{"name":"こぶし公園","area_m2":383,"r_m":11.0,"source":"国土数値情報 P13 都市公園","x":-20860.68,"y":-34192.08}},{"type":"Feature","geometry":{"type":"Point","coordinates":[139.60776,35.69125]},"properties":{"name":"宮前あおぞら緑地","area_m2":305,"r_m":9.9,"source":"国土数値情報 P13 都市公園","x":-20415.48,"y":-34230.84}},{"type":"Feature","geometry":{"type":"Point","coordinates":[139.61577,35.71566]},"properties":{"name":"くつかけ公園","area_m2":851,"r_m":16.5,"source":"国土数値情報 P13 都市公園","x":-19684.53,"y":-31524.36}},{"type":"Feature","geometry":{"type":"Point","coordinates":[139.64716,35.67958]},"properties":{"name":"和泉西公園","area_m2":499,"r_m":12.6,"source":"国土数値情報 P13 都市公園","x":-16852.04,"y":-35533.01}},{"type":"Feature","geometry":{"type":"Point","coordinates":[139.5892,35.71783]},"properties":{"name":"善福寺北緑地","area_m2":274,"r_m":9.3,"source":"国土数値情報 P13 都市公園","x":-22087.92,"y":-31277.96}},{"type":"Feature","geometry":{"type":"Point","coordinates":[139.61073,35.7032]},"properties":{"name":"たんぽぽ公園","area_m2":396,"r_m":11.2,"source":"国土数値情報 P13 都市公園","x":-20143.68,"y":-32905.69}},{"type":"Feature","geometry":{"type":"Point","coordinates":[139.61107,35.72692]},"properties":{"name":"井草森公園","area_m2":39504,"r_m":112.1,"source":"国土数値情報 P13 都市公園","x":-20106.95,"y":-30274.19}},{"type":"Feature","geometry":{"type":"Point","coordinates":[139.60704,35.68594]},"properties":{"name":"富士見丘西公園","area_m2":346,"r_m":10.5,"source":"国土数値情報 P13 都市公園","x":-20482.0,"y":-34819.79}},{"type":"Feature","geometry":{"type":"Point","coordinates":[139.61763,35.69084]},"properties":{"name":"柳窪西緑地","area_m2":103,"r_m":5.7,"source":"国土数値情報 P13 都市公園","x":-19522.3,"y":-34278.33}},{"type":"Feature","geometry":{"type":"Point","coordinates":[139.62474,35.71946]},"properties":{"name":"向井公園","area_m2":1276,"r_m":20.2,"source":"国土数値情報 P13 都市公園","x":-18872.06,"y":-31104.54}},{"type":"Feature","geometry":{"type":"Point","coordinates":[139.61392,35.72581]},"properties":{"name":"井草三丁目緑地","area_m2":443,"r_m":11.9,"source":"国土数値情報 P13 都市公園","x":-19849.4,"y":-30397.92}},{"type":"Feature","geometry":{"type":"Point","coordinates":[139.66345,35.69278]},"properties":{"name":"和田東公園","area_m2":640,"r_m":14.3,"source":"国土数値情報 P13 都市公園","x":-15374.97,"y":-34071.24}},{"type":"Feature","geometry":{"type":"Point","coordinates":[139.63095,35.68321]},"properties":{"name":"浜田山さくら緑地","area_m2":205,"r_m":8.1,"source":"国土数値情報 P13 都市公園","x":-18318.51,"y":-35127.39}},{"type":"Feature","geometry":{"type":"Point","coordinates":[139.6364,35.68095]},"properties":{"name":"宮元公園","area_m2":371,"r_m":10.9,"source":"国土数値情報 P13 都市公園","x":-17825.71,"y":-35379.12}},{"type":"Feature","geometry":{"type":"Point","coordinates":[139.62849,35.71952]},"properties":{"name":"向井東公園","area_m2":310,"r_m":9.9,"source":"国土数値情報 P13 都市公園","x":-18532.77,"y":-31098.6}},{"type":"Feature","geometry":{"type":"Point","coordinates":[139.62694,35.724]},"properties":{"name":"井草東公園","area_m2":346,"r_m":10.5,"source":"国土数値情報 P13 都市公園","x":-18671.96,"y":-30601.28}},{"type":"Feature","geometry":{"type":"Point","coordinates":[139.63333,35.71161]},"properties":{"name":"阿佐谷こぶし緑地","area_m2":169,"r_m":7.3,"source":"国土数値情報 P13 都市公園","x":-18096.67,"y":-31977.06}},{"type":"Feature","geometry":{"type":"Point","coordinates":[139.61794,35.68489]},"properties":{"name":"高井戸藤が丘公園","area_m2":1313,"r_m":20.4,"source":"国土数値情報 P13 都市公園","x":-19495.69,"y":-34938.5}},{"type":"Feature","geometry":{"type":"Point","coordinates":[139.6105,35.67366]},"properties":{"name":"はるかぜ緑地","area_m2":191,"r_m":7.8,"source":"国土数値情報 P13 都市公園","x":-20171.92,"y":-36182.88}},{"type":"Feature","geometry":{"type":"Point","coordinates":[139.62206,35.70729]},"properties":{"name":"天沼もえぎ公園","area_m2":861,"r_m":16.6,"source":"国土数値情報 P13 都市公園","x":-19117.43,"y":-32454.2}},{"type":"Feature","geometry":{"type":"Point","coordinates":[139.60831,35.70577]},"properties":{"name":"おぎ緑地","area_m2":130,"r_m":6.4,"source":"国土数値情報 P13 都市公園","x":-20362.01,"y":-32620.06}},{"type":"Feature","geometry":{"type":"Point","coordinates":[139.59636,35.70301]},"properties":{"name":"松庵わかくさ公園","area_m2":622,"r_m":14.1,"source":"国土数値情報 P13 都市公園","x":-21444.09,"y":-32923.72}},{"type":"Feature","geometry":{"type":"Point","coordinates":[139.6562,35.68037]},"properties":{"name":"泉南緑地","area_m2":739,"r_m":15.3,"source":"国土数値情報 P13 都市公園","x":-16033.6,"y":-35446.88}},{"type":"Feature","geometry":{"type":"Point","coordinates":[139.633609,35.682982]},"properties":{"name":"すずかけ公園","area_m2":339,"r_m":10.4,"source":"国土数値情報 P13 都市公園","x":-18077.87,"y":-35153.22}},{"type":"Feature","geometry":{"type":"Point","coordinates":[139.63109,35.71899]},"properties":{"name":"下井草いど公園","area_m2":435,"r_m":11.8,"source":"国土数値情報 P13 都市公園","x":-18297.66,"y":-31157.89}},{"type":"Feature","geometry":{"type":"Point","coordinates":[139.61827,35.67449]},"properties":{"name":"はなみずき緑地","area_m2":103,"r_m":5.7,"source":"国土数値情報 P13 都市公園","x":-19468.34,"y":-36092.36}},{"type":"Feature","geometry":{"type":"Point","coordinates":[139.61671,35.6755]},"properties":{"name":"そよかぜ緑地","area_m2":110,"r_m":5.9,"source":"国土数値情報 P13 都市公園","x":-19609.31,"y":-35980.0}},{"type":"Feature","geometry":{"type":"Point","coordinates":[139.63791,35.69896]},"properties":{"name":"南阿佐谷すずらん緑地","area_m2":135,"r_m":6.6,"source":"国土数値情報 P13 都市公園","x":-17685.05,"y":-33381.32}},{"type":"Feature","geometry":{"type":"Point","coordinates":[139.59398,35.7118]},"properties":{"name":"善福寺さくら公園","area_m2":349,"r_m":10.5,"source":"国土数値情報 P13 都市公園","x":-21657.08,"y":-31948.01}},{"type":"Feature","geometry":{"type":"Point","coordinates":[139.59981,35.71646]},"properties":{"name":"三谷西緑地","area_m2":187,"r_m":7.7,"source":"国土数値情報 P13 都市公園","x":-21128.34,"y":-31432.29}},{"type":"Feature","geometry":{"type":"Point","coordinates":[139.66696,35.69372]},"properties":{"name":"和田十貫坂緑地","area_m2":216,"r_m":8.3,"source":"国土数値情報 P13 都市公園","x":-15057.12,"y":-33967.5}},{"type":"Feature","geometry":{"type":"Point","coordinates":[139.65608,35.70266]},"properties":{"name":"高円寺谷中緑地","area_m2":198,"r_m":7.9,"source":"国土数値情報 P13 都市公園","x":-16040.0,"y":-32973.95}},{"type":"Feature","geometry":{"type":"Point","coordinates":[139.626294,35.678321]},"properties":{"name":"柏の宮公園","area_m2":43458,"r_m":117.6,"source":"国土数値情報 P13 都市公園","x":-18741.1,"y":-35668.9}},{"type":"Feature","geometry":{"type":"Point","coordinates":[139.635458,35.696628]},"properties":{"name":"東一坂下緑地","area_m2":105,"r_m":5.8,"source":"国土数値情報 P13 都市公園","x":-17907.44,"y":-33639.64}},{"type":"Feature","geometry":{"type":"Point","coordinates":[139.605861,35.711599]},"properties":{"name":"桃井三丁目緑地","area_m2":1517,"r_m":22.0,"source":"国土数値情報 P13 都市公園","x":-20582.09,"y":-31972.85}},{"type":"Feature","geometry":{"type":"Point","coordinates":[139.62613,35.70248]},"properties":{"name":"読書の森公園","area_m2":1841,"r_m":24.2,"source":"国土数値情報 P13 都市公園","x":-18750.28,"y":-32988.62}},{"type":"Feature","geometry":{"type":"Point","coordinates":[139.62691,35.71899]},"properties":{"name":"銀杏稲荷公園","area_m2":1550,"r_m":22.2,"source":"国土数値情報 P13 都市公園","x":-18675.84,"y":-31157.1}},{"type":"Feature","geometry":{"type":"Point","coordinates":[139.650032,35.679401]},"properties":{"name":"和泉緑地","area_m2":599,"r_m":13.8,"source":"国土数値情報 P13 都市公園","x":-16592.08,"y":-35553.36}},{"type":"Feature","geometry":{"type":"Point","coordinates":[139.621773,35.708305]},"properties":{"name":"天沼弁天池公園","area_m2":5296,"r_m":41.1,"source":"国土数値情報 P13 都市公園","x":-19143.17,"y":-32341.53}},{"type":"Feature","geometry":{"type":"Point","coordinates":[139.653971,35.685468]},"properties":{"name":"定塚橋公園","area_m2":1768,"r_m":23.7,"source":"国土数値情報 P13 都市公園","x":-16234.34,"y":-34880.92}},{"type":"Feature","geometry":{"type":"Point","coordinates":[139.5993,35.71572]},"properties":{"name":"新町鳥居先公園","area_m2":1317,"r_m":20.5,"source":"国土数値情報 P13 都市公園","x":-21174.68,"y":-31514.28}},{"type":"Feature","geometry":{"type":"Point","coordinates":[139.62827,35.69112]},"properties":{"name":"成田西いこい緑地","area_m2":1513,"r_m":21.9,"source":"国土数値情報 P13 都市公園","x":-18559.25,"y":-34249.33}},{"type":"Feature","geometry":{"type":"Point","coordinates":[139.626708,35.690556]},"properties":{"name":"成田西切通し緑地","area_m2":928,"r_m":17.2,"source":"国土数値情報 P13 都市公園","x":-18700.73,"y":-34311.58}},{"type":"Feature","geometry":{"type":"Point","coordinates":[139.601639,35.693451]},"properties":{"name":"宮前新田緑地","area_m2":480,"r_m":12.4,"source":"国土数値情報 P13 都市公園","x":-20968.84,"y":-33985.37}},{"type":"Feature","geometry":{"type":"Point","coordinates":[139.6243,35.69854]},"properties":{"name":"角川庭園","area_m2":1371,"r_m":20.9,"source":"国土数値情報 P13 都市公園","x":-18916.81,"y":-33425.38}},{"type":"Feature","geometry":{"type":"Point","coordinates":[139.623389,35.697015]},"properties":{"name":"松渓橋公園","area_m2":1159,"r_m":19.2,"source":"国土数値情報 P13 都市公園","x":-18999.59,"y":-33594.35}},{"type":"Feature","geometry":{"type":"Point","coordinates":[139.597879,35.707924]},"properties":{"name":"坂の上のけやき公園","area_m2":855,"r_m":16.5,"source":"国土数値情報 P13 都市公園","x":-21305.37,"y":-32378.85}},{"type":"Feature","geometry":{"type":"Point","coordinates":[139.7498,35.73572]},"properties":{"name":"駒込東","area_m2":3701,"r_m":34.3,"source":"国土数値情報 P13 都市公園","x":-7555.97,"y":-29317.45}},{"type":"Feature","geometry":{"type":"Point","coordinates":[139.74681,35.73686]},"properties":{"name":"染井吉野桜記念","area_m2":960,"r_m":17.5,"source":"国土数値情報 P13 都市公園","x":-7826.32,"y":-29190.74}},{"type":"Feature","geometry":{"type":"Point","coordinates":[139.74709,35.73758]},"properties":{"name":"駒込","area_m2":1831,"r_m":24.1,"source":"国土数値情報 P13 都市公園","x":-7800.92,"y":-29110.88}},{"type":"Feature","geometry":{"type":"Point","coordinates":[139.73907,35.73806]},"properties":{"name":"駒込西","area_m2":747,"r_m":15.4,"source":"国土数値情報 P13 都市公園","x":-8526.3,"y":-29056.96}},{"type":"Feature","geometry":{"type":"Point","coordinates":[139.7415,35.73848]},"properties":{"name":"染井よしの桜の里","area_m2":2706,"r_m":29.3,"source":"国土数値情報 P13 都市公園","x":-8306.45,"y":-29010.57}},{"type":"Feature","geometry":{"type":"Point","coordinates":[139.73669,35.73183]},"properties":{"name":"江戸橋","area_m2":1321,"r_m":20.5,"source":"国土数値情報 P13 都市公園","x":-8742.25,"y":-29747.93}},{"type":"Feature","geometry":{"type":"Point","coordinates":[139.72566,35.73647]},"properties":{"name":"西巣鴨","area_m2":1693,"r_m":23.2,"source":"国土数値情報 P13 都市公園","x":-9739.45,"y":-29232.11}},{"type":"Feature","geometry":{"type":"Point","coordinates":[139.7265,35.74178]},"properties":{"name":"千川上水","area_m2":1021,"r_m":18.0,"source":"国土数値情報 P13 都市公園","x":-9662.83,"y":-28643.09}},{"type":"Feature","geometry":{"type":"Point","coordinates":[139.73225,35.73215]},"properties":{"name":"巣鴨","area_m2":2516,"r_m":28.3,"source":"国土数値情報 P13 都市公園","x":-9143.85,"y":-29712.02}},{"type":"Feature","geometry":{"type":"Point","coordinates":[139.72285,35.73383]},"properties":{"name":"北大塚","area_m2":1172,"r_m":19.3,"source":"国土数値情報 P13 都市公園","x":-9993.95,"y":-29524.72}},{"type":"Feature","geometry":{"type":"Point","coordinates":[139.73351,35.72596]},"properties":{"name":"南大塚からたち","area_m2":954,"r_m":17.4,"source":"国土数値情報 P13 都市公園","x":-9030.57,"y":-30398.88}},{"type":"Feature","geometry":{"type":"Point","coordinates":[139.7312,35.72768]},"properties":{"name":"南大塚","area_m2":1533,"r_m":22.1,"source":"国土数値情報 P13 都市公園","x":-9239.35,"y":-30207.84}},{"type":"Feature","geometry":{"type":"Point","coordinates":[139.72574,35.73029]},"properties":{"name":"大塚台","area_m2":3547,"r_m":33.6,"source":"国土数値情報 P13 都市公園","x":-9732.96,"y":-29917.75}},{"type":"Feature","geometry":{"type":"Point","coordinates":[139.72162,35.73697]},"properties":{"name":"上池袋中央","area_m2":911,"r_m":17.0,"source":"国土数値情報 P13 都市公園","x":-10104.82,"y":-29176.23}},{"type":"Feature","geometry":{"type":"Point","coordinates":[139.72244,35.73619]},"properties":{"name":"上池袋東","area_m2":4046,"r_m":35.9,"source":"国土数値情報 P13 都市公園","x":-10030.75,"y":-29262.85}},{"type":"Feature","geometry":{"type":"Point","coordinates":[139.72466,35.73604]},"properties":{"name":"宮仲","area_m2":778,"r_m":15.7,"source":"国土数値情報 P13 都市公園","x":-9829.96,"y":-29279.72}},{"type":"Feature","geometry":{"type":"Point","coordinates":[139.7164,35.73616]},"properties":{"name":"上池袋","area_m2":1132,"r_m":19.0,"source":"国土数値情報 P13 都市公園","x":-10577.09,"y":-29265.55}},{"type":"Feature","geometry":{"type":"Point","coordinates":[139.7162,35.73798]},"properties":{"name":"上池袋さくら","area_m2":4992,"r_m":39.9,"source":"国土数値情報 P13 都市公園","x":-10594.94,"y":-29063.61}},{"type":"Feature","geometry":{"type":"Point","coordinates":[139.71889,35.73878]},"properties":{"name":"堀之内","area_m2":1084,"r_m":18.6,"source":"国土数値情報 P13 都市公園","x":-10351.52,"y":-28975.14}},{"type":"Feature","geometry":{"type":"Point","coordinates":[139.71501,35.7316]},"properties":{"name":"中池袋","area_m2":1786,"r_m":23.8,"source":"国土数値情報 P13 都市公園","x":-10703.43,"y":-29771.3}},{"type":"Feature","geometry":{"type":"Point","coordinates":[139.71233,35.73154]},"properties":{"name":"池袋駅前","area_m2":2966,"r_m":30.7,"source":"国土数値情報 P13 都市公園","x":-10945.87,"y":-29777.66}},{"type":"Feature","geometry":{"type":"Point","coordinates":[139.71931,35.72915]},"properties":{"name":"東池袋中央","area_m2":5994,"r_m":43.7,"source":"国土数値情報 P13 都市公園","x":-10314.77,"y":-30043.57}},{"type":"Feature","geometry":{"type":"Point","coordinates":[139.71785,35.73126]},"properties":{"name":"東池袋","area_m2":3222,"r_m":32.0,"source":"国土数値情報 P13 都市公園","x":-10446.57,"y":-29809.32}},{"type":"Feature","geometry":{"type":"Point","coordinates":[139.71941,35.72631]},"properties":{"name":"日之出町第二","area_m2":1368,"r_m":20.9,"source":"国土数値情報 P13 都市公園","x":-10306.09,"y":-30358.66}},{"type":"Feature","geometry":{"type":"Point","coordinates":[139.7188,35.72769]},"properties":{"name":"日之出町","area_m2":1616,"r_m":22.7,"source":"国土数値情報 P13 都市公園","x":-10361.1,"y":-30205.49}},{"type":"Feature","geometry":{"type":"Point","coordinates":[139.71432,35.72754]},"properties":{"name":"南池袋","area_m2":7812,"r_m":49.9,"source":"国土数値情報 P13 都市公園","x":-10766.4,"y":-30221.65}},{"type":"Feature","geometry":{"type":"Point","coordinates":[139.71742,35.72197]},"properties":{"name":"南池袋みどり","area_m2":572,"r_m":13.5,"source":"国土数値情報 P13 都市公園","x":-10486.69,"y":-30839.94}},{"type":"Feature","geometry":{"type":"Point","coordinates":[139.7171,35.72245]},"properties":{"name":"南池袋第二","area_m2":849,"r_m":16.4,"source":"国土数値情報 P13 都市公園","x":-10515.58,"y":-30786.65}},{"type":"Feature","geometry":{"type":"Point","coordinates":[139.7083,35.72975]},"properties":{"name":"池袋西口","area_m2":3123,"r_m":31.5,"source":"国土数値情報 P13 都市公園","x":-11310.68,"y":-29975.79}},{"type":"Feature","geometry":{"type":"Point","coordinates":[139.7085,35.72894]},"properties":{"name":"元池袋史跡","area_m2":168,"r_m":7.3,"source":"国土数値情報 P13 都市公園","x":-11292.7,"y":-30065.68}},{"type":"Feature","geometry":{"type":"Point","coordinates":[139.70506,35.72645]},"properties":{"name":"上り屋敷","area_m2":2983,"r_m":30.8,"source":"国土数値情報 P13 都市公園","x":-11604.25,"y":-30341.52}},{"type":"Feature","geometry":{"type":"Point","coordinates":[139.70625,35.72925]},"properties":{"name":"西池袋","area_m2":8691,"r_m":52.6,"source":"国土数値情報 P13 都市公園","x":-11496.19,"y":-30031.02}},{"type":"Feature","geometry":{"type":"Point","coordinates":[139.69954,35.72671]},"properties":{"name":"谷端川南緑道","area_m2":8886,"r_m":53.2,"source":"国土数値情報 P13 都市公園","x":-12103.58,"y":-30312.01}},{"type":"Feature","geometry":{"type":"Point","coordinates":[139.69666,35.72743]},"properties":{"name":"西池袋第二","area_m2":1096,"r_m":18.7,"source":"国土数値情報 P13 都市公園","x":-12364.0,"y":-30231.77}},{"type":"Feature","geometry":{"type":"Point","coordinates":[139.699895,35.731086]},"properties":{"name":"谷端川第二親水","area_m2":316,"r_m":10.0,"source":"国土数値情報 P13 都市公園","x":-12070.77,"y":-29826.56}},{"type":"Feature","geometry":{"type":"Point","coordinates":[139.71049,35.73626]},"properties":{"name":"池袋ふれあい","area_m2":997,"r_m":17.8,"source":"国土数値情報 P13 都市公園","x":-11111.66,"y":-29253.8}},{"type":"Feature","geometry":{"type":"Point","coordinates":[139.70615,35.73747]},"properties":{"name":"御嶽北","area_m2":926,"r_m":17.2,"source":"国土数値情報 P13 都市公園","x":-11504.06,"y":-29119.06}},{"type":"Feature","geometry":{"type":"Point","coordinates":[139.70592,35.73573]},"properties":{"name":"池袋第二","area_m2":1057,"r_m":18.3,"source":"国土数値情報 P13 都市公園","x":-11525.11,"y":-29312.07}},{"type":"Feature","geometry":{"type":"Point","coordinates":[139.70055,35.73336]},"properties":{"name":"谷端川親水","area_m2":420,"r_m":11.6,"source":"国土数値情報 P13 都市公園","x":-12011.21,"y":-29574.36}},{"type":"Feature","geometry":{"type":"Point","coordinates":[139.70863,35.73799]},"properties":{"name":"池袋","area_m2":999,"r_m":17.8,"source":"国土数値情報 P13 都市公園","x":-11279.66,"y":-29061.66}},{"type":"Feature","geometry":{"type":"Point","coordinates":[139.71387,35.73974]},"properties":{"name":"池袋本町","area_m2":6148,"r_m":44.2,"source":"国土数値情報 P13 都市公園","x":-10805.46,"y":-28868.09}},{"type":"Feature","geometry":{"type":"Point","coordinates":[139.711328,35.745769]},"properties":{"name":"谷端川北緑道","area_m2":2767,"r_m":29.7,"source":"国土数値情報 P13 都市公園","x":-11034.59,"y":-28198.89}},{"type":"Feature","geometry":{"type":"Point","coordinates":[139.71642,35.71859]},"properties":{"name":"雑司が谷","area_m2":1346,"r_m":20.7,"source":"国土数値情報 P13 都市公園","x":-10577.61,"y":-31214.82}},{"type":"Feature","geometry":{"type":"Point","coordinates":[139.71338,35.72218]},"properties":{"name":"雑司が谷みみずく","area_m2":668,"r_m":14.6,"source":"国土数値情報 P13 都市公園","x":-10852.16,"y":-30816.2}},{"type":"Feature","geometry":{"type":"Point","coordinates":[139.72086,35.7131]},"properties":{"name":"高田第二","area_m2":867,"r_m":16.6,"source":"国土数値情報 P13 都市公園","x":-10176.6,"y":-31824.36}},{"type":"Feature","geometry":{"type":"Point","coordinates":[139.7188,35.71382]},"properties":{"name":"山吹の里","area_m2":603,"r_m":13.9,"source":"国土数値情報 P13 都市公園","x":-10362.89,"y":-31744.27}},{"type":"Feature","geometry":{"type":"Point","coordinates":[139.71535,35.71537]},"properties":{"name":"高田","area_m2":799,"r_m":15.9,"source":"国土数値情報 P13 都市公園","x":-10674.84,"y":-31571.94}},{"type":"Feature","geometry":{"type":"Point","coordinates":[139.70723,35.71511]},"properties":{"name":"高田第三","area_m2":1013,"r_m":18.0,"source":"国土数値情報 P13 都市公園","x":-11409.56,"y":-31599.87}},{"type":"Feature","geometry":{"type":"Point","coordinates":[139.69336,35.72585]},"properties":{"name":"椎名町","area_m2":5113,"r_m":40.3,"source":"国土数値情報 P13 都市公園","x":-12662.79,"y":-30406.64}},{"type":"Feature","geometry":{"type":"Point","coordinates":[139.68623,35.72398]},"properties":{"name":"南長崎花咲","area_m2":2197,"r_m":26.4,"source":"国土数値情報 P13 都市公園","x":-13308.12,"y":-30613.16}},{"type":"Feature","geometry":{"type":"Point","coordinates":[139.68834,35.72683]},"properties":{"name":"南長崎","area_m2":1071,"r_m":18.5,"source":"国土数値情報 P13 都市公園","x":-13116.76,"y":-30297.26}},{"type":"Feature","geometry":{"type":"Point","coordinates":[139.680172,35.728443]},"properties":{"name":"西椎名町","area_m2":5734,"r_m":42.7,"source":"国土数値情報 P13 都市公園","x":-13855.36,"y":-30117.2}},{"type":"Feature","geometry":{"type":"Point","coordinates":[139.68794,35.73083]},"properties":{"name":"長崎","area_m2":3643,"r_m":34.1,"source":"国土数値情報 P13 都市公園","x":-13152.29,"y":-29853.43}},{"type":"Feature","geometry":{"type":"Point","coordinates":[139.69353,35.73128]},"properties":{"name":"千早フラワー","area_m2":5542,"r_m":42.0,"source":"国土数値情報 P13 都市公園","x":-12646.55,"y":-29804.24}},{"type":"Feature","geometry":{"type":"Point","coordinates":[139.69666,35.73218]},"properties":{"name":"千早第二","area_m2":1186,"r_m":19.4,"source":"国土数値情報 P13 都市公園","x":-12363.27,"y":-29704.79}},{"type":"Feature","geometry":{"type":"Point","coordinates":[139.69044,35.73489]},"properties":{"name":"千早","area_m2":2337,"r_m":27.3,"source":"国土数値情報 P13 都市公園","x":-12925.48,"y":-29403.33}},{"type":"Feature","geometry":{"type":"Point","coordinates":[139.68881,35.73447]},"properties":{"name":"千早緑地","area_m2":492,"r_m":12.5,"source":"国土数値情報 P13 都市公園","x":-13073.0,"y":-29449.72}},{"type":"Feature","geometry":{"type":"Point","coordinates":[139.68629,35.73308]},"properties":{"name":"小鳥がさえずる","area_m2":1112,"r_m":18.8,"source":"国土数値情報 P13 都市公園","x":-13301.18,"y":-29603.59}},{"type":"Feature","geometry":{"type":"Point","coordinates":[139.68663,35.73742]},"properties":{"name":"千川親水","area_m2":547,"r_m":13.2,"source":"国土数値情報 P13 都市公園","x":-13269.7,"y":-29122.14}},{"type":"Feature","geometry":{"type":"Point","coordinates":[139.69113,35.73841]},"properties":{"name":"千川彫刻","area_m2":645,"r_m":14.3,"source":"国土数値情報 P13 都市公園","x":-12862.5,"y":-29012.91}},{"type":"Feature","geometry":{"type":"Point","coordinates":[139.71208,35.73527]},"properties":{"name":"池袋の森","area_m2":1501,"r_m":21.9,"source":"国土数値情報 P13 都市公園","x":-10967.98,"y":-29363.81}},{"type":"Feature","geometry":{"type":"Point","coordinates":[139.69884,35.72326]},"properties":{"name":"目白の森","area_m2":3199,"r_m":31.9,"source":"国土数値情報 P13 都市公園","x":-12167.43,"y":-30694.68}},{"type":"Feature","geometry":{"type":"Point","coordinates":[139.72342,35.74216]},"properties":{"name":"南谷端公園","area_m2":7139,"r_m":47.7,"source":"国土数値情報 P13 都市公園","x":-9941.36,"y":-28600.62}},{"type":"Feature","geometry":{"type":"Point","coordinates":[139.74902,35.73941]},"properties":{"name":"西中里公園","area_m2":2120,"r_m":26.0,"source":"国土数値情報 P13 都市公園","x":-7626.17,"y":-28908.01}},{"type":"Feature","geometry":{"type":"Point","coordinates":[139.76334,35.740035]},"properties":{"name":"東田端公園","area_m2":1914,"r_m":24.7,"source":"国土数値情報 P13 都市公園","x":-6330.9,"y":-28839.69}},{"type":"Feature","geometry":{"type":"Point","coordinates":[139.72116,35.7438]},"properties":{"name":"北谷端公園","area_m2":3180,"r_m":31.8,"source":"国土数値情報 P13 都市公園","x":-10145.56,"y":-28418.44}},{"type":"Feature","geometry":{"type":"Point","coordinates":[139.72878,35.77253]},"properties":{"name":"神谷公園","area_m2":3772,"r_m":34.7,"source":"国土数値情報 P13 都市公園","x":-9452.97,"y":-25231.8}},{"type":"Feature","geometry":{"type":"Point","coordinates":[139.72984,35.7755]},"properties":{"name":"志茂町公園","area_m2":2604,"r_m":28.8,"source":"国土数値情報 P13 都市公園","x":-9356.78,"y":-24902.4}},{"type":"Feature","geometry":{"type":"Point","coordinates":[139.70747,35.77401]},"properties":{"name":"島下公園","area_m2":3396,"r_m":32.9,"source":"国土数値情報 P13 都市公園","x":-11379.46,"y":-25065.34}},{"type":"Feature","geometry":{"type":"Point","coordinates":[139.70465,35.78211]},"properties":{"name":"袋町公園","area_m2":7232,"r_m":48.0,"source":"国土数値情報 P13 都市公園","x":-11633.24,"y":-24166.36}},{"type":"Feature","geometry":{"type":"Point","coordinates":[139.73099,35.75391]},"properties":{"name":"王子本町公園","area_m2":1740,"r_m":23.5,"source":"国土数値情報 P13 都市公園","x":-9255.31,"y":-27297.78}},{"type":"Feature","geometry":{"type":"Point","coordinates":[139.73895,35.75582]},"properties":{"name":"柳田公園","area_m2":2295,"r_m":27.0,"source":"国土数値情報 P13 都市公園","x":-8535.25,"y":-27086.6}},{"type":"Feature","geometry":{"type":"Point","coordinates":[139.7285,35.77433]},"properties":{"name":"北運動公園","area_m2":23794,"r_m":87.0,"source":"国土数値情報 P13 都市公園","x":-9478.07,"y":-25032.07}},{"type":"Feature","geometry":{"type":"Point","coordinates":[139.73846,35.75425]},"properties":{"name":"王子駅前公園","area_m2":1769,"r_m":23.7,"source":"国土数値情報 P13 都市公園","x":-8579.73,"y":-27260.74}},{"type":"Feature","geometry":{"type":"Point","coordinates":[139.70241,35.79089]},"properties":{"name":"浮間北公園","area_m2":3132,"r_m":31.6,"source":"国土数値情報 P13 都市公園","x":-11834.44,"y":-23192.0}},{"type":"Feature","geometry":{"type":"Point","coordinates":[139.71834,35.7697]},"properties":{"name":"稲付公園","area_m2":7995,"r_m":50.4,"source":"国土数値情報 P13 都市公園","x":-10397.25,"y":-25544.71}},{"type":"Feature","geometry":{"type":"Point","coordinates":[139.74379,35.7545]},"properties":{"name":"東王子公園","area_m2":701,"r_m":14.9,"source":"国土数値情報 P13 都市公園","x":-8097.7,"y":-27233.46}},{"type":"Feature","geometry":{"type":"Point","coordinates":[139.73738,35.74335]},"properties":{"name":"西ヶ原公園","area_m2":2172,"r_m":26.3,"source":"国土数値情報 P13 都市公園","x":-8678.59,"y":-28469.92}},{"type":"Feature","geometry":{"type":"Point","coordinates":[139.75189,35.73675]},"properties":{"name":"東中里公園","area_m2":1645,"r_m":22.9,"source":"国土数値情報 P13 都市公園","x":-7366.82,"y":-29203.34}},{"type":"Feature","geometry":{"type":"Point","coordinates":[139.72478,35.77757]},"properties":{"name":"赤羽公園","area_m2":11533,"r_m":60.6,"source":"国土数値情報 P13 都市公園","x":-9814.0,"y":-24672.25}},{"type":"Feature","geometry":{"type":"Point","coordinates":[139.69525,35.78394]},"properties":{"name":"浮間つり堀公園","area_m2":3361,"r_m":32.7,"source":"国土数値情報 P13 都市公園","x":-12482.73,"y":-23962.18}},{"type":"Feature","geometry":{"type":"Point","coordinates":[139.73035,35.76826]},"properties":{"name":"神谷南公園","area_m2":806,"r_m":16.0,"source":"国土数値情報 P13 都市公園","x":-9311.52,"y":-25705.68}},{"type":"Feature","geometry":{"type":"Point","coordinates":[139.740228,35.74895]},"properties":{"name":"飛鳥山公園","area_m2":73272,"r_m":152.7,"source":"国土数値情報 P13 都市公園","x":-8420.45,"y":-27848.86}},{"type":"Feature","geometry":{"type":"Point","coordinates":[139.7453,35.75352]},"properties":{"name":"堀船公園","area_m2":2991,"r_m":30.9,"source":"国土数値情報 P13 都市公園","x":-7961.24,"y":-27342.3}},{"type":"Feature","geometry":{"type":"Point","coordinates":[139.720335,35.789058]},"properties":{"name":"新荒川大橋緑地","area_m2":80925,"r_m":160.5,"source":"国土数値情報 P13 都市公園","x":-10214.37,"y":-23397.29}},{"type":"Feature","geometry":{"type":"Point","coordinates":[139.741622,35.759299]},"properties":{"name":"豊島公園","area_m2":6045,"r_m":43.9,"source":"国土数値情報 P13 都市公園","x":-8293.23,"y":-26700.84}},{"type":"Feature","geometry":{"type":"Point","coordinates":[139.71924,35.75835]},"properties":{"name":"十条公園","area_m2":2486,"r_m":28.1,"source":"国土数値情報 P13 都市公園","x":-10317.34,"y":-26804.02}},{"type":"Feature","geometry":{"type":"Point","coordinates":[139.72055,35.78168]},"properties":{"name":"赤羽東公園","area_m2":779,"r_m":15.7,"source":"国土数値情報 P13 都市公園","x":-10195.9,"y":-24215.84}},{"type":"Feature","geometry":{"type":"Point","coordinates":[139.76377,35.734805]},"properties":{"name":"田端台公園","area_m2":3391,"r_m":32.9,"source":"国土数値情報 P13 都市公園","x":-6292.4,"y":-29420.0}},{"type":"Feature","geometry":{"type":"Point","coordinates":[139.76883,35.73801]},"properties":{"name":"田端新町公園","area_m2":1671,"r_m":23.1,"source":"国土数値情報 P13 都市公園","x":-5834.45,"y":-29064.69}},{"type":"Feature","geometry":{"type":"Point","coordinates":[139.70778,35.78012]},"properties":{"name":"桐ヶ丘中央公園","area_m2":50797,"r_m":127.2,"source":"国土数値情報 P13 都市公園","x":-11350.56,"y":-24387.51}},{"type":"Feature","geometry":{"type":"Point","coordinates":[139.75529,35.73726]},"properties":{"name":"田端公園","area_m2":1658,"r_m":23.0,"source":"国土数値情報 P13 都市公園","x":-7059.24,"y":-29147.01}},{"type":"Feature","geometry":{"type":"Point","coordinates":[139.70947,35.76629]},"properties":{"name":"稲付西山公園","area_m2":8265,"r_m":51.3,"source":"国土数値情報 P13 都市公園","x":-11199.72,"y":-25922.05}},{"type":"Feature","geometry":{"type":"Point","coordinates":[139.72614,35.76245]},"properties":{"name":"中十条公園","area_m2":729,"r_m":15.2,"source":"国土数値情報 P13 都市公園","x":-9692.88,"y":-26349.85}},{"type":"Feature","geometry":{"type":"Point","coordinates":[139.737203,35.766086]},"properties":{"name":"王子五丁目公園","area_m2":1908,"r_m":24.6,"source":"国土数値情報 P13 都市公園","x":-8692.09,"y":-25947.45}},{"type":"Feature","geometry":{"type":"Point","coordinates":[139.70091,35.78416]},"properties":{"name":"浮間三丁目公園","area_m2":1173,"r_m":19.3,"source":"国土数値情報 P13 都市公園","x":-11971.03,"y":-23938.48}},{"type":"Feature","geometry":{"type":"Point","coordinates":[139.73601,35.77546]},"properties":{"name":"志茂東公園","area_m2":2104,"r_m":25.9,"source":"国土数値情報 P13 都市公園","x":-8798.96,"y":-24907.41}},{"type":"Feature","geometry":{"type":"Point","coordinates":[139.75381,35.76452]},"properties":{"name":"東豊島公園","area_m2":13211,"r_m":64.8,"source":"国土数値情報 P13 都市公園","x":-7190.65,"y":-26122.58}},{"type":"Feature","geometry":{"type":"Point","coordinates":[139.738403,35.761394]},"properties":{"name":"王子三丁目公園","area_m2":985,"r_m":17.7,"source":"国土数値情報 P13 都市公園","x":-8584.16,"y":-26468.2}},{"type":"Feature","geometry":{"type":"Point","coordinates":[139.7326,35.75745]},"properties":{"name":"名主の滝公園","area_m2":20790,"r_m":81.3,"source":"国土数値情報 P13 都市公園","x":-9109.31,"y":-26905.19}},{"type":"Feature","geometry":{"type":"Point","coordinates":[139.716542,35.788363]},"properties":{"name":"荒川赤羽緑地","area_m2":41318,"r_m":114.7,"source":"国土数値情報 P13 都市公園","x":-10557.36,"y":-23473.93}},{"type":"Feature","geometry":{"type":"Point","coordinates":[139.740449,35.759299]},"properties":{"name":"王子六丁目公園","area_m2":1637,"r_m":22.8,"source":"国土数値情報 P13 都市公園","x":-8399.32,"y":-26700.74}},{"type":"Feature","geometry":{"type":"Point","coordinates":[139.76753,35.73745]},"properties":{"name":"田端新町南むつみ公園","area_m2":994,"r_m":17.8,"source":"国土数値情報 P13 都市公園","x":-5952.08,"y":-29126.74}},{"type":"Feature","geometry":{"type":"Point","coordinates":[139.726071,35.753475]},"properties":{"name":"中央公園","area_m2":79243,"r_m":158.8,"source":"国土数値情報 P13 都市公園","x":-9700.22,"y":-27345.55}},{"type":"Feature","geometry":{"type":"Point","coordinates":[139.74648,35.7566]},"properties":{"name":"堀船第二公園","area_m2":1774,"r_m":23.8,"source":"国土数値情報 P13 都市公園","x":-7854.23,"y":-27000.69}},{"type":"Feature","geometry":{"type":"Point","coordinates":[139.75,35.75416]},"properties":{"name":"白山堀公園","area_m2":2458,"r_m":28.0,"source":"国土数値情報 P13 都市公園","x":-7536.14,"y":-27271.67}},{"type":"Feature","geometry":{"type":"Point","coordinates":[139.71425,35.76574]},"properties":{"name":"西が丘三ツ和公園","area_m2":2016,"r_m":25.3,"source":"国土数値情報 P13 都市公園","x":-10767.58,"y":-25983.61}},{"type":"Feature","geometry":{"type":"Point","coordinates":[139.74648,35.75518]},"properties":{"name":"堀船第三公園","area_m2":1235,"r_m":19.8,"source":"国土数値情報 P13 都市公園","x":-7854.36,"y":-27158.23}},{"type":"Feature","geometry":{"type":"Point","coordinates":[139.72025,35.78489]},"properties":{"name":"赤羽三丁目公園","area_m2":1611,"r_m":22.6,"source":"国土数値情報 P13 都市公園","x":-10222.61,"y":-23859.68}},{"type":"Feature","geometry":{"type":"Point","coordinates":[139.73645,35.76733]},"properties":{"name":"神谷堀公園","area_m2":4967,"r_m":39.8,"source":"国土数値情報 P13 都市公園","x":-8760.07,"y":-25809.42}},{"type":"Feature","geometry":{"type":"Point","coordinates":[139.74365,35.75405]},"properties":{"name":"堀船一丁目公園","area_m2":1283,"r_m":20.2,"source":"国土数値情報 P13 都市公園","x":-8110.4,"y":-27283.37}},{"type":"Feature","geometry":{"type":"Point","coordinates":[139.73145,35.75208]},"properties":{"name":"音無さくら緑地","area_m2":3192,"r_m":31.9,"source":"国土数値情報 P13 都市公園","x":-9213.92,"y":-27500.85}},{"type":"Feature","geometry":{"type":"Point","coordinates":[139.72389,35.7512]},"properties":{"name":"音無こぶし緑地","area_m2":1850,"r_m":24.3,"source":"国土数値情報 P13 都市公園","x":-9897.73,"y":-27597.74}},{"type":"Feature","geometry":{"type":"Point","coordinates":[139.7291,35.75173]},"properties":{"name":"音無もみじ緑地","area_m2":6271,"r_m":44.7,"source":"国土数値情報 P13 都市公園","x":-9426.49,"y":-27539.46}},{"type":"Feature","geometry":{"type":"Point","coordinates":[139.72125,35.78698]},"properties":{"name":"新河岸川緑地","area_m2":8637,"r_m":52.4,"source":"国土数値情報 P13 都市公園","x":-10131.94,"y":-23627.91}},{"type":"Feature","geometry":{"type":"Point","coordinates":[139.70285,35.78962]},"properties":{"name":"浮間一丁目緑地","area_m2":3874,"r_m":35.1,"source":"国土数値情報 P13 都市公園","x":-11794.85,"y":-23332.96}},{"type":"Feature","geometry":{"type":"Point","coordinates":[139.72728,35.74966]},"properties":{"name":"音無けやき緑地","area_m2":1676,"r_m":23.1,"source":"国土数値情報 P13 都市公園","x":-9591.33,"y":-27768.93}},{"type":"Feature","geometry":{"type":"Point","coordinates":[139.72769,35.75185]},"properties":{"name":"音無みずき緑地","area_m2":103,"r_m":5.7,"source":"国土数値情報 P13 都市公園","x":-9553.99,"y":-27526.01}},{"type":"Feature","geometry":{"type":"Point","coordinates":[139.71454,35.78194]},"properties":{"name":"赤羽台公園","area_m2":6512,"r_m":45.5,"source":"国土数値情報 P13 都市公園","x":-10739.18,"y":-24186.35}},{"type":"Feature","geometry":{"type":"Point","coordinates":[139.72321,35.75073]},"properties":{"name":"音無くぬぎ緑地","area_m2":2757,"r_m":29.6,"source":"国土数値情報 P13 都市公園","x":-9959.28,"y":-27649.82}},{"type":"Feature","geometry":{"type":"Point","coordinates":[139.744503,35.74531]},"properties":{"name":"滝野川公園","area_m2":15837,"r_m":71.0,"source":"国土数値情報 P13 都市公園","x":-8034.12,"y":-28253.06}},{"type":"Feature","geometry":{"type":"Point","coordinates":[139.72476,35.75045]},"properties":{"name":"音無かつら緑地","area_m2":95,"r_m":5.5,"source":"国土数値情報 P13 都市公園","x":-9819.14,"y":-27681.04}},{"type":"Feature","geometry":{"type":"Point","coordinates":[139.736617,35.753262]},"properties":{"name":"音無親水公園","area_m2":5461,"r_m":41.7,"source":"国土数値情報 P13 都市公園","x":-8746.54,"y":-27370.15}},{"type":"Feature","geometry":{"type":"Point","coordinates":[139.712266,35.784925]},"properties":{"name":"赤羽台四丁目公園","area_m2":4521,"r_m":37.9,"source":"国土数値情報 P13 都市公園","x":-10944.34,"y":-23854.93}},{"type":"Feature","geometry":{"type":"Point","coordinates":[139.713035,35.780837]},"properties":{"name":"赤羽緑道公園","area_m2":18821,"r_m":77.4,"source":"国土数値情報 P13 都市公園","x":-10875.37,"y":-24308.56}},{"type":"Feature","geometry":{"type":"Point","coordinates":[139.75919,35.73724]},"properties":{"name":"童橋公園","area_m2":1096,"r_m":18.7,"source":"国土数値情報 P13 都市公園","x":-6706.47,"y":-29149.5}},{"type":"Feature","geometry":{"type":"Point","coordinates":[139.72122,35.76839]},"properties":{"name":"清水坂公園","area_m2":20647,"r_m":81.1,"source":"国土数値情報 P13 都市公園","x":-10137.01,"y":-25690.35}},{"type":"Feature","geometry":{"type":"Point","coordinates":[139.718758,35.787288]},"properties":{"name":"荒川赤羽桜堤緑地","area_m2":12335,"r_m":62.7,"source":"国土数値情報 P13 都市公園","x":-10357.18,"y":-23593.45}},{"type":"Feature","geometry":{"type":"Point","coordinates":[139.72708,35.75155]},"properties":{"name":"音無えのき緑地","area_m2":832,"r_m":16.3,"source":"国土数値情報 P13 都市公園","x":-9609.19,"y":-27559.23}},{"type":"Feature","geometry":{"type":"Point","coordinates":[139.73092,35.787176]},"properties":{"name":"荒川赤水門緑地","area_m2":3977,"r_m":35.6,"source":"国土数値情報 P13 都市公園","x":-9257.78,"y":-23607.09}},{"type":"Feature","geometry":{"type":"Point","coordinates":[139.7247,35.76014]},"properties":{"name":"十条野鳥の森緑地","area_m2":1036,"r_m":18.2,"source":"国土数値情報 P13 都市公園","x":-9823.38,"y":-26605.99}},{"type":"Feature","geometry":{"type":"Point","coordinates":[139.740345,35.767778]},"properties":{"name":"豊島馬場遺跡公園","area_m2":2840,"r_m":30.1,"source":"国土数値情報 P13 都市公園","x":-8407.85,"y":-25760.1}},{"type":"Feature","geometry":{"type":"Point","coordinates":[139.71091,35.774039]},"properties":{"name":"赤羽自然観察公園","area_m2":54020,"r_m":131.1,"source":"国土数値情報 P13 都市公園","x":-11068.4,"y":-25062.57}},{"type":"Feature","geometry":{"type":"Point","coordinates":[139.729486,35.757003]},"properties":{"name":"南橋公園","area_m2":520,"r_m":12.9,"source":"国土数値情報 P13 都市公園","x":-9390.94,"y":-26954.47}},{"type":"Feature","geometry":{"type":"Point","coordinates":[139.733019,35.761338]},"properties":{"name":"王子四丁目公園","area_m2":1264,"r_m":20.1,"source":"国土数値情報 P13 都市公園","x":-9070.99,"y":-26473.93}},{"type":"Feature","geometry":{"type":"Point","coordinates":[139.735105,35.750742]},"properties":{"name":"醸造試験所跡地公園","area_m2":6561,"r_m":45.7,"source":"国土数値情報 P13 都市公園","x":-8883.57,"y":-27649.6}},{"type":"Feature","geometry":{"type":"Point","coordinates":[139.711588,35.782786]},"properties":{"name":"赤羽台さくら並木公園","area_m2":8876,"r_m":53.2,"source":"国土数値情報 P13 都市公園","x":-11005.91,"y":-24092.19}},{"type":"Feature","geometry":{"type":"Point","coordinates":[139.74751,35.76615]},"properties":{"name":"豊島五・六丁目公園","area_m2":1500,"r_m":21.9,"source":"国土数値情報 P13 都市公園","x":-7760.15,"y":-25941.26}},{"type":"Feature","geometry":{"type":"Point","coordinates":[139.75902,35.75393]},"properties":{"name":"荒川遊園","area_m2":50840,"r_m":127.2,"source":"国土数値情報 P13 都市公園","x":-6720.45,"y":-27297.84}},{"type":"Feature","geometry":{"type":"Point","coordinates":[139.77231,35.74862]},"properties":{"name":"尾久小公園","area_m2":661,"r_m":14.5,"source":"国土数値情報 P13 都市公園","x":-5518.95,"y":-27887.78}},{"type":"Feature","geometry":{"type":"Point","coordinates":[139.78569,35.737296]},"properties":{"name":"三河島公園","area_m2":2464,"r_m":28.0,"source":"国土数値情報 P13 都市公園","x":-4309.46,"y":-29144.78}},{"type":"Feature","geometry":{"type":"Point","coordinates":[139.76512,35.75109]},"properties":{"name":"尾久八幡公園","area_m2":787,"r_m":15.8,"source":"国土数値情報 P13 都市公園","x":-6169.02,"y":-27613.32}},{"type":"Feature","geometry":{"type":"Point","coordinates":[139.78169,35.72988]},"properties":{"name":"日暮里公園","area_m2":3580,"r_m":33.8,"source":"国土数値情報 P13 都市公園","x":-4671.71,"y":-29967.34}},{"type":"Feature","geometry":{"type":"Point","coordinates":[139.77687,35.72679]},"properties":{"name":"日暮里南公園","area_m2":6230,"r_m":44.5,"source":"国土数値情報 P13 都市公園","x":-5107.93,"y":-30309.92}},{"type":"Feature","geometry":{"type":"Point","coordinates":[139.79053,35.75016]},"properties":{"name":"尾竹橋公園","area_m2":4194,"r_m":36.5,"source":"国土数値情報 P13 都市公園","x":-3871.06,"y":-27717.8}},{"type":"Feature","geometry":{"type":"Point","coordinates":[139.77126,35.74964]},"properties":{"name":"熊野前公園","area_m2":953,"r_m":17.4,"source":"国土数値情報 P13 都市公園","x":-5613.84,"y":-27774.56}},{"type":"Feature","geometry":{"type":"Point","coordinates":[139.7906,35.73357]},"properties":{"name":"瑞光公園","area_m2":1092,"r_m":18.6,"source":"国土数値情報 P13 都市公園","x":-3865.53,"y":-29558.35}},{"type":"Feature","geometry":{"type":"Point","coordinates":[139.79486,35.73859]},"properties":{"name":"天王公園","area_m2":6159,"r_m":44.3,"source":"国土数値情報 P13 都市公園","x":-3479.96,"y":-29001.58}},{"type":"Feature","geometry":{"type":"Point","coordinates":[139.781932,35.736402]},"properties":{"name":"荒川公園","area_m2":14708,"r_m":68.4,"source":"国土数値情報 P13 都市公園","x":-4649.42,"y":-29243.84}},{"type":"Feature","geometry":{"type":"Point","coordinates":[139.78622,35.7357]},"properties":{"name":"荒川東公園","area_m2":974,"r_m":17.6,"source":"国土数値情報 P13 都市公園","x":-4261.61,"y":-29321.86}},{"type":"Feature","geometry":{"type":"Point","coordinates":[139.78716,35.75153]},"properties":{"name":"荒木田公園","area_m2":791,"r_m":15.9,"source":"国土数値情報 P13 都市公園","x":-4175.76,"y":-27565.67}},{"type":"Feature","geometry":{"type":"Point","coordinates":[139.78592,35.745]},"properties":{"name":"藍染公園","area_m2":1679,"r_m":23.1,"source":"国土数値情報 P13 都市公園","x":-4288.25,"y":-28290.08}},{"type":"Feature","geometry":{"type":"Point","coordinates":[139.76625,35.73135]},"properties":{"name":"西日暮里公園","area_m2":3841,"r_m":35.0,"source":"国土数値情報 P13 都市公園","x":-6068.32,"y":-29803.41}},{"type":"Feature","geometry":{"type":"Point","coordinates":[139.7769,35.73956]},"properties":{"name":"荒川五丁目公園","area_m2":1057,"r_m":18.3,"source":"国土数値情報 P13 都市公園","x":-5104.4,"y":-28893.18}},{"type":"Feature","geometry":{"type":"Point","coordinates":[139.78969,35.73]},"properties":{"name":"東日暮里一丁目公園","area_m2":1462,"r_m":21.6,"source":"国土数値情報 P13 都市公園","x":-3948.02,"y":-29954.38}},{"type":"Feature","geometry":{"type":"Point","coordinates":[139.78258,35.74026]},"properties":{"name":"荒川二丁目公園","area_m2":1619,"r_m":22.7,"source":"国土数値情報 P13 都市公園","x":-4590.61,"y":-28815.8}},{"type":"Feature","geometry":{"type":"Point","coordinates":[139.778919,35.750716]},"properties":{"name":"町屋五丁目南公園","area_m2":969,"r_m":17.6,"source":"国土数値情報 P13 都市公園","x":-4921.11,"y":-27655.64}},{"type":"Feature","geometry":{"type":"Point","coordinates":[139.780093,35.751735]},"properties":{"name":"町屋五丁目北公園","area_m2":1392,"r_m":21.0,"source":"国土数値情報 P13 都市公園","x":-4814.9,"y":-27542.6}},{"type":"Feature","geometry":{"type":"Point","coordinates":[139.76106,35.74425]},"properties":{"name":"西尾久四丁目公園","area_m2":3094,"r_m":31.4,"source":"国土数値情報 P13 都市公園","x":-6536.75,"y":-28371.91}},{"type":"Feature","geometry":{"type":"Point","coordinates":[139.76063,35.745807]},"properties":{"name":"西尾久四丁目北公園","area_m2":1006,"r_m":17.9,"source":"国土数値情報 P13 都市公園","x":-6575.49,"y":-28199.2}},{"type":"Feature","geometry":{"type":"Point","coordinates":[139.77193,35.73677]},"properties":{"name":"西日暮里六丁目公園","area_m2":972,"r_m":17.6,"source":"国土数値情報 P13 都市公園","x":-5554.14,"y":-29202.44}},{"type":"Feature","geometry":{"type":"Point","coordinates":[139.7869,35.73943]},"properties":{"name":"荒川八丁目公園","area_m2":3475,"r_m":33.3,"source":"国土数値情報 P13 都市公園","x":-4199.91,"y":-28908.07}},{"type":"Feature","geometry":{"type":"Point","coordinates":[139.78152,35.73527]},"properties":{"name":"荒川三丁目公園","area_m2":968,"r_m":17.6,"source":"国土数値情報 P13 都市公園","x":-4686.78,"y":-29369.35}},{"type":"Feature","geometry":{"type":"Point","coordinates":[139.78349,35.73756]},"properties":{"name":"荒川二丁目南公園","area_m2":1466,"r_m":21.6,"source":"国土数値情報 P13 都市公園","x":-4508.45,"y":-29115.39}},{"type":"Feature","geometry":{"type":"Point","coordinates":[139.78784,35.73779]},"properties":{"name":"荒川八丁目南公園","area_m2":729,"r_m":15.2,"source":"国土数値情報 P13 都市公園","x":-4114.97,"y":-29090.06}},{"type":"Feature","geometry":{"type":"Point","coordinates":[139.777861,35.749818]},"properties":{"name":"原公園","area_m2":2050,"r_m":25.5,"source":"国土数値情報 P13 都市公園","x":-5016.81,"y":-27755.17}},{"type":"Feature","geometry":{"type":"Point","coordinates":[139.804637,35.735911]},"properties":{"name":"リバーハープ公園","area_m2":2434,"r_m":27.8,"source":"国土数値情報 P13 都市公園","x":-2595.75,"y":-29299.12}},{"type":"Feature","geometry":{"type":"Point","coordinates":[139.77631,35.73388]},"properties":{"name":"真土公園","area_m2":1657,"r_m":23.0,"source":"国土数値情報 P13 都市公園","x":-5158.14,"y":-29523.3}},{"type":"Feature","geometry":{"type":"Point","coordinates":[139.80844,35.73319]},"properties":{"name":"瑞光橋公園","area_m2":15038,"r_m":69.2,"source":"国土数値情報 P13 都市公園","x":-2251.79,"y":-29601.07}},{"type":"Feature","geometry":{"type":"Point","coordinates":[139.78961,35.75035]},"properties":{"name":"町屋七丁目公園","area_m2":1267,"r_m":20.1,"source":"国土数値情報 P13 都市公園","x":-3954.25,"y":-27696.69}},{"type":"Feature","geometry":{"type":"Point","coordinates":[139.71814,35.74723]},"properties":{"name":"板橋駅前公園","area_m2":1276,"r_m":20.2,"source":"国土数値情報 P13 都市公園","x":-10418.26,"y":-28037.59}},{"type":"Feature","geometry":{"type":"Point","coordinates":[139.71486,35.74795]},"properties":{"name":"南板橋公園","area_m2":4445,"r_m":37.6,"source":"国土数値情報 P13 都市公園","x":-10714.81,"y":-27957.36}},{"type":"Feature","geometry":{"type":"Point","coordinates":[139.71085,35.74867]},"properties":{"name":"板橋第二公園","area_m2":2048,"r_m":25.5,"source":"国土数値情報 P13 都市公園","x":-11077.38,"y":-27877.03}},{"type":"Feature","geometry":{"type":"Point","coordinates":[139.70999,35.75049]},"properties":{"name":"四ツ又公園","area_m2":865,"r_m":16.6,"source":"国土数値情報 P13 都市公園","x":-11154.9,"y":-27675.02}},{"type":"Feature","geometry":{"type":"Point","coordinates":[139.71268,35.75468]},"properties":{"name":"東板橋公園","area_m2":25052,"r_m":89.3,"source":"国土数値情報 P13 都市公園","x":-10911.05,"y":-27210.47}},{"type":"Feature","geometry":{"type":"Point","coordinates":[139.71819,35.75285]},"properties":{"name":"板谷公園","area_m2":5367,"r_m":41.3,"source":"国土数値情報 P13 都市公園","x":-10413.0,"y":-27414.1}},{"type":"Feature","geometry":{"type":"Point","coordinates":[139.720222,35.752644]},"properties":{"name":"加賀公園","area_m2":5264,"r_m":40.9,"source":"国土数値情報 P13 都市公園","x":-10229.23,"y":-27437.19}},{"type":"Feature","geometry":{"type":"Point","coordinates":[139.71812,35.75484]},"properties":{"name":"加賀第二公園","area_m2":3407,"r_m":32.9,"source":"国土数値情報 P13 都市公園","x":-10419.08,"y":-27193.31}},{"type":"Feature","geometry":{"type":"Point","coordinates":[139.71899,35.75559]},"properties":{"name":"加賀一丁目公園","area_m2":6096,"r_m":44.1,"source":"国土数値情報 P13 都市公園","x":-10340.3,"y":-27110.2}},{"type":"Feature","geometry":{"type":"Point","coordinates":[139.71486,35.75707]},"properties":{"name":"加賀二丁目公園","area_m2":6612,"r_m":45.9,"source":"国土数値情報 P13 都市公園","x":-10713.59,"y":-26945.56}},{"type":"Feature","geometry":{"type":"Point","coordinates":[139.7072,35.74386]},"properties":{"name":"熊野町公園","area_m2":1058,"r_m":18.4,"source":"国土数値情報 P13 都市公園","x":-11408.17,"y":-28410.25}},{"type":"Feature","geometry":{"type":"Point","coordinates":[139.704591,35.752345]},"properties":{"name":"板橋大山公園","area_m2":6861,"r_m":46.7,"source":"国土数値情報 P13 都市公園","x":-11642.94,"y":-27468.64}},{"type":"Feature","geometry":{"type":"Point","coordinates":[139.69455,35.74487]},"properties":{"name":"板橋公園","area_m2":9798,"r_m":55.8,"source":"国土数値情報 P13 都市公園","x":-12552.15,"y":-28296.66}},{"type":"Feature","geometry":{"type":"Point","coordinates":[139.69141,35.74757]},"properties":{"name":"大谷口上町公園","area_m2":1009,"r_m":17.9,"source":"国土数値情報 P13 都市公園","x":-12835.71,"y":-27996.7}},{"type":"Feature","geometry":{"type":"Point","coordinates":[139.6857,35.75101]},"properties":{"name":"大谷口北町公園","area_m2":864,"r_m":16.6,"source":"国土数値情報 P13 都市公園","x":-13351.55,"y":-27614.29}},{"type":"Feature","geometry":{"type":"Point","coordinates":[139.68121,35.74021]},"properties":{"name":"向原公園","area_m2":1878,"r_m":24.4,"source":"国土数値情報 P13 都市公園","x":-13759.47,"y":-28811.86}},{"type":"Feature","geometry":{"type":"Point","coordinates":[139.67931,35.74489]},"properties":{"name":"小茂根公園","area_m2":1065,"r_m":18.4,"source":"国土数値情報 P13 都市公園","x":-13930.51,"y":-28292.38}},{"type":"Feature","geometry":{"type":"Point","coordinates":[139.6821,35.74952]},"properties":{"name":"小茂根二丁目公園","area_m2":1322,"r_m":20.5,"source":"国土数値情報 P13 都市公園","x":-13677.38,"y":-27779.1}},{"type":"Feature","geometry":{"type":"Point","coordinates":[139.69183,35.76054]},"properties":{"name":"常盤台公園","area_m2":4291,"r_m":37.0,"source":"国土数値情報 P13 都市公園","x":-12795.65,"y":-26557.82}},{"type":"Feature","geometry":{"type":"Point","coordinates":[139.68724,35.76244]},"properties":{"name":"常盤台北口公園","area_m2":783,"r_m":15.8,"source":"国土数値情報 P13 都市公園","x":-13210.39,"y":-26346.42}},{"type":"Feature","geometry":{"type":"Point","coordinates":[139.68459,35.76116]},"properties":{"name":"水久保公園","area_m2":2014,"r_m":25.3,"source":"国土数値情報 P13 都市公園","x":-13450.23,"y":-26488.07}},{"type":"Feature","geometry":{"type":"Point","coordinates":[139.69044,35.75792]},"properties":{"name":"向屋敷公園","area_m2":491,"r_m":12.5,"source":"国土数値情報 P13 都市公園","x":-12921.76,"y":-26848.31}},{"type":"Feature","geometry":{"type":"Point","coordinates":[139.68639,35.75697]},"properties":{"name":"南ときわ台公園","area_m2":2571,"r_m":28.6,"source":"国土数値情報 P13 都市公園","x":-13288.16,"y":-26953.17}},{"type":"Feature","geometry":{"type":"Point","coordinates":[139.6739,35.76367]},"properties":{"name":"七軒家公園","area_m2":4776,"r_m":39.0,"source":"国土数値情報 P13 都市公園","x":-14416.43,"y":-26208.08}},{"type":"Feature","geometry":{"type":"Point","coordinates":[139.67082,35.76515]},"properties":{"name":"上板富士公園","area_m2":1865,"r_m":24.4,"source":"国土数値情報 P13 都市公園","x":-14694.66,"y":-26043.42}},{"type":"Feature","geometry":{"type":"Point","coordinates":[139.70432,35.76965]},"properties":{"name":"本蓮沼公園","area_m2":1666,"r_m":23.0,"source":"国土数値情報 P13 都市公園","x":-11664.89,"y":-25548.68}},{"type":"Feature","geometry":{"type":"Point","coordinates":[139.70416,35.77232]},"properties":{"name":"蓮沼公園","area_m2":994,"r_m":17.8,"source":"国土数値情報 P13 都市公園","x":-11678.96,"y":-25252.44}},{"type":"Feature","geometry":{"type":"Point","coordinates":[139.69957,35.76947]},"properties":{"name":"大原公園","area_m2":2955,"r_m":30.7,"source":"国土数値情報 P13 都市公園","x":-12094.39,"y":-25568.08}},{"type":"Feature","geometry":{"type":"Point","coordinates":[139.6978,35.7637]},"properties":{"name":"宮本公園","area_m2":2148,"r_m":26.1,"source":"国土数値情報 P13 都市公園","x":-12255.31,"y":-26208.0}},{"type":"Feature","geometry":{"type":"Point","coordinates":[139.70222,35.77536]},"properties":{"name":"東原公園","area_m2":1610,"r_m":22.6,"source":"国土数値情報 P13 都市公園","x":-11853.92,"y":-24914.94}},{"type":"Feature","geometry":{"type":"Point","coordinates":[139.69769,35.77886]},"properties":{"name":"小豆沢公園","area_m2":70382,"r_m":149.7,"source":"国土数値情報 P13 都市公園","x":-12262.93,"y":-24526.08}},{"type":"Feature","geometry":{"type":"Point","coordinates":[139.69276,35.77924]},"properties":{"name":"志村坂公園","area_m2":1034,"r_m":18.1,"source":"国土数値情報 P13 都市公園","x":-12708.57,"y":-24483.29}},{"type":"Feature","geometry":{"type":"Point","coordinates":[139.69228,35.77494]},"properties":{"name":"志村第三公園","area_m2":4463,"r_m":37.7,"source":"国土数値情報 P13 都市公園","x":-12752.65,"y":-24960.29}},{"type":"Feature","geometry":{"type":"Point","coordinates":[139.68723,35.77671]},"properties":{"name":"志村城山公園","area_m2":5377,"r_m":41.4,"source":"国土数値情報 P13 都市公園","x":-13208.93,"y":-24763.25}},{"type":"Feature","geometry":{"type":"Point","coordinates":[139.68712,35.77975]},"properties":{"name":"志村公園","area_m2":2446,"r_m":27.9,"source":"国土数値情報 P13 都市公園","x":-13218.38,"y":-24425.97}},{"type":"Feature","geometry":{"type":"Point","coordinates":[139.68073,35.7678]},"properties":{"name":"どんぐり山公園","area_m2":2419,"r_m":27.7,"source":"国土数値情報 P13 都市公園","x":-13798.13,"y":-25750.86}},{"type":"Feature","geometry":{"type":"Point","coordinates":[139.67802,35.76999]},"properties":{"name":"中台公園","area_m2":2752,"r_m":29.6,"source":"国土数値情報 P13 都市公園","x":-14042.78,"y":-25507.51}},{"type":"Feature","geometry":{"type":"Point","coordinates":[139.681569,35.774906]},"properties":{"name":"中台さくら公園","area_m2":4060,"r_m":35.9,"source":"国土数値情報 P13 都市公園","x":-13721.08,"y":-24962.58}},{"type":"Feature","geometry":{"type":"Point","coordinates":[139.680872,35.772757]},"properties":{"name":"中台ならの木公園","area_m2":1373,"r_m":20.9,"source":"国土数値情報 P13 都市公園","x":-13784.42,"y":-25200.99}},{"type":"Feature","geometry":{"type":"Point","coordinates":[139.677893,35.77576]},"properties":{"name":"中台しいのき公園","area_m2":3683,"r_m":34.2,"source":"国土数値情報 P13 都市公園","x":-14053.26,"y":-24867.39}},{"type":"Feature","geometry":{"type":"Point","coordinates":[139.67061,35.76736]},"properties":{"name":"若木原公園","area_m2":3053,"r_m":31.2,"source":"国土数値情報 P13 都市公園","x":-14713.24,"y":-25798.21}},{"type":"Feature","geometry":{"type":"Point","coordinates":[139.67334,35.76968]},"properties":{"name":"若木第二公園","area_m2":1427,"r_m":21.3,"source":"国土数値情報 P13 都市公園","x":-14465.98,"y":-25541.22}},{"type":"Feature","geometry":{"type":"Point","coordinates":[139.66961,35.770233]},"properties":{"name":"若木公園","area_m2":3617,"r_m":33.9,"source":"国土数値情報 P13 都市公園","x":-14803.16,"y":-25479.31}},{"type":"Feature","geometry":{"type":"Point","coordinates":[139.67113,35.76967]},"properties":{"name":"若木中央公園","area_m2":2648,"r_m":29.0,"source":"国土数値情報 P13 都市公園","x":-14665.8,"y":-25542.01}},{"type":"Feature","geometry":{"type":"Point","coordinates":[139.67152,35.77015]},"properties":{"name":"若木東公園","area_m2":995,"r_m":17.8,"source":"国土数値情報 P13 都市公園","x":-14630.45,"y":-25488.81}},{"type":"Feature","geometry":{"type":"Point","coordinates":[139.670547,35.769427]},"properties":{"name":"若木西公園","area_m2":948,"r_m":17.4,"source":"国土数値情報 P13 都市公園","x":-14718.52,"y":-25568.84}},{"type":"Feature","geometry":{"type":"Point","coordinates":[139.67282,35.77389]},"properties":{"name":"西台公園","area_m2":7688,"r_m":49.5,"source":"国土数値情報 P13 都市公園","x":-14512.23,"y":-25074.07}},{"type":"Feature","geometry":{"type":"Point","coordinates":[139.66779,35.77743]},"properties":{"name":"西台福寿公園","area_m2":1712,"r_m":23.3,"source":"国土数値情報 P13 都市公園","x":-14966.34,"y":-24680.58}},{"type":"Feature","geometry":{"type":"Point","coordinates":[139.67027,35.779405]},"properties":{"name":"西台田端公園","area_m2":1266,"r_m":20.1,"source":"国土数値情報 P13 都市公園","x":-14741.73,"y":-24461.79}},{"type":"Feature","geometry":{"type":"Point","coordinates":[139.66731,35.77631]},"properties":{"name":"西徳第二公園","area_m2":5445,"r_m":41.6,"source":"国土数値情報 P13 都市公園","x":-15009.94,"y":-24804.76}},{"type":"Feature","geometry":{"type":"Point","coordinates":[139.68272,35.78048]},"properties":{"name":"坂下一丁目公園","area_m2":1009,"r_m":17.9,"source":"国土数値情報 P13 都市公園","x":-13616.03,"y":-24344.37}},{"type":"Feature","geometry":{"type":"Point","coordinates":[139.6819,35.783]},"properties":{"name":"城北公園","area_m2":24186,"r_m":87.7,"source":"国土数値情報 P13 都市公園","x":-13689.73,"y":-24064.68}},{"type":"Feature","geometry":{"type":"Point","coordinates":[139.6828,35.78841]},"properties":{"name":"坂下三丁目公園","area_m2":975,"r_m":17.6,"source":"国土数値情報 P13 都市公園","x":-13607.45,"y":-23464.6}},{"type":"Feature","geometry":{"type":"Point","coordinates":[139.68272,35.78774]},"properties":{"name":"坂下三丁目第二公園","area_m2":2676,"r_m":29.2,"source":"国土数値情報 P13 都市公園","x":-13614.79,"y":-23538.92}},{"type":"Feature","geometry":{"type":"Point","coordinates":[139.68806,35.78482]},"properties":{"name":"東坂下二丁目公園","area_m2":2919,"r_m":30.5,"source":"国土数値情報 P13 都市公園","x":-13132.56,"y":-23863.61}},{"type":"Feature","geometry":{"type":"Point","coordinates":[139.68001,35.77924]},"properties":{"name":"蓮根みなみ公園","area_m2":1403,"r_m":21.1,"source":"国土数値情報 P13 都市公園","x":-13861.24,"y":-24481.56}},{"type":"Feature","geometry":{"type":"Point","coordinates":[139.676203,35.782098]},"properties":{"name":"蓮根公園","area_m2":566,"r_m":13.4,"source":"国土数値情報 P13 都市公園","x":-14204.89,"y":-24163.92}},{"type":"Feature","geometry":{"type":"Point","coordinates":[139.67506,35.78744]},"properties":{"name":"真畔公園","area_m2":1610,"r_m":22.6,"source":"国土数値情報 P13 都市公園","x":-14307.28,"y":-23571.11}},{"type":"Feature","geometry":{"type":"Point","coordinates":[139.678189,35.788814]},"properties":{"name":"蓮根三丁目公園","area_m2":2915,"r_m":30.5,"source":"国土数値情報 P13 都市公園","x":-14024.15,"y":-23419.18}},{"type":"Feature","geometry":{"type":"Point","coordinates":[139.69447,35.77027]},"properties":{"name":"宮下公園","area_m2":4292,"r_m":37.0,"source":"国土数値情報 P13 都市公園","x":-12555.39,"y":-25478.68}},{"type":"Feature","geometry":{"type":"Point","coordinates":[139.693489,35.773222]},"properties":{"name":"見次公園","area_m2":13975,"r_m":66.7,"source":"国土数値情報 P13 都市公園","x":-12643.61,"y":-25151.05}},{"type":"Feature","geometry":{"type":"Point","coordinates":[139.68762,35.76897]},"properties":{"name":"前野公園","area_m2":7286,"r_m":48.2,"source":"国土数値情報 P13 都市公園","x":-13174.95,"y":-25622.01}},{"type":"Feature","geometry":{"type":"Point","coordinates":[139.68439,35.7711]},"properties":{"name":"日暮台公園","area_m2":5113,"r_m":40.3,"source":"国土数値情報 P13 都市公園","x":-13466.64,"y":-25385.26}},{"type":"Feature","geometry":{"type":"Point","coordinates":[139.68408,35.77444]},"properties":{"name":"志村第二公園","area_m2":836,"r_m":16.3,"source":"国土数値情報 P13 都市公園","x":-13494.1,"y":-25014.66}},{"type":"Feature","geometry":{"type":"Point","coordinates":[139.68317,35.76469]},"properties":{"name":"西前野公園","area_m2":3685,"r_m":34.2,"source":"国土数値情報 P13 都市公園","x":-13578.03,"y":-26096.24}},{"type":"Feature","geometry":{"type":"Point","coordinates":[139.68086,35.79434]},"properties":{"name":"舟渡三丁目公園","area_m2":1524,"r_m":22.0,"source":"国土数値情報 P13 都市公園","x":-13781.79,"y":-22806.43}},{"type":"Feature","geometry":{"type":"Point","coordinates":[139.67697,35.75055]},"properties":{"name":"茂呂山公園","area_m2":10406,"r_m":57.6,"source":"国土数値情報 P13 都市公園","x":-14141.15,"y":-27664.1}},{"type":"Feature","geometry":{"type":"Point","coordinates":[139.68542,35.75614]},"properties":{"name":"東山公園","area_m2":3126,"r_m":31.5,"source":"国土数値情報 P13 都市公園","x":-13376.02,"y":-27045.12}},{"type":"Feature","geometry":{"type":"Point","coordinates":[139.68088,35.75687]},"properties":{"name":"緑ケ丘第一公園","area_m2":1632,"r_m":22.8,"source":"国土数値情報 P13 都市公園","x":-13786.45,"y":-26963.5}},{"type":"Feature","geometry":{"type":"Point","coordinates":[139.67825,35.75883]},"properties":{"name":"緑ケ丘第二公園","area_m2":1626,"r_m":22.8,"source":"国土数値情報 P13 都市公園","x":-14023.94,"y":-26745.68}},{"type":"Feature","geometry":{"type":"Point","coordinates":[139.67293,35.76079]},"properties":{"name":"緑ケ丘第三公園","area_m2":1413,"r_m":21.2,"source":"国土数値情報 P13 都市公園","x":-14504.66,"y":-26527.45}},{"type":"Feature","geometry":{"type":"Point","coordinates":[139.65038,35.76967]},"properties":{"name":"徳親公園","area_m2":710,"r_m":15.0,"source":"国土数値情報 P13 都市公園","x":-16541.94,"y":-25538.7}},{"type":"Feature","geometry":{"type":"Point","coordinates":[139.63356,35.77223]},"properties":{"name":"下赤塚公園","area_m2":3108,"r_m":31.5,"source":"国土数値情報 P13 都市公園","x":-18062.16,"y":-25251.72}},{"type":"Feature","geometry":{"type":"Point","coordinates":[139.65352,35.77878]},"properties":{"name":"四葉公園","area_m2":1881,"r_m":24.5,"source":"国土数値情報 P13 都市公園","x":-16256.17,"y":-24528.53}},{"type":"Feature","geometry":{"type":"Point","coordinates":[139.63399,35.778]},"properties":{"name":"成増公園","area_m2":1080,"r_m":18.5,"source":"国土数値情報 P13 都市公園","x":-18021.98,"y":-24611.65}},{"type":"Feature","geometry":{"type":"Point","coordinates":[139.63152,35.7822]},"properties":{"name":"天神下公園","area_m2":2543,"r_m":28.5,"source":"国土数値情報 P13 都市公園","x":-18244.32,"y":-24145.23}},{"type":"Feature","geometry":{"type":"Point","coordinates":[139.63176,35.78572]},"properties":{"name":"成増五丁目公園","area_m2":6343,"r_m":44.9,"source":"国土数値情報 P13 都市公園","x":-18221.82,"y":-23754.75}},{"type":"Feature","geometry":{"type":"Point","coordinates":[139.636595,35.789002]},"properties":{"name":"成増北第一公園","area_m2":15288,"r_m":69.8,"source":"国土数値情報 P13 都市公園","x":-17784.02,"y":-23391.53}},{"type":"Feature","geometry":{"type":"Point","coordinates":[139.633422,35.787174]},"properties":{"name":"成増北第二公園","area_m2":3634,"r_m":34.0,"source":"国土数値情報 P13 都市公園","x":-18071.23,"y":-23593.8}},{"type":"Feature","geometry":{"type":"Point","coordinates":[139.63837,35.77721]},"properties":{"name":"二塚公園","area_m2":908,"r_m":17.0,"source":"国土数値情報 P13 都市公園","x":-17626.17,"y":-24700.09}},{"type":"Feature","geometry":{"type":"Point","coordinates":[139.63713,35.78154]},"properties":{"name":"上赤塚公園","area_m2":4535,"r_m":38.0,"source":"国土数値情報 P13 都市公園","x":-17737.31,"y":-24219.48}},{"type":"Feature","geometry":{"type":"Point","coordinates":[139.63943,35.78197]},"properties":{"name":"石成公園","area_m2":1255,"r_m":20.0,"source":"国土数値情報 P13 都市公園","x":-17529.29,"y":-24172.19}},{"type":"Feature","geometry":{"type":"Point","coordinates":[139.63895,35.78381]},"properties":{"name":"宮前公園","area_m2":961,"r_m":17.5,"source":"国土数値情報 P13 都市公園","x":-17572.28,"y":-23967.97}},{"type":"Feature","geometry":{"type":"Point","coordinates":[139.6442,35.78042]},"properties":{"name":"赤塚植物園","area_m2":10394,"r_m":57.5,"source":"国土数値情報 P13 都市公園","x":-17098.41,"y":-24344.99}},{"type":"Feature","geometry":{"type":"Point","coordinates":[139.644088,35.785644]},"properties":{"name":"赤塚溜池公園","area_m2":7848,"r_m":50.0,"source":"国土数値情報 P13 都市公園","x":-17107.37,"y":-23765.37}},{"type":"Feature","geometry":{"type":"Point","coordinates":[139.64124,35.78774]},"properties":{"name":"三園公園","area_m2":2479,"r_m":28.1,"source":"国土数値情報 P13 都市公園","x":-17364.41,"y":-23532.36}},{"type":"Feature","geometry":{"type":"Point","coordinates":[139.66418,35.7727]},"properties":{"name":"徳丸一丁目公園","area_m2":1654,"r_m":22.9,"source":"国土数値情報 P13 都市公園","x":-15293.61,"y":-25204.78}},{"type":"Feature","geometry":{"type":"Point","coordinates":[139.6678,35.77235]},"properties":{"name":"西徳第一公園","area_m2":6367,"r_m":45.0,"source":"国土数値情報 P13 都市公園","x":-14966.38,"y":-25244.17}},{"type":"Feature","geometry":{"type":"Point","coordinates":[139.66203,35.77195]},"properties":{"name":"徳丸第二公園","area_m2":1193,"r_m":19.5,"source":"国土数値情報 P13 都市公園","x":-15488.14,"y":-25287.65}},{"type":"Feature","geometry":{"type":"Point","coordinates":[139.65422,35.76976]},"properties":{"name":"徳丸公園","area_m2":857,"r_m":16.5,"source":"国土数値情報 P13 都市公園","x":-16194.72,"y":-25529.36}},{"type":"Feature","geometry":{"type":"Point","coordinates":[139.65448,35.77285]},"properties":{"name":"徳丸本町公園","area_m2":666,"r_m":14.6,"source":"国土数値情報 P13 都市公園","x":-16170.59,"y":-25186.58}},{"type":"Feature","geometry":{"type":"Point","coordinates":[139.65845,35.77672]},"properties":{"name":"徳石公園","area_m2":1516,"r_m":22.0,"source":"国土数値情報 P13 都市公園","x":-15810.88,"y":-24757.88}},{"type":"Feature","geometry":{"type":"Point","coordinates":[139.65523,35.77744]},"properties":{"name":"石川橋公園","area_m2":1456,"r_m":21.5,"source":"国土数値情報 P13 都市公園","x":-16101.85,"y":-24677.48}},{"type":"Feature","geometry":{"type":"Point","coordinates":[139.65645,35.77894]},"properties":{"name":"徳丸三ツ和公園","area_m2":1185,"r_m":19.4,"source":"国土数値情報 P13 都市公園","x":-15991.25,"y":-24511.26}},{"type":"Feature","geometry":{"type":"Point","coordinates":[139.66168,35.77851]},"properties":{"name":"徳丸ケ丘公園","area_m2":1880,"r_m":24.5,"source":"国土数値情報 P13 都市公園","x":-15518.51,"y":-24559.81}},{"type":"Feature","geometry":{"type":"Point","coordinates":[139.67163,35.78259]},"properties":{"name":"高島平一丁目公園","area_m2":2288,"r_m":27.0,"source":"国土数値情報 P13 都市公園","x":-14618.23,"y":-24108.68}},{"type":"Feature","geometry":{"type":"Point","coordinates":[139.66783,35.78327]},"properties":{"name":"高島平一丁目第二公園","area_m2":2324,"r_m":27.2,"source":"国土数値情報 P13 都市公園","x":-14961.62,"y":-24032.67}},{"type":"Feature","geometry":{"type":"Point","coordinates":[139.67198,35.78461]},"properties":{"name":"高島平一丁目第三公園","area_m2":2295,"r_m":27.0,"source":"国土数値情報 P13 都市公園","x":-14586.22,"y":-23884.63}},{"type":"Feature","geometry":{"type":"Point","coordinates":[139.66891,35.7855]},"properties":{"name":"高島平一丁目第四公園","area_m2":2479,"r_m":28.1,"source":"国土数値情報 P13 都市公園","x":-14863.58,"y":-23785.43}},{"type":"Feature","geometry":{"type":"Point","coordinates":[139.66168,35.78351]},"properties":{"name":"高島平二丁目公園","area_m2":2550,"r_m":28.5,"source":"国土数値情報 P13 都市公園","x":-15517.54,"y":-24005.09}},{"type":"Feature","geometry":{"type":"Point","coordinates":[139.66222,35.78613]},"properties":{"name":"高島平二丁目第二公園","area_m2":2479,"r_m":28.1,"source":"国土数値情報 P13 都市公園","x":-15468.22,"y":-23714.5}},{"type":"Feature","geometry":{"type":"Point","coordinates":[139.65013,35.78688]},"properties":{"name":"高島平四丁目公園","area_m2":2479,"r_m":28.1,"source":"国土数値情報 P13 都市公園","x":-16560.97,"y":-23629.31}},{"type":"Feature","geometry":{"type":"Point","coordinates":[139.64589,35.78714]},"properties":{"name":"高島平五丁目公園","area_m2":2256,"r_m":26.8,"source":"国土数値情報 P13 都市公園","x":-16944.2,"y":-23599.74}},{"type":"Feature","geometry":{"type":"Point","coordinates":[139.6451,35.78981]},"properties":{"name":"高島平五丁目第二公園","area_m2":2385,"r_m":27.6,"source":"国土数値情報 P13 都市公園","x":-17015.04,"y":-23303.39}},{"type":"Feature","geometry":{"type":"Point","coordinates":[139.65616,35.79065]},"properties":{"name":"高島平七丁目公園","area_m2":2479,"r_m":28.1,"source":"国土数値情報 P13 都市公園","x":-16015.12,"y":-23212.06}},{"type":"Feature","geometry":{"type":"Point","coordinates":[139.655,35.79231]},"properties":{"name":"高島平七丁目第二公園","area_m2":2295,"r_m":27.0,"source":"国土数値情報 P13 都市公園","x":-16119.64,"y":-23027.7}},{"type":"Feature","geometry":{"type":"Point","coordinates":[139.661,35.79168]},"properties":{"name":"徳丸ケ原公園","area_m2":19089,"r_m":78.0,"source":"国土数値情報 P13 都市公園","x":-15577.42,"y":-23098.56}},{"type":"Feature","geometry":{"type":"Point","coordinates":[139.66501,35.78918]},"properties":{"name":"高島平九丁目公園","area_m2":2479,"r_m":28.1,"source":"国土数値情報 P13 都市公園","x":-15215.43,"y":-23376.56}},{"type":"Feature","geometry":{"type":"Point","coordinates":[139.67142,35.79036]},"properties":{"name":"高島平九丁目第二公園","area_m2":2085,"r_m":25.8,"source":"国土数値情報 P13 都市公園","x":-14635.79,"y":-23246.62}},{"type":"Feature","geometry":{"type":"Point","coordinates":[139.66475,35.794155]},"properties":{"name":"新河岸一丁目公園","area_m2":2086,"r_m":25.8,"source":"国土数値情報 P13 都市公園","x":-15237.96,"y":-22824.59}},{"type":"Feature","geometry":{"type":"Point","coordinates":[139.664415,35.794775]},"properties":{"name":"徳丸橋公園","area_m2":1593,"r_m":22.5,"source":"国土数値情報 P13 都市公園","x":-15268.15,"y":-22755.69}},{"type":"Feature","geometry":{"type":"Point","coordinates":[139.662467,35.796393]},"properties":{"name":"戸田川公園","area_m2":1180,"r_m":19.4,"source":"国土数値情報 P13 都市公園","x":-15443.87,"y":-22575.89}},{"type":"Feature","geometry":{"type":"Point","coordinates":[139.663744,35.795895]},"properties":{"name":"しらさぎ公園","area_m2":2143,"r_m":26.1,"source":"国土数値情報 P13 都市公園","x":-15328.56,"y":-22631.41}},{"type":"Feature","geometry":{"type":"Point","coordinates":[139.64998,35.79573]},"properties":{"name":"新河岸公園","area_m2":2597,"r_m":28.8,"source":"国土数値情報 P13 都市公園","x":-16572.69,"y":-22647.43}},{"type":"Feature","geometry":{"type":"Point","coordinates":[139.657889,35.793845]},"properties":{"name":"新河岸三丁目公園","area_m2":27634,"r_m":93.8,"source":"国土数値情報 P13 都市公園","x":-15858.22,"y":-22857.92}},{"type":"Feature","geometry":{"type":"Point","coordinates":[139.63771,35.77042]},"properties":{"name":"赤塚新町公園","area_m2":9992,"r_m":56.4,"source":"国土数値情報 P13 都市公園","x":-17687.34,"y":-25453.28}},{"type":"Feature","geometry":{"type":"Point","coordinates":[139.68636,35.78257]},"properties":{"name":"坂下二丁目公園","area_m2":930,"r_m":17.2,"source":"国土数値情報 P13 都市公園","x":-13286.61,"y":-24113.0}},{"type":"Feature","geometry":{"type":"Point","coordinates":[139.64757,35.7843]},"properties":{"name":"竹の子公園","area_m2":2960,"r_m":30.7,"source":"国土数値情報 P13 都市公園","x":-16792.93,"y":-23915.11}},{"type":"Feature","geometry":{"type":"Point","coordinates":[139.68193,35.76946]},"properties":{"name":"中台二丁目公園","area_m2":2508,"r_m":28.3,"source":"国土数値情報 P13 都市公園","x":-13689.34,"y":-25566.87}},{"type":"Feature","geometry":{"type":"Point","coordinates":[139.65968,35.7748]},"properties":{"name":"昆虫公園","area_m2":1814,"r_m":24.0,"source":"国土数値情報 P13 都市公園","x":-15700.06,"y":-24971.09}},{"type":"Feature","geometry":{"type":"Point","coordinates":[139.69833,35.76801]},"properties":{"name":"大原第二公園","area_m2":1412,"r_m":21.2,"source":"国土数値情報 P13 都市公園","x":-12206.73,"y":-25729.9}},{"type":"Feature","geometry":{"type":"Point","coordinates":[139.65215,35.7776]},"properties":{"name":"水車公園","area_m2":4550,"r_m":38.1,"source":"国土数値情報 P13 都市公園","x":-16380.27,"y":-24659.21}},{"type":"Feature","geometry":{"type":"Point","coordinates":[139.71605,35.75356]},"properties":{"name":"加賀西公園","area_m2":3000,"r_m":30.9,"source":"国土数値情報 P13 都市公園","x":-10606.44,"y":-27335.1}},{"type":"Feature","geometry":{"type":"Point","coordinates":[139.67529,35.76689]},"properties":{"name":"にりんそう公園","area_m2":1303,"r_m":20.4,"source":"国土数値情報 P13 都市公園","x":-14290.16,"y":-25851.04}},{"type":"Feature","geometry":{"type":"Point","coordinates":[139.68234,35.76841]},"properties":{"name":"前野町六丁目公園","area_m2":1884,"r_m":24.5,"source":"国土数値情報 P13 都市公園","x":-13652.45,"y":-25683.41}},{"type":"Feature","geometry":{"type":"Point","coordinates":[139.68765,35.78706]},"properties":{"name":"東坂下広場","area_m2":3179,"r_m":31.8,"source":"国土数値情報 P13 都市公園","x":-13169.26,"y":-23615.04}},{"type":"Feature","geometry":{"type":"Point","coordinates":[139.70673,35.75616]},"properties":{"name":"氷川つり堀公園","area_m2":1860,"r_m":24.3,"source":"国土数値情報 P13 都市公園","x":-11448.92,"y":-27045.6}},{"type":"Feature","geometry":{"type":"Point","coordinates":[139.68112,35.76303]},"properties":{"name":"板橋区平和公園","area_m2":18587,"r_m":76.9,"source":"国土数値情報 P13 都市公園","x":-13763.68,"y":-26280.12}},{"type":"Feature","geometry":{"type":"Point","coordinates":[139.69292,35.75252]},"properties":{"name":"弥生公園","area_m2":1354,"r_m":20.8,"source":"国土数値情報 P13 都市公園","x":-12698.36,"y":-27447.73}},{"type":"Feature","geometry":{"type":"Point","coordinates":[139.67613,35.7746]},"properties":{"name":"若木北公園","area_m2":2119,"r_m":26.0,"source":"国土数値情報 P13 都市公園","x":-14212.84,"y":-24995.79}},{"type":"Feature","geometry":{"type":"Point","coordinates":[139.651788,35.770396]},"properties":{"name":"赤徳公園","area_m2":1187,"r_m":19.4,"source":"国土数値情報 P13 都市公園","x":-16414.46,"y":-25458.37}},{"type":"Feature","geometry":{"type":"Point","coordinates":[139.64529,35.77429]},"properties":{"name":"赤塚六丁目公園","area_m2":1854,"r_m":24.3,"source":"国土数値情報 P13 都市公園","x":-17001.17,"y":-25025.27}},{"type":"Feature","geometry":{"type":"Point","coordinates":[139.68176,35.75091]},"properties":{"name":"小茂根三丁目いこいの森","area_m2":707,"r_m":15.0,"source":"国土数値情報 P13 都市公園","x":-13707.89,"y":-27624.85}},{"type":"Feature","geometry":{"type":"Point","coordinates":[139.64255,35.78606]},"properties":{"name":"赤塚四丁目緑地","area_m2":1425,"r_m":21.3,"source":"国土数値情報 P13 都市公園","x":-17246.36,"y":-23718.98}},{"type":"Feature","geometry":{"type":"Point","coordinates":[139.64276,35.77743]},"properties":{"name":"上谷津公園","area_m2":1035,"r_m":18.2,"source":"国土数値情報 P13 都市公園","x":-17229.23,"y":-24676.46}},{"type":"Feature","geometry":{"type":"Point","coordinates":[139.68259,35.77113]},"properties":{"name":"中台南坂緑地","area_m2":1528,"r_m":22.1,"source":"国土数値情報 P13 都市公園","x":-13629.38,"y":-25381.68}},{"type":"Feature","geometry":{"type":"Point","coordinates":[139.6408,35.790841]},"properties":{"name":"溝下公園","area_m2":3147,"r_m":31.6,"source":"国土数値情報 P13 都市公園","x":-17403.54,"y":-23188.2}},{"type":"Feature","geometry":{"type":"Point","coordinates":[139.69373,35.77825]},"properties":{"name":"薬師の泉","area_m2":1781,"r_m":23.8,"source":"国土数値情報 P13 都市公園","x":-12621.04,"y":-24593.25}},{"type":"Feature","geometry":{"type":"Point","coordinates":[139.722428,35.751181]},"properties":{"name":"板橋東いこいの森","area_m2":1786,"r_m":23.8,"source":"国土数値情報 P13 都市公園","x":-10029.96,"y":-27599.7}},{"type":"Feature","geometry":{"type":"Point","coordinates":[139.67696,35.77413]},"properties":{"name":"若木三丁目貝塚公園","area_m2":1289,"r_m":20.3,"source":"国土数値情報 P13 都市公園","x":-14137.88,"y":-25048.05}},{"type":"Feature","geometry":{"type":"Point","coordinates":[139.63585,35.78706]},"properties":{"name":"成増四丁目緑地","area_m2":2808,"r_m":29.9,"source":"国土数値情報 P13 都市公園","x":-17851.8,"y":-23606.84}},{"type":"Feature","geometry":{"type":"Point","coordinates":[139.64546,35.78259]},"properties":{"name":"不動の滝公園","area_m2":2090,"r_m":25.8,"source":"国土数値情報 P13 都市公園","x":-16984.04,"y":-24104.46}},{"type":"Feature","geometry":{"type":"Point","coordinates":[139.64145,35.78622]},"properties":{"name":"赤塚四丁目公園","area_m2":1847,"r_m":24.2,"source":"国土数値情報 P13 都市公園","x":-17345.76,"y":-23701.04}},{"type":"Feature","geometry":{"type":"Point","coordinates":[139.67052,35.77782]},"properties":{"name":"西台福寿第二公園","area_m2":1111,"r_m":18.8,"source":"国土数値情報 P13 都市公園","x":-14719.45,"y":-24637.72}},{"type":"Feature","geometry":{"type":"Point","coordinates":[139.65422,35.78271]},"properties":{"name":"向口公園","area_m2":3753,"r_m":34.6,"source":"国土数値情報 P13 都市公園","x":-16192.09,"y":-24092.63}},{"type":"Feature","geometry":{"type":"Point","coordinates":[139.64775,35.7836]},"properties":{"name":"大門みはらし台公園","area_m2":2941,"r_m":30.6,"source":"国土数値情報 P13 都市公園","x":-16776.8,"y":-23992.81}},{"type":"Feature","geometry":{"type":"Point","coordinates":[139.66539,35.77877]},"properties":{"name":"西台ふれあい公園","area_m2":465,"r_m":12.2,"source":"国土数値情報 P13 都市公園","x":-15183.06,"y":-24531.54}},{"type":"Feature","geometry":{"type":"Point","coordinates":[139.64207,35.77298]},"properties":{"name":"赤塚二丁目ふれあい公園","area_m2":655,"r_m":14.4,"source":"国土数値情報 P13 都市公園","x":-17292.58,"y":-25170.04}},{"type":"Feature","geometry":{"type":"Point","coordinates":[139.64415,35.77714]},"properties":{"name":"赤塚しのがやと公園","area_m2":3608,"r_m":33.9,"source":"国土数値情報 P13 都市公園","x":-17103.63,"y":-24708.88}},{"type":"Feature","geometry":{"type":"Point","coordinates":[139.685902,35.752012]},"properties":{"name":"東山みなみ公園","area_m2":322,"r_m":10.1,"source":"国土数値情報 P13 都市公園","x":-13333.1,"y":-27503.14}},{"type":"Feature","geometry":{"type":"Point","coordinates":[139.69901,35.75554]},"properties":{"name":"なかいたプチパーク","area_m2":155,"r_m":7.0,"source":"国土数値情報 P13 都市公園","x":-12147.14,"y":-27113.45}},{"type":"Feature","geometry":{"type":"Point","coordinates":[139.66953,35.77386]},"properties":{"name":"西台三丁目公園","area_m2":1181,"r_m":19.4,"source":"国土数値情報 P13 都市公園","x":-14809.69,"y":-25076.91}},{"type":"Feature","geometry":{"type":"Point","coordinates":[139.64459,35.77736]},"properties":{"name":"赤塚六丁目ふれあい公園","area_m2":690,"r_m":14.8,"source":"国土数値情報 P13 都市公園","x":-17063.8,"y":-24684.55}},{"type":"Feature","geometry":{"type":"Point","coordinates":[139.71921,35.75004]},"properties":{"name":"板橋四丁目東公園","area_m2":467,"r_m":12.2,"source":"国土数値情報 P13 都市公園","x":-10321.12,"y":-27725.95}},{"type":"Feature","geometry":{"type":"Point","coordinates":[139.6423,35.78404]},"properties":{"name":"赤塚五丁目森の広場","area_m2":942,"r_m":17.3,"source":"国土数値情報 P13 都市公園","x":-17269.39,"y":-23943.04}},{"type":"Feature","geometry":{"type":"Point","coordinates":[139.65233,35.78251]},"properties":{"name":"沖口公園","area_m2":802,"r_m":16.0,"source":"国土数値情報 P13 都市公園","x":-16362.99,"y":-24114.51}},{"type":"Feature","geometry":{"type":"Point","coordinates":[139.69885,35.75763]},"properties":{"name":"双葉町ひだまり公園","area_m2":774,"r_m":15.7,"source":"国土数値情報 P13 都市公園","x":-12161.29,"y":-26881.56}},{"type":"Feature","geometry":{"type":"Point","coordinates":[139.64606,35.77648]},"properties":{"name":"赤塚六丁目緑地","area_m2":361,"r_m":10.7,"source":"国土数値情報 P13 都市公園","x":-16931.09,"y":-24782.44}},{"type":"Feature","geometry":{"type":"Point","coordinates":[139.67416,35.78429]},"properties":{"name":"蓮根二丁目公園","area_m2":2000,"r_m":25.2,"source":"国土数値情報 P13 都市公園","x":-14389.2,"y":-23920.45}},{"type":"Feature","geometry":{"type":"Point","coordinates":[139.67509,35.77904]},"properties":{"name":"蓮根ねっぱ公園","area_m2":1107,"r_m":18.8,"source":"国土数値情報 P13 都市公園","x":-14306.07,"y":-24503.05}},{"type":"Feature","geometry":{"type":"Point","coordinates":[139.66066,35.77704]},"properties":{"name":"徳丸高山公園","area_m2":1861,"r_m":24.3,"source":"国土数値情報 P13 都市公園","x":-15611.02,"y":-24722.73}},{"type":"Feature","geometry":{"type":"Point","coordinates":[139.65498,35.78255]},"properties":{"name":"栗山村記念公園","area_m2":1085,"r_m":18.6,"source":"国土数値情報 P13 都市公園","x":-16123.42,"y":-24110.51}},{"type":"Feature","geometry":{"type":"Point","coordinates":[139.69052,35.75369]},"properties":{"name":"やよい防災ひろば","area_m2":433,"r_m":11.7,"source":"国土数値情報 P13 都市公園","x":-12915.21,"y":-27317.61}},{"type":"Feature","geometry":{"type":"Point","coordinates":[139.68321,35.76573]},"properties":{"name":"前野町六丁目いこいの広場","area_m2":410,"r_m":11.4,"source":"国土数値情報 P13 都市公園","x":-13574.24,"y":-25980.86}},{"type":"Feature","geometry":{"type":"Point","coordinates":[139.68637,35.7417]},"properties":{"name":"向原一丁目いこいの広場","area_m2":307,"r_m":9.9,"source":"国土数値情報 P13 都市公園","x":-13292.51,"y":-28647.27}},{"type":"Feature","geometry":{"type":"Point","coordinates":[139.70151,35.77371]},"properties":{"name":"中原公園","area_m2":715,"r_m":15.1,"source":"国土数値情報 P13 都市公園","x":-11918.35,"y":-25097.91}},{"type":"Feature","geometry":{"type":"Point","coordinates":[139.68521,35.7949]},"properties":{"name":"舟渡三丁目こども広場","area_m2":585,"r_m":13.6,"source":"国土数値情報 P13 都市公園","x":-13388.51,"y":-22744.9}},{"type":"Feature","geometry":{"type":"Point","coordinates":[139.66794,35.76958]},"properties":{"name":"西台中央通り公園","area_m2":677,"r_m":14.7,"source":"国土数値情報 P13 都市公園","x":-14954.24,"y":-25551.51}},{"type":"Feature","geometry":{"type":"Point","coordinates":[139.68732,35.7429]},"properties":{"name":"大谷口二丁目公園","area_m2":1761,"r_m":23.7,"source":"国土数値情報 P13 都市公園","x":-13206.38,"y":-28514.26}},{"type":"Feature","geometry":{"type":"Point","coordinates":[139.69853,35.75682]},"properties":{"name":"双葉ふれあい広場","area_m2":328,"r_m":10.2,"source":"国土数値情報 P13 都市公園","x":-12190.36,"y":-26971.38}},{"type":"Feature","geometry":{"type":"Point","coordinates":[139.64204,35.79139]},"properties":{"name":"溝下東公園","area_m2":1500,"r_m":21.9,"source":"国土数値情報 P13 都市公園","x":-17291.3,"y":-23127.56}},{"type":"Feature","geometry":{"type":"Point","coordinates":[139.66905,35.76871]},"properties":{"name":"若木一丁目公園","area_m2":960,"r_m":17.5,"source":"国土数値情報 P13 都市公園","x":-14854.04,"y":-25648.2}},{"type":"Feature","geometry":{"type":"Point","coordinates":[139.695072,35.763105]},"properties":{"name":"富士見街道にぎわい広場","area_m2":526,"r_m":12.9,"source":"国土数値情報 P13 都市公園","x":-12502.06,"y":-26273.71}},{"type":"Feature","geometry":{"type":"Point","coordinates":[139.70737,35.76527]},"properties":{"name":"清水町みどりの公園","area_m2":335,"r_m":10.3,"source":"国土数値情報 P13 都市公園","x":-11389.74,"y":-26034.97}},{"type":"Feature","geometry":{"type":"Point","coordinates":[139.70239,35.76783]},"properties":{"name":"本蓮沼駅前いずみ公園","area_m2":810,"r_m":16.1,"source":"国土数値情報 P13 都市公園","x":-11839.66,"y":-25750.37}},{"type":"Feature","geometry":{"type":"Point","coordinates":[139.69627,35.7568]},"properties":{"name":"中板さくら公園","area_m2":217,"r_m":8.3,"source":"国土数値情報 P13 都市公園","x":-12394.73,"y":-26973.32}},{"type":"Feature","geometry":{"type":"Point","coordinates":[139.71432,35.7462]},"properties":{"name":"板橋二丁目フレンドパーク","area_m2":415,"r_m":11.5,"source":"国土数値情報 P13 都市公園","x":-10763.88,"y":-28151.45}},{"type":"Feature","geometry":{"type":"Point","coordinates":[139.69653,35.77046]},"properties":{"name":"東前野公園","area_m2":302,"r_m":9.8,"source":"国土数値情報 P13 都市公園","x":-12369.11,"y":-25457.86}},{"type":"Feature","geometry":{"type":"Point","coordinates":[139.71617,35.75516]},"properties":{"name":"加賀一丁目みどりばし緑地","area_m2":962,"r_m":17.5,"source":"国土数値情報 P13 都市公園","x":-10595.38,"y":-27157.6}},{"type":"Feature","geometry":{"type":"Point","coordinates":[139.71198,35.75965]},"properties":{"name":"稲荷台おなりばし緑地","area_m2":790,"r_m":15.9,"source":"国土数値情報 P13 都市公園","x":-10973.67,"y":-26659.0}},{"type":"Feature","geometry":{"type":"Point","coordinates":[139.6871,35.77353]},"properties":{"name":"北前野おもいやり広場","area_m2":666,"r_m":14.6,"source":"国土数値情報 P13 都市公園","x":-13221.21,"y":-25116.03}},{"type":"Feature","geometry":{"type":"Point","coordinates":[139.67567,35.78916]},"properties":{"name":"蓮根三丁目かぜの広場","area_m2":656,"r_m":14.5,"source":"国土数値情報 P13 都市公園","x":-14251.83,"y":-23380.38}},{"type":"Feature","geometry":{"type":"Point","coordinates":[139.6315,35.7836]},"properties":{"name":"成増うめの里公園","area_m2":984,"r_m":17.7,"source":"国土数値情報 P13 都市公園","x":-18245.81,"y":-23989.9}},{"type":"Feature","geometry":{"type":"Point","coordinates":[139.68616,35.74926]},"properties":{"name":"大谷口北町宮ノ下公園","area_m2":296,"r_m":9.7,"source":"国土数値情報 P13 都市公園","x":-13310.24,"y":-27808.51}},{"type":"Feature","geometry":{"type":"Point","coordinates":[139.66316,35.76915]},"properties":{"name":"徳丸タウンブリッジ緑地","area_m2":264,"r_m":9.2,"source":"国土数値情報 P13 都市公園","x":-15386.52,"y":-25598.47}},{"type":"Feature","geometry":{"type":"Point","coordinates":[139.67325,35.79207]},"properties":{"name":"舟渡水辺公園","area_m2":21583,"r_m":82.9,"source":"国土数値情報 P13 都市公園","x":-14470.06,"y":-23057.17}},{"type":"Feature","geometry":{"type":"Point","coordinates":[139.65179,35.78092]},"properties":{"name":"四葉二丁目公園","area_m2":1215,"r_m":19.7,"source":"国土数値情報 P13 都市公園","x":-16412.14,"y":-24290.82}},{"type":"Feature","geometry":{"type":"Point","coordinates":[139.70485,35.75307]},"properties":{"name":"氷川土合公園","area_m2":336,"r_m":10.3,"source":"国土数値情報 P13 都市公園","x":-11619.38,"y":-27388.19}},{"type":"Feature","geometry":{"type":"Point","coordinates":[139.6925,35.76425]},"properties":{"name":"けやきの公園","area_m2":1460,"r_m":21.6,"source":"国土数値情報 P13 都市公園","x":-12734.47,"y":-26146.31}},{"type":"Feature","geometry":{"type":"Point","coordinates":[139.67975,35.75004]},"properties":{"name":"三丁目青空公園","area_m2":905,"r_m":17.0,"source":"国土数値情報 P13 都市公園","x":-13889.82,"y":-27721.08}},{"type":"Feature","geometry":{"type":"Point","coordinates":[139.65495,35.78069]},"properties":{"name":"紅梅公園","area_m2":3515,"r_m":33.4,"source":"国土数値情報 P13 都市公園","x":-16126.51,"y":-24316.86}},{"type":"Feature","geometry":{"type":"Point","coordinates":[139.71684,35.7481]},"properties":{"name":"板橋一丁目児童遊園","area_m2":131,"r_m":6.5,"source":"国土数値情報 P13 都市公園","x":-10535.72,"y":-27940.93}},{"type":"Feature","geometry":{"type":"Point","coordinates":[139.71281,35.75211]},"properties":{"name":"平尾児童遊園","area_m2":556,"r_m":13.3,"source":"国土数値情報 P13 都市公園","x":-10899.65,"y":-27495.61}},{"type":"Feature","geometry":{"type":"Point","coordinates":[139.71449,35.75375]},"properties":{"name":"板橋三丁目児童遊園","area_m2":639,"r_m":14.3,"source":"国土数値情報 P13 都市公園","x":-10747.49,"y":-27313.85}},{"type":"Feature","geometry":{"type":"Point","coordinates":[139.70773,35.74599]},"properties":{"name":"大山金井町児童遊園","area_m2":475,"r_m":12.3,"source":"国土数値情報 P13 都市公園","x":-11359.93,"y":-28174.01}},{"type":"Feature","geometry":{"type":"Point","coordinates":[139.70268,35.74316]},"properties":{"name":"中丸なかよし児童遊園","area_m2":304,"r_m":9.8,"source":"国土数値情報 P13 都市公園","x":-11817.09,"y":-28487.38}},{"type":"Feature","geometry":{"type":"Point","coordinates":[139.70374,35.73844]},"properties":{"name":"中丸児童遊園","area_m2":989,"r_m":17.7,"source":"国土数値情報 P13 都市公園","x":-11721.91,"y":-29011.16}},{"type":"Feature","geometry":{"type":"Point","coordinates":[139.711,35.75649]},"properties":{"name":"仲宿児童遊園","area_m2":160,"r_m":7.1,"source":"国土数値情報 P13 都市公園","x":-11062.73,"y":-27009.47}},{"type":"Feature","geometry":{"type":"Point","coordinates":[139.70946,35.7546]},"properties":{"name":"本陣児童遊園","area_m2":513,"r_m":12.8,"source":"国土数値情報 P13 都市公園","x":-11202.26,"y":-27218.98}},{"type":"Feature","geometry":{"type":"Point","coordinates":[139.70279,35.75616]},"properties":{"name":"栄町児童遊園","area_m2":119,"r_m":6.2,"source":"国土数値情報 P13 都市公園","x":-11805.22,"y":-27045.13}},{"type":"Feature","geometry":{"type":"Point","coordinates":[139.69904,35.75392]},"properties":{"name":"山中児童遊園","area_m2":888,"r_m":16.8,"source":"国土数値情報 P13 都市公園","x":-12144.68,"y":-27293.18}},{"type":"Feature","geometry":{"type":"Point","coordinates":[139.71153,35.76155]},"properties":{"name":"稲荷台児童遊園","area_m2":1163,"r_m":19.2,"source":"国土数値情報 P13 都市公園","x":-11014.1,"y":-26448.16}},{"type":"Feature","geometry":{"type":"Point","coordinates":[139.71286,35.76252]},"properties":{"name":"稲荷台第二児童遊園","area_m2":557,"r_m":13.3,"source":"国土数値情報 P13 都市公園","x":-10893.71,"y":-26340.69}},{"type":"Feature","geometry":{"type":"Point","coordinates":[139.69456,35.7565]},"properties":{"name":"中板橋児童遊園","area_m2":383,"r_m":11.0,"source":"国土数値情報 P13 都市公園","x":-12549.42,"y":-27006.39}},{"type":"Feature","geometry":{"type":"Point","coordinates":[139.69479,35.75305]},"properties":{"name":"三葉児童遊園","area_m2":873,"r_m":16.7,"source":"国土数値情報 P13 都市公園","x":-12529.16,"y":-27389.17}},{"type":"Feature","geometry":{"type":"Point","coordinates":[139.69499,35.7545]},"properties":{"name":"やよい児童遊園","area_m2":401,"r_m":11.3,"source":"国土数値情報 P13 都市公園","x":-12510.84,"y":-27228.33}},{"type":"Feature","geometry":{"type":"Point","coordinates":[139.70004,35.74517]},"properties":{"name":"みなみ児童遊園","area_m2":379,"r_m":11.0,"source":"国土数値情報 P13 都市公園","x":-12055.56,"y":-28264.06}},{"type":"Feature","geometry":{"type":"Point","coordinates":[139.70987,35.76027]},"properties":{"name":"本町児童遊園","area_m2":1688,"r_m":23.2,"source":"国土数値情報 P13 都市公園","x":-11164.39,"y":-26589.98}},{"type":"Feature","geometry":{"type":"Point","coordinates":[139.6976,35.75779]},"properties":{"name":"双葉町児童遊園","area_m2":537,"r_m":13.1,"source":"国土数値情報 P13 都市公園","x":-12274.31,"y":-26863.65}},{"type":"Feature","geometry":{"type":"Point","coordinates":[139.70119,35.75906]},"properties":{"name":"氷川児童遊園","area_m2":757,"r_m":15.5,"source":"国土数値情報 P13 都市公園","x":-11949.47,"y":-26723.2}},{"type":"Feature","geometry":{"type":"Point","coordinates":[139.70395,35.75711]},"properties":{"name":"愛染児童遊園","area_m2":655,"r_m":14.4,"source":"国土数値情報 P13 都市公園","x":-11700.18,"y":-26939.87}},{"type":"Feature","geometry":{"type":"Point","coordinates":[139.70122,35.76128]},"properties":{"name":"富士見児童遊園","area_m2":641,"r_m":14.3,"source":"国土数値情報 P13 都市公園","x":-11946.43,"y":-26476.91}},{"type":"Feature","geometry":{"type":"Point","coordinates":[139.69545,35.75908]},"properties":{"name":"富士見西児童遊園","area_m2":712,"r_m":15.1,"source":"国土数値情報 P13 都市公園","x":-12468.53,"y":-26720.26}},{"type":"Feature","geometry":{"type":"Point","coordinates":[139.69026,35.74749]},"properties":{"name":"大谷口上町児童遊園","area_m2":207,"r_m":8.1,"source":"国土数値情報 P13 都市公園","x":-12939.73,"y":-28005.43}},{"type":"Feature","geometry":{"type":"Point","coordinates":[139.69006,35.7525]},"properties":{"name":"さくらづつみ児童遊園","area_m2":552,"r_m":13.3,"source":"国土数値情報 P13 都市公園","x":-12957.0,"y":-27449.57}},{"type":"Feature","geometry":{"type":"Point","coordinates":[139.690943,35.750614]},"properties":{"name":"大谷口児童遊園","area_m2":1653,"r_m":22.9,"source":"国土数値情報 P13 都市公園","x":-12877.43,"y":-27658.88}},{"type":"Feature","geometry":{"type":"Point","coordinates":[139.68633,35.74637]},"properties":{"name":"大谷口二丁目児童遊園","area_m2":1665,"r_m":23.0,"source":"国土数値情報 P13 都市公園","x":-13295.35,"y":-28129.16}},{"type":"Feature","geometry":{"type":"Point","coordinates":[139.68387,35.7424]},"properties":{"name":"向原児童遊園","area_m2":1048,"r_m":18.3,"source":"国土数値情報 P13 都市公園","x":-13518.51,"y":-28569.27}},{"type":"Feature","geometry":{"type":"Point","coordinates":[139.69173,35.76178]},"properties":{"name":"常盤台一丁目児童遊園","area_m2":484,"r_m":12.4,"source":"国土数値情報 P13 都市公園","x":-12804.49,"y":-26420.24}},{"type":"Feature","geometry":{"type":"Point","coordinates":[139.67111,35.76493]},"properties":{"name":"上板富士児童遊園","area_m2":164,"r_m":7.2,"source":"国土数値情報 P13 都市公園","x":-14668.48,"y":-26067.88}},{"type":"Feature","geometry":{"type":"Point","coordinates":[139.70195,35.76476]},"properties":{"name":"宮本児童遊園","area_m2":703,"r_m":15.0,"source":"国土数値情報 P13 都市公園","x":-11879.9,"y":-26090.91}},{"type":"Feature","geometry":{"type":"Point","coordinates":[139.70631,35.76796]},"properties":{"name":"蓮沼児童遊園","area_m2":795,"r_m":15.9,"source":"国土数値情報 P13 都市公園","x":-11485.2,"y":-25736.41}},{"type":"Feature","geometry":{"type":"Point","coordinates":[139.70335,35.76928]},"properties":{"name":"蓮沼第二児童遊園","area_m2":212,"r_m":8.2,"source":"国土数値情報 P13 都市公園","x":-11752.65,"y":-25589.62}},{"type":"Feature","geometry":{"type":"Point","coordinates":[139.68947,35.77901]},"properties":{"name":"小桜児童遊園","area_m2":444,"r_m":11.9,"source":"国土数値情報 P13 都市公園","x":-13006.04,"y":-24508.38}},{"type":"Feature","geometry":{"type":"Point","coordinates":[139.682198,35.779076]},"properties":{"name":"むつみ橋児童遊園","area_m2":1511,"r_m":21.9,"source":"国土数値情報 P13 都市公園","x":-13663.48,"y":-24500.03}},{"type":"Feature","geometry":{"type":"Point","coordinates":[139.69232,35.78099]},"properties":{"name":"東坂下一丁目児童遊園","area_m2":377,"r_m":11.0,"source":"国土数値情報 P13 都市公園","x":-12748.07,"y":-24289.08}},{"type":"Feature","geometry":{"type":"Point","coordinates":[139.67871,35.7685]},"properties":{"name":"中台第二児童遊園","area_m2":330,"r_m":10.2,"source":"国土数値情報 P13 都市公園","x":-13980.65,"y":-25672.92}},{"type":"Feature","geometry":{"type":"Point","coordinates":[139.67847,35.77269]},"properties":{"name":"中台児童遊園","area_m2":375,"r_m":10.9,"source":"国土数値情報 P13 都市公園","x":-14001.61,"y":-25208.03}},{"type":"Feature","geometry":{"type":"Point","coordinates":[139.68095,35.773122]},"properties":{"name":"中台えのき児童遊園","area_m2":677,"r_m":14.7,"source":"国土数値情報 P13 都市公園","x":-13777.36,"y":-25160.43}},{"type":"Feature","geometry":{"type":"Point","coordinates":[139.67262,35.76745]},"properties":{"name":"若木第二児童遊園","area_m2":128,"r_m":6.4,"source":"国土数値情報 P13 都市公園","x":-14531.48,"y":-25788.52}},{"type":"Feature","geometry":{"type":"Point","coordinates":[139.67188,35.76867]},"properties":{"name":"若木児童遊園","area_m2":700,"r_m":14.9,"source":"国土数値情報 P13 都市公園","x":-14598.17,"y":-25653.06}},{"type":"Feature","geometry":{"type":"Point","coordinates":[139.67416,35.77106]},"properties":{"name":"中の台児童遊園","area_m2":520,"r_m":12.9,"source":"国土数値情報 P13 都市公園","x":-14391.59,"y":-25388.24}},{"type":"Feature","geometry":{"type":"Point","coordinates":[139.67043,35.77095]},"properties":{"name":"若木二丁目児童遊園","area_m2":142,"r_m":6.7,"source":"国土数値情報 P13 都市公園","x":-14728.85,"y":-25399.89}},{"type":"Feature","geometry":{"type":"Point","coordinates":[139.67578,35.77401]},"properties":{"name":"若木三丁目児童遊園","area_m2":72,"r_m":4.8,"source":"国土数値情報 P13 都市公園","x":-14244.59,"y":-25061.19}},{"type":"Feature","geometry":{"type":"Point","coordinates":[139.66888,35.77589]},"properties":{"name":"西台児童遊園","area_m2":254,"r_m":9.0,"source":"国土数値情報 P13 都市公園","x":-14868.08,"y":-24851.6}},{"type":"Feature","geometry":{"type":"Point","coordinates":[139.67178,35.76945]},"properties":{"name":"若木東第一児童遊園","area_m2":103,"r_m":5.7,"source":"国土数値情報 P13 都市公園","x":-14607.07,"y":-25566.51}},{"type":"Feature","geometry":{"type":"Point","coordinates":[139.67262,35.76937]},"properties":{"name":"若木東第二児童遊園","area_m2":177,"r_m":7.5,"source":"国土数値情報 P13 都市公園","x":-14531.13,"y":-25575.51}},{"type":"Feature","geometry":{"type":"Point","coordinates":[139.672748,35.769339]},"properties":{"name":"若木東第三児童遊園","area_m2":108,"r_m":5.9,"source":"国土数値情報 P13 都市公園","x":-14519.59,"y":-25578.92}},{"type":"Feature","geometry":{"type":"Point","coordinates":[139.67039,35.769176]},"properties":{"name":"若木西第一児童遊園","area_m2":350,"r_m":10.6,"source":"国土数値情報 P13 都市公園","x":-14732.81,"y":-25596.7}},{"type":"Feature","geometry":{"type":"Point","coordinates":[139.67085,35.77019]},"properties":{"name":"若木西第二児童遊園","area_m2":59,"r_m":4.3,"source":"国土数値情報 P13 都市公園","x":-14691.02,"y":-25484.27}},{"type":"Feature","geometry":{"type":"Point","coordinates":[139.67473,35.7733]},"properties":{"name":"若葉児童遊園","area_m2":862,"r_m":16.6,"source":"国土数値情報 P13 都市公園","x":-14339.65,"y":-25139.81}},{"type":"Feature","geometry":{"type":"Point","coordinates":[139.68588,35.78304]},"properties":{"name":"えのき橋児童遊園","area_m2":1268,"r_m":20.1,"source":"国土数値情報 P13 都市公園","x":-13329.93,"y":-24060.79}},{"type":"Feature","geometry":{"type":"Point","coordinates":[139.683,35.78164]},"properties":{"name":"坂下二丁目児童遊園","area_m2":1923,"r_m":24.7,"source":"国土数値情報 P13 都市公園","x":-13590.52,"y":-24215.72}},{"type":"Feature","geometry":{"type":"Point","coordinates":[139.68529,35.78511]},"properties":{"name":"はんの木児童遊園","area_m2":718,"r_m":15.1,"source":"国土数値情報 P13 都市公園","x":-13382.92,"y":-23831.06}},{"type":"Feature","geometry":{"type":"Point","coordinates":[139.68167,35.78579]},"properties":{"name":"坂下三丁目緑地","area_m2":618,"r_m":14.0,"source":"国土数値情報 P13 都市公園","x":-13710.04,"y":-23755.12}},{"type":"Feature","geometry":{"type":"Point","coordinates":[139.68117,35.78701]},"properties":{"name":"坂下三丁目児童遊園","area_m2":578,"r_m":13.6,"source":"国土数値情報 P13 都市公園","x":-13755.03,"y":-23619.69}},{"type":"Feature","geometry":{"type":"Point","coordinates":[139.68358,35.78732]},"properties":{"name":"坂下三丁目第二児童遊園","area_m2":876,"r_m":16.7,"source":"国土数値情報 P13 都市公園","x":-13537.13,"y":-23585.64}},{"type":"Feature","geometry":{"type":"Point","coordinates":[139.68297,35.7871]},"properties":{"name":"坂下三丁目第三児童遊園","area_m2":862,"r_m":16.6,"source":"国土数値情報 P13 都市公園","x":-13592.3,"y":-23609.96}},{"type":"Feature","geometry":{"type":"Point","coordinates":[139.67639,35.78091]},"properties":{"name":"蓮根児童遊園","area_m2":1356,"r_m":20.8,"source":"国土数値情報 P13 都市公園","x":-14188.21,"y":-24295.77}},{"type":"Feature","geometry":{"type":"Point","coordinates":[139.67906,35.78804]},"properties":{"name":"蓮根三丁目第二児童遊園","area_m2":433,"r_m":11.7,"source":"国土数値情報 P13 都市公園","x":-13945.59,"y":-23505.12}},{"type":"Feature","geometry":{"type":"Point","coordinates":[139.67592,35.78623]},"properties":{"name":"蓮根三丁目第三児童遊園","area_m2":365,"r_m":10.8,"source":"国土数値情報 P13 都市公園","x":-14229.75,"y":-23705.48}},{"type":"Feature","geometry":{"type":"Point","coordinates":[139.67935,35.79012]},"properties":{"name":"にたば橋児童遊園","area_m2":874,"r_m":16.7,"source":"国土数値情報 P13 都市公園","x":-13919.01,"y":-23274.4}},{"type":"Feature","geometry":{"type":"Point","coordinates":[139.675317,35.790772]},"properties":{"name":"にたば児童遊園","area_m2":2520,"r_m":28.3,"source":"国土数値情報 P13 都市公園","x":-14283.46,"y":-23201.47}},{"type":"Feature","geometry":{"type":"Point","coordinates":[139.67947,35.77792]},"properties":{"name":"相盛橋児童遊園","area_m2":533,"r_m":13.0,"source":"国土数値情報 P13 都市公園","x":-13910.29,"y":-24627.93}},{"type":"Feature","geometry":{"type":"Point","coordinates":[139.67972,35.77705]},"properties":{"name":"あいおい児童遊園","area_m2":347,"r_m":10.5,"source":"国土数値情報 P13 都市公園","x":-13887.84,"y":-24724.49}},{"type":"Feature","geometry":{"type":"Point","coordinates":[139.68042,35.79271]},"properties":{"name":"舟渡三丁目児童遊園","area_m2":696,"r_m":14.9,"source":"国土数値情報 P13 都市公園","x":-13821.84,"y":-22987.21}},{"type":"Feature","geometry":{"type":"Point","coordinates":[139.69295,35.76366]},"properties":{"name":"前野町一丁目児童遊園","area_m2":305,"r_m":9.9,"source":"国土数値情報 P13 都市公園","x":-12693.87,"y":-26211.82}},{"type":"Feature","geometry":{"type":"Point","coordinates":[139.68817,35.76575]},"properties":{"name":"前野児童遊園","area_m2":755,"r_m":15.5,"source":"国土数値情報 P13 都市公園","x":-13125.75,"y":-25979.32}},{"type":"Feature","geometry":{"type":"Point","coordinates":[139.68727,35.76588]},"properties":{"name":"前野第二児童遊園","area_m2":483,"r_m":12.4,"source":"国土数値情報 P13 都市公園","x":-13207.11,"y":-25964.78}},{"type":"Feature","geometry":{"type":"Point","coordinates":[139.68526,35.76982]},"properties":{"name":"前野町五丁目児童遊園","area_m2":465,"r_m":12.2,"source":"国土数値情報 P13 都市公園","x":-13388.19,"y":-25527.39}},{"type":"Feature","geometry":{"type":"Point","coordinates":[139.68405,35.76935]},"properties":{"name":"前野台児童遊園","area_m2":828,"r_m":16.2,"source":"国土数値情報 P13 都市公園","x":-13497.68,"y":-25579.36}},{"type":"Feature","geometry":{"type":"Point","coordinates":[139.68544,35.76399]},"properties":{"name":"前野町六丁目児童遊園","area_m2":369,"r_m":10.8,"source":"国土数値情報 P13 都市公園","x":-13372.89,"y":-26174.21}},{"type":"Feature","geometry":{"type":"Point","coordinates":[139.68184,35.7536]},"properties":{"name":"東新児童遊園","area_m2":955,"r_m":17.4,"source":"国土数値情報 P13 都市公園","x":-13700.2,"y":-27326.42}},{"type":"Feature","geometry":{"type":"Point","coordinates":[139.64676,35.77206]},"properties":{"name":"下赤塚児童遊園","area_m2":598,"r_m":13.8,"source":"国土数値情報 P13 都市公園","x":-16868.74,"y":-25272.93}},{"type":"Feature","geometry":{"type":"Point","coordinates":[139.64056,35.7728]},"properties":{"name":"赤塚二丁目緑地","area_m2":192,"r_m":7.8,"source":"国土数値情報 P13 都市公園","x":-17429.14,"y":-25189.75}},{"type":"Feature","geometry":{"type":"Point","coordinates":[139.63396,35.7734]},"properties":{"name":"成増一丁目児童遊園","area_m2":503,"r_m":12.7,"source":"国土数値情報 P13 都市公園","x":-18025.73,"y":-25121.99}},{"type":"Feature","geometry":{"type":"Point","coordinates":[139.629438,35.779534]},"properties":{"name":"成増児童遊園","area_m2":1557,"r_m":22.3,"source":"国土数値情報 P13 都市公園","x":-18433.19,"y":-24440.58}},{"type":"Feature","geometry":{"type":"Point","coordinates":[139.66032,35.77429]},"properties":{"name":"徳丸二丁目児童遊園","area_m2":680,"r_m":14.7,"source":"国土数値情報 P13 都市公園","x":-15642.29,"y":-25027.77}},{"type":"Feature","geometry":{"type":"Point","coordinates":[139.6712,35.78933]},"properties":{"name":"高島平九丁目児童遊園","area_m2":141,"r_m":6.7,"source":"国土数値情報 P13 都市公園","x":-14655.86,"y":-23360.86}},{"type":"Feature","geometry":{"type":"Point","coordinates":[139.67944,35.7457]},"properties":{"name":"小茂根一丁目児童遊園","area_m2":452,"r_m":12.0,"source":"国土数値情報 P13 都市公園","x":-13918.61,"y":-28202.53}},{"type":"Feature","geometry":{"type":"Point","coordinates":[139.68365,35.77046]},"properties":{"name":"前野五丁目西児童遊園","area_m2":380,"r_m":11.0,"source":"国土数値情報 P13 都市公園","x":-13533.65,"y":-25456.16}},{"type":"Feature","geometry":{"type":"Point","coordinates":[139.6261,35.77826]},"properties":{"name":"成増一丁目北児童遊園","area_m2":601,"r_m":13.8,"source":"国土数値情報 P13 都市公園","x":-18735.23,"y":-24581.32}},{"type":"Feature","geometry":{"type":"Point","coordinates":[139.64233,35.78919]},"properties":{"name":"三園一丁目緑地","area_m2":343,"r_m":10.4,"source":"国土数値情報 P13 都市公園","x":-17265.57,"y":-23371.69}},{"type":"Feature","geometry":{"type":"Point","coordinates":[139.63083,35.77651]},"properties":{"name":"成増一丁目第二児童遊園","area_m2":323,"r_m":10.1,"source":"国土数値情報 P13 都市公園","x":-18308.01,"y":-24776.37}},{"type":"Feature","geometry":{"type":"Point","coordinates":[139.70958,35.75533]},"properties":{"name":"番場児童遊園","area_m2":345,"r_m":10.5,"source":"国土数値情報 P13 都市公園","x":-11191.3,"y":-27138.01}},{"type":"Feature","geometry":{"type":"Point","coordinates":[139.70538,35.74777]},"properties":{"name":"大山東町児童遊園","area_m2":466,"r_m":12.2,"source":"国土数値情報 P13 都市公園","x":-11572.22,"y":-27976.25}},{"type":"Feature","geometry":{"type":"Point","coordinates":[139.70055,35.76582]},"properties":{"name":"泉町児童遊園","area_m2":463,"r_m":12.1,"source":"国土数値情報 P13 都市公園","x":-12006.33,"y":-25973.14}},{"type":"Feature","geometry":{"type":"Point","coordinates":[139.66756,35.78006]},"properties":{"name":"西台二丁目児童遊園","area_m2":687,"r_m":14.8,"source":"国土数値情報 P13 都市公園","x":-14986.64,"y":-24388.76}},{"type":"Feature","geometry":{"type":"Point","coordinates":[139.62558,35.78053]},"properties":{"name":"成増二丁目児童遊園","area_m2":354,"r_m":10.6,"source":"国土数値情報 P13 都市公園","x":-18781.71,"y":-24329.38}},{"type":"Feature","geometry":{"type":"Point","coordinates":[139.63615,35.77864]},"properties":{"name":"成増三丁目児童遊園","area_m2":320,"r_m":10.1,"source":"国土数値情報 P13 都市公園","x":-17826.56,"y":-24541.04}},{"type":"Feature","geometry":{"type":"Point","coordinates":[139.66704,35.76786]},"properties":{"name":"徳丸一丁目児童遊園","area_m2":351,"r_m":10.6,"source":"国土数値情報 P13 都市公園","x":-15035.94,"y":-25742.19}},{"type":"Feature","geometry":{"type":"Point","coordinates":[139.68405,35.76815]},"properties":{"name":"西前野児童遊園","area_m2":720,"r_m":15.1,"source":"国土数値情報 P13 都市公園","x":-13497.88,"y":-25712.5}},{"type":"Feature","geometry":{"type":"Point","coordinates":[139.63199,35.77187]},"properties":{"name":"成増一丁目第三児童遊園","area_m2":320,"r_m":10.1,"source":"国土数値情報 P13 都市公園","x":-18204.19,"y":-25291.37}},{"type":"Feature","geometry":{"type":"Point","coordinates":[139.67862,35.75188]},"properties":{"name":"小茂根三丁目緑地","area_m2":473,"r_m":12.3,"source":"国土数値情報 P13 都市公園","x":-13991.7,"y":-27516.79}},{"type":"Feature","geometry":{"type":"Point","coordinates":[139.66043,35.77282]},"properties":{"name":"徳丸二丁目第二児童遊園","area_m2":544,"r_m":13.2,"source":"国土数値情報 P13 都市公園","x":-15632.64,"y":-25190.88}},{"type":"Feature","geometry":{"type":"Point","coordinates":[139.71465,35.75039]},"properties":{"name":"不動通り児童遊園","area_m2":462,"r_m":12.1,"source":"国土数値情報 P13 都市公園","x":-10733.48,"y":-27686.63}},{"type":"Feature","geometry":{"type":"Point","coordinates":[139.681703,35.778947]},"properties":{"name":"坂下一丁目児童遊園","area_m2":264,"r_m":9.2,"source":"国土数値情報 P13 都市公園","x":-13708.26,"y":-24514.26}},{"type":"Feature","geometry":{"type":"Point","coordinates":[139.69029,35.79634]},"properties":{"name":"舟渡二丁目児童遊園","area_m2":337,"r_m":10.4,"source":"国土数値情報 P13 都市公園","x":-12929.11,"y":-22585.83}},{"type":"Feature","geometry":{"type":"Point","coordinates":[139.66548,35.76863]},"properties":{"name":"徳丸一丁目西児童遊園","area_m2":880,"r_m":16.7,"source":"国土数値情報 P13 都市公園","x":-15176.85,"y":-25656.53}},{"type":"Feature","geometry":{"type":"Point","coordinates":[139.66808,35.76854]},"properties":{"name":"西台四丁目児童遊園","area_m2":700,"r_m":14.9,"source":"国土数値情報 P13 都市公園","x":-14941.78,"y":-25666.91}},{"type":"Feature","geometry":{"type":"Point","coordinates":[139.64001,35.78599]},"properties":{"name":"赤塚四丁目児童遊園","area_m2":638,"r_m":14.3,"source":"国土数値情報 P13 都市公園","x":-17475.98,"y":-23726.3}},{"type":"Feature","geometry":{"type":"Point","coordinates":[139.64827,35.77581]},"properties":{"name":"赤塚七丁目児童遊園","area_m2":632,"r_m":14.2,"source":"国土数値情報 P13 都市公園","x":-16731.43,"y":-24857.15}},{"type":"Feature","geometry":{"type":"Point","coordinates":[139.68175,35.76706]},"properties":{"name":"中台一丁目児童遊園","area_m2":120,"r_m":6.2,"source":"国土数値情報 P13 都市公園","x":-13706.03,"y":-25833.11}},{"type":"Feature","geometry":{"type":"Point","coordinates":[139.68655,35.7434]},"properties":{"name":"大谷口二丁目緑地","area_m2":416,"r_m":11.5,"source":"国土数値情報 P13 都市公園","x":-13275.94,"y":-28458.69}},{"type":"Feature","geometry":{"type":"Point","coordinates":[139.63921,35.78943]},"properties":{"name":"溝下西児童遊園","area_m2":802,"r_m":16.0,"source":"国土数値情報 P13 都市公園","x":-17547.54,"y":-23344.51}},{"type":"Feature","geometry":{"type":"Point","coordinates":[139.69208,35.77859]},"properties":{"name":"志村清水坂緑地","area_m2":268,"r_m":9.2,"source":"国土数値情報 P13 都市公園","x":-12770.15,"y":-24555.32}},{"type":"Feature","geometry":{"type":"Point","coordinates":[139.64931,35.78315]},"properties":{"name":"大門児童遊園","area_m2":703,"r_m":15.0,"source":"国土数値情報 P13 都市公園","x":-16635.87,"y":-24043.0}},{"type":"Feature","geometry":{"type":"Point","coordinates":[139.64638,35.77025]},"properties":{"name":"梶山児童遊園","area_m2":253,"r_m":9.0,"source":"国土数値情報 P13 都市公園","x":-16903.48,"y":-25473.67}},{"type":"Feature","geometry":{"type":"Point","coordinates":[139.69148,35.7638]},"properties":{"name":"前野二丁目南児童遊園","area_m2":368,"r_m":10.8,"source":"国土数値情報 P13 都市公園","x":-12826.77,"y":-26196.1}},{"type":"Feature","geometry":{"type":"Point","coordinates":[139.68062,35.74591]},"properties":{"name":"根ノ上遺跡緑地","area_m2":727,"r_m":15.2,"source":"国土数値情報 P13 都市公園","x":-13811.85,"y":-28179.4}},{"type":"Feature","geometry":{"type":"Point","coordinates":[139.68202,35.77666]},"properties":{"name":"相生東児童遊園","area_m2":584,"r_m":13.6,"source":"国土数値情報 P13 都市公園","x":-13679.97,"y":-24768.08}},{"type":"Feature","geometry":{"type":"Point","coordinates":[139.68832,35.79142]},"properties":{"name":"舟渡一丁目児童遊園","area_m2":314,"r_m":10.0,"source":"国土数値情報 P13 都市公園","x":-13107.97,"y":-23131.41}},{"type":"Feature","geometry":{"type":"Point","coordinates":[139.69044,35.79237]},"properties":{"name":"舟渡一丁目第一児童遊園","area_m2":304,"r_m":9.8,"source":"国土数値情報 P13 都市公園","x":-12916.19,"y":-23026.29}},{"type":"Feature","geometry":{"type":"Point","coordinates":[139.690478,35.792264]},"properties":{"name":"舟渡一丁目第二児童遊園","area_m2":343,"r_m":10.4,"source":"国土数値情報 P13 都市公園","x":-12912.75,"y":-23038.04}},{"type":"Feature","geometry":{"type":"Point","coordinates":[139.63977,35.77579]},"properties":{"name":"赤塚二丁目児童遊園","area_m2":848,"r_m":16.4,"source":"国土数値情報 P13 都市公園","x":-17499.91,"y":-24857.88}},{"type":"Feature","geometry":{"type":"Point","coordinates":[139.68781,35.7939]},"properties":{"name":"舟渡二丁目いこいの場","area_m2":304,"r_m":9.8,"source":"国土数値情報 P13 都市公園","x":-13153.66,"y":-22856.2}},{"type":"Feature","geometry":{"type":"Point","coordinates":[139.68428,35.77765]},"properties":{"name":"親和児童遊園","area_m2":582,"r_m":13.6,"source":"国土数値情報 P13 都市公園","x":-13475.48,"y":-24658.56}},{"type":"Feature","geometry":{"type":"Point","coordinates":[139.68817,35.76753]},"properties":{"name":"前野二丁目児童遊園","area_m2":334,"r_m":10.3,"source":"国土数値情報 P13 都市公園","x":-13125.46,"y":-25781.84}},{"type":"Feature","geometry":{"type":"Point","coordinates":[139.67682,35.74996]},"properties":{"name":"小茂根五丁目児童遊園","area_m2":387,"r_m":11.1,"source":"国土数値情報 P13 都市公園","x":-14154.82,"y":-27729.54}},{"type":"Feature","geometry":{"type":"Point","coordinates":[139.70792,35.75906]},"properties":{"name":"本町にぎわい広場","area_m2":271,"r_m":9.3,"source":"国土数値情報 P13 都市公園","x":-11340.89,"y":-26724.0}},{"type":"Feature","geometry":{"type":"Point","coordinates":[139.68253,35.7739]},"properties":{"name":"中台二丁目児童遊園","area_m2":730,"r_m":15.2,"source":"国土数値情報 P13 都市公園","x":-13634.33,"y":-25074.36}},{"type":"Feature","geometry":{"type":"Point","coordinates":[139.64133,35.76945]},"properties":{"name":"赤塚新町三丁目児童遊園","area_m2":398,"r_m":11.3,"source":"国土数値情報 P13 都市公園","x":-17360.25,"y":-25561.54}},{"type":"Feature","geometry":{"type":"Point","coordinates":[139.68735,35.77234]},"properties":{"name":"北前野児童遊園","area_m2":593,"r_m":13.7,"source":"国土数値情報 P13 都市公園","x":-13198.81,"y":-25248.09}},{"type":"Feature","geometry":{"type":"Point","coordinates":[139.66557,35.78736]},"properties":{"name":"高島平緑地","area_m2":82143,"r_m":161.7,"source":"国土数値情報 P13 都市公園","x":-15165.15,"y":-23578.56}},{"type":"Feature","geometry":{"type":"Point","coordinates":[139.661682,35.798756]},"properties":{"name":"荒川戸田橋緑地","area_m2":596881,"r_m":435.9,"source":"国土数値情報 P13 都市公園","x":-15514.41,"y":-22313.66}},{"type":"Feature","geometry":{"type":"Point","coordinates":[139.68697,35.74865]},"properties":{"name":"大谷口北町緑地","area_m2":514,"r_m":12.8,"source":"国土数値情報 P13 都市公園","x":-13237.09,"y":-27876.29}},{"type":"Feature","geometry":{"type":"Point","coordinates":[139.66133,35.73692]},"properties":{"name":"中新井公園","area_m2":3534,"r_m":33.5,"source":"国土数値情報 P13 都市公園","x":-15558.25,"y":-29173.89}},{"type":"Feature","geometry":{"type":"Point","coordinates":[139.66846,35.73524]},"properties":{"name":"北新井公園","area_m2":3209,"r_m":32.0,"source":"国土数値情報 P13 都市公園","x":-14913.63,"y":-29361.39}},{"type":"Feature","geometry":{"type":"Point","coordinates":[139.65887,35.72653]},"properties":{"name":"徳殿公園","area_m2":6269,"r_m":44.7,"source":"国土数値情報 P13 都市公園","x":-15782.82,"y":-30326.2}},{"type":"Feature","geometry":{"type":"Point","coordinates":[139.65822,35.73349]},"properties":{"name":"豊中公園","area_m2":2022,"r_m":25.4,"source":"国土数値情報 P13 都市公園","x":-15840.24,"y":-29553.93}},{"type":"Feature","geometry":{"type":"Point","coordinates":[139.6268,35.77316]},"properties":{"name":"上練馬公園","area_m2":3407,"r_m":32.9,"source":"国土数値情報 P13 都市公園","x":-18673.14,"y":-25147.27}},{"type":"Feature","geometry":{"type":"Point","coordinates":[139.64041,35.7344]},"properties":{"name":"中村公園","area_m2":1654,"r_m":22.9,"source":"国土数値情報 P13 都市公園","x":-17451.08,"y":-29449.95}},{"type":"Feature","geometry":{"type":"Point","coordinates":[139.65283,35.7286]},"properties":{"name":"冨士稲荷公園","area_m2":612,"r_m":14.0,"source":"国土数値情報 P13 都市公園","x":-16328.8,"y":-30095.56}},{"type":"Feature","geometry":{"type":"Point","coordinates":[139.64923,35.72962]},"properties":{"name":"学田公園","area_m2":10887,"r_m":58.9,"source":"国土数値情報 P13 都市公園","x":-16654.26,"y":-29981.79}},{"type":"Feature","geometry":{"type":"Point","coordinates":[139.65912,35.74878]},"properties":{"name":"高稲荷公園","area_m2":12905,"r_m":64.1,"source":"国土数値情報 P13 都市公園","x":-15755.82,"y":-27857.75}},{"type":"Feature","geometry":{"type":"Point","coordinates":[139.65166,35.73328]},"properties":{"name":"豊玉中公園","area_m2":2792,"r_m":29.8,"source":"国土数値情報 P13 都市公園","x":-16433.68,"y":-29576.15}},{"type":"Feature","geometry":{"type":"Point","coordinates":[139.58464,35.74713]},"properties":{"name":"牧野記念庭園","area_m2":2229,"r_m":26.6,"source":"国土数値情報 P13 都市公園","x":-22492.25,"y":-28026.29}},{"type":"Feature","geometry":{"type":"Point","coordinates":[139.576716,35.744291]},"properties":{"name":"大泉井頭公園","area_m2":5688,"r_m":42.6,"source":"国土数値情報 P13 都市公園","x":-23209.77,"y":-28339.36}},{"type":"Feature","geometry":{"type":"Point","coordinates":[139.65131,35.73375]},"properties":{"name":"豊玉公園","area_m2":2155,"r_m":26.2,"source":"国土数値情報 P13 都市公園","x":-16465.25,"y":-29523.95}},{"type":"Feature","geometry":{"type":"Point","coordinates":[139.59125,35.75466]},"properties":{"name":"東大泉公園","area_m2":907,"r_m":17.0,"source":"国土数値情報 P13 都市公園","x":-21892.36,"y":-27192.38}},{"type":"Feature","geometry":{"type":"Point","coordinates":[139.58272,35.7311]},"properties":{"name":"上石神井公園","area_m2":2245,"r_m":26.7,"source":"国土数値情報 P13 都市公園","x":-22670.44,"y":-29804.27}},{"type":"Feature","geometry":{"type":"Point","coordinates":[139.62294,35.7345]},"properties":{"name":"富士見公園","area_m2":642,"r_m":14.3,"source":"国土数値情報 P13 都市公園","x":-19031.33,"y":-29435.61}},{"type":"Feature","geometry":{"type":"Point","coordinates":[139.64166,35.74387]},"properties":{"name":"向山公園","area_m2":3557,"r_m":33.6,"source":"国土数値情報 P13 都市公園","x":-17335.96,"y":-28399.54}},{"type":"Feature","geometry":{"type":"Point","coordinates":[139.64136,35.76242]},"properties":{"name":"田柄中央児童公園","area_m2":2479,"r_m":28.1,"source":"国土数値情報 P13 都市公園","x":-17359.07,"y":-26341.48}},{"type":"Feature","geometry":{"type":"Point","coordinates":[139.57983,35.75897]},"properties":{"name":"西大泉公園","area_m2":2506,"r_m":28.2,"source":"国土数値情報 P13 都市公園","x":-22923.88,"y":-26711.6}},{"type":"Feature","geometry":{"type":"Point","coordinates":[139.592393,35.772769]},"properties":{"name":"大泉学園公園","area_m2":2483,"r_m":28.1,"source":"国土数値情報 P13 都市公園","x":-21784.07,"y":-25183.58}},{"type":"Feature","geometry":{"type":"Point","coordinates":[139.5932,35.76148]},"properties":{"name":"北大泉くれはし公園","area_m2":2084,"r_m":25.8,"source":"国土数値情報 P13 都市公園","x":-21714.17,"y":-26436.17}},{"type":"Feature","geometry":{"type":"Point","coordinates":[139.67804,35.74073]},"properties":{"name":"やくも公園","area_m2":1466,"r_m":21.6,"source":"国土数値情報 P13 都市公園","x":-14046.11,"y":-28753.72}},{"type":"Feature","geometry":{"type":"Point","coordinates":[139.5957,35.72797]},"properties":{"name":"上石神井東公園","area_m2":2037,"r_m":25.5,"source":"国土数値情報 P13 都市公園","x":-21497.11,"y":-30154.44}},{"type":"Feature","geometry":{"type":"Point","coordinates":[139.630987,35.73959]},"properties":{"name":"貫井公園","area_m2":2150,"r_m":26.2,"source":"国土数値情報 P13 都市公園","x":-18302.25,"y":-28872.43}},{"type":"Feature","geometry":{"type":"Point","coordinates":[139.58632,35.72063]},"properties":{"name":"たけした公園","area_m2":2207,"r_m":26.5,"source":"国土数値情報 P13 都市公園","x":-22347.71,"y":-30966.67}},{"type":"Feature","geometry":{"type":"Point","coordinates":[139.60541,35.75841]},"properties":{"name":"土支田公園","area_m2":2477,"r_m":28.1,"source":"国土数値情報 P13 都市公園","x":-20610.86,"y":-26779.41}},{"type":"Feature","geometry":{"type":"Point","coordinates":[139.64922,35.76602]},"properties":{"name":"北西大松公園","area_m2":2085,"r_m":25.8,"source":"国土数値情報 P13 都市公園","x":-16647.58,"y":-25943.45}},{"type":"Feature","geometry":{"type":"Point","coordinates":[139.60881,35.73389]},"properties":{"name":"下石神井坂下公園","area_m2":2320,"r_m":27.2,"source":"国土数値情報 P13 都市公園","x":-20309.63,"y":-29500.45}},{"type":"Feature","geometry":{"type":"Point","coordinates":[139.65338,35.75575]},"properties":{"name":"早宮公園","area_m2":2234,"r_m":26.7,"source":"国土数値情報 P13 都市公園","x":-16273.52,"y":-27083.54}},{"type":"Feature","geometry":{"type":"Point","coordinates":[139.625322,35.744953]},"properties":{"name":"富士見台公園","area_m2":1631,"r_m":22.8,"source":"国土数値情報 P13 都市公園","x":-18813.42,"y":-28276.37}},{"type":"Feature","geometry":{"type":"Point","coordinates":[139.567133,35.727543]},"properties":{"name":"武蔵関公園","area_m2":48967,"r_m":124.8,"source":"国土数値情報 P13 都市公園","x":-24081.49,"y":-30195.16}},{"type":"Feature","geometry":{"type":"Point","coordinates":[139.58272,35.77249]},"properties":{"name":"大泉公園","area_m2":11898,"r_m":61.5,"source":"国土数値情報 P13 都市公園","x":-22658.7,"y":-25212.31}},{"type":"Feature","geometry":{"type":"Point","coordinates":[139.61102,35.73717]},"properties":{"name":"南田中公園","area_m2":2210,"r_m":26.5,"source":"国土数値情報 P13 都市公園","x":-20108.9,"y":-29137.01}},{"type":"Feature","geometry":{"type":"Point","coordinates":[139.64279,35.7566]},"properties":{"name":"けやき児童公園","area_m2":1933,"r_m":24.8,"source":"国土数値情報 P13 都市公園","x":-17231.01,"y":-26987.43}},{"type":"Feature","geometry":{"type":"Point","coordinates":[139.57167,35.75811]},"properties":{"name":"西大泉中央児童公園","area_m2":2603,"r_m":28.8,"source":"国土数値情報 P13 都市公園","x":-23662.03,"y":-26805.07}},{"type":"Feature","geometry":{"type":"Point","coordinates":[139.61194,35.75137]},"properties":{"name":"谷原児童公園","area_m2":2590,"r_m":28.7,"source":"国土数値情報 P13 都市公園","x":-20022.12,"y":-27561.8}},{"type":"Feature","geometry":{"type":"Point","coordinates":[139.66405,35.75755]},"properties":{"name":"平和台児童公園","area_m2":2479,"r_m":28.1,"source":"国土数値情報 P13 都市公園","x":-15308.27,"y":-26885.56}},{"type":"Feature","geometry":{"type":"Point","coordinates":[139.57443,35.72065]},"properties":{"name":"わかば児童公園","area_m2":2497,"r_m":28.2,"source":"国土数値情報 P13 都市公園","x":-23423.41,"y":-30961.68}},{"type":"Feature","geometry":{"type":"Point","coordinates":[139.614755,35.739345]},"properties":{"name":"長光寺橋公園","area_m2":4053,"r_m":35.9,"source":"国土数値情報 P13 都市公園","x":-19770.54,"y":-28896.46}},{"type":"Feature","geometry":{"type":"Point","coordinates":[139.57224,35.75349]},"properties":{"name":"大泉交通公園","area_m2":8142,"r_m":50.9,"source":"国土数値情報 P13 都市公園","x":-23611.85,"y":-27317.77}},{"type":"Feature","geometry":{"type":"Point","coordinates":[139.61063,35.76801]},"properties":{"name":"八坂台児童公園","area_m2":2352,"r_m":27.4,"source":"国土数値情報 P13 都市公園","x":-20136.4,"y":-25715.43}},{"type":"Feature","geometry":{"type":"Point","coordinates":[139.600754,35.737436]},"properties":{"name":"池淵史跡公園","area_m2":7275,"r_m":48.1,"source":"国土数値情報 P13 都市公園","x":-21037.45,"y":-29105.36}},{"type":"Feature","geometry":{"type":"Point","coordinates":[139.65474,35.74023]},"properties":{"name":"練馬一丁目公園","area_m2":992,"r_m":17.8,"source":"国土数値情報 P13 都市公園","x":-16153.67,"y":-28805.61}},{"type":"Feature","geometry":{"type":"Point","coordinates":[139.62109,35.73845]},"properties":{"name":"こぶし公園","area_m2":959,"r_m":17.5,"source":"国土数値情報 P13 都市公園","x":-19197.73,"y":-28997.02}},{"type":"Feature","geometry":{"type":"Point","coordinates":[139.64323,35.76936]},"properties":{"name":"たがら公園","area_m2":2572,"r_m":28.6,"source":"国土数値情報 P13 都市公園","x":-17188.48,"y":-25571.86}},{"type":"Feature","geometry":{"type":"Point","coordinates":[139.66249,35.730917]},"properties":{"name":"豊玉中いっちょうめ公園","area_m2":1424,"r_m":21.3,"source":"国土数値情報 P13 都市公園","x":-15454.5,"y":-29840.1}},{"type":"Feature","geometry":{"type":"Point","coordinates":[139.61327,35.74617]},"properties":{"name":"高野台中央公園","area_m2":2423,"r_m":27.8,"source":"国土数値情報 P13 都市公園","x":-19903.14,"y":-28138.98}},{"type":"Feature","geometry":{"type":"Point","coordinates":[139.5912,35.75428]},"properties":{"name":"東大泉弁天池公園","area_m2":2852,"r_m":30.1,"source":"国土数値情報 P13 都市公園","x":-21896.99,"y":-27234.52}},{"type":"Feature","geometry":{"type":"Point","coordinates":[139.63278,35.74972]},"properties":{"name":"わかみや公園","area_m2":1188,"r_m":19.4,"source":"国土数値情報 P13 都市公園","x":-18137.79,"y":-27748.92}},{"type":"Feature","geometry":{"type":"Point","coordinates":[139.58952,35.76533]},"properties":{"name":"あおい公園","area_m2":1699,"r_m":23.3,"source":"国土数値情報 P13 都市公園","x":-22045.87,"y":-26008.22}},{"type":"Feature","geometry":{"type":"Point","coordinates":[139.64024,35.75468]},"properties":{"name":"こんにちは公園","area_m2":1679,"r_m":23.1,"source":"国土数値情報 P13 都市公園","x":-17462.03,"y":-27199.99}},{"type":"Feature","geometry":{"type":"Point","coordinates":[139.65652,35.75283]},"properties":{"name":"はやいち公園","area_m2":1637,"r_m":22.8,"source":"国土数値情報 P13 都市公園","x":-15990.15,"y":-27408.01}},{"type":"Feature","geometry":{"type":"Point","coordinates":[139.57613,35.75555]},"properties":{"name":"やまなみ公園","area_m2":3910,"r_m":35.3,"source":"国土数値情報 P13 都市公園","x":-23259.46,"y":-27090.16}},{"type":"Feature","geometry":{"type":"Point","coordinates":[139.64528,35.76153]},"properties":{"name":"きょうずか公園","area_m2":688,"r_m":14.8,"source":"国土数値情報 P13 都市公園","x":-17004.79,"y":-26440.91}},{"type":"Feature","geometry":{"type":"Point","coordinates":[139.66353,35.74602]},"properties":{"name":"三丁目森公園","area_m2":1896,"r_m":24.6,"source":"国土数値情報 P13 都市公園","x":-15357.51,"y":-28164.66}},{"type":"Feature","geometry":{"type":"Point","coordinates":[139.67317,35.73833]},"properties":{"name":"江古田駅北公園","area_m2":1317,"r_m":20.5,"source":"国土数値情報 P13 都市公園","x":-14487.03,"y":-29019.28}},{"type":"Feature","geometry":{"type":"Point","coordinates":[139.60824,35.741211]},"properties":{"name":"和田堀公園","area_m2":3455,"r_m":33.2,"source":"国土数値情報 P13 都市公園","x":-20359.3,"y":-28688.14}},{"type":"Feature","geometry":{"type":"Point","coordinates":[139.569772,35.722065]},"properties":{"name":"きたうら公園","area_m2":988,"r_m":17.7,"source":"国土数値情報 P13 都市公園","x":-23844.42,"y":-30803.57}},{"type":"Feature","geometry":{"type":"Point","coordinates":[139.58871,35.73248]},"properties":{"name":"扇橋公園","area_m2":712,"r_m":15.1,"source":"国土数値情報 P13 都市公園","x":-22128.2,"y":-29652.53}},{"type":"Feature","geometry":{"type":"Point","coordinates":[139.63252,35.75514]},"properties":{"name":"田柄梅林公園","area_m2":4625,"r_m":38.4,"source":"国土数値情報 P13 都市公園","x":-18160.07,"y":-27147.55}},{"type":"Feature","geometry":{"type":"Point","coordinates":[139.59053,35.73558]},"properties":{"name":"石神井台公園","area_m2":2503,"r_m":28.2,"source":"国土数値情報 P13 都市公園","x":-21962.72,"y":-29309.02}},{"type":"Feature","geometry":{"type":"Point","coordinates":[139.6553,35.76065]},"properties":{"name":"北町なかよし公園","area_m2":1456,"r_m":21.5,"source":"国土数値情報 P13 都市公園","x":-16098.91,"y":-26540.23}},{"type":"Feature","geometry":{"type":"Point","coordinates":[139.65823,35.75801]},"properties":{"name":"ふれあい公園","area_m2":1409,"r_m":21.2,"source":"国土数値情報 P13 都市公園","x":-15834.48,"y":-26833.6}},{"type":"Feature","geometry":{"type":"Point","coordinates":[139.62651,35.74163]},"properties":{"name":"貫井西公園","area_m2":1226,"r_m":19.8,"source":"国土数値情報 P13 都市公園","x":-18706.73,"y":-28645.27}},{"type":"Feature","geometry":{"type":"Point","coordinates":[139.60095,35.76096]},"properties":{"name":"向下橋公園","area_m2":1197,"r_m":19.5,"source":"国土数値情報 P13 都市公園","x":-21013.5,"y":-26495.55}},{"type":"Feature","geometry":{"type":"Point","coordinates":[139.58438,35.76517]},"properties":{"name":"すずしろ公園","area_m2":2107,"r_m":25.9,"source":"国土数値情報 P13 都市公園","x":-22510.68,"y":-26024.8}},{"type":"Feature","geometry":{"type":"Point","coordinates":[139.589488,35.722376]},"properties":{"name":"関町緑地","area_m2":111,"r_m":5.9,"source":"国土数値情報 P13 都市公園","x":-22060.63,"y":-30773.63}},{"type":"Feature","geometry":{"type":"Point","coordinates":[139.6106,35.76035]},"properties":{"name":"土支田緑地","area_m2":139,"r_m":6.7,"source":"国土数値情報 P13 都市公園","x":-20141.04,"y":-26565.26}},{"type":"Feature","geometry":{"type":"Point","coordinates":[139.5896,35.7325]},"properties":{"name":"石神井台緑地","area_m2":1915,"r_m":24.7,"source":"国土数値情報 P13 都市公園","x":-22047.69,"y":-29650.52}},{"type":"Feature","geometry":{"type":"Point","coordinates":[139.56747,35.75825]},"properties":{"name":"西大泉緑地","area_m2":213,"r_m":8.2,"source":"国土数値情報 P13 都市公園","x":-24041.79,"y":-26788.52}},{"type":"Feature","geometry":{"type":"Point","coordinates":[139.5956,35.72241]},"properties":{"name":"下石神井緑地","area_m2":256,"r_m":9.0,"source":"国土数値情報 P13 都市公園","x":-21507.65,"y":-30771.26}},{"type":"Feature","geometry":{"type":"Point","coordinates":[139.57484,35.73356]},"properties":{"name":"関町北緑地","area_m2":189,"r_m":7.8,"source":"国土数値情報 P13 都市公園","x":-23382.54,"y":-29529.5}},{"type":"Feature","geometry":{"type":"Point","coordinates":[139.63931,35.73316]},"properties":{"name":"中村緑地","area_m2":168,"r_m":7.3,"source":"国土数値情報 P13 都市公園","x":-17550.86,"y":-29587.32}},{"type":"Feature","geometry":{"type":"Point","coordinates":[139.6527,35.739103]},"properties":{"name":"練馬いちょう並木緑地","area_m2":1289,"r_m":20.3,"source":"国土数値情報 P13 都市公園","x":-16338.38,"y":-28930.34}},{"type":"Feature","geometry":{"type":"Point","coordinates":[139.653069,35.764523]},"properties":{"name":"田柄川緑道","area_m2":19985,"r_m":79.8,"source":"国土数値情報 P13 都市公園","x":-16299.88,"y":-26110.19}},{"type":"Feature","geometry":{"type":"Point","coordinates":[139.6067,35.74014]},"properties":{"name":"和田堀緑道","area_m2":1896,"r_m":24.6,"source":"国土数値情報 P13 都市公園","x":-20498.89,"y":-28806.62}},{"type":"Feature","geometry":{"type":"Point","coordinates":[139.590004,35.722634]},"properties":{"name":"千川上水緑道","area_m2":3041,"r_m":31.1,"source":"国土数値情報 P13 都市公園","x":-22013.9,"y":-30745.14}},{"type":"Feature","geometry":{"type":"Point","coordinates":[139.65291,35.73195]},"properties":{"name":"豊玉こぶし公園","area_m2":623,"r_m":14.1,"source":"国土数値情報 P13 都市公園","x":-16320.88,"y":-29723.91}},{"type":"Feature","geometry":{"type":"Point","coordinates":[139.57875,35.73981]},"properties":{"name":"大泉つつじ公園","area_m2":1559,"r_m":22.3,"source":"国土数値情報 P13 都市公園","x":-23027.06,"y":-28837.03}},{"type":"Feature","geometry":{"type":"Point","coordinates":[139.64857,35.75508]},"properties":{"name":"春日公園","area_m2":2707,"r_m":29.4,"source":"国土数値情報 P13 都市公園","x":-16708.64,"y":-27157.06}},{"type":"Feature","geometry":{"type":"Point","coordinates":[139.64764,35.76753]},"properties":{"name":"北八風の子公園","area_m2":974,"r_m":17.6,"source":"国土数値情報 P13 都市公園","x":-16790.13,"y":-25775.66}},{"type":"Feature","geometry":{"type":"Point","coordinates":[139.5795,35.76187]},"properties":{"name":"西大泉こぐれ公園","area_m2":2209,"r_m":26.5,"source":"国土数値情報 P13 都市公園","x":-22952.88,"y":-26389.79}},{"type":"Feature","geometry":{"type":"Point","coordinates":[139.60251,35.76633]},"properties":{"name":"もみじ公園","area_m2":931,"r_m":17.2,"source":"国土数値情報 P13 都市公園","x":-20871.04,"y":-25900.12}},{"type":"Feature","geometry":{"type":"Point","coordinates":[139.63623,35.76769]},"properties":{"name":"ゆりの木通り南公園","area_m2":2160,"r_m":26.2,"source":"国土数値情報 P13 都市公園","x":-17821.77,"y":-25755.89}},{"type":"Feature","geometry":{"type":"Point","coordinates":[139.65149,35.74078]},"properties":{"name":"練馬けやき公園","area_m2":774,"r_m":15.7,"source":"国土数値情報 P13 都市公園","x":-16447.52,"y":-28744.05}},{"type":"Feature","geometry":{"type":"Point","coordinates":[139.65147,35.73941]},"properties":{"name":"練馬こぶし公園","area_m2":494,"r_m":12.5,"source":"国土数値情報 P13 都市公園","x":-16449.61,"y":-28896.04}},{"type":"Feature","geometry":{"type":"Point","coordinates":[139.66614,35.76226]},"properties":{"name":"にしき公園","area_m2":1040,"r_m":18.2,"source":"国土数値情報 P13 都市公園","x":-15118.38,"y":-26363.34}},{"type":"Feature","geometry":{"type":"Point","coordinates":[139.61902,35.74777]},"properties":{"name":"高野台ひがし公園","area_m2":1063,"r_m":18.4,"source":"国土数値情報 P13 都市公園","x":-19382.7,"y":-27962.62}},{"type":"Feature","geometry":{"type":"Point","coordinates":[139.613278,35.739714]},"properties":{"name":"和田堀第二公園","area_m2":1079,"r_m":18.5,"source":"国土数値情報 P13 都市公園","x":-19904.05,"y":-28855.25}},{"type":"Feature","geometry":{"type":"Point","coordinates":[139.6241,35.76619]},"properties":{"name":"八丁堀児童公園","area_m2":4100,"r_m":36.1,"source":"国土数値情報 P13 都市公園","x":-18918.9,"y":-25920.03}},{"type":"Feature","geometry":{"type":"Point","coordinates":[139.6627,35.74397]},"properties":{"name":"しいのみ公園","area_m2":708,"r_m":15.0,"source":"国土数値情報 P13 都市公園","x":-15432.97,"y":-28391.96}},{"type":"Feature","geometry":{"type":"Point","coordinates":[139.62399,35.76013]},"properties":{"name":"四季の香公園","area_m2":42110,"r_m":115.8,"source":"国土数値情報 P13 都市公園","x":-18930.28,"y":-26592.33}},{"type":"Feature","geometry":{"type":"Point","coordinates":[139.60501,35.74633]},"properties":{"name":"光和公園","area_m2":1666,"r_m":23.0,"source":"国土数値情報 P13 都市公園","x":-20650.15,"y":-28119.52}},{"type":"Feature","geometry":{"type":"Point","coordinates":[139.62811,35.7544]},"properties":{"name":"夏の雲公園","area_m2":54034,"r_m":131.1,"source":"国土数値情報 P13 都市公園","x":-18559.05,"y":-27228.83}},{"type":"Feature","geometry":{"type":"Point","coordinates":[139.67485,35.74474]},"properties":{"name":"小竹みどり公園","area_m2":1248,"r_m":19.9,"source":"国土数値情報 P13 都市公園","x":-14333.92,"y":-28308.38}},{"type":"Feature","geometry":{"type":"Point","coordinates":[139.58287,35.72399]},"properties":{"name":"関町ひがし公園","area_m2":1065,"r_m":18.4,"source":"国土数値情報 P13 都市公園","x":-22658.88,"y":-30593.11}},{"type":"Feature","geometry":{"type":"Point","coordinates":[139.62555,35.76382]},"properties":{"name":"こひつじ公園","area_m2":2500,"r_m":28.2,"source":"国土数値情報 P13 都市公園","x":-18788.35,"y":-26183.25}},{"type":"Feature","geometry":{"type":"Point","coordinates":[139.57483,35.75021]},"properties":{"name":"たけやま緑地","area_m2":744,"r_m":15.4,"source":"国土数値情報 P13 都市公園","x":-23378.58,"y":-27682.29}},{"type":"Feature","geometry":{"type":"Point","coordinates":[139.62326,35.73904]},"properties":{"name":"しらかし緑地","area_m2":181,"r_m":7.6,"source":"国土数値情報 P13 都市公園","x":-19001.31,"y":-28931.99}},{"type":"Feature","geometry":{"type":"Point","coordinates":[139.5941,35.74857]},"properties":{"name":"かたばみ緑地","area_m2":235,"r_m":8.6,"source":"国土数値情報 P13 都市公園","x":-21636.28,"y":-27868.66}},{"type":"Feature","geometry":{"type":"Point","coordinates":[139.59975,35.75595]},"properties":{"name":"東大泉二丁目緑地","area_m2":200,"r_m":8.0,"source":"国土数値情報 P13 都市公園","x":-21123.34,"y":-27051.12}},{"type":"Feature","geometry":{"type":"Point","coordinates":[139.64787,35.76007]},"properties":{"name":"南田柄緑地","area_m2":257,"r_m":9.0,"source":"国土数値情報 P13 都市公園","x":-16770.9,"y":-26603.34}},{"type":"Feature","geometry":{"type":"Point","coordinates":[139.60397,35.73459]},"properties":{"name":"池之台緑地","area_m2":310,"r_m":9.9,"source":"国土数値情報 P13 都市公園","x":-20747.26,"y":-29421.78}},{"type":"Feature","geometry":{"type":"Point","coordinates":[139.61832,35.75159]},"properties":{"name":"北原緑地","area_m2":294,"r_m":9.7,"source":"国土数値情報 P13 都市公園","x":-19445.08,"y":-27538.68}},{"type":"Feature","geometry":{"type":"Point","coordinates":[139.587012,35.748231]},"properties":{"name":"あかしあ児童公園","area_m2":1105,"r_m":18.8,"source":"国土数値情報 P13 都市公園","x":-22277.4,"y":-27904.66}},{"type":"Feature","geometry":{"type":"Point","coordinates":[139.622486,35.756189]},"properties":{"name":"大通り南公園","area_m2":3295,"r_m":32.4,"source":"国土数値情報 P13 都市公園","x":-19067.21,"y":-27029.27}},{"type":"Feature","geometry":{"type":"Point","coordinates":[139.63521,35.73721]},"properties":{"name":"美術の森緑地","area_m2":1895,"r_m":24.6,"source":"国土数値情報 P13 都市公園","x":-17920.83,"y":-29137.26}},{"type":"Feature","geometry":{"type":"Point","coordinates":[139.57253,35.74536]},"properties":{"name":"四季憩いの緑地","area_m2":236,"r_m":8.7,"source":"国土数値情報 P13 都市公園","x":-23588.02,"y":-28219.81}},{"type":"Feature","geometry":{"type":"Point","coordinates":[139.62439,35.75565]},"properties":{"name":"春の風公園","area_m2":33908,"r_m":103.9,"source":"国土数値情報 P13 都市公園","x":-18895.17,"y":-27089.44}},{"type":"Feature","geometry":{"type":"Point","coordinates":[139.66907,35.76348]},"properties":{"name":"北町一丁目公園","area_m2":594,"r_m":13.8,"source":"国土数値情報 P13 都市公園","x":-14853.21,"y":-26228.44}},{"type":"Feature","geometry":{"type":"Point","coordinates":[139.58119,35.74215]},"properties":{"name":"梨の花公園","area_m2":1426,"r_m":21.3,"source":"国土数値情報 P13 都市公園","x":-22805.69,"y":-28577.99}},{"type":"Feature","geometry":{"type":"Point","coordinates":[139.61253,35.73264]},"properties":{"name":"南田中四丁目緑地","area_m2":227,"r_m":8.5,"source":"国土数値情報 P13 都市公園","x":-19973.44,"y":-29639.89}},{"type":"Feature","geometry":{"type":"Point","coordinates":[139.570742,35.735074]},"properties":{"name":"南大泉二丁目緑地","area_m2":291,"r_m":9.6,"source":"国土数値情報 P13 都市公園","x":-23752.75,"y":-29360.53}},{"type":"Feature","geometry":{"type":"Point","coordinates":[139.61052,35.7549]},"properties":{"name":"北原公園","area_m2":1878,"r_m":24.4,"source":"国土数値情報 P13 都市公園","x":-20149.65,"y":-27169.88}},{"type":"Feature","geometry":{"type":"Point","coordinates":[139.63782,35.74073]},"properties":{"name":"向山わんぱく公園","area_m2":1488,"r_m":21.8,"source":"国土数値情報 P13 都市公園","x":-17683.97,"y":-28747.22}},{"type":"Feature","geometry":{"type":"Point","coordinates":[139.58917,35.74918]},"properties":{"name":"泉こぶし公園","area_m2":979,"r_m":17.7,"source":"国土数値情報 P13 都市公園","x":-22081.98,"y":-27799.88}},{"type":"Feature","geometry":{"type":"Point","coordinates":[139.63115,35.76022]},"properties":{"name":"あかねぐも公園","area_m2":5427,"r_m":41.6,"source":"国土数値情報 P13 都市公園","x":-18282.8,"y":-26583.7}},{"type":"Feature","geometry":{"type":"Point","coordinates":[139.59799,35.75662]},"properties":{"name":"びくに公園","area_m2":21897,"r_m":83.5,"source":"国土数値情報 P13 都市公園","x":-21282.32,"y":-26976.41}},{"type":"Feature","geometry":{"type":"Point","coordinates":[139.59109,35.76351]},"properties":{"name":"こぐれの森緑地","area_m2":5972,"r_m":43.6,"source":"国土数値情報 P13 都市公園","x":-21904.41,"y":-26210.49}},{"type":"Feature","geometry":{"type":"Point","coordinates":[139.58701,35.72034]},"properties":{"name":"たけしたの森緑地","area_m2":1798,"r_m":23.9,"source":"国土数値情報 P13 都市公園","x":-22285.36,"y":-30999.0}},{"type":"Feature","geometry":{"type":"Point","coordinates":[139.62813,35.74369]},"properties":{"name":"ぬくいの森緑地","area_m2":1404,"r_m":21.1,"source":"国土数値情報 P13 都市公園","x":-18559.73,"y":-28417.03}},{"type":"Feature","geometry":{"type":"Point","coordinates":[139.60272,35.76754]},"properties":{"name":"中里緑地","area_m2":278,"r_m":9.4,"source":"国土数値情報 P13 都市公園","x":-20851.73,"y":-25765.92}},{"type":"Feature","geometry":{"type":"Point","coordinates":[139.60593,35.74639]},"properties":{"name":"和田緑地","area_m2":358,"r_m":10.7,"source":"国土数値情報 P13 都市公園","x":-20566.93,"y":-28113.06}},{"type":"Feature","geometry":{"type":"Point","coordinates":[139.58031,35.74202]},"properties":{"name":"井頭緑地","area_m2":349,"r_m":10.5,"source":"国土数値情報 P13 都市公園","x":-22885.32,"y":-28592.21}},{"type":"Feature","geometry":{"type":"Point","coordinates":[139.592747,35.772428]},"properties":{"name":"長久保緑地","area_m2":219,"r_m":8.3,"source":"国土数値情報 P13 都市公園","x":-21752.15,"y":-25221.41}},{"type":"Feature","geometry":{"type":"Point","coordinates":[139.58809,35.7711]},"properties":{"name":"大泉風致地区公園","area_m2":1618,"r_m":22.7,"source":"国土数値情報 P13 都市公園","x":-22173.57,"y":-25367.75}},{"type":"Feature","geometry":{"type":"Point","coordinates":[139.59993,35.7509]},"properties":{"name":"三原台公園","area_m2":5501,"r_m":41.8,"source":"国土数値情報 P13 都市公園","x":-21108.4,"y":-27611.43}},{"type":"Feature","geometry":{"type":"Point","coordinates":[139.57292,35.73267]},"properties":{"name":"関町北公園","area_m2":2500,"r_m":28.2,"source":"国土数値情報 P13 都市公園","x":-23556.48,"y":-29627.78}},{"type":"Feature","geometry":{"type":"Point","coordinates":[139.63365,35.76196]},"properties":{"name":"秋の陽公園","area_m2":18200,"r_m":76.1,"source":"国土数値情報 P13 都市公園","x":-18056.34,"y":-26391.13}},{"type":"Feature","geometry":{"type":"Point","coordinates":[139.6095,35.76568]},"properties":{"name":"稲荷山公園","area_m2":1773,"r_m":23.8,"source":"国土数値情報 P13 都市公園","x":-20239.16,"y":-25973.7}},{"type":"Feature","geometry":{"type":"Point","coordinates":[139.63762,35.76633]},"properties":{"name":"田柄緑地","area_m2":529,"r_m":13.0,"source":"国土数値情報 P13 都市公園","x":-17696.39,"y":-25907.03}},{"type":"Feature","geometry":{"type":"Point","coordinates":[139.61577,35.73802]},"properties":{"name":"長光寺橋緑地","area_m2":553,"r_m":13.3,"source":"国土数値情報 P13 都市公園","x":-19679.03,"y":-29043.67}},{"type":"Feature","geometry":{"type":"Point","coordinates":[139.64832,35.7461]},"properties":{"name":"宮が谷戸緑地","area_m2":346,"r_m":10.5,"source":"国土数値情報 P13 都市公園","x":-16733.13,"y":-28153.29}},{"type":"Feature","geometry":{"type":"Point","coordinates":[139.60103,35.75875]},"properties":{"name":"大泉橋戸公園","area_m2":11899,"r_m":61.5,"source":"国土数値情報 P13 都市公園","x":-21006.85,"y":-26740.76}},{"type":"Feature","geometry":{"type":"Point","coordinates":[139.66718,35.75014]},"properties":{"name":"氷川台三丁目ちびっこ公園","area_m2":448,"r_m":11.9,"source":"国土数値情報 P13 都市公園","x":-15026.62,"y":-27708.14}},{"type":"Feature","geometry":{"type":"Point","coordinates":[139.66351,35.76775]},"properties":{"name":"北町あおば公園","area_m2":1009,"r_m":17.9,"source":"国土数値情報 P13 都市公園","x":-15355.14,"y":-25753.85}},{"type":"Feature","geometry":{"type":"Point","coordinates":[139.64499,35.73901]},"properties":{"name":"水と雲の公園","area_m2":1075,"r_m":18.5,"source":"国土数値情報 P13 都市公園","x":-17035.81,"y":-28939.31}},{"type":"Feature","geometry":{"type":"Point","coordinates":[139.62253,35.74787]},"properties":{"name":"高野台緑地","area_m2":122,"r_m":6.2,"source":"国土数値情報 P13 都市公園","x":-19065.23,"y":-27952.22}},{"type":"Feature","geometry":{"type":"Point","coordinates":[139.622389,35.754177]},"properties":{"name":"わかば緑地","area_m2":242,"r_m":8.8,"source":"国土数値情報 P13 都市公園","x":-19076.51,"y":-27252.5}},{"type":"Feature","geometry":{"type":"Point","coordinates":[139.6528,35.75687]},"properties":{"name":"へいわだい駅前緑地","area_m2":331,"r_m":10.3,"source":"国土数値情報 P13 都市公園","x":-16325.74,"y":-26959.19}},{"type":"Feature","geometry":{"type":"Point","coordinates":[139.57887,35.74279]},"properties":{"name":"井頭の森緑地","area_m2":1908,"r_m":24.6,"source":"国土数値情報 P13 都市公園","x":-23015.35,"y":-28506.44}},{"type":"Feature","geometry":{"type":"Point","coordinates":[139.60629,35.74051]},"properties":{"name":"和田堀緑地","area_m2":457,"r_m":12.1,"source":"国土数値情報 P13 都市公園","x":-20535.88,"y":-28765.48}},{"type":"Feature","geometry":{"type":"Point","coordinates":[139.60785,35.75874]},"properties":{"name":"あせび緑地","area_m2":201,"r_m":8.0,"source":"国土数値情報 P13 都市公園","x":-20390.13,"y":-26743.31}},{"type":"Feature","geometry":{"type":"Point","coordinates":[139.585505,35.731197]},"properties":{"name":"扇山公園","area_m2":3321,"r_m":32.5,"source":"国土数値情報 P13 都市公園","x":-22418.44,"y":-29794.19}},{"type":"Feature","geometry":{"type":"Point","coordinates":[139.66901,35.75688]},"properties":{"name":"氷川台二丁目緑地","area_m2":301,"r_m":9.8,"source":"国土数値情報 P13 都市公園","x":-14859.86,"y":-26960.66}},{"type":"Feature","geometry":{"type":"Point","coordinates":[139.65181,35.73099]},"properties":{"name":"豊玉錦公園","area_m2":1771,"r_m":23.7,"source":"国土数値情報 P13 都市公園","x":-16420.58,"y":-29830.24}},{"type":"Feature","geometry":{"type":"Point","coordinates":[139.653844,35.750221]},"properties":{"name":"早宮おおぞら公園","area_m2":606,"r_m":13.9,"source":"国土数値情報 P13 都市公園","x":-16232.64,"y":-27697.0}},{"type":"Feature","geometry":{"type":"Point","coordinates":[139.631679,35.740507]},"properties":{"name":"ガラクタ公園","area_m2":2346,"r_m":27.3,"source":"国土数値情報 P13 都市公園","x":-18239.48,"y":-28770.88}},{"type":"Feature","geometry":{"type":"Point","coordinates":[139.59787,35.73392]},"properties":{"name":"さくらの辻公園","area_m2":4208,"r_m":36.6,"source":"国土数値情報 P13 都市公園","x":-21299.22,"y":-29494.8}},{"type":"Feature","geometry":{"type":"Point","coordinates":[139.64954,35.73893]},"properties":{"name":"練馬三丁目公園","area_m2":884,"r_m":16.8,"source":"国土数値情報 P13 都市公園","x":-16624.28,"y":-28948.96}},{"type":"Feature","geometry":{"type":"Point","coordinates":[139.605278,35.765307]},"properties":{"name":"中里泉公園","area_m2":1777,"r_m":23.8,"source":"国土数値情報 P13 都市公園","x":-20620.99,"y":-26014.24}},{"type":"Feature","geometry":{"type":"Point","coordinates":[139.633173,35.762759]},"properties":{"name":"田柄西公園","area_m2":2795,"r_m":29.8,"source":"国土数値情報 P13 都市公園","x":-18099.29,"y":-26302.44}},{"type":"Feature","geometry":{"type":"Point","coordinates":[139.63,35.74854]},"properties":{"name":"若宮の森緑地","area_m2":1431,"r_m":21.3,"source":"国土数値情報 P13 都市公園","x":-18389.48,"y":-27879.31}},{"type":"Feature","geometry":{"type":"Point","coordinates":[139.5927,35.75728]},"properties":{"name":"みやのくぼの森緑地","area_m2":1395,"r_m":21.1,"source":"国土数値情報 P13 都市公園","x":-21760.52,"y":-26902.03}},{"type":"Feature","geometry":{"type":"Point","coordinates":[139.67346,35.74302]},"properties":{"name":"小竹町二丁目緑地","area_m2":164,"r_m":7.2,"source":"国土数値情報 P13 都市公園","x":-14459.95,"y":-28499.0}},{"type":"Feature","geometry":{"type":"Point","coordinates":[139.57076,35.73334]},"properties":{"name":"関町北五丁目緑地","area_m2":3500,"r_m":33.4,"source":"国土数値情報 P13 都市公園","x":-23751.68,"y":-29552.93}},{"type":"Feature","geometry":{"type":"Point","coordinates":[139.59084,35.75011]},"properties":{"name":"東大泉一丁目緑地","area_m2":198,"r_m":7.9,"source":"国土数値情報 P13 都市公園","x":-21930.69,"y":-27697.08}},{"type":"Feature","geometry":{"type":"Point","coordinates":[139.59387,35.75836]},"properties":{"name":"大泉町五丁目緑地","area_m2":244,"r_m":8.8,"source":"国土数値情報 P13 都市公園","x":-21654.43,"y":-26782.47}},{"type":"Feature","geometry":{"type":"Point","coordinates":[139.58089,35.75859]},"properties":{"name":"大泉なかよし緑地","area_m2":241,"r_m":8.8,"source":"国土数値情報 P13 都市公園","x":-22828.13,"y":-26754.01}},{"type":"Feature","geometry":{"type":"Point","coordinates":[139.6217,35.73117]},"properties":{"name":"南田中さくら緑地","area_m2":99,"r_m":5.6,"source":"国土数値情報 P13 都市公園","x":-19144.29,"y":-29804.81}},{"type":"Feature","geometry":{"type":"Point","coordinates":[139.60725,35.74884]},"properties":{"name":"しいのみ緑地","area_m2":252,"r_m":9.0,"source":"国土数値情報 P13 都市公園","x":-20446.92,"y":-27841.52}},{"type":"Feature","geometry":{"type":"Point","coordinates":[139.62186,35.76613]},"properties":{"name":"イーグルガーデン緑地","area_m2":116,"r_m":6.1,"source":"国土数値情報 P13 都市公園","x":-19121.46,"y":-25926.26}},{"type":"Feature","geometry":{"type":"Point","coordinates":[139.592729,35.773403]},"properties":{"name":"西長久保緑地","area_m2":339,"r_m":10.4,"source":"国土数値情報 P13 都市公園","x":-21753.51,"y":-25113.29}},{"type":"Feature","geometry":{"type":"Point","coordinates":[139.56944,35.73261]},"properties":{"name":"高塚南緑地","area_m2":673,"r_m":14.6,"source":"国土数値情報 P13 都市公園","x":-23871.3,"y":-29633.59}},{"type":"Feature","geometry":{"type":"Point","coordinates":[139.652142,35.76769]},"properties":{"name":"北町みのり公園","area_m2":736,"r_m":15.3,"source":"国土数値情報 P13 都市公園","x":-16383.06,"y":-25758.68}},{"type":"Feature","geometry":{"type":"Point","coordinates":[139.66962,35.74369]},"properties":{"name":"羽沢ふじ公園","area_m2":519,"r_m":12.9,"source":"国土数値情報 P13 都市公園","x":-14807.14,"y":-28424.09}},{"type":"Feature","geometry":{"type":"Point","coordinates":[139.6447,35.75412]},"properties":{"name":"やしのみ公園","area_m2":534,"r_m":13.0,"source":"国土数値情報 P13 都市公園","x":-17058.82,"y":-27262.9}},{"type":"Feature","geometry":{"type":"Point","coordinates":[139.57951,35.74884]},"properties":{"name":"緑橋児童公園","area_m2":934,"r_m":17.2,"source":"国土数値情報 P13 都市公園","x":-22955.72,"y":-27835.38}},{"type":"Feature","geometry":{"type":"Point","coordinates":[139.56946,35.75713]},"properties":{"name":"西大泉いずみ公園","area_m2":706,"r_m":15.0,"source":"国土数値情報 P13 都市公園","x":-23862.17,"y":-26913.26}},{"type":"Feature","geometry":{"type":"Point","coordinates":[139.63759,35.74833]},"properties":{"name":"春日町西公園","area_m2":2496,"r_m":28.2,"source":"国土数値情報 P13 都市公園","x":-17703.09,"y":-27904.01}},{"type":"Feature","geometry":{"type":"Point","coordinates":[139.646506,35.73862]},"properties":{"name":"練馬はらっぱ公園","area_m2":2747,"r_m":29.6,"source":"国土数値情報 P13 都市公園","x":-16898.78,"y":-28982.83}},{"type":"Feature","geometry":{"type":"Point","coordinates":[139.61841,35.75031]},"properties":{"name":"谷原けやき緑地","area_m2":291,"r_m":9.6,"source":"国土数値情報 P13 都市公園","x":-19437.25,"y":-27680.71}},{"type":"Feature","geometry":{"type":"Point","coordinates":[139.57144,35.75469]},"properties":{"name":"西大泉一丁目緑地","area_m2":346,"r_m":10.5,"source":"国土数値情報 P13 都市公園","x":-23683.84,"y":-27184.45}},{"type":"Feature","geometry":{"type":"Point","coordinates":[139.575247,35.748584]},"properties":{"name":"東中前の森緑地","area_m2":2220,"r_m":26.6,"source":"国土数値情報 P13 都市公園","x":-23341.38,"y":-27862.83}},{"type":"Feature","geometry":{"type":"Point","coordinates":[139.59877,35.75621]},"properties":{"name":"八の釜の森緑地","area_m2":551,"r_m":13.2,"source":"国土数値情報 P13 都市公園","x":-21211.89,"y":-27022.07}},{"type":"Feature","geometry":{"type":"Point","coordinates":[139.61125,35.73828]},"properties":{"name":"塚越の森緑地","area_m2":231,"r_m":8.6,"source":"国土数値情報 P13 都市公園","x":-20087.81,"y":-29013.91}},{"type":"Feature","geometry":{"type":"Point","coordinates":[139.65131,35.74231]},"properties":{"name":"練馬二丁目こだま公園","area_m2":2411,"r_m":27.7,"source":"国土数値情報 P13 都市公園","x":-16463.48,"y":-28574.27}},{"type":"Feature","geometry":{"type":"Point","coordinates":[139.66527,35.74441]},"properties":{"name":"桜台かしのき緑地","area_m2":351,"r_m":10.6,"source":"国土数値情報 P13 都市公園","x":-15200.44,"y":-28343.55}},{"type":"Feature","geometry":{"type":"Point","coordinates":[139.573687,35.730482]},"properties":{"name":"関町北四丁目緑地","area_m2":197,"r_m":7.9,"source":"国土数値情報 P13 都市公園","x":-23487.75,"y":-29870.74}},{"type":"Feature","geometry":{"type":"Point","coordinates":[139.66113,35.75502]},"properties":{"name":"ほしぞら緑地","area_m2":261,"r_m":9.1,"source":"国土数値情報 P13 都市公園","x":-15572.82,"y":-27165.79}},{"type":"Feature","geometry":{"type":"Point","coordinates":[139.65041,35.73389]},"properties":{"name":"はなみずきのみち緑道","area_m2":362,"r_m":10.7,"source":"国土数値情報 P13 都市公園","x":-16546.63,"y":-29508.27}},{"type":"Feature","geometry":{"type":"Point","coordinates":[139.59589,35.763]},"properties":{"name":"大泉影山公園","area_m2":1576,"r_m":22.4,"source":"国土数値情報 P13 都市公園","x":-21470.51,"y":-26268.13}},{"type":"Feature","geometry":{"type":"Point","coordinates":[139.64281,35.72916]},"properties":{"name":"中村南公園","area_m2":1877,"r_m":24.4,"source":"国土数値情報 P13 都市公園","x":-17235.12,"y":-30031.72}},{"type":"Feature","geometry":{"type":"Point","coordinates":[139.64026,35.73755]},"properties":{"name":"向山一丁目公園","area_m2":410,"r_m":11.4,"source":"国土数値情報 P13 都市公園","x":-17463.96,"y":-29100.45}},{"type":"Feature","geometry":{"type":"Point","coordinates":[139.62257,35.75323]},"properties":{"name":"高清平公園","area_m2":1803,"r_m":24.0,"source":"国土数値情報 P13 都市公園","x":-19060.33,"y":-27357.57}},{"type":"Feature","geometry":{"type":"Point","coordinates":[139.66032,35.75067]},"properties":{"name":"早宮史跡公園","area_m2":1639,"r_m":22.8,"source":"国土数値情報 P13 都市公園","x":-15646.92,"y":-27648.26}},{"type":"Feature","geometry":{"type":"Point","coordinates":[139.60147,35.76203]},"properties":{"name":"あかまつ緑地","area_m2":3116,"r_m":31.5,"source":"国土数値情報 P13 都市公園","x":-20966.2,"y":-26376.96}},{"type":"Feature","geometry":{"type":"Point","coordinates":[139.60973,35.73008]},"properties":{"name":"下石神井一丁目緑地","area_m2":245,"r_m":8.8,"source":"国土数値情報 P13 都市公園","x":-20227.37,"y":-29923.33}},{"type":"Feature","geometry":{"type":"Point","coordinates":[139.5692,35.74733]},"properties":{"name":"南大泉三丁目緑地","area_m2":337,"r_m":10.4,"source":"国土数値情報 P13 都市公園","x":-23888.61,"y":-28000.45}},{"type":"Feature","geometry":{"type":"Point","coordinates":[139.65953,35.75121]},"properties":{"name":"東早淵緑地","area_m2":236,"r_m":8.7,"source":"国土数値情報 P13 都市公園","x":-15718.26,"y":-27588.23}},{"type":"Feature","geometry":{"type":"Point","coordinates":[139.587059,35.722884]},"properties":{"name":"平成公園","area_m2":3438,"r_m":33.1,"source":"国土数値情報 P13 都市公園","x":-22280.22,"y":-30716.77}},{"type":"Feature","geometry":{"type":"Point","coordinates":[139.60934,35.7604]},"properties":{"name":"土支田農業公園","area_m2":5084,"r_m":40.2,"source":"国土数値情報 P13 都市公園","x":-20254.97,"y":-26559.45}},{"type":"Feature","geometry":{"type":"Point","coordinates":[139.61232,35.73023]},"properties":{"name":"向三谷公園","area_m2":3711,"r_m":34.4,"source":"国土数値情報 P13 都市公園","x":-19993.04,"y":-29907.22}},{"type":"Feature","geometry":{"type":"Point","coordinates":[139.65704,35.73972]},"properties":{"name":"桜台ふじ公園","area_m2":411,"r_m":11.4,"source":"国土数値情報 P13 都市公園","x":-15945.74,"y":-28862.56}},{"type":"Feature","geometry":{"type":"Point","coordinates":[139.65227,35.7561]},"properties":{"name":"早宮さつき公園","area_m2":530,"r_m":13.0,"source":"国土数値情報 P13 都市公園","x":-16373.83,"y":-27044.53}},{"type":"Feature","geometry":{"type":"Point","coordinates":[139.63002,35.77045]},"properties":{"name":"旭町二丁目公園","area_m2":1076,"r_m":18.5,"source":"国土数値情報 P13 都市公園","x":-18382.63,"y":-25448.54}},{"type":"Feature","geometry":{"type":"Point","coordinates":[139.60744,35.76094]},"properties":{"name":"橋戸新田公園","area_m2":1078,"r_m":18.5,"source":"国土数値情報 P13 都市公園","x":-20426.64,"y":-26499.14}},{"type":"Feature","geometry":{"type":"Point","coordinates":[139.62164,35.75101]},"properties":{"name":"みのわ公園","area_m2":1700,"r_m":23.3,"source":"国土数値情報 P13 都市公園","x":-19144.97,"y":-27603.68}},{"type":"Feature","geometry":{"type":"Point","coordinates":[139.62349,35.7508]},"properties":{"name":"たかはら公園","area_m2":1004,"r_m":17.9,"source":"国土数値情報 P13 都市公園","x":-18977.71,"y":-27627.34}},{"type":"Feature","geometry":{"type":"Point","coordinates":[139.65233,35.76213]},"properties":{"name":"どんぐり山の森緑地","area_m2":2627,"r_m":28.9,"source":"国土数値情報 P13 都市公園","x":-16367.17,"y":-26375.55}},{"type":"Feature","geometry":{"type":"Point","coordinates":[139.65594,35.76425]},"properties":{"name":"北町こぶし緑地","area_m2":201,"r_m":8.0,"source":"国土数値情報 P13 都市公園","x":-16040.31,"y":-26140.94}},{"type":"Feature","geometry":{"type":"Point","coordinates":[139.61899,35.76244]},"properties":{"name":"土支田一丁目緑地","area_m2":209,"r_m":8.2,"source":"国土数値情報 P13 都市公園","x":-19381.86,"y":-26335.07}},{"type":"Feature","geometry":{"type":"Point","coordinates":[139.58252,35.76175]},"properties":{"name":"立野山の森緑地","area_m2":776,"r_m":15.7,"source":"国土数値情報 P13 都市公園","x":-22679.83,"y":-26403.8}},{"type":"Feature","geometry":{"type":"Point","coordinates":[139.67506,35.73598]},"properties":{"name":"旭丘なかよし緑地","area_m2":389,"r_m":11.1,"source":"国土数値情報 P13 都市公園","x":-14316.5,"y":-29280.27}},{"type":"Feature","geometry":{"type":"Point","coordinates":[139.60292,35.74524]},"properties":{"name":"石神井町八丁目緑地","area_m2":715,"r_m":15.1,"source":"国土数値情報 P13 都市公園","x":-20839.46,"y":-28240.01}},{"type":"Feature","geometry":{"type":"Point","coordinates":[139.56979,35.73977]},"properties":{"name":"南大泉かたまち緑地","area_m2":204,"r_m":8.1,"source":"国土数値情報 P13 都市公園","x":-23837.5,"y":-28839.32}},{"type":"Feature","geometry":{"type":"Point","coordinates":[139.653544,35.738708]},"properties":{"name":"平成つつじ公園","area_m2":8842,"r_m":53.1,"source":"国土数値情報 P13 都市公園","x":-16262.12,"y":-28974.28}},{"type":"Feature","geometry":{"type":"Point","coordinates":[139.63733,35.75171]},"properties":{"name":"すずしろ西公園","area_m2":459,"r_m":12.1,"source":"国土数値情報 P13 都市公園","x":-17725.85,"y":-27528.97}},{"type":"Feature","geometry":{"type":"Point","coordinates":[139.64853,35.74083]},"properties":{"name":"練馬四丁目公園","area_m2":628,"r_m":14.1,"source":"国土数値情報 P13 都市公園","x":-16715.24,"y":-28738.0}},{"type":"Feature","geometry":{"type":"Point","coordinates":[139.6349,35.75151]},"properties":{"name":"中ノ宮竹林公園","area_m2":713,"r_m":15.1,"source":"国土数値情報 P13 都市公園","x":-17945.66,"y":-27550.72}},{"type":"Feature","geometry":{"type":"Point","coordinates":[139.62398,35.75227]},"properties":{"name":"高松中央公園","area_m2":3207,"r_m":32.0,"source":"国土数値情報 P13 都市公園","x":-18933.05,"y":-27464.35}},{"type":"Feature","geometry":{"type":"Point","coordinates":[139.653751,35.749569]},"properties":{"name":"早淵の森緑地","area_m2":1543,"r_m":22.2,"source":"国土数値情報 P13 都市公園","x":-16241.25,"y":-27769.39}},{"type":"Feature","geometry":{"type":"Point","coordinates":[139.59953,35.74331]},"properties":{"name":"寿緑地","area_m2":235,"r_m":8.6,"source":"国土数値情報 P13 都市公園","x":-21146.58,"y":-28453.4}},{"type":"Feature","geometry":{"type":"Point","coordinates":[139.64517,35.75731]},"properties":{"name":"春日町さつき緑地","area_m2":275,"r_m":9.4,"source":"国土数値情報 P13 都市公園","x":-17015.64,"y":-26909.07}},{"type":"Feature","geometry":{"type":"Point","coordinates":[139.57262,35.7246]},"properties":{"name":"せきまち公園","area_m2":640,"r_m":14.3,"source":"国土数値情報 P13 都市公園","x":-23586.0,"y":-30523.02}},{"type":"Feature","geometry":{"type":"Point","coordinates":[139.66829,35.75158]},"properties":{"name":"氷川台三丁目公園","area_m2":1077,"r_m":18.5,"source":"国土数値情報 P13 都市公園","x":-14925.96,"y":-27548.55}},{"type":"Feature","geometry":{"type":"Point","coordinates":[139.58495,35.71495]},"properties":{"name":"関町すずしろ公園","area_m2":1089,"r_m":18.6,"source":"国土数値情報 P13 都市公園","x":-22473.25,"y":-31596.51}},{"type":"Feature","geometry":{"type":"Point","coordinates":[139.57053,35.76187]},"properties":{"name":"西六いこい公園","area_m2":1600,"r_m":22.6,"source":"国土数値情報 P13 都市公園","x":-23764.0,"y":-26387.65}},{"type":"Feature","geometry":{"type":"Point","coordinates":[139.56998,35.76246]},"properties":{"name":"西六ふれあい公園","area_m2":999,"r_m":17.8,"source":"国土数値情報 P13 都市公園","x":-23813.56,"y":-26322.06}},{"type":"Feature","geometry":{"type":"Point","coordinates":[139.60114,35.75495]},"properties":{"name":"泉新公園","area_m2":1140,"r_m":19.0,"source":"国土数値情報 P13 都市公園","x":-20997.9,"y":-27162.37}},{"type":"Feature","geometry":{"type":"Point","coordinates":[139.59229,35.73932]},"properties":{"name":"くりのみ緑地","area_m2":205,"r_m":8.1,"source":"国土数値情報 P13 都市公園","x":-21802.5,"y":-28894.48}},{"type":"Feature","geometry":{"type":"Point","coordinates":[139.60408,35.75422]},"properties":{"name":"三原緑地","area_m2":309,"r_m":9.9,"source":"国土数値情報 P13 都市公園","x":-20732.22,"y":-27243.98}},{"type":"Feature","geometry":{"type":"Point","coordinates":[139.620799,35.733277]},"properties":{"name":"陽だまり緑地","area_m2":222,"r_m":8.4,"source":"国土数値情報 P13 都市公園","x":-19225.32,"y":-29570.82}},{"type":"Feature","geometry":{"type":"Point","coordinates":[139.67404,35.73971]},"properties":{"name":"どれみふぁ緑地","area_m2":224,"r_m":8.4,"source":"国土数値情報 P13 都市公園","x":-14408.09,"y":-28866.3}},{"type":"Feature","geometry":{"type":"Point","coordinates":[139.59209,35.7656]},"properties":{"name":"影山の森緑地","area_m2":2915,"r_m":30.5,"source":"国土数値情報 P13 都市公園","x":-21813.41,"y":-25978.84}},{"type":"Feature","geometry":{"type":"Point","coordinates":[139.61443,35.7383]},"properties":{"name":"元締山の森緑地","area_m2":1043,"r_m":18.2,"source":"国土数値情報 P13 都市公園","x":-19800.17,"y":-29012.34}},{"type":"Feature","geometry":{"type":"Point","coordinates":[139.61633,35.74854]},"properties":{"name":"高野台かいどう緑地","area_m2":291,"r_m":9.6,"source":"国土数値情報 P13 都市公園","x":-19625.8,"y":-27876.66}},{"type":"Feature","geometry":{"type":"Point","coordinates":[139.56683,35.76033]},"properties":{"name":"西大泉もみじ緑地","area_m2":366,"r_m":10.8,"source":"国土数値情報 P13 都市公園","x":-24099.04,"y":-26557.6}},{"type":"Feature","geometry":{"type":"Point","coordinates":[139.572374,35.730893]},"properties":{"name":"大関山の森緑地","area_m2":2508,"r_m":28.3,"source":"国土数値情報 P13 都市公園","x":-23606.39,"y":-29824.84}},{"type":"Feature","geometry":{"type":"Point","coordinates":[139.61348,35.73071]},"properties":{"name":"向三谷緑地","area_m2":239,"r_m":8.7,"source":"国土数値情報 P13 都市公園","x":-19887.99,"y":-29854.21}},{"type":"Feature","geometry":{"type":"Point","coordinates":[139.58792,35.74245]},"properties":{"name":"翠泉公園","area_m2":780,"r_m":15.8,"source":"国土数値情報 P13 都市公園","x":-22196.9,"y":-28546.25}},{"type":"Feature","geometry":{"type":"Point","coordinates":[139.59061,35.72137]},"properties":{"name":"関町南くすのき緑地","area_m2":411,"r_m":11.4,"source":"国土数値情報 P13 都市公園","x":-21959.38,"y":-30885.54}},{"type":"Feature","geometry":{"type":"Point","coordinates":[139.60349,35.74725]},"properties":{"name":"宮前緑地","area_m2":435,"r_m":11.8,"source":"国土数値情報 P13 都市公園","x":-20787.39,"y":-28017.13}},{"type":"Feature","geometry":{"type":"Point","coordinates":[139.636,35.76394]},"properties":{"name":"神明ふれあい緑地","area_m2":862,"r_m":16.6,"source":"国土数値情報 P13 都市公園","x":-17843.4,"y":-26171.89}},{"type":"Feature","geometry":{"type":"Point","coordinates":[139.58356,35.74625]},"properties":{"name":"東大泉木もれ陽公園","area_m2":1100,"r_m":18.7,"source":"国土数値情報 P13 都市公園","x":-22590.17,"y":-28123.67}},{"type":"Feature","geometry":{"type":"Point","coordinates":[139.63538,35.76506]},"properties":{"name":"田柄おさんぽ緑地","area_m2":197,"r_m":7.9,"source":"国土数値情報 P13 都市公園","x":-17899.21,"y":-26047.52}},{"type":"Feature","geometry":{"type":"Point","coordinates":[139.5728,35.73453]},"properties":{"name":"関北あかしあ緑地","area_m2":156,"r_m":7.0,"source":"国土数値情報 P13 都市公園","x":-23566.79,"y":-29421.39}},{"type":"Feature","geometry":{"type":"Point","coordinates":[139.6245,35.76988]},"properties":{"name":"旭町はんの木緑地","area_m2":638,"r_m":14.3,"source":"国土数値情報 P13 都市公園","x":-18881.86,"y":-25510.73}},{"type":"Feature","geometry":{"type":"Point","coordinates":[139.61232,35.74443]},"properties":{"name":"高野台三丁目緑地","area_m2":376,"r_m":10.9,"source":"国土数値情報 P13 都市公園","x":-19989.49,"y":-28331.83}},{"type":"Feature","geometry":{"type":"Point","coordinates":[139.66528,35.75565]},"properties":{"name":"氷川台さくら公園","area_m2":602,"r_m":13.8,"source":"国土数値情報 P13 都市公園","x":-15197.4,"y":-27096.54}},{"type":"Feature","geometry":{"type":"Point","coordinates":[139.61713,35.76415]},"properties":{"name":"アポロ公園","area_m2":792,"r_m":15.9,"source":"国土数値情報 P13 都市公園","x":-19549.63,"y":-26144.99}},{"type":"Feature","geometry":{"type":"Point","coordinates":[139.64221,35.73584]},"properties":{"name":"中村北公園","area_m2":1978,"r_m":25.1,"source":"国土数値情報 P13 都市公園","x":-17287.95,"y":-29290.51}},{"type":"Feature","geometry":{"type":"Point","coordinates":[139.58414,35.74704]},"properties":{"name":"東大泉六丁目緑地","area_m2":703,"r_m":15.0,"source":"国土数値情報 P13 都市公園","x":-22537.49,"y":-28036.16}},{"type":"Feature","geometry":{"type":"Point","coordinates":[139.62692,35.74052]},"properties":{"name":"貫井まんさく緑地","area_m2":236,"r_m":8.7,"source":"国土数値情報 P13 都市公園","x":-18669.91,"y":-28768.5}},{"type":"Feature","geometry":{"type":"Point","coordinates":[139.59387,35.73582]},"properties":{"name":"石神井台くすのき緑地","area_m2":315,"r_m":10.0,"source":"国土数値情報 P13 都市公園","x":-21660.53,"y":-29283.13}},{"type":"Feature","geometry":{"type":"Point","coordinates":[139.58734,35.77528]},"properties":{"name":"くりの木の森緑地","area_m2":977,"r_m":17.6,"source":"国土数値情報 P13 都市公園","x":-22240.22,"y":-24903.83}},{"type":"Feature","geometry":{"type":"Point","coordinates":[139.58847,35.75599]},"properties":{"name":"憩いの丘公園","area_m2":740,"r_m":15.3,"source":"国土数値情報 P13 都市公園","x":-22143.4,"y":-27044.2}},{"type":"Feature","geometry":{"type":"Point","coordinates":[139.626102,35.757595]},"properties":{"name":"緑風公園","area_m2":707,"r_m":15.0,"source":"国土数値情報 P13 都市公園","x":-18739.85,"y":-26873.98}},{"type":"Feature","geometry":{"type":"Point","coordinates":[139.57793,35.71746]},"properties":{"name":"立野公園","area_m2":21854,"r_m":83.4,"source":"国土数値情報 P13 都市公園","x":-23107.68,"y":-31316.42}},{"type":"Feature","geometry":{"type":"Point","coordinates":[139.5822,35.71887]},"properties":{"name":"立野町水道端緑地","area_m2":182,"r_m":7.6,"source":"国土数値情報 P13 都市公園","x":-22720.95,"y":-31160.98}},{"type":"Feature","geometry":{"type":"Point","coordinates":[139.577334,35.743847]},"properties":{"name":"井頭泉緑地","area_m2":385,"r_m":11.1,"source":"国土数値情報 P13 都市公園","x":-23153.94,"y":-28388.85}},{"type":"Feature","geometry":{"type":"Point","coordinates":[139.58989,35.74434]},"properties":{"name":"東大泉つばき緑地","area_m2":842,"r_m":16.4,"source":"国土数値情報 P13 都市公園","x":-22018.2,"y":-28337.01}},{"type":"Feature","geometry":{"type":"Point","coordinates":[139.58466,35.75472]},"properties":{"name":"大泉中島公園","area_m2":1308,"r_m":20.4,"source":"国土数値情報 P13 都市公園","x":-22488.3,"y":-27184.23}},{"type":"Feature","geometry":{"type":"Point","coordinates":[139.588081,35.747861]},"properties":{"name":"あかしあ東緑地","area_m2":238,"r_m":8.7,"source":"国土数値情報 P13 都市公園","x":-22180.82,"y":-27946.02}},{"type":"Feature","geometry":{"type":"Point","coordinates":[139.58534,35.75684]},"properties":{"name":"学園原っぱ公園","area_m2":1805,"r_m":24.0,"source":"国土数値情報 P13 都市公園","x":-22426.21,"y":-26949.18}},{"type":"Feature","geometry":{"type":"Point","coordinates":[139.5853,35.72055]},"properties":{"name":"竹下ひだまり公園","area_m2":607,"r_m":13.9,"source":"国土数値情報 P13 都市公園","x":-22440.01,"y":-30975.31}},{"type":"Feature","geometry":{"type":"Point","coordinates":[139.60503,35.75805]},"properties":{"name":"みのり緑地","area_m2":306,"r_m":9.9,"source":"国土数値情報 P13 都市公園","x":-20645.32,"y":-26819.27}},{"type":"Feature","geometry":{"type":"Point","coordinates":[139.58054,35.76807]},"properties":{"name":"おもかげの森緑地","area_m2":1975,"r_m":25.1,"source":"国土数値情報 P13 都市公園","x":-22857.07,"y":-25702.18}},{"type":"Feature","geometry":{"type":"Point","coordinates":[139.57236,35.76031]},"properties":{"name":"西大泉さくら緑地","area_m2":460,"r_m":12.1,"source":"国土数値情報 P13 都市公園","x":-23598.98,"y":-26561.16}},{"type":"Feature","geometry":{"type":"Point","coordinates":[139.62843,35.7493]},"properties":{"name":"ねむの木緑地","area_m2":238,"r_m":8.7,"source":"国土数値情報 P13 都市公園","x":-18531.3,"y":-27794.7}},{"type":"Feature","geometry":{"type":"Point","coordinates":[139.61771,35.74532]},"properties":{"name":"中郷緑地","area_m2":252,"r_m":9.0,"source":"国土数値情報 P13 都市公園","x":-19501.78,"y":-28234.17}},{"type":"Feature","geometry":{"type":"Point","coordinates":[139.621952,35.734075]},"properties":{"name":"蕪ヶ谷戸緑地","area_m2":259,"r_m":9.1,"source":"国土数値情報 P13 都市公園","x":-19120.79,"y":-29482.56}},{"type":"Feature","geometry":{"type":"Point","coordinates":[139.59114,35.77568]},"properties":{"name":"学園びわのみ緑地","area_m2":270,"r_m":9.3,"source":"国土数値情報 P13 都市公園","x":-21896.55,"y":-24860.31}},{"type":"Feature","geometry":{"type":"Point","coordinates":[139.6514,35.74411]},"properties":{"name":"おひさま公園","area_m2":594,"r_m":13.8,"source":"国土数値情報 P13 都市公園","x":-16454.97,"y":-28374.59}},{"type":"Feature","geometry":{"type":"Point","coordinates":[139.65547,35.76829]},"properties":{"name":"みちのベ緑地","area_m2":215,"r_m":8.3,"source":"国土数値情報 P13 都市公園","x":-16081.99,"y":-25692.65}},{"type":"Feature","geometry":{"type":"Point","coordinates":[139.65756,35.75196]},"properties":{"name":"ほそがみ緑地","area_m2":195,"r_m":7.9,"source":"国土数値情報 P13 都市公園","x":-15896.27,"y":-27504.7}},{"type":"Feature","geometry":{"type":"Point","coordinates":[139.6062,35.75279]},"properties":{"name":"桜童園緑地","area_m2":197,"r_m":7.9,"source":"国土数値情報 P13 都市公園","x":-20540.87,"y":-27403.08}},{"type":"Feature","geometry":{"type":"Point","coordinates":[139.595639,35.741979]},"properties":{"name":"大門北緑地","area_m2":214,"r_m":8.3,"source":"国土数値情報 P13 都市公園","x":-21498.83,"y":-28600.23}},{"type":"Feature","geometry":{"type":"Point","coordinates":[139.595255,35.741391]},"properties":{"name":"大門南緑地","area_m2":67,"r_m":4.6,"source":"国土数値情報 P13 都市公園","x":-21533.77,"y":-28665.4}},{"type":"Feature","geometry":{"type":"Point","coordinates":[139.572094,35.743889]},"properties":{"name":"中前新田緑地","area_m2":98,"r_m":5.6,"source":"国土数値情報 P13 都市公園","x":-23627.86,"y":-28382.9}},{"type":"Feature","geometry":{"type":"Point","coordinates":[139.62141,35.74039]},"properties":{"name":"西仲通緑地","area_m2":200,"r_m":8.0,"source":"国土数値情報 P13 都市公園","x":-19168.32,"y":-28781.85}},{"type":"Feature","geometry":{"type":"Point","coordinates":[139.59724,35.7479]},"properties":{"name":"石神こぶし緑地","area_m2":493,"r_m":12.5,"source":"国土数値情報 P13 都市公園","x":-21352.47,"y":-27943.68}},{"type":"Feature","geometry":{"type":"Point","coordinates":[139.58099,35.74722]},"properties":{"name":"東大泉あけぼの緑地","area_m2":278,"r_m":9.4,"source":"国土数値情報 P13 都市公園","x":-22822.33,"y":-28015.46}},{"type":"Feature","geometry":{"type":"Point","coordinates":[139.64209,35.74167]},"properties":{"name":"向山ケ谷戸緑地","area_m2":316,"r_m":10.0,"source":"国土数値情報 P13 都市公園","x":-17297.55,"y":-28643.69}},{"type":"Feature","geometry":{"type":"Point","coordinates":[139.57684,35.7618]},"properties":{"name":"西大泉ゆりのき緑地","area_m2":195,"r_m":7.9,"source":"国土数値情報 P13 都市公園","x":-23193.44,"y":-26396.93}},{"type":"Feature","geometry":{"type":"Point","coordinates":[139.61005,35.77054]},"properties":{"name":"中里みどり公園","area_m2":554,"r_m":13.3,"source":"国土数値情報 P13 都市公園","x":-20188.2,"y":-25434.62}},{"type":"Feature","geometry":{"type":"Point","coordinates":[139.58005,35.73268]},"properties":{"name":"小関ふれあい公園","area_m2":1241,"r_m":19.9,"source":"国土数値情報 P13 都市公園","x":-22911.51,"y":-29628.36}},{"type":"Feature","geometry":{"type":"Point","coordinates":[139.66496,35.73225]},"properties":{"name":"ゆたか公園","area_m2":795,"r_m":15.9,"source":"国土数値情報 P13 都市公園","x":-15230.8,"y":-29692.57}},{"type":"Feature","geometry":{"type":"Point","coordinates":[139.5952,35.75116]},"properties":{"name":"東大泉二丁目公園","area_m2":421,"r_m":11.6,"source":"国土数値情報 P13 都市公園","x":-21536.09,"y":-27581.55}},{"type":"Feature","geometry":{"type":"Point","coordinates":[139.65103,35.75846]},"properties":{"name":"北町やまびこ公園","area_m2":675,"r_m":14.7,"source":"国土数値情報 P13 都市公園","x":-16485.48,"y":-26782.49}},{"type":"Feature","geometry":{"type":"Point","coordinates":[139.5843,35.76259]},"properties":{"name":"立野山さくら緑地","area_m2":275,"r_m":9.4,"source":"国土数値情報 P13 都市公園","x":-22518.64,"y":-26311.02}},{"type":"Feature","geometry":{"type":"Point","coordinates":[139.60179,35.75079]},"properties":{"name":"三原台もくれん緑地","area_m2":110,"r_m":5.9,"source":"国土数値情報 P13 都市公園","x":-20940.21,"y":-27624.03}},{"type":"Feature","geometry":{"type":"Point","coordinates":[139.60118,35.73348]},"properties":{"name":"くらまえ緑地","area_m2":258,"r_m":9.1,"source":"国土数値情報 P13 都市公園","x":-20999.92,"y":-29544.33}},{"type":"Feature","geometry":{"type":"Point","coordinates":[139.59766,35.76256]},"properties":{"name":"中耕地緑地","area_m2":268,"r_m":9.2,"source":"国土数値情報 P13 都市公園","x":-21310.58,"y":-26317.33}},{"type":"Feature","geometry":{"type":"Point","coordinates":[139.60115,35.74429]},"properties":{"name":"石神井町七丁目緑地","area_m2":204,"r_m":8.1,"source":"国土数値情報 P13 都市公園","x":-20999.8,"y":-28345.03}},{"type":"Feature","geometry":{"type":"Point","coordinates":[139.58279,35.74871]},"properties":{"name":"東大泉マロニエ緑地","area_m2":354,"r_m":10.6,"source":"国土数値情報 P13 都市公園","x":-22659.12,"y":-27850.57}},{"type":"Feature","geometry":{"type":"Point","coordinates":[139.57317,35.75357]},"properties":{"name":"南大泉やまもも緑地","area_m2":205,"r_m":8.1,"source":"国土数値情報 P13 都市公園","x":-23527.72,"y":-27309.12}},{"type":"Feature","geometry":{"type":"Point","coordinates":[139.62727,35.7365]},"properties":{"name":"貫井南公園","area_m2":597,"r_m":13.8,"source":"国土数値情報 P13 都市公園","x":-18639.19,"y":-29214.55}},{"type":"Feature","geometry":{"type":"Point","coordinates":[139.57471,35.76216]},"properties":{"name":"久保前緑地","area_m2":192,"r_m":7.8,"source":"国土数値情報 P13 都市公園","x":-23385.94,"y":-26356.48}},{"type":"Feature","geometry":{"type":"Point","coordinates":[139.61928,35.75555]},"properties":{"name":"中の台緑地","area_m2":198,"r_m":7.9,"source":"国土数値情報 P13 都市公園","x":-19357.3,"y":-27099.53}},{"type":"Feature","geometry":{"type":"Point","coordinates":[139.63809,35.76035]},"properties":{"name":"上田柄緑地","area_m2":222,"r_m":8.4,"source":"国土数値情報 P13 都市公園","x":-17655.21,"y":-26570.55}},{"type":"Feature","geometry":{"type":"Point","coordinates":[139.57826,35.76278]},"properties":{"name":"西大泉しずか緑地","area_m2":203,"r_m":8.0,"source":"国土数値情報 P13 都市公園","x":-23064.75,"y":-26288.54}},{"type":"Feature","geometry":{"type":"Point","coordinates":[139.5695,35.7344]},"properties":{"name":"西原緑地","area_m2":124,"r_m":6.3,"source":"国土数値情報 P13 都市公園","x":-23865.34,"y":-29435.02}},{"type":"Feature","geometry":{"type":"Point","coordinates":[139.59818,35.76706]},"properties":{"name":"橋戸北原緑地","area_m2":137,"r_m":6.6,"source":"国土数値情報 P13 都市公園","x":-21262.36,"y":-25818.2}},{"type":"Feature","geometry":{"type":"Point","coordinates":[139.61572,35.74758]},"properties":{"name":"中郷いこいの緑地","area_m2":119,"r_m":6.2,"source":"国土数値情報 P13 都市公園","x":-19681.2,"y":-27983.04}},{"type":"Feature","geometry":{"type":"Point","coordinates":[139.56894,35.73651]},"properties":{"name":"二本松緑地","area_m2":211,"r_m":8.2,"source":"国土数値情報 P13 都市公園","x":-23915.36,"y":-29200.79}},{"type":"Feature","geometry":{"type":"Point","coordinates":[139.60675,35.76803]},"properties":{"name":"富士下緑地","area_m2":869,"r_m":16.6,"source":"国土数値情報 P13 都市公園","x":-20487.22,"y":-25712.41}},{"type":"Feature","geometry":{"type":"Point","coordinates":[139.66811,35.74735]},"properties":{"name":"くまのやま緑地","area_m2":145,"r_m":6.8,"source":"国土数値情報 P13 都市公園","x":-14943.03,"y":-28017.81}},{"type":"Feature","geometry":{"type":"Point","coordinates":[139.61276,35.74821]},"properties":{"name":"まきの木緑地","area_m2":373,"r_m":10.9,"source":"国土数値情報 P13 都市公園","x":-19948.75,"y":-27912.55}},{"type":"Feature","geometry":{"type":"Point","coordinates":[139.63948,35.75944]},"properties":{"name":"田柄なごみ緑地","area_m2":312,"r_m":10.0,"source":"国土数値情報 P13 都市公園","x":-17529.72,"y":-26671.76}},{"type":"Feature","geometry":{"type":"Point","coordinates":[139.57782,35.7265]},"properties":{"name":"武蔵関駅前緑地","area_m2":119,"r_m":6.2,"source":"国土数値情報 P13 都市公園","x":-23115.02,"y":-30313.46}},{"type":"Feature","geometry":{"type":"Point","coordinates":[139.60059,35.75218]},"properties":{"name":"三原台ふれあい緑地","area_m2":266,"r_m":9.2,"source":"国土数値情報 P13 都市公園","x":-21048.37,"y":-27469.56}},{"type":"Feature","geometry":{"type":"Point","coordinates":[139.65956,35.75313]},"properties":{"name":"希望が丘緑地","area_m2":119,"r_m":6.2,"source":"国土数値情報 P13 都市公園","x":-15715.17,"y":-27375.22}},{"type":"Feature","geometry":{"type":"Point","coordinates":[139.62132,35.74355]},"properties":{"name":"一本松緑地","area_m2":138,"r_m":6.6,"source":"国土数値情報 P13 都市公園","x":-19175.7,"y":-28431.26}},{"type":"Feature","geometry":{"type":"Point","coordinates":[139.652562,35.744858]},"properties":{"name":"いちょう公園","area_m2":2027,"r_m":25.4,"source":"国土数値情報 P13 都市公園","x":-16349.72,"y":-28291.86}},{"type":"Feature","geometry":{"type":"Point","coordinates":[139.57576,35.73523]},"properties":{"name":"早実グラウンド記念公園","area_m2":610,"r_m":13.9,"source":"国土数値情報 P13 都市公園","x":-23298.84,"y":-29344.44}},{"type":"Feature","geometry":{"type":"Point","coordinates":[139.6465,35.75401]},"properties":{"name":"春日なかよし公園","area_m2":1091,"r_m":18.6,"source":"国土数値情報 P13 都市公園","x":-16896.06,"y":-27275.42}},{"type":"Feature","geometry":{"type":"Point","coordinates":[139.59911,35.74413]},"properties":{"name":"石神井えのき緑地","area_m2":155,"r_m":7.0,"source":"国土数値情報 P13 都市公園","x":-21184.35,"y":-28362.34}},{"type":"Feature","geometry":{"type":"Point","coordinates":[139.66823,35.7415]},"properties":{"name":"新桜台もくせい緑地","area_m2":605,"r_m":13.9,"source":"国土数値情報 P13 都市公園","x":-14933.27,"y":-28666.85}},{"type":"Feature","geometry":{"type":"Point","coordinates":[139.66115,35.73392]},"properties":{"name":"環七とよきた緑地","area_m2":733,"r_m":15.3,"source":"国土数値情報 P13 都市公園","x":-15575.12,"y":-29506.7}},{"type":"Feature","geometry":{"type":"Point","coordinates":[139.611161,35.7696]},"properties":{"name":"越後山の森緑地","area_m2":2906,"r_m":30.4,"source":"国土数値情報 P13 都市公園","x":-20088.03,"y":-25539.12}},{"type":"Feature","geometry":{"type":"Point","coordinates":[139.64169,35.74782]},"properties":{"name":"春日町三丁目公園","area_m2":407,"r_m":11.4,"source":"国土数値情報 P13 都市公園","x":-17332.39,"y":-27961.32}},{"type":"Feature","geometry":{"type":"Point","coordinates":[139.571024,35.735308]},"properties":{"name":"西原けやき緑地","area_m2":162,"r_m":7.2,"source":"国土数値情報 P13 都市公園","x":-23727.23,"y":-29334.67}},{"type":"Feature","geometry":{"type":"Point","coordinates":[139.5708,35.72101]},"properties":{"name":"三ツ塚けやき緑地","area_m2":312,"r_m":10.0,"source":"国土数値情報 P13 都市公園","x":-23751.72,"y":-30920.87}},{"type":"Feature","geometry":{"type":"Point","coordinates":[139.59554,35.76934]},"properties":{"name":"大泉町あじさい緑地","area_m2":200,"r_m":8.0,"source":"国土数値情報 P13 都市公園","x":-21500.45,"y":-25564.67}},{"type":"Feature","geometry":{"type":"Point","coordinates":[139.64676,35.75119]},"properties":{"name":"春日ひだまり緑地","area_m2":120,"r_m":6.2,"source":"国土数値情報 P13 都市公園","x":-16873.14,"y":-27588.32}},{"type":"Feature","geometry":{"type":"Point","coordinates":[139.65662,35.75776]},"properties":{"name":"平和台梨の木緑地","area_m2":182,"r_m":7.6,"source":"国土数値情報 P13 都市公園","x":-15980.12,"y":-26861.08}},{"type":"Feature","geometry":{"type":"Point","coordinates":[139.58742,35.74366]},"properties":{"name":"東大泉こぶし緑地","area_m2":184,"r_m":7.7,"source":"国土数値情報 P13 都市公園","x":-22241.78,"y":-28411.89}},{"type":"Feature","geometry":{"type":"Point","coordinates":[139.6658,35.73257]},"properties":{"name":"ゆたか緑地","area_m2":312,"r_m":10.0,"source":"国土数値情報 P13 都市公園","x":-15154.75,"y":-29657.2}},{"type":"Feature","geometry":{"type":"Point","coordinates":[139.572544,35.755244]},"properties":{"name":"登戸公園","area_m2":1080,"r_m":18.5,"source":"国土数値情報 P13 都市公園","x":-23583.83,"y":-27123.28}},{"type":"Feature","geometry":{"type":"Point","coordinates":[139.60994,35.74149]},"properties":{"name":"和田堀こぶし緑地","area_m2":290,"r_m":9.6,"source":"国土数値情報 P13 都市公園","x":-20205.49,"y":-28657.52}},{"type":"Feature","geometry":{"type":"Point","coordinates":[139.66252,35.75566]},"properties":{"name":"平和台もものき緑地","area_m2":213,"r_m":8.2,"source":"国土数値情報 P13 都市公園","x":-15446.99,"y":-27095.0}},{"type":"Feature","geometry":{"type":"Point","coordinates":[139.56686,35.72237]},"properties":{"name":"三ツ塚はなみずき公園","area_m2":847,"r_m":16.4,"source":"国土数値情報 P13 都市公園","x":-24107.77,"y":-30769.02}},{"type":"Feature","geometry":{"type":"Point","coordinates":[139.6088,35.74651]},"properties":{"name":"むくのき公園","area_m2":2198,"r_m":26.5,"source":"国土数値情報 P13 都市公園","x":-20307.33,"y":-28100.34}},{"type":"Feature","geometry":{"type":"Point","coordinates":[139.57504,35.76585]},"properties":{"name":"久保新田さくら公園","area_m2":3858,"r_m":35.0,"source":"国土数値情報 P13 都市公園","x":-23355.02,"y":-25947.18}},{"type":"Feature","geometry":{"type":"Point","coordinates":[139.63539,35.73503]},"properties":{"name":"中村西さくら緑地","area_m2":200,"r_m":8.0,"source":"国土数値情報 P13 都市公園","x":-17905.03,"y":-29379.15}},{"type":"Feature","geometry":{"type":"Point","coordinates":[139.66818,35.76208]},"properties":{"name":"田柄川にしき緑地","area_m2":346,"r_m":10.5,"source":"国土数値情報 P13 都市公園","x":-14933.95,"y":-26383.62}},{"type":"Feature","geometry":{"type":"Point","coordinates":[139.598799,35.774537]},"properties":{"name":"大泉さくら運動公園","area_m2":43797,"r_m":118.1,"source":"国土数値情報 P13 都市公園","x":-21204.43,"y":-24988.77}},{"type":"Feature","geometry":{"type":"Point","coordinates":[139.56842,35.72914]},"properties":{"name":"関町風の道公園","area_m2":1955,"r_m":24.9,"source":"国土数値情報 P13 都市公園","x":-23964.6,"y":-30018.32}},{"type":"Feature","geometry":{"type":"Point","coordinates":[139.59344,35.74398]},"properties":{"name":"けんか広場公園","area_m2":1015,"r_m":18.0,"source":"国土数値情報 P13 都市公園","x":-21697.21,"y":-28377.74}},{"type":"Feature","geometry":{"type":"Point","coordinates":[139.63443,35.75555]},"properties":{"name":"ばなな公園","area_m2":1277,"r_m":20.2,"source":"国土数値情報 P13 都市公園","x":-17987.25,"y":-27102.42}},{"type":"Feature","geometry":{"type":"Point","coordinates":[139.62712,35.73713]},"properties":{"name":"富士見ランド公園","area_m2":1017,"r_m":18.0,"source":"国土数値情報 P13 都市公園","x":-18652.61,"y":-29144.63}},{"type":"Feature","geometry":{"type":"Point","coordinates":[139.61232,35.735]},"properties":{"name":"おくらやまの森緑地","area_m2":660,"r_m":14.5,"source":"国土数値情報 P13 都市公園","x":-19991.85,"y":-29378.03}},{"type":"Feature","geometry":{"type":"Point","coordinates":[139.67291,35.74372]},"properties":{"name":"かなで緑地","area_m2":138,"r_m":6.6,"source":"国土数値情報 P13 都市公園","x":-14509.57,"y":-28421.25}},{"type":"Feature","geometry":{"type":"Point","coordinates":[139.58058,35.74862]},"properties":{"name":"石庭の森緑地","area_m2":2505,"r_m":28.2,"source":"国土数値情報 P13 都市公園","x":-22859.01,"y":-27860.04}},{"type":"Feature","geometry":{"type":"Point","coordinates":[139.7973,35.75605]},"properties":{"name":"千住公園","area_m2":4829,"r_m":39.2,"source":"国土数値情報 P13 都市公園","x":-3258.55,"y":-27064.59}},{"type":"Feature","geometry":{"type":"Point","coordinates":[139.75676,35.75955]},"properties":{"name":"南宮城公園","area_m2":4045,"r_m":35.9,"source":"国土数値情報 P13 都市公園","x":-6924.34,"y":-26674.18}},{"type":"Feature","geometry":{"type":"Point","coordinates":[139.80038,35.76966]},"properties":{"name":"梅島公園","area_m2":4349,"r_m":37.2,"source":"国土数値情報 P13 都市公園","x":-2979.51,"y":-25554.75}},{"type":"Feature","geometry":{"type":"Point","coordinates":[139.80923,35.75046]},"properties":{"name":"千住旭公園","area_m2":3077,"r_m":31.3,"source":"国土数値情報 P13 都市公園","x":-2179.85,"y":-27685.1}},{"type":"Feature","geometry":{"type":"Point","coordinates":[139.75839,35.76172]},"properties":{"name":"宮城公園","area_m2":1467,"r_m":21.6,"source":"国土数値情報 P13 都市公園","x":-6776.76,"y":-26433.55}},{"type":"Feature","geometry":{"type":"Point","coordinates":[139.795,35.74447]},"properties":{"name":"千住スポーツ公園","area_m2":17739,"r_m":75.1,"source":"国土数値情報 P13 都市公園","x":-3467.04,"y":-28349.24}},{"type":"Feature","geometry":{"type":"Point","coordinates":[139.75539,35.75771]},"properties":{"name":"江南公園","area_m2":2235,"r_m":26.7,"source":"国土数値情報 P13 都市公園","x":-7048.39,"y":-26878.22}},{"type":"Feature","geometry":{"type":"Point","coordinates":[139.83582,35.77636]},"properties":{"name":"谷中公園","area_m2":15200,"r_m":69.6,"source":"国土数値情報 P13 都市公園","x":224.82,"y":-24811.92}},{"type":"Feature","geometry":{"type":"Point","coordinates":[139.84373,35.77201]},"properties":{"name":"東和親水公園","area_m2":3407,"r_m":32.9,"source":"国土数値情報 P13 都市公園","x":940.0,"y":-25294.48}},{"type":"Feature","geometry":{"type":"Point","coordinates":[139.83809,35.77004]},"properties":{"name":"宮元公園","area_m2":5079,"r_m":40.2,"source":"国土数値情報 P13 都市公園","x":430.08,"y":-25513.08}},{"type":"Feature","geometry":{"type":"Point","coordinates":[139.84409,35.77034]},"properties":{"name":"第六天公園","area_m2":1673,"r_m":23.1,"source":"国土数値情報 P13 都市公園","x":972.57,"y":-25479.75}},{"type":"Feature","geometry":{"type":"Point","coordinates":[139.84094,35.77789]},"properties":{"name":"五丁田公園","area_m2":3313,"r_m":32.5,"source":"国土数値情報 P13 都市公園","x":687.69,"y":-24642.16}},{"type":"Feature","geometry":{"type":"Point","coordinates":[139.83965,35.77556]},"properties":{"name":"稗田公園","area_m2":3300,"r_m":32.4,"source":"国土数値情報 P13 都市公園","x":571.09,"y":-24900.66}},{"type":"Feature","geometry":{"type":"Point","coordinates":[139.84145,35.76897]},"properties":{"name":"北三谷公園","area_m2":4876,"r_m":39.4,"source":"国土数値情報 P13 都市公園","x":733.88,"y":-25631.77}},{"type":"Feature","geometry":{"type":"Point","coordinates":[139.83054,35.75922]},"properties":{"name":"普賢寺公園","area_m2":2164,"r_m":26.2,"source":"国土数値情報 P13 都市公園","x":-252.6,"y":-26713.5}},{"type":"Feature","geometry":{"type":"Point","coordinates":[139.83615,35.77389]},"properties":{"name":"東谷中公園","area_m2":2616,"r_m":28.9,"source":"国土数値情報 P13 都市公園","x":254.66,"y":-25085.95}},{"type":"Feature","geometry":{"type":"Point","coordinates":[139.78065,35.78178]},"properties":{"name":"中郷公園","area_m2":2959,"r_m":30.7,"source":"国土数値情報 P13 都市公園","x":-4762.7,"y":-24209.33}},{"type":"Feature","geometry":{"type":"Point","coordinates":[139.7778,35.7845]},"properties":{"name":"新西新井公園","area_m2":5306,"r_m":41.1,"source":"国土数値情報 P13 都市公園","x":-5020.18,"y":-23907.42}},{"type":"Feature","geometry":{"type":"Point","coordinates":[139.82822,35.75975]},"properties":{"name":"北野公園","area_m2":971,"r_m":17.6,"source":"国土数値情報 P13 都市公園","x":-462.39,"y":-26654.69}},{"type":"Feature","geometry":{"type":"Point","coordinates":[139.83057,35.76244]},"properties":{"name":"河添公園","area_m2":1375,"r_m":20.9,"source":"国土数値情報 P13 都市公園","x":-249.87,"y":-26356.26}},{"type":"Feature","geometry":{"type":"Point","coordinates":[139.82671,35.75835]},"properties":{"name":"綾南公園","area_m2":2451,"r_m":27.9,"source":"国土数値情報 P13 都市公園","x":-598.94,"y":-26810.0}},{"type":"Feature","geometry":{"type":"Point","coordinates":[139.83784,35.77837]},"properties":{"name":"大谷田公園","area_m2":16247,"r_m":71.9,"source":"国土数値情報 P13 都市公園","x":407.43,"y":-24588.92}},{"type":"Feature","geometry":{"type":"Point","coordinates":[139.83417,35.76367]},"properties":{"name":"下河原公園","area_m2":3332,"r_m":32.6,"source":"国土数値情報 P13 都市公園","x":75.65,"y":-26219.8}},{"type":"Feature","geometry":{"type":"Point","coordinates":[139.8365,35.76686]},"properties":{"name":"西沼公園","area_m2":5711,"r_m":42.6,"source":"国土数値情報 P13 都市公園","x":286.33,"y":-25865.89}},{"type":"Feature","geometry":{"type":"Point","coordinates":[139.75897,35.7779]},"properties":{"name":"南椿公園","area_m2":7766,"r_m":49.7,"source":"国土数値情報 P13 都市公園","x":-6722.95,"y":-24638.52}},{"type":"Feature","geometry":{"type":"Point","coordinates":[139.76117,35.77889]},"properties":{"name":"東椿公園","area_m2":4036,"r_m":35.8,"source":"国土数値情報 P13 都市公園","x":-6523.97,"y":-24528.84}},{"type":"Feature","geometry":{"type":"Point","coordinates":[139.79333,35.79684]},"properties":{"name":"竹の塚第一公園","area_m2":2492,"r_m":28.2,"source":"国土数値情報 P13 都市公園","x":-3615.71,"y":-22539.06}},{"type":"Feature","geometry":{"type":"Point","coordinates":[139.79665,35.79614]},"properties":{"name":"竹の塚第二公園","area_m2":2284,"r_m":27.0,"source":"国土数値情報 P13 都市公園","x":-3315.66,"y":-22616.83}},{"type":"Feature","geometry":{"type":"Point","coordinates":[139.79903,35.79363]},"properties":{"name":"竹の塚第三公園","area_m2":2318,"r_m":27.2,"source":"国土数値情報 P13 都市公園","x":-3100.64,"y":-22895.38}},{"type":"Feature","geometry":{"type":"Point","coordinates":[139.79681,35.79421]},"properties":{"name":"竹の塚第四公園","area_m2":2457,"r_m":28.0,"source":"国土数値情報 P13 都市公園","x":-3301.28,"y":-22830.96}},{"type":"Feature","geometry":{"type":"Point","coordinates":[139.79341,35.79411]},"properties":{"name":"竹の塚第五公園","area_m2":1719,"r_m":23.4,"source":"国土数値情報 P13 都市公園","x":-3608.61,"y":-22841.94}},{"type":"Feature","geometry":{"type":"Point","coordinates":[139.79491,35.79227]},"properties":{"name":"竹の塚第六公園","area_m2":8714,"r_m":52.7,"source":"国土数値情報 P13 都市公園","x":-3473.1,"y":-23046.13}},{"type":"Feature","geometry":{"type":"Point","coordinates":[139.79292,35.79167]},"properties":{"name":"竹の塚第七公園","area_m2":3535,"r_m":33.5,"source":"国土数値情報 P13 都市公園","x":-3653.01,"y":-23112.62}},{"type":"Feature","geometry":{"type":"Point","coordinates":[139.79131,35.79048]},"properties":{"name":"竹の塚第八公園","area_m2":4286,"r_m":36.9,"source":"国土数値情報 P13 都市公園","x":-3798.6,"y":-23244.58}},{"type":"Feature","geometry":{"type":"Point","coordinates":[139.79558,35.78894]},"properties":{"name":"竹の塚第九公園","area_m2":3015,"r_m":31.0,"source":"国土数値情報 P13 都市公園","x":-3412.69,"y":-23415.59}},{"type":"Feature","geometry":{"type":"Point","coordinates":[139.80376,35.79406]},"properties":{"name":"八ツ口公園","area_m2":3078,"r_m":31.3,"source":"国土数値情報 P13 都市公園","x":-2673.09,"y":-22847.82}},{"type":"Feature","geometry":{"type":"Point","coordinates":[139.804,35.79136]},"properties":{"name":"糯田公園","area_m2":3120,"r_m":31.5,"source":"国土数値情報 P13 都市公園","x":-2651.49,"y":-23147.37}},{"type":"Feature","geometry":{"type":"Point","coordinates":[139.82271,35.76717]},"properties":{"name":"蛭沼公園","area_m2":3683,"r_m":34.2,"source":"国土数値情報 P13 都市公園","x":-960.55,"y":-25831.45}},{"type":"Feature","geometry":{"type":"Point","coordinates":[139.82368,35.76572]},"properties":{"name":"五兵衛公園","area_m2":1634,"r_m":22.8,"source":"国土数値情報 P13 都市公園","x":-872.86,"y":-25992.32}},{"type":"Feature","geometry":{"type":"Point","coordinates":[139.84875,35.77193]},"properties":{"name":"大谷田南公園","area_m2":9917,"r_m":56.2,"source":"国土数値情報 P13 都市公園","x":1393.88,"y":-25303.3}},{"type":"Feature","geometry":{"type":"Point","coordinates":[139.80154,35.74371]},"properties":{"name":"千住仲町公園","area_m2":3241,"r_m":32.1,"source":"国土数値情報 P13 都市公園","x":-2875.56,"y":-28433.76}},{"type":"Feature","geometry":{"type":"Point","coordinates":[139.79259,35.74998]},"properties":{"name":"千住桜木町公園","area_m2":4442,"r_m":37.6,"source":"国土数値情報 P13 都市公園","x":-3684.76,"y":-27737.85}},{"type":"Feature","geometry":{"type":"Point","coordinates":[139.786967,35.754221]},"properties":{"name":"尾竹橋公園","area_m2":16871,"r_m":73.3,"source":"国土数値情報 P13 都市公園","x":-4193.08,"y":-27267.16}},{"type":"Feature","geometry":{"type":"Point","coordinates":[139.7693,35.76666]},"properties":{"name":"北宮城町公園","area_m2":6379,"r_m":45.1,"source":"国土数値情報 P13 都市公園","x":-5789.86,"y":-25886.19}},{"type":"Feature","geometry":{"type":"Point","coordinates":[139.81819,35.7704]},"properties":{"name":"五反野公園","area_m2":2296,"r_m":27.0,"source":"国土数値情報 P13 都市公園","x":-1369.19,"y":-25473.05}},{"type":"Feature","geometry":{"type":"Point","coordinates":[139.8017,35.78997]},"properties":{"name":"保木間公園","area_m2":20848,"r_m":81.5,"source":"国土数値情報 P13 都市公園","x":-2859.44,"y":-23301.52}},{"type":"Feature","geometry":{"type":"Point","coordinates":[139.76495,35.77614]},"properties":{"name":"上沼田第二公園","area_m2":4968,"r_m":39.8,"source":"国土数値情報 P13 都市公園","x":-6182.45,"y":-24834.18}},{"type":"Feature","geometry":{"type":"Point","coordinates":[139.76599,35.77239]},"properties":{"name":"上沼田第六公園","area_m2":4311,"r_m":37.0,"source":"国土数値情報 P13 都市公園","x":-6088.71,"y":-25250.28}},{"type":"Feature","geometry":{"type":"Point","coordinates":[139.81101,35.807716]},"properties":{"name":"毛長公園","area_m2":15056,"r_m":69.2,"source":"国土数値情報 P13 都市公園","x":-2017.42,"y":-21332.9}},{"type":"Feature","geometry":{"type":"Point","coordinates":[139.81352,35.80544]},"properties":{"name":"仲組公園","area_m2":2284,"r_m":27.0,"source":"国土数値情報 P13 都市公園","x":-1790.64,"y":-21585.49}},{"type":"Feature","geometry":{"type":"Point","coordinates":[139.80594,35.76691]},"properties":{"name":"末広公園","area_m2":1876,"r_m":24.4,"source":"国土数値情報 P13 都市公園","x":-2476.88,"y":-25860.0}},{"type":"Feature","geometry":{"type":"Point","coordinates":[139.75891,35.78202]},"properties":{"name":"鹿浜東公園","area_m2":2539,"r_m":28.4,"source":"国土数値情報 P13 都市公園","x":-6728.03,"y":-24181.43}},{"type":"Feature","geometry":{"type":"Point","coordinates":[139.74812,35.78159]},"properties":{"name":"島糀屋公園","area_m2":11537,"r_m":60.6,"source":"国土数値情報 P13 都市公園","x":-7703.51,"y":-24228.34}},{"type":"Feature","geometry":{"type":"Point","coordinates":[139.75304,35.77744]},"properties":{"name":"古内公園","area_m2":2892,"r_m":30.3,"source":"国土数値情報 P13 都市公園","x":-7259.1,"y":-24689.13}},{"type":"Feature","geometry":{"type":"Point","coordinates":[139.75507,35.77707]},"properties":{"name":"堀之内北公園","area_m2":7894,"r_m":50.1,"source":"国土数値情報 P13 都市公園","x":-7075.61,"y":-24730.33}},{"type":"Feature","geometry":{"type":"Point","coordinates":[139.78122,35.79005]},"properties":{"name":"諏訪木東公園","area_m2":13917,"r_m":66.6,"source":"国土数値情報 P13 都市公園","x":-4710.68,"y":-23291.85}},{"type":"Feature","geometry":{"type":"Point","coordinates":[139.77831,35.7899]},"properties":{"name":"諏訪木西公園","area_m2":14113,"r_m":67.0,"source":"国土数値情報 P13 都市公園","x":-4973.74,"y":-23308.35}},{"type":"Feature","geometry":{"type":"Point","coordinates":[139.776836,35.788407]},"properties":{"name":"諏訪木第一公園","area_m2":3951,"r_m":35.5,"source":"国土数値情報 P13 都市公園","x":-5107.11,"y":-23473.96}},{"type":"Feature","geometry":{"type":"Point","coordinates":[139.77589,35.787383]},"properties":{"name":"諏訪木第二公園","area_m2":2784,"r_m":29.8,"source":"国土数値情報 P13 都市公園","x":-5192.61,"y":-23587.43}},{"type":"Feature","geometry":{"type":"Point","coordinates":[139.774605,35.787253]},"properties":{"name":"諏訪木第三公園","area_m2":5318,"r_m":41.1,"source":"国土数値情報 P13 都市公園","x":-5308.81,"y":-23601.77}},{"type":"Feature","geometry":{"type":"Point","coordinates":[139.77632,35.78688]},"properties":{"name":"高道東公園","area_m2":6356,"r_m":45.0,"source":"国土数値情報 P13 都市公園","x":-5153.81,"y":-23643.3}},{"type":"Feature","geometry":{"type":"Point","coordinates":[139.77472,35.78642]},"properties":{"name":"高道西公園","area_m2":3243,"r_m":32.1,"source":"国土数値情報 P13 都市公園","x":-5298.48,"y":-23694.25}},{"type":"Feature","geometry":{"type":"Point","coordinates":[139.77603,35.78247]},"properties":{"name":"西中第一公園","area_m2":5736,"r_m":42.7,"source":"国土数値情報 P13 都市公園","x":-5180.31,"y":-24132.54}},{"type":"Feature","geometry":{"type":"Point","coordinates":[139.77609,35.7843]},"properties":{"name":"西中第二公園","area_m2":8190,"r_m":51.1,"source":"国土数値情報 P13 都市公園","x":-5174.77,"y":-23929.52}},{"type":"Feature","geometry":{"type":"Point","coordinates":[139.77296,35.78452]},"properties":{"name":"西新井みどり公園","area_m2":11211,"r_m":59.7,"source":"国土数値情報 P13 都市公園","x":-5457.71,"y":-23904.94}},{"type":"Feature","geometry":{"type":"Point","coordinates":[139.79222,35.78745]},"properties":{"name":"六月町公園","area_m2":1912,"r_m":24.7,"source":"国土数値情報 P13 都市公園","x":-3716.48,"y":-23580.78}},{"type":"Feature","geometry":{"type":"Point","coordinates":[139.78748,35.78328]},"properties":{"name":"栗原町公園","area_m2":4151,"r_m":36.3,"source":"国土数値情報 P13 都市公園","x":-4145.17,"y":-24043.23}},{"type":"Feature","geometry":{"type":"Point","coordinates":[139.75418,35.78246]},"properties":{"name":"北鹿浜公園","area_m2":19342,"r_m":78.5,"source":"国土数値情報 P13 都市公園","x":-7155.59,"y":-24132.28}},{"type":"Feature","geometry":{"type":"Point","coordinates":[139.81531,35.80862]},"properties":{"name":"野尻公園","area_m2":1100,"r_m":18.7,"source":"国土数値情報 P13 都市公園","x":-1628.8,"y":-21232.72}},{"type":"Feature","geometry":{"type":"Point","coordinates":[139.81976,35.80971]},"properties":{"name":"大鷲公園","area_m2":1192,"r_m":19.5,"source":"国土数値情報 P13 都市公園","x":-1226.63,"y":-21111.86}},{"type":"Feature","geometry":{"type":"Point","coordinates":[139.81953,35.80911]},"properties":{"name":"鷲宿公園","area_m2":2386,"r_m":27.6,"source":"国土数値情報 P13 都市公園","x":-1247.43,"y":-21178.42}},{"type":"Feature","geometry":{"type":"Point","coordinates":[139.78766,35.78072]},"properties":{"name":"井堀北公園","area_m2":4144,"r_m":36.3,"source":"国土数値情報 P13 都市公園","x":-4129.03,"y":-24327.25}},{"type":"Feature","geometry":{"type":"Point","coordinates":[139.804697,35.774115]},"properties":{"name":"中央公園","area_m2":7468,"r_m":48.8,"source":"国土数値情報 P13 都市公園","x":-2589.05,"y":-25060.61}},{"type":"Feature","geometry":{"type":"Point","coordinates":[139.82701,35.77432]},"properties":{"name":"下の公園","area_m2":2476,"r_m":28.1,"source":"国土数値情報 P13 都市公園","x":-571.7,"y":-25038.23}},{"type":"Feature","geometry":{"type":"Point","coordinates":[139.82626,35.78261]},"properties":{"name":"川端第一公園","area_m2":2290,"r_m":27.0,"source":"国土数値情報 P13 都市公園","x":-639.44,"y":-24118.5}},{"type":"Feature","geometry":{"type":"Point","coordinates":[139.82532,35.77841]},"properties":{"name":"川端第二公園","area_m2":3147,"r_m":31.6,"source":"国土数値情報 P13 都市公園","x":-724.46,"y":-24584.46}},{"type":"Feature","geometry":{"type":"Point","coordinates":[139.827493,35.781001]},"properties":{"name":"上の公園","area_m2":1664,"r_m":23.0,"source":"国土数値情報 P13 都市公園","x":-528.03,"y":-24297.03}},{"type":"Feature","geometry":{"type":"Point","coordinates":[139.82938,35.78075]},"properties":{"name":"加平第一公園","area_m2":6470,"r_m":45.4,"source":"国土数値情報 P13 都市公園","x":-357.4,"y":-24324.88}},{"type":"Feature","geometry":{"type":"Point","coordinates":[139.828,35.7788]},"properties":{"name":"加平第二公園","area_m2":2480,"r_m":28.1,"source":"国土数値情報 P13 都市公園","x":-482.16,"y":-24541.21}},{"type":"Feature","geometry":{"type":"Point","coordinates":[139.83102,35.77593]},"properties":{"name":"しょうぶ沼公園","area_m2":28062,"r_m":94.5,"source":"国土数値情報 P13 都市公園","x":-209.15,"y":-24859.63}},{"type":"Feature","geometry":{"type":"Point","coordinates":[139.78893,35.78719]},"properties":{"name":"栗六公園","area_m2":11095,"r_m":59.4,"source":"国土数値情報 P13 都市公園","x":-4013.9,"y":-23609.49}},{"type":"Feature","geometry":{"type":"Point","coordinates":[139.80917,35.74478]},"properties":{"name":"千住東町公園","area_m2":2675,"r_m":29.2,"source":"国土数値情報 P13 都市公園","x":-2185.43,"y":-28315.25}},{"type":"Feature","geometry":{"type":"Point","coordinates":[139.76765,35.77044]},"properties":{"name":"江北一丁目公園","area_m2":3821,"r_m":34.9,"source":"国土数値情報 P13 都市公園","x":-5938.77,"y":-25466.72}},{"type":"Feature","geometry":{"type":"Point","coordinates":[139.76625,35.7849]},"properties":{"name":"谷在家公園","area_m2":15296,"r_m":69.8,"source":"国土数値情報 P13 都市公園","x":-6064.26,"y":-23862.39}},{"type":"Feature","geometry":{"type":"Point","coordinates":[139.77142,35.78138]},"properties":{"name":"足立富士見公園","area_m2":7313,"r_m":48.2,"source":"国土数値情報 P13 都市公園","x":-5597.14,"y":-24253.22}},{"type":"Feature","geometry":{"type":"Point","coordinates":[139.77399,35.77939]},"properties":{"name":"西新井西公園","area_m2":5984,"r_m":43.6,"source":"国土数値情報 P13 都市公園","x":-5364.94,"y":-24474.14}},{"type":"Feature","geometry":{"type":"Point","coordinates":[139.75879,35.77335]},"properties":{"name":"足立堀之内公園","area_m2":4815,"r_m":39.1,"source":"国土数値情報 P13 都市公園","x":-6739.61,"y":-25143.3}},{"type":"Feature","geometry":{"type":"Point","coordinates":[139.75787,35.78677]},"properties":{"name":"一本木公園","area_m2":3165,"r_m":31.7,"source":"国土数値情報 P13 都市公園","x":-6821.64,"y":-23654.37}},{"type":"Feature","geometry":{"type":"Point","coordinates":[139.76328,35.77917]},"properties":{"name":"上沼田公園","area_m2":1977,"r_m":25.1,"source":"国土数値情報 P13 都市公園","x":-6333.2,"y":-24497.91}},{"type":"Feature","geometry":{"type":"Point","coordinates":[139.80774,35.76871]},"properties":{"name":"若松公園","area_m2":2645,"r_m":29.0,"source":"国土数値情報 P13 都市公園","x":-2314.08,"y":-25660.34}},{"type":"Feature","geometry":{"type":"Point","coordinates":[139.77682,35.7922]},"properties":{"name":"諏訪木北公園","area_m2":1144,"r_m":19.1,"source":"国土数値情報 P13 都市公園","x":-5108.27,"y":-23053.1}},{"type":"Feature","geometry":{"type":"Point","coordinates":[139.78323,35.78518]},"properties":{"name":"いかづち公園","area_m2":2927,"r_m":30.5,"source":"国土数値情報 P13 都市公園","x":-4529.27,"y":-23832.24}},{"type":"Feature","geometry":{"type":"Point","coordinates":[139.78052,35.78509]},"properties":{"name":"袋在家公園","area_m2":2598,"r_m":28.8,"source":"国土数値情報 P13 都市公園","x":-4774.25,"y":-23842.1}},{"type":"Feature","geometry":{"type":"Point","coordinates":[139.77086,35.7869]},"properties":{"name":"みだまえ公園","area_m2":4087,"r_m":36.1,"source":"国土数値情報 P13 都市公園","x":-5647.38,"y":-23640.78}},{"type":"Feature","geometry":{"type":"Point","coordinates":[139.83237,35.79132]},"properties":{"name":"雪見公園","area_m2":5917,"r_m":43.4,"source":"国土数値情報 P13 都市公園","x":-87.08,"y":-23152.21}},{"type":"Feature","geometry":{"type":"Point","coordinates":[139.815093,35.802601]},"properties":{"name":"花畑前通公園","area_m2":1773,"r_m":23.8,"source":"国土数値情報 P13 都市公園","x":-1648.55,"y":-21900.54}},{"type":"Feature","geometry":{"type":"Point","coordinates":[139.79672,35.74985]},"properties":{"name":"千住中居町公園","area_m2":1508,"r_m":21.9,"source":"国土数値情報 P13 都市公園","x":-3311.26,"y":-27752.42}},{"type":"Feature","geometry":{"type":"Point","coordinates":[139.75253,35.78067]},"properties":{"name":"鹿浜校趾公園","area_m2":3455,"r_m":33.2,"source":"国土数値情報 P13 都市公園","x":-7304.92,"y":-24330.75}},{"type":"Feature","geometry":{"type":"Point","coordinates":[139.76869,35.77994]},"properties":{"name":"上沼田東公園","area_m2":16427,"r_m":72.3,"source":"国土数値情報 P13 都市公園","x":-5844.05,"y":-24412.82}},{"type":"Feature","geometry":{"type":"Point","coordinates":[139.81482,35.78346]},"properties":{"name":"一ツ家第三公園","area_m2":2743,"r_m":29.5,"source":"国土数値情報 P13 都市公園","x":-1673.61,"y":-24024.07}},{"type":"Feature","geometry":{"type":"Point","coordinates":[139.80983,35.78416]},"properties":{"name":"一ツ家第四公園","area_m2":2625,"r_m":28.9,"source":"国土数値情報 P13 都市公園","x":-2124.69,"y":-23946.31}},{"type":"Feature","geometry":{"type":"Point","coordinates":[139.85722,35.76898]},"properties":{"name":"中川二丁目公園","area_m2":1236,"r_m":19.8,"source":"国土数値情報 P13 都市公園","x":2159.76,"y":-25630.43}},{"type":"Feature","geometry":{"type":"Point","coordinates":[139.78731,35.77188]},"properties":{"name":"関原公園","area_m2":917,"r_m":17.1,"source":"国土数値情報 P13 都市公園","x":-4161.14,"y":-25307.98}},{"type":"Feature","geometry":{"type":"Point","coordinates":[139.80635,35.79266]},"properties":{"name":"元渕江公園","area_m2":40444,"r_m":113.5,"source":"国土数値情報 P13 都市公園","x":-2439.03,"y":-23003.2}},{"type":"Feature","geometry":{"type":"Point","coordinates":[139.77129,35.77683]},"properties":{"name":"高野公園","area_m2":2709,"r_m":29.4,"source":"国土数値情報 P13 都市公園","x":-5609.21,"y":-24758.01}},{"type":"Feature","geometry":{"type":"Point","coordinates":[139.81305,35.78026]},"properties":{"name":"一ツ家中央公園","area_m2":3145,"r_m":31.6,"source":"国土数値情報 P13 都市公園","x":-1833.7,"y":-24379.06}},{"type":"Feature","geometry":{"type":"Point","coordinates":[139.81725,35.78024]},"properties":{"name":"一ツ家第一公園","area_m2":24727,"r_m":88.7,"source":"国土数値情報 P13 都市公園","x":-1454.0,"y":-24381.34}},{"type":"Feature","geometry":{"type":"Point","coordinates":[139.83974,35.7891]},"properties":{"name":"佐野公園","area_m2":5397,"r_m":41.4,"source":"国土数値情報 P13 都市公園","x":579.12,"y":-23398.48}},{"type":"Feature","geometry":{"type":"Point","coordinates":[139.7825,35.76946]},"properties":{"name":"興野公園","area_m2":2055,"r_m":25.6,"source":"国土数値情報 P13 都市公園","x":-4596.16,"y":-25576.25}},{"type":"Feature","geometry":{"type":"Point","coordinates":[139.79738,35.7679]},"properties":{"name":"梅田公園","area_m2":1670,"r_m":23.1,"source":"国土数値情報 P13 都市公園","x":-3250.83,"y":-25749.91}},{"type":"Feature","geometry":{"type":"Point","coordinates":[139.79031,35.78332]},"properties":{"name":"石塚公園","area_m2":4209,"r_m":36.6,"source":"国土数値情報 P13 都市公園","x":-3889.34,"y":-24038.9}},{"type":"Feature","geometry":{"type":"Point","coordinates":[139.78734,35.76808]},"properties":{"name":"関原分校跡公園","area_m2":1017,"r_m":18.0,"source":"国土数値情報 P13 都市公園","x":-4158.62,"y":-25729.56}},{"type":"Feature","geometry":{"type":"Point","coordinates":[139.80971,35.78164]},"properties":{"name":"一ツ家第二公園","area_m2":2004,"r_m":25.3,"source":"国土数値情報 P13 都市公園","x":-2135.61,"y":-24225.89}},{"type":"Feature","geometry":{"type":"Point","coordinates":[139.76372,35.81415]},"properties":{"name":"舎人町公園","area_m2":2599,"r_m":28.8,"source":"国土数値情報 P13 都市公園","x":-6290.66,"y":-20617.11}},{"type":"Feature","geometry":{"type":"Point","coordinates":[139.81239,35.77461]},"properties":{"name":"青井公園","area_m2":2948,"r_m":30.6,"source":"国土数値情報 P13 都市公園","x":-1893.5,"y":-25005.88}},{"type":"Feature","geometry":{"type":"Point","coordinates":[139.80084,35.80163]},"properties":{"name":"西保木間公園","area_m2":2350,"r_m":27.4,"source":"国土数値情報 P13 都市公園","x":-2936.74,"y":-22007.88}},{"type":"Feature","geometry":{"type":"Point","coordinates":[139.79376,35.80428]},"properties":{"name":"伊興公園","area_m2":3161,"r_m":31.7,"source":"国土数値情報 P13 都市公園","x":-3576.52,"y":-21713.65}},{"type":"Feature","geometry":{"type":"Point","coordinates":[139.76347,35.78196]},"properties":{"name":"上沼田北公園","area_m2":7864,"r_m":50.0,"source":"国土数値情報 P13 都市公園","x":-6315.8,"y":-24188.39}},{"type":"Feature","geometry":{"type":"Point","coordinates":[139.81264,35.80404]},"properties":{"name":"花畑町土地区画整理組合記念公園","area_m2":1938,"r_m":24.8,"source":"国土数値情報 P13 都市公園","x":-1870.21,"y":-21740.8}},{"type":"Feature","geometry":{"type":"Point","coordinates":[139.83858,35.78084]},"properties":{"name":"大谷田記念公園","area_m2":684,"r_m":14.8,"source":"国土数値情報 P13 都市公園","x":474.32,"y":-24314.89}},{"type":"Feature","geometry":{"type":"Point","coordinates":[139.815528,35.805004]},"properties":{"name":"あいぐみ緑地公園","area_m2":12497,"r_m":63.1,"source":"国土数値情報 P13 都市公園","x":-1609.21,"y":-21633.88}},{"type":"Feature","geometry":{"type":"Point","coordinates":[139.78116,35.77624]},"properties":{"name":"西新井本町公園","area_m2":1713,"r_m":23.4,"source":"国土数値情報 P13 都市公園","x":-4716.92,"y":-24823.98}},{"type":"Feature","geometry":{"type":"Point","coordinates":[139.78467,35.78716]},"properties":{"name":"栗原北公園","area_m2":1700,"r_m":23.3,"source":"国土数値情報 P13 都市公園","x":-4398.99,"y":-23612.64}},{"type":"Feature","geometry":{"type":"Point","coordinates":[139.80875,35.78401]},"properties":{"name":"平野公園","area_m2":2886,"r_m":30.3,"source":"国土数値情報 P13 都市公園","x":-2222.33,"y":-23962.93}},{"type":"Feature","geometry":{"type":"Point","coordinates":[139.764511,35.802292]},"properties":{"name":"入谷緑地公園","area_m2":23916,"r_m":87.3,"source":"国土数値情報 P13 都市公園","x":-6220.06,"y":-21932.74}},{"type":"Feature","geometry":{"type":"Point","coordinates":[139.807249,35.741472]},"properties":{"name":"関屋公園","area_m2":6506,"r_m":45.5,"source":"国土数値情報 P13 都市公園","x":-2359.31,"y":-28682.22}},{"type":"Feature","geometry":{"type":"Point","coordinates":[139.82121,35.78482]},"properties":{"name":"六町公園","area_m2":3308,"r_m":32.4,"source":"国土数値情報 P13 都市公園","x":-1095.94,"y":-23873.27}},{"type":"Feature","geometry":{"type":"Point","coordinates":[139.83649,35.7904]},"properties":{"name":"六木公園","area_m2":3954,"r_m":35.5,"source":"国土数値情報 P13 都市公園","x":285.34,"y":-23254.27}},{"type":"Feature","geometry":{"type":"Point","coordinates":[139.83687,35.78867]},"properties":{"name":"佐野第二公園","area_m2":2504,"r_m":28.2,"source":"国土数値情報 P13 都市公園","x":319.7,"y":-23446.2}},{"type":"Feature","geometry":{"type":"Point","coordinates":[139.81967,35.77716]},"properties":{"name":"加青公園","area_m2":1855,"r_m":24.3,"source":"国土数値情報 P13 都市公園","x":-1235.27,"y":-24723.09}},{"type":"Feature","geometry":{"type":"Point","coordinates":[139.77133,35.77117]},"properties":{"name":"扇北公園","area_m2":1065,"r_m":18.4,"source":"国土数値情報 P13 都市公園","x":-5605.99,"y":-25385.95}},{"type":"Feature","geometry":{"type":"Point","coordinates":[139.77637,35.76134]},"properties":{"name":"扇南公園","area_m2":1445,"r_m":21.4,"source":"国土数値情報 P13 都市公園","x":-5150.94,"y":-26476.8}},{"type":"Feature","geometry":{"type":"Point","coordinates":[139.83841,35.79704]},"properties":{"name":"六木北公園","area_m2":2786,"r_m":29.8,"source":"国土数値情報 P13 都市公園","x":458.86,"y":-22517.59}},{"type":"Feature","geometry":{"type":"Point","coordinates":[139.79956,35.7834]},"properties":{"name":"島根公園","area_m2":3968,"r_m":35.5,"source":"国土数値情報 P13 都市公園","x":-3053.13,"y":-24030.36}},{"type":"Feature","geometry":{"type":"Point","coordinates":[139.75993,35.75505]},"properties":{"name":"小台公園","area_m2":2565,"r_m":28.6,"source":"国土数値情報 P13 都市公園","x":-6638.06,"y":-27173.65}},{"type":"Feature","geometry":{"type":"Point","coordinates":[139.784283,35.76783]},"properties":{"name":"本木東公園","area_m2":1190,"r_m":19.5,"source":"国土数値情報 P13 都市公園","x":-4435.06,"y":-25757.16}},{"type":"Feature","geometry":{"type":"Point","coordinates":[139.76288,35.76761]},"properties":{"name":"五色堤公園","area_m2":1774,"r_m":23.8,"source":"国土数値情報 P13 都市公園","x":-6370.28,"y":-25780.39}},{"type":"Feature","geometry":{"type":"Point","coordinates":[139.74265,35.77185]},"properties":{"name":"新田公園","area_m2":1510,"r_m":21.9,"source":"国土数値情報 P13 都市公園","x":-8199.01,"y":-25308.49}},{"type":"Feature","geometry":{"type":"Point","coordinates":[139.81441,35.77174]},"properties":{"name":"青井南公園","area_m2":2439,"r_m":27.9,"source":"国土数値情報 P13 都市公園","x":-1710.93,"y":-25324.32}},{"type":"Feature","geometry":{"type":"Point","coordinates":[139.81129,35.80018]},"properties":{"name":"前谷公園","area_m2":3262,"r_m":32.2,"source":"国土数値情報 P13 都市公園","x":-1992.31,"y":-22169.02}},{"type":"Feature","geometry":{"type":"Point","coordinates":[139.78627,35.78104]},"properties":{"name":"勝田堀公園","area_m2":3130,"r_m":31.6,"source":"国土数値情報 P13 都市公園","x":-4254.68,"y":-24291.69}},{"type":"Feature","geometry":{"type":"Point","coordinates":[139.83803,35.78275]},"properties":{"name":"柳田公園","area_m2":3105,"r_m":31.4,"source":"国土数値情報 P13 都市公園","x":424.58,"y":-24102.99}},{"type":"Feature","geometry":{"type":"Point","coordinates":[139.82103,35.80747]},"properties":{"name":"鷲宿東公園","area_m2":3644,"r_m":34.1,"source":"国土数値情報 P13 都市公園","x":-1111.89,"y":-21360.39}},{"type":"Feature","geometry":{"type":"Point","coordinates":[139.817021,35.802877]},"properties":{"name":"樫ノ木公園","area_m2":4936,"r_m":39.6,"source":"国土数値情報 P13 都市公園","x":-1474.29,"y":-21869.94}},{"type":"Feature","geometry":{"type":"Point","coordinates":[139.80905,35.79348]},"properties":{"name":"野耕地公園","area_m2":3169,"r_m":31.8,"source":"国土数値情報 P13 都市公園","x":-2194.95,"y":-22912.29}},{"type":"Feature","geometry":{"type":"Point","coordinates":[139.8403,35.78619]},"properties":{"name":"大鳥公園","area_m2":2300,"r_m":27.1,"source":"国土数値情報 P13 都市公園","x":629.77,"y":-23721.33}},{"type":"Feature","geometry":{"type":"Point","coordinates":[139.75877,35.78399]},"properties":{"name":"押部公園","area_m2":8148,"r_m":50.9,"source":"国土数値情報 P13 都市公園","x":-6740.52,"y":-23962.86}},{"type":"Feature","geometry":{"type":"Point","coordinates":[139.80775,35.7956]},"properties":{"name":"在家公園","area_m2":2067,"r_m":25.7,"source":"国土数値情報 P13 都市公園","x":-2312.39,"y":-22677.06}},{"type":"Feature","geometry":{"type":"Point","coordinates":[139.80391,35.79758]},"properties":{"name":"名地公園","area_m2":1182,"r_m":19.4,"source":"国土数値情報 P13 都市公園","x":-2659.41,"y":-22457.3}},{"type":"Feature","geometry":{"type":"Point","coordinates":[139.78958,35.79658]},"properties":{"name":"前沼公園","area_m2":1828,"r_m":24.1,"source":"国土数値情報 P13 都市公園","x":-3954.67,"y":-22567.76}},{"type":"Feature","geometry":{"type":"Point","coordinates":[139.78381,35.7733]},"properties":{"name":"興野北公園","area_m2":1167,"r_m":19.3,"source":"国土数値情報 P13 都市公園","x":-4477.5,"y":-25150.28}},{"type":"Feature","geometry":{"type":"Point","coordinates":[139.76698,35.76265]},"properties":{"name":"扇西公園","area_m2":1217,"r_m":19.7,"source":"国土数値情報 P13 都市公園","x":-5999.94,"y":-26330.93}},{"type":"Feature","geometry":{"type":"Point","coordinates":[139.80989,35.7777]},"properties":{"name":"栗島公園","area_m2":1791,"r_m":23.9,"source":"国土数値情報 P13 都市公園","x":-2119.44,"y":-24663.01}},{"type":"Feature","geometry":{"type":"Point","coordinates":[139.75497,35.80725]},"properties":{"name":"舎人一号公園","area_m2":9872,"r_m":56.1,"source":"国土数値情報 P13 都市公園","x":-7081.97,"y":-21382.03}},{"type":"Feature","geometry":{"type":"Point","coordinates":[139.75653,35.81129]},"properties":{"name":"舎人四号公園","area_m2":4528,"r_m":38.0,"source":"国土数値情報 P13 都市公園","x":-6940.64,"y":-20933.93}},{"type":"Feature","geometry":{"type":"Point","coordinates":[139.76469,35.81327]},"properties":{"name":"舎人いきいき公園","area_m2":6797,"r_m":46.5,"source":"国土数値情報 P13 都市公園","x":-6203.07,"y":-20714.81}},{"type":"Feature","geometry":{"type":"Point","coordinates":[139.81822,35.79708]},"properties":{"name":"下沼公園","area_m2":2731,"r_m":29.5,"source":"国土数値情報 P13 都市公園","x":-1366.02,"y":-22513.06}},{"type":"Feature","geometry":{"type":"Point","coordinates":[139.80931,35.79054]},"properties":{"name":"八十町公園","area_m2":2885,"r_m":30.3,"source":"国土数値情報 P13 都市公園","x":-2171.53,"y":-23238.48}},{"type":"Feature","geometry":{"type":"Point","coordinates":[139.80719,35.80192]},"properties":{"name":"陣川戸公園","area_m2":3363,"r_m":32.7,"source":"国土数値情報 P13 都市公園","x":-2362.82,"y":-21975.88}},{"type":"Feature","geometry":{"type":"Point","coordinates":[139.81238,35.80157]},"properties":{"name":"花又公園","area_m2":3276,"r_m":32.3,"source":"国土数値情報 P13 都市公園","x":-1893.76,"y":-22014.83}},{"type":"Feature","geometry":{"type":"Point","coordinates":[139.80858,35.80437]},"properties":{"name":"仲組西公園","area_m2":1683,"r_m":23.1,"source":"国土数値情報 P13 都市公園","x":-2237.13,"y":-21704.1}},{"type":"Feature","geometry":{"type":"Point","coordinates":[139.804168,35.803039]},"properties":{"name":"原公園","area_m2":803,"r_m":16.0,"source":"国土数値情報 P13 都市公園","x":-2635.95,"y":-21851.65}},{"type":"Feature","geometry":{"type":"Point","coordinates":[139.80527,35.79893]},"properties":{"name":"山王堀公園","area_m2":1876,"r_m":24.4,"source":"国土数値情報 P13 都市公園","x":-2536.45,"y":-22307.56}},{"type":"Feature","geometry":{"type":"Point","coordinates":[139.81122,35.79751]},"properties":{"name":"道海公園","area_m2":3887,"r_m":35.2,"source":"国土数値情報 P13 都市公園","x":-1998.7,"y":-22465.24}},{"type":"Feature","geometry":{"type":"Point","coordinates":[139.83398,35.78368]},"properties":{"name":"辰沼公園","area_m2":4669,"r_m":38.6,"source":"国土数値情報 P13 都市公園","x":58.46,"y":-23999.82}},{"type":"Feature","geometry":{"type":"Point","coordinates":[139.84543,35.78412]},"properties":{"name":"中川防災公園","area_m2":1505,"r_m":21.9,"source":"国土数値情報 P13 都市公園","x":1093.54,"y":-23950.93}},{"type":"Feature","geometry":{"type":"Point","coordinates":[139.81461,35.7615]},"properties":{"name":"五反野コミュニティ公園","area_m2":6854,"r_m":46.7,"source":"国土数値情報 P13 都市公園","x":-1693.06,"y":-26460.39}},{"type":"Feature","geometry":{"type":"Point","coordinates":[139.80246,35.7737]},"properties":{"name":"梅島東公園","area_m2":1149,"r_m":19.1,"source":"国土数値情報 P13 都市公園","x":-2791.31,"y":-25106.6}},{"type":"Feature","geometry":{"type":"Point","coordinates":[139.83743,35.78605]},"properties":{"name":"佐野第三公園","area_m2":2383,"r_m":27.5,"source":"国土数値情報 P13 都市公園","x":370.33,"y":-23736.87}},{"type":"Feature","geometry":{"type":"Point","coordinates":[139.83347,35.78071]},"properties":{"name":"沖谷公園","area_m2":1416,"r_m":21.2,"source":"国土数値情報 P13 都市公園","x":12.36,"y":-24329.32}},{"type":"Feature","geometry":{"type":"Point","coordinates":[139.84348,35.78453]},"properties":{"name":"八百免公園","area_m2":1820,"r_m":24.1,"source":"国土数値情報 P13 都市公園","x":917.25,"y":-23905.47}},{"type":"Feature","geometry":{"type":"Point","coordinates":[139.76097,35.78936]},"properties":{"name":"加賀公園","area_m2":1883,"r_m":24.5,"source":"国土数値情報 P13 都市公園","x":-6541.2,"y":-23367.24}},{"type":"Feature","geometry":{"type":"Point","coordinates":[139.74886,35.77738]},"properties":{"name":"江北公園","area_m2":87822,"r_m":167.2,"source":"国土数値情報 P13 都市公園","x":-7637.01,"y":-24695.47}},{"type":"Feature","geometry":{"type":"Point","coordinates":[139.79395,35.8024]},"properties":{"name":"西保木間第二公園","area_m2":5726,"r_m":42.7,"source":"国土数値情報 P13 都市公園","x":-3559.43,"y":-21922.23}},{"type":"Feature","geometry":{"type":"Point","coordinates":[139.79498,35.77421]},"properties":{"name":"梅島西公園","area_m2":2542,"r_m":28.4,"source":"国土数値情報 P13 都市公園","x":-3467.56,"y":-25049.78}},{"type":"Feature","geometry":{"type":"Point","coordinates":[139.80772,35.78692]},"properties":{"name":"東六月町公園","area_m2":1852,"r_m":24.3,"source":"国土数値情報 P13 都市公園","x":-2315.36,"y":-23640.06}},{"type":"Feature","geometry":{"type":"Point","coordinates":[139.83076,35.79326]},"properties":{"name":"神明北公園","area_m2":1869,"r_m":24.4,"source":"国土数値情報 P13 都市公園","x":-232.6,"y":-22936.97}},{"type":"Feature","geometry":{"type":"Point","coordinates":[139.79921,35.78586]},"properties":{"name":"六月一丁目公園","area_m2":1342,"r_m":20.7,"source":"国土数値情報 P13 都市公園","x":-3084.67,"y":-23757.42}},{"type":"Feature","geometry":{"type":"Point","coordinates":[139.77515,35.76567]},"properties":{"name":"扇中央公園","area_m2":3857,"r_m":35.0,"source":"国土数値情報 P13 都市公園","x":-5260.97,"y":-25996.35}},{"type":"Feature","geometry":{"type":"Point","coordinates":[139.81253,35.78849]},"properties":{"name":"吉右衛門堀公園","area_m2":7073,"r_m":47.4,"source":"国土数値情報 P13 都市公園","x":-1880.51,"y":-23465.98}},{"type":"Feature","geometry":{"type":"Point","coordinates":[139.80486,35.79602]},"properties":{"name":"土井苗間堀公園","area_m2":3961,"r_m":35.5,"source":"国土数値情報 P13 都市公園","x":-2573.6,"y":-22630.39}},{"type":"Feature","geometry":{"type":"Point","coordinates":[139.76758,35.81522]},"properties":{"name":"見沼代親水公園","area_m2":19402,"r_m":78.6,"source":"国土数値情報 P13 都市公園","x":-5941.77,"y":-20498.64}},{"type":"Feature","geometry":{"type":"Point","coordinates":[139.765457,35.789235]},"properties":{"name":"江北北部緑道公園","area_m2":14317,"r_m":67.5,"source":"国土数値情報 P13 都市公園","x":-6135.65,"y":-23381.42}},{"type":"Feature","geometry":{"type":"Point","coordinates":[139.78796,35.7912]},"properties":{"name":"大境公園","area_m2":6446,"r_m":45.3,"source":"国土数値情報 P13 都市公園","x":-4101.37,"y":-23164.57}},{"type":"Feature","geometry":{"type":"Point","coordinates":[139.8176,35.76779]},"properties":{"name":"弘道第一公園","area_m2":2724,"r_m":29.4,"source":"国土数値情報 P13 都市公園","x":-1422.58,"y":-25762.6}},{"type":"Feature","geometry":{"type":"Point","coordinates":[139.79723,35.78759]},"properties":{"name":"六月中央公園","area_m2":2318,"r_m":27.2,"source":"国土数値情報 P13 都市公園","x":-3263.59,"y":-23565.43}},{"type":"Feature","geometry":{"type":"Point","coordinates":[139.7749,35.75454]},"properties":{"name":"小台東公園","area_m2":1197,"r_m":19.5,"source":"国土数値情報 P13 都市公園","x":-5284.31,"y":-27231.14}},{"type":"Feature","geometry":{"type":"Point","coordinates":[139.808,35.8061]},"properties":{"name":"花畑公園","area_m2":23026,"r_m":85.6,"source":"国土数値情報 P13 都市公園","x":-2289.5,"y":-21512.15}},{"type":"Feature","geometry":{"type":"Point","coordinates":[139.81223,35.78624]},"properties":{"name":"保塚公園","area_m2":2490,"r_m":28.2,"source":"国土数値情報 P13 都市公園","x":-1907.69,"y":-23715.6}},{"type":"Feature","geometry":{"type":"Point","coordinates":[139.77634,35.77583]},"properties":{"name":"あみだ橋公園","area_m2":4842,"r_m":39.3,"source":"国土数値情報 P13 都市公園","x":-5152.72,"y":-24869.23}},{"type":"Feature","geometry":{"type":"Point","coordinates":[139.7959,35.76447]},"properties":{"name":"梅田中央公園","area_m2":1603,"r_m":22.6,"source":"国土数値情報 P13 都市公園","x":-3384.8,"y":-26130.4}},{"type":"Feature","geometry":{"type":"Point","coordinates":[139.80862,35.77522]},"properties":{"name":"東中央公園","area_m2":1140,"r_m":19.0,"source":"国土数値情報 P13 都市公園","x":-2234.33,"y":-24938.12}},{"type":"Feature","geometry":{"type":"Point","coordinates":[139.79576,35.76356]},"properties":{"name":"梅田南公園","area_m2":1539,"r_m":22.1,"source":"国土数値情報 P13 都市公園","x":-3397.49,"y":-26231.35}},{"type":"Feature","geometry":{"type":"Point","coordinates":[139.77313,35.76896]},"properties":{"name":"扇なかよし公園","area_m2":1114,"r_m":18.8,"source":"国土数値情報 P13 都市公園","x":-5443.4,"y":-25631.24}},{"type":"Feature","geometry":{"type":"Point","coordinates":[139.84032,35.79774]},"properties":{"name":"六木中央公園","area_m2":3102,"r_m":31.4,"source":"国土数値情報 P13 都市公園","x":631.49,"y":-22439.92}},{"type":"Feature","geometry":{"type":"Point","coordinates":[139.84294,35.7949]},"properties":{"name":"六木第四公園","area_m2":2594,"r_m":28.7,"source":"国土数値情報 P13 都市公園","x":868.32,"y":-22754.98}},{"type":"Feature","geometry":{"type":"Point","coordinates":[139.74425,35.77281]},"properties":{"name":"新田三丁目公園","area_m2":1649,"r_m":22.9,"source":"国土数値情報 P13 都市公園","x":-8054.25,"y":-25202.12}},{"type":"Feature","geometry":{"type":"Point","coordinates":[139.80324,35.80616]},"properties":{"name":"水神橋公園","area_m2":2360,"r_m":27.4,"source":"国土数値情報 P13 都市公園","x":-2719.68,"y":-21505.38}},{"type":"Feature","geometry":{"type":"Point","coordinates":[139.79199,35.76902]},"properties":{"name":"関原中央公園","area_m2":3130,"r_m":31.6,"source":"国土数値情報 P13 都市公園","x":-3738.13,"y":-25625.46}},{"type":"Feature","geometry":{"type":"Point","coordinates":[139.82272,35.77419]},"properties":{"name":"青井みどり公園","area_m2":1404,"r_m":21.1,"source":"国土数値情報 P13 都市公園","x":-959.56,"y":-25052.62}},{"type":"Feature","geometry":{"type":"Point","coordinates":[139.80013,35.80429]},"properties":{"name":"西保木間北公園","area_m2":1600,"r_m":22.6,"source":"国土数値情報 P13 都市公園","x":-3000.81,"y":-21712.75}},{"type":"Feature","geometry":{"type":"Point","coordinates":[139.79289,35.77969]},"properties":{"name":"島根西公園","area_m2":1065,"r_m":18.4,"source":"国土数値情報 P13 都市公園","x":-3656.27,"y":-24441.73}},{"type":"Feature","geometry":{"type":"Point","coordinates":[139.80087,35.76754]},"properties":{"name":"梅田通公園","area_m2":1113,"r_m":18.8,"source":"国土数値情報 P13 都市公園","x":-2935.29,"y":-25789.96}},{"type":"Feature","geometry":{"type":"Point","coordinates":[139.81125,35.77243]},"properties":{"name":"青井ふれあい公園","area_m2":5825,"r_m":43.1,"source":"国土数値情報 P13 都市公園","x":-1996.62,"y":-25247.71}},{"type":"Feature","geometry":{"type":"Point","coordinates":[139.83641,35.79499]},"properties":{"name":"神明東公園","area_m2":2614,"r_m":28.8,"source":"国土数値情報 P13 都市公園","x":278.09,"y":-22745.04}},{"type":"Feature","geometry":{"type":"Point","coordinates":[139.81593,35.80747]},"properties":{"name":"浅間第一公園","area_m2":14146,"r_m":67.1,"source":"国土数値情報 P13 都市公園","x":-1572.8,"y":-21360.32}},{"type":"Feature","geometry":{"type":"Point","coordinates":[139.79601,35.78341]},"properties":{"name":"島根北厨子公園","area_m2":1648,"r_m":22.9,"source":"国土数値情報 P13 都市公園","x":-3374.05,"y":-24029.13}},{"type":"Feature","geometry":{"type":"Point","coordinates":[139.81821,35.773]},"properties":{"name":"青和コミュニティ公園","area_m2":5314,"r_m":41.1,"source":"国土数値情報 P13 都市公園","x":-1367.34,"y":-25184.59}},{"type":"Feature","geometry":{"type":"Point","coordinates":[139.76071,35.80803]},"properties":{"name":"入谷中央公園","area_m2":16518,"r_m":72.5,"source":"国土数値情報 P13 都市公園","x":-6563.16,"y":-21295.89}},{"type":"Feature","geometry":{"type":"Point","coordinates":[139.76871,35.79105]},"properties":{"name":"皿沼東公園","area_m2":1213,"r_m":19.6,"source":"国土数値情報 P13 都市公園","x":-5841.43,"y":-23180.23}},{"type":"Feature","geometry":{"type":"Point","coordinates":[139.76302,35.78786]},"properties":{"name":"押部北公園","area_m2":1034,"r_m":18.1,"source":"国土数値情報 P13 都市公園","x":-6356.01,"y":-23533.79}},{"type":"Feature","geometry":{"type":"Point","coordinates":[139.76027,35.78757]},"properties":{"name":"押部西公園","area_m2":2751,"r_m":29.6,"source":"国土数値情報 P13 都市公園","x":-6604.62,"y":-23565.78}},{"type":"Feature","geometry":{"type":"Point","coordinates":[139.81236,35.79405]},"properties":{"name":"東保木間公園","area_m2":3557,"r_m":33.6,"source":"国土数値情報 P13 都市公園","x":-1895.75,"y":-22849.13}},{"type":"Feature","geometry":{"type":"Point","coordinates":[139.8412,35.7844]},"properties":{"name":"東渕江庭園","area_m2":5533,"r_m":42.0,"source":"国土数値情報 P13 都市公園","x":711.14,"y":-23919.91}},{"type":"Feature","geometry":{"type":"Point","coordinates":[139.77328,35.80556]},"properties":{"name":"古千谷西公園","area_m2":1383,"r_m":21.0,"source":"国土数値情報 P13 都市公園","x":-5427.35,"y":-21570.7}},{"type":"Feature","geometry":{"type":"Point","coordinates":[139.82326,35.75773]},"properties":{"name":"伊藤谷公園","area_m2":1681,"r_m":23.1,"source":"国土数値情報 P13 都市公園","x":-910.93,"y":-26878.76}},{"type":"Feature","geometry":{"type":"Point","coordinates":[139.78723,35.76183]},"properties":{"name":"本木一丁目中公園","area_m2":1564,"r_m":22.3,"source":"国土数値情報 P13 都市公園","x":-4168.89,"y":-26422.96}},{"type":"Feature","geometry":{"type":"Point","coordinates":[139.78384,35.76843]},"properties":{"name":"興本公園","area_m2":1678,"r_m":23.1,"source":"国土数値情報 P13 都市公園","x":-4475.06,"y":-25690.58}},{"type":"Feature","geometry":{"type":"Point","coordinates":[139.79248,35.80078]},"properties":{"name":"白旗塚史跡公園","area_m2":2934,"r_m":30.6,"source":"国土数値情報 P13 都市公園","x":-3692.36,"y":-22101.9}},{"type":"Feature","geometry":{"type":"Point","coordinates":[139.81642,35.7693]},"properties":{"name":"弘道第二公園","area_m2":1215,"r_m":19.7,"source":"国土数値情報 P13 都市公園","x":-1529.24,"y":-25595.06}},{"type":"Feature","geometry":{"type":"Point","coordinates":[139.77556,35.77192]},"properties":{"name":"奥野邑公園","area_m2":1751,"r_m":23.6,"source":"国土数値情報 P13 都市公園","x":-5223.49,"y":-25302.98}},{"type":"Feature","geometry":{"type":"Point","coordinates":[139.79286,35.78426]},"properties":{"name":"島根中堀公園","area_m2":2127,"r_m":26.0,"source":"国土数値情報 P13 都市公園","x":-3658.77,"y":-23934.71}},{"type":"Feature","geometry":{"type":"Point","coordinates":[139.75995,35.79343]},"properties":{"name":"加賀北公園","area_m2":1619,"r_m":22.7,"source":"国土数値情報 P13 都市公園","x":-6633.06,"y":-22915.63}},{"type":"Feature","geometry":{"type":"Point","coordinates":[139.76801,35.76348]},"properties":{"name":"扇みしま公園","area_m2":1909,"r_m":24.7,"source":"国土数値情報 P13 都市公園","x":-5906.74,"y":-26238.91}},{"type":"Feature","geometry":{"type":"Point","coordinates":[139.76186,35.78398]},"properties":{"name":"押部南公園","area_m2":2256,"r_m":26.8,"source":"国土数値情報 P13 都市公園","x":-6461.18,"y":-23964.18}},{"type":"Feature","geometry":{"type":"Point","coordinates":[139.77695,35.77018]},"properties":{"name":"興野ふれあい公園","area_m2":2201,"r_m":26.5,"source":"国土数値情報 P13 都市公園","x":-5097.93,"y":-25496.09}},{"type":"Feature","geometry":{"type":"Point","coordinates":[139.840327,35.800213]},"properties":{"name":"六木水の森公園","area_m2":7318,"r_m":48.3,"source":"国土数値情報 P13 都市公園","x":632.09,"y":-22165.53}},{"type":"Feature","geometry":{"type":"Point","coordinates":[139.83347,35.79552]},"properties":{"name":"神明水の森公園","area_m2":5880,"r_m":43.3,"source":"国土数値情報 P13 都市公園","x":12.35,"y":-22686.24}},{"type":"Feature","geometry":{"type":"Point","coordinates":[139.80432,35.75273]},"properties":{"name":"千住ほんちょう公園","area_m2":1352,"r_m":20.7,"source":"国土数値情報 P13 都市公園","x":-2623.83,"y":-27433.13}},{"type":"Feature","geometry":{"type":"Point","coordinates":[139.81503,35.7683]},"properties":{"name":"弘道中央公園","area_m2":2091,"r_m":25.8,"source":"国土数値情報 P13 都市公園","x":-1654.94,"y":-25705.98}},{"type":"Feature","geometry":{"type":"Point","coordinates":[139.82115,35.77251]},"properties":{"name":"青井東公園","area_m2":1604,"r_m":22.6,"source":"国土数値情報 P13 都市公園","x":-1101.53,"y":-25238.99}},{"type":"Feature","geometry":{"type":"Point","coordinates":[139.77596,35.76435]},"properties":{"name":"扇東公園","area_m2":2390,"r_m":27.6,"source":"国土数値情報 P13 都市公園","x":-5187.82,"y":-26142.84}},{"type":"Feature","geometry":{"type":"Point","coordinates":[139.77995,35.8044]},"properties":{"name":"はんの木橋公園","area_m2":1240,"r_m":19.9,"source":"国土数値情報 P13 都市公園","x":-4824.61,"y":-21699.74}},{"type":"Feature","geometry":{"type":"Point","coordinates":[139.79333,35.77591]},"properties":{"name":"西新井公園","area_m2":1959,"r_m":25.0,"source":"国土数値情報 P13 都市公園","x":-3616.66,"y":-24861.11}},{"type":"Feature","geometry":{"type":"Point","coordinates":[139.82491,35.78814]},"properties":{"name":"堺田公園","area_m2":2319,"r_m":27.2,"source":"国土数値情報 P13 都市公園","x":-761.43,"y":-23504.97}},{"type":"Feature","geometry":{"type":"Point","coordinates":[139.81485,35.74524]},"properties":{"name":"柳原千草園","area_m2":6019,"r_m":43.8,"source":"国土数値情報 P13 都市公園","x":-1671.7,"y":-28264.33}},{"type":"Feature","geometry":{"type":"Point","coordinates":[139.77388,35.77401]},"properties":{"name":"扇彫刻のある公園","area_m2":2540,"r_m":28.4,"source":"国土数値情報 P13 都市公園","x":-5375.25,"y":-25071.01}},{"type":"Feature","geometry":{"type":"Point","coordinates":[139.76424,35.77302]},"properties":{"name":"江北平成公園","area_m2":9620,"r_m":55.3,"source":"国土数値情報 P13 都市公園","x":-6246.89,"y":-25180.28}},{"type":"Feature","geometry":{"type":"Point","coordinates":[139.81973,35.77415]},"properties":{"name":"青和憩いの森公園","area_m2":2000,"r_m":25.2,"source":"国土数値情報 P13 都市公園","x":-1229.89,"y":-25057.03}},{"type":"Feature","geometry":{"type":"Point","coordinates":[139.79303,35.77348]},"properties":{"name":"梅田亀田公園","area_m2":4789,"r_m":39.0,"source":"国土数値情報 P13 都市公園","x":-3643.9,"y":-25130.7}},{"type":"Feature","geometry":{"type":"Point","coordinates":[139.76775,35.80672]},"properties":{"name":"入谷中郷北公園","area_m2":4201,"r_m":36.6,"source":"国土数値情報 P13 都市公園","x":-5927.04,"y":-21441.68}},{"type":"Feature","geometry":{"type":"Point","coordinates":[139.76756,35.80374]},"properties":{"name":"舎人十号公園","area_m2":4182,"r_m":36.5,"source":"国土数値情報 P13 都市公園","x":-5944.43,"y":-21772.28}},{"type":"Feature","geometry":{"type":"Point","coordinates":[139.76286,35.80379]},"properties":{"name":"舎人十二号公園","area_m2":4438,"r_m":37.6,"source":"国土数値情報 P13 都市公園","x":-6369.2,"y":-21766.44}},{"type":"Feature","geometry":{"type":"Point","coordinates":[139.83063,35.78851]},"properties":{"name":"神明南公園","area_m2":1417,"r_m":21.2,"source":"国土数値情報 P13 都市公園","x":-244.37,"y":-23463.95}},{"type":"Feature","geometry":{"type":"Point","coordinates":[139.80057,35.78753]},"properties":{"name":"六月やすらぎ公園","area_m2":1108,"r_m":18.8,"source":"国土数値情報 P13 都市公園","x":-2961.67,"y":-23572.19}},{"type":"Feature","geometry":{"type":"Point","coordinates":[139.81857,35.76601]},"properties":{"name":"丹羽野公園","area_m2":1178,"r_m":19.4,"source":"国土数値情報 P13 都市公園","x":-1334.9,"y":-25960.09}},{"type":"Feature","geometry":{"type":"Point","coordinates":[139.77248,35.76241]},"properties":{"name":"扇いちょう公園","area_m2":1159,"r_m":19.2,"source":"国土数値情報 P13 都市公園","x":-5502.62,"y":-26357.88}},{"type":"Feature","geometry":{"type":"Point","coordinates":[139.75784,35.80471]},"properties":{"name":"入谷中丸公園","area_m2":9250,"r_m":54.3,"source":"国土数値情報 P13 都市公園","x":-6822.82,"y":-21664.03}},{"type":"Feature","geometry":{"type":"Point","coordinates":[139.76595,35.80812]},"properties":{"name":"舎人七号公園","area_m2":5106,"r_m":40.3,"source":"国土数値情報 P13 都市公園","x":-6089.6,"y":-21286.25}},{"type":"Feature","geometry":{"type":"Point","coordinates":[139.76474,35.80457]},"properties":{"name":"入谷中郷公園","area_m2":4144,"r_m":36.3,"source":"国土数値情報 P13 都市公園","x":-6199.23,"y":-21680.02}},{"type":"Feature","geometry":{"type":"Point","coordinates":[139.79141,35.77063]},"properties":{"name":"関原防災ふれあいの森公園","area_m2":1183,"r_m":19.4,"source":"国土数値情報 P13 都市公園","x":-3790.5,"y":-25446.82}},{"type":"Feature","geometry":{"type":"Point","coordinates":[139.76477,35.79238]},"properties":{"name":"皿沼公園","area_m2":6235,"r_m":44.5,"source":"国土数値情報 P13 都市公園","x":-6197.47,"y":-23032.44}},{"type":"Feature","geometry":{"type":"Point","coordinates":[139.812779,35.74168]},"properties":{"name":"千住大川端公園","area_m2":3632,"r_m":34.0,"source":"国土数値情報 P13 都市公園","x":-1859.06,"y":-28659.25}},{"type":"Feature","geometry":{"type":"Point","coordinates":[139.801783,35.786799]},"properties":{"name":"新六月公園","area_m2":1486,"r_m":21.7,"source":"国土数値情報 P13 都市公園","x":-2852.04,"y":-23653.34}},{"type":"Feature","geometry":{"type":"Point","coordinates":[139.81433,35.79189]},"properties":{"name":"総合スポーツセンター公園","area_m2":52723,"r_m":129.5,"source":"国土数値情報 P13 都市公園","x":-1717.73,"y":-23088.8}},{"type":"Feature","geometry":{"type":"Point","coordinates":[139.82938,35.75833]},"properties":{"name":"綾瀬二丁目ふれあい公園","area_m2":1538,"r_m":22.1,"source":"国土数値情報 P13 都市公園","x":-357.5,"y":-26812.23}},{"type":"Feature","geometry":{"type":"Point","coordinates":[139.757,35.80323]},"properties":{"name":"入谷八丁目公園","area_m2":3500,"r_m":33.4,"source":"国土数値情報 P13 都市公園","x":-6898.86,"y":-21828.17}},{"type":"Feature","geometry":{"type":"Point","coordinates":[139.766587,35.769076]},"properties":{"name":"江北ふれあい公園","area_m2":1618,"r_m":22.7,"source":"国土数値情報 P13 都市公園","x":-6034.96,"y":-25618.0}},{"type":"Feature","geometry":{"type":"Point","coordinates":[139.78448,35.79629]},"properties":{"name":"はやぶさ公園","area_m2":2008,"r_m":25.3,"source":"国土数値情報 P13 都市公園","x":-4415.66,"y":-22599.71}},{"type":"Feature","geometry":{"type":"Point","coordinates":[139.79903,35.77451]},"properties":{"name":"ベルモント公園","area_m2":12966,"r_m":64.2,"source":"国土数値情報 P13 都市公園","x":-3101.39,"y":-25016.63}},{"type":"Feature","geometry":{"type":"Point","coordinates":[139.813471,35.797066]},"properties":{"name":"南花畑公園","area_m2":1398,"r_m":21.1,"source":"国土数値情報 P13 都市公園","x":-1795.23,"y":-22514.5}},{"type":"Feature","geometry":{"type":"Point","coordinates":[139.78647,35.80456]},"properties":{"name":"伊興遺跡公園","area_m2":2717,"r_m":29.4,"source":"国土数値情報 P13 都市公園","x":-4235.35,"y":-21682.29}},{"type":"Feature","geometry":{"type":"Point","coordinates":[139.80746,35.7745]},"properties":{"name":"中央本町ちびっこ公園","area_m2":1043,"r_m":18.2,"source":"国土数値情報 P13 都市公園","x":-2339.22,"y":-25017.97}},{"type":"Feature","geometry":{"type":"Point","coordinates":[139.80449,35.78198]},"properties":{"name":"平野さくら公園","area_m2":2953,"r_m":30.7,"source":"国土数値情報 P13 都市公園","x":-2607.5,"y":-24188.04}},{"type":"Feature","geometry":{"type":"Point","coordinates":[139.8349,35.76796]},"properties":{"name":"八か村落しファミリー公園","area_m2":2560,"r_m":28.5,"source":"国土数値情報 P13 都市公園","x":141.65,"y":-25743.85}},{"type":"Feature","geometry":{"type":"Point","coordinates":[139.81178,35.76817]},"properties":{"name":"弘道一丁目公園","area_m2":1186,"r_m":19.4,"source":"国土数値情報 P13 都市公園","x":-1948.8,"y":-25720.34}},{"type":"Feature","geometry":{"type":"Point","coordinates":[139.81525,35.76551]},"properties":{"name":"西綾瀬公園","area_m2":2229,"r_m":26.6,"source":"国土数値情報 P13 都市公園","x":-1635.11,"y":-26015.51}},{"type":"Feature","geometry":{"type":"Point","coordinates":[139.786205,35.794736]},"properties":{"name":"伊興三丁目公園","area_m2":1503,"r_m":21.9,"source":"国土数値情報 P13 都市公園","x":-4259.83,"y":-22772.14}},{"type":"Feature","geometry":{"type":"Point","coordinates":[139.8336,35.78904]},"properties":{"name":"辰沼二丁目公園","area_m2":1084,"r_m":18.6,"source":"国土数値情報 P13 都市公園","x":24.11,"y":-23405.16}},{"type":"Feature","geometry":{"type":"Point","coordinates":[139.794976,35.800457]},"properties":{"name":"竹北公園","area_m2":3041,"r_m":31.1,"source":"国土数値情報 P13 都市公園","x":-3466.8,"y":-22137.87}},{"type":"Feature","geometry":{"type":"Point","coordinates":[139.77155,35.80312]},"properties":{"name":"入谷日の出公園","area_m2":7012,"r_m":47.2,"source":"国土数値情報 P13 都市公園","x":-5583.87,"y":-21841.3}},{"type":"Feature","geometry":{"type":"Point","coordinates":[139.78441,35.78459]},"properties":{"name":"栗原中央公園","area_m2":2496,"r_m":28.2,"source":"国土数値情報 P13 都市公園","x":-4422.63,"y":-23897.75}},{"type":"Feature","geometry":{"type":"Point","coordinates":[139.82872,35.78537]},"properties":{"name":"北加平公園","area_m2":2850,"r_m":30.1,"source":"国土数値情報 P13 都市公園","x":-417.04,"y":-23812.31}},{"type":"Feature","geometry":{"type":"Point","coordinates":[139.79997,35.78535]},"properties":{"name":"島六ふれあい公園","area_m2":3804,"r_m":34.8,"source":"国土数値情報 P13 都市公園","x":-3015.99,"y":-23814.03}},{"type":"Feature","geometry":{"type":"Point","coordinates":[139.76239,35.77321]},"properties":{"name":"江北みどり公園","area_m2":1037,"r_m":18.2,"source":"国土数値情報 P13 都市公園","x":-6414.14,"y":-25159.08}},{"type":"Feature","geometry":{"type":"Point","coordinates":[139.78979,35.80494]},"properties":{"name":"東伊興淵之宮公園","area_m2":1955,"r_m":24.9,"source":"国土数値情報 P13 都市公園","x":-3935.28,"y":-21640.27}},{"type":"Feature","geometry":{"type":"Point","coordinates":[139.81229,35.76735]},"properties":{"name":"弘道いこい公園","area_m2":1735,"r_m":23.5,"source":"国土数値情報 P13 都市公園","x":-1902.71,"y":-25811.32}},{"type":"Feature","geometry":{"type":"Point","coordinates":[139.78841,35.79933]},"properties":{"name":"伊興北の根公園","area_m2":1028,"r_m":18.1,"source":"国土数値情報 P13 都市公園","x":-4060.28,"y":-22262.61}},{"type":"Feature","geometry":{"type":"Point","coordinates":[139.81664,35.76189]},"properties":{"name":"西綾瀬そよかぜ公園","area_m2":1223,"r_m":19.7,"source":"国土数値情報 P13 都市公園","x":-1509.49,"y":-26417.15}},{"type":"Feature","geometry":{"type":"Point","coordinates":[139.80762,35.77028]},"properties":{"name":"やよい公園","area_m2":1869,"r_m":24.4,"source":"国土数値情報 P13 都市公園","x":-2324.88,"y":-25486.16}},{"type":"Feature","geometry":{"type":"Point","coordinates":[139.75687,35.76376]},"properties":{"name":"宮城ゆうゆう公園","area_m2":13060,"r_m":64.5,"source":"国土数値情報 P13 都市公園","x":-6914.03,"y":-26207.12}},{"type":"Feature","geometry":{"type":"Point","coordinates":[139.82428,35.81145]},"properties":{"name":"桑袋記念公園","area_m2":2339,"r_m":27.3,"source":"国土数値情報 P13 都市公園","x":-818.14,"y":-20918.86}},{"type":"Feature","geometry":{"type":"Point","coordinates":[139.82355,35.81145]},"properties":{"name":"元蛇橋公園","area_m2":1448,"r_m":21.5,"source":"国土数値情報 P13 都市公園","x":-884.11,"y":-20918.85}},{"type":"Feature","geometry":{"type":"Point","coordinates":[139.78044,35.78367]},"properties":{"name":"西新井さくら公園","area_m2":1600,"r_m":22.6,"source":"国土数値情報 P13 都市公園","x":-4781.57,"y":-23999.64}},{"type":"Feature","geometry":{"type":"Point","coordinates":[139.752655,35.760704]},"properties":{"name":"宮城ファミリー公園","area_m2":9671,"r_m":55.5,"source":"国土数値情報 P13 都市公園","x":-7295.45,"y":-26545.8}},{"type":"Feature","geometry":{"type":"Point","coordinates":[139.800324,35.795106]},"properties":{"name":"西保木間一丁目公園","area_m2":1520,"r_m":22.0,"source":"国土数値情報 P13 都市公園","x":-2983.59,"y":-22731.67}},{"type":"Feature","geometry":{"type":"Point","coordinates":[139.82196,35.81035]},"properties":{"name":"桑袋ビオトープ公園","area_m2":8916,"r_m":53.3,"source":"国土数値情報 P13 都市公園","x":-1027.81,"y":-21040.88}},{"type":"Feature","geometry":{"type":"Point","coordinates":[139.76382,35.77639]},"properties":{"name":"上沼田南どんぐり公園","area_m2":2535,"r_m":28.4,"source":"国土数値情報 P13 都市公園","x":-6284.6,"y":-24806.37}},{"type":"Feature","geometry":{"type":"Point","coordinates":[139.78709,35.77462]},"properties":{"name":"西新井さかえ公園","area_m2":10220,"r_m":57.0,"source":"国土数値情報 P13 都市公園","x":-4180.88,"y":-25003.98}},{"type":"Feature","geometry":{"type":"Point","coordinates":[139.79543,35.76981]},"properties":{"name":"梅田五丁目フレンド公園","area_m2":1201,"r_m":19.6,"source":"国土数値情報 P13 都市公園","x":-3427.07,"y":-25537.94}},{"type":"Feature","geometry":{"type":"Point","coordinates":[139.84282,35.78624]},"properties":{"name":"佐野一丁目ゆめ公園","area_m2":1360,"r_m":20.8,"source":"国土数値情報 P13 都市公園","x":857.57,"y":-23715.76}},{"type":"Feature","geometry":{"type":"Point","coordinates":[139.82803,35.77292]},"properties":{"name":"綾瀬七丁目丘公園","area_m2":2107,"r_m":25.9,"source":"国土数値情報 P13 都市公園","x":-479.49,"y":-25193.56}},{"type":"Feature","geometry":{"type":"Point","coordinates":[139.793517,35.774298]},"properties":{"name":"亀田トレイン公園","area_m2":1785,"r_m":23.8,"source":"国土数値情報 P13 都市公園","x":-3599.82,"y":-25039.96}},{"type":"Feature","geometry":{"type":"Point","coordinates":[139.811152,35.753153]},"properties":{"name":"荒川日ノ出町緑地","area_m2":10132,"r_m":56.8,"source":"国土数値情報 P13 都市公園","x":-2005.93,"y":-27386.42}},{"type":"Feature","geometry":{"type":"Point","coordinates":[139.805,35.760287]},"properties":{"name":"荒川千住新橋緑地","area_m2":122673,"r_m":197.6,"source":"国土数値情報 P13 都市公園","x":-2562.12,"y":-26594.78}},{"type":"Feature","geometry":{"type":"Point","coordinates":[139.773095,35.755884]},"properties":{"name":"荒川江北橋緑地","area_m2":145826,"r_m":215.4,"source":"国土数値情報 P13 都市公園","x":-5447.42,"y":-27081.92}},{"type":"Feature","geometry":{"type":"Point","coordinates":[139.74841,35.775792]},"properties":{"name":"荒川鹿浜橋緑地","area_m2":8652,"r_m":52.5,"source":"国土数値情報 P13 都市公園","x":-7677.88,"y":-24871.58}},{"type":"Feature","geometry":{"type":"Point","coordinates":[139.794022,35.760688]},"properties":{"name":"荒川西新井橋緑地","area_m2":100048,"r_m":178.5,"source":"国土数値情報 P13 都市公園","x":-3554.77,"y":-26549.88}},{"type":"Feature","geometry":{"type":"Point","coordinates":[139.8734,35.76094]},"properties":{"name":"金町公園","area_m2":7546,"r_m":49.0,"source":"国土数値情報 P13 都市公園","x":3623.07,"y":-26521.94}},{"type":"Feature","geometry":{"type":"Point","coordinates":[139.84851,35.76771]},"properties":{"name":"亀有公園","area_m2":2547,"r_m":28.5,"source":"国土数値情報 P13 都市公園","x":1372.25,"y":-25771.48}},{"type":"Feature","geometry":{"type":"Point","coordinates":[139.83908,35.75465]},"properties":{"name":"上千葉公園","area_m2":9076,"r_m":53.7,"source":"国土数値情報 P13 都市公園","x":519.69,"y":-27220.5}},{"type":"Feature","geometry":{"type":"Point","coordinates":[139.85175,35.74948]},"properties":{"name":"青戸平和公園","area_m2":19531,"r_m":78.8,"source":"国土数値情報 P13 都市公園","x":1665.58,"y":-27793.93}},{"type":"Feature","geometry":{"type":"Point","coordinates":[139.84276,35.73556]},"properties":{"name":"渋江公園","area_m2":16422,"r_m":72.3,"source":"国土数値情報 P13 都市公園","x":852.69,"y":-29338.38}},{"type":"Feature","geometry":{"type":"Point","coordinates":[139.86009,35.75518]},"properties":{"name":"新宿公園","area_m2":1146,"r_m":19.1,"source":"国土数値情報 P13 都市公園","x":2419.67,"y":-27161.38}},{"type":"Feature","geometry":{"type":"Point","coordinates":[139.84084,35.74894]},"properties":{"name":"お花茶屋公園","area_m2":6283,"r_m":44.7,"source":"国土数値情報 P13 都市公園","x":678.9,"y":-27853.97}},{"type":"Feature","geometry":{"type":"Point","coordinates":[139.83089,35.74079]},"properties":{"name":"堀切公園","area_m2":853,"r_m":16.5,"source":"国土数値情報 P13 都市公園","x":-221.0,"y":-28758.18}},{"type":"Feature","geometry":{"type":"Point","coordinates":[139.84007,35.76528]},"properties":{"name":"砂原第一公園","area_m2":1648,"r_m":22.9,"source":"国土数値情報 P13 都市公園","x":609.14,"y":-26041.16}},{"type":"Feature","geometry":{"type":"Point","coordinates":[139.83812,35.76309]},"properties":{"name":"砂原第二公園","area_m2":2539,"r_m":28.4,"source":"国土数値情報 P13 都市公園","x":432.83,"y":-26284.14}},{"type":"Feature","geometry":{"type":"Point","coordinates":[139.84453,35.74971]},"properties":{"name":"白鳥公園","area_m2":1689,"r_m":23.2,"source":"国土数値情報 P13 都市公園","x":1012.61,"y":-27768.51}},{"type":"Feature","geometry":{"type":"Point","coordinates":[139.82544,35.76069]},"properties":{"name":"袋橋公園","area_m2":2345,"r_m":27.3,"source":"国土数値情報 P13 都市公園","x":-713.76,"y":-26550.38}},{"type":"Feature","geometry":{"type":"Point","coordinates":[139.824412,35.7577]},"properties":{"name":"白鷺公園","area_m2":2124,"r_m":26.0,"source":"国土数値情報 P13 都市公園","x":-806.79,"y":-26882.12}},{"type":"Feature","geometry":{"type":"Point","coordinates":[139.838442,35.760552]},"properties":{"name":"藤塚東公園","area_m2":1991,"r_m":25.2,"source":"国土数値情報 P13 都市公園","x":461.97,"y":-26565.73}},{"type":"Feature","geometry":{"type":"Point","coordinates":[139.83754,35.76048]},"properties":{"name":"藤塚西公園","area_m2":3065,"r_m":31.2,"source":"国土数値情報 P13 都市公園","x":380.39,"y":-26573.7}},{"type":"Feature","geometry":{"type":"Point","coordinates":[139.83693,35.75736]},"properties":{"name":"中道公園","area_m2":7477,"r_m":48.8,"source":"国土数値情報 P13 都市公園","x":325.25,"y":-26919.85}},{"type":"Feature","geometry":{"type":"Point","coordinates":[139.87207,35.74593]},"properties":{"name":"高砂南公園","area_m2":3495,"r_m":33.4,"source":"国土数値情報 P13 都市公園","x":3503.46,"y":-28187.24}},{"type":"Feature","geometry":{"type":"Point","coordinates":[139.87411,35.74851]},"properties":{"name":"高砂北公園","area_m2":16296,"r_m":72.0,"source":"国土数値情報 P13 都市公園","x":3687.84,"y":-27900.94}},{"type":"Feature","geometry":{"type":"Point","coordinates":[139.84187,35.75768]},"properties":{"name":"上千葉砂原公園","area_m2":19986,"r_m":79.8,"source":"国土数値情報 P13 都市公園","x":771.97,"y":-26884.32}},{"type":"Feature","geometry":{"type":"Point","coordinates":[139.84003,35.76185]},"properties":{"name":"稲荷公園","area_m2":1328,"r_m":20.6,"source":"国土数値情報 P13 都市公園","x":605.55,"y":-26421.7}},{"type":"Feature","geometry":{"type":"Point","coordinates":[139.86375,35.73697]},"properties":{"name":"上入公園","area_m2":3087,"r_m":31.3,"source":"国土数値情報 P13 都市公園","x":2751.28,"y":-29181.56}},{"type":"Feature","geometry":{"type":"Point","coordinates":[139.86572,35.73247]},"properties":{"name":"南奥戸公園","area_m2":2944,"r_m":30.6,"source":"国土数値情報 P13 都市公園","x":2929.64,"y":-29680.75}},{"type":"Feature","geometry":{"type":"Point","coordinates":[139.86671,35.73731]},"properties":{"name":"北沼公園","area_m2":9601,"r_m":55.3,"source":"国土数値情報 P13 都市公園","x":3019.01,"y":-29143.75}},{"type":"Feature","geometry":{"type":"Point","coordinates":[139.86469,35.7605]},"properties":{"name":"新宿交通公園","area_m2":11530,"r_m":60.6,"source":"国土数値情報 P13 都市公園","x":2835.47,"y":-26571.04}},{"type":"Feature","geometry":{"type":"Point","coordinates":[139.8362,35.73346]},"properties":{"name":"四つ木公園","area_m2":4919,"r_m":39.6,"source":"国土数値情報 P13 都市公園","x":259.31,"y":-29571.39}},{"type":"Feature","geometry":{"type":"Point","coordinates":[139.86209,35.74612]},"properties":{"name":"新中川通水記念公園","area_m2":1286,"r_m":20.2,"source":"国土数値情報 P13 都市公園","x":2600.83,"y":-28166.48}},{"type":"Feature","geometry":{"type":"Point","coordinates":[139.86075,35.7425]},"properties":{"name":"諏訪野公園","area_m2":1524,"r_m":22.0,"source":"国土数値情報 P13 都市公園","x":2479.75,"y":-28568.13}},{"type":"Feature","geometry":{"type":"Point","coordinates":[139.86853,35.73252]},"properties":{"name":"会野公園","area_m2":1000,"r_m":17.8,"source":"国土数値情報 P13 都市公園","x":3183.82,"y":-29675.11}},{"type":"Feature","geometry":{"type":"Point","coordinates":[139.85295,35.75925]},"properties":{"name":"西青戸公園","area_m2":2383,"r_m":27.5,"source":"国土数値情報 P13 都市公園","x":1773.89,"y":-26709.99}},{"type":"Feature","geometry":{"type":"Point","coordinates":[139.84441,35.7557]},"properties":{"name":"白鳥北公園","area_m2":2163,"r_m":26.2,"source":"国土数値情報 P13 都市公園","x":1001.68,"y":-27103.96}},{"type":"Feature","geometry":{"type":"Point","coordinates":[139.86478,35.73994]},"properties":{"name":"三和公園","area_m2":3943,"r_m":35.4,"source":"国土数値情報 P13 都市公園","x":2844.34,"y":-28852.03}},{"type":"Feature","geometry":{"type":"Point","coordinates":[139.85017,35.76183]},"properties":{"name":"前津公園","area_m2":1205,"r_m":19.6,"source":"国土数値情報 P13 都市公園","x":1522.46,"y":-26423.81}},{"type":"Feature","geometry":{"type":"Point","coordinates":[139.83537,35.74737]},"properties":{"name":"宝町公園","area_m2":2007,"r_m":25.3,"source":"国土数値情報 P13 都市公園","x":184.2,"y":-28028.18}},{"type":"Feature","geometry":{"type":"Point","coordinates":[139.84296,35.73875]},"properties":{"name":"本田公園","area_m2":794,"r_m":15.9,"source":"国土数値情報 P13 都市公園","x":870.74,"y":-28984.47}},{"type":"Feature","geometry":{"type":"Point","coordinates":[139.84644,35.74824]},"properties":{"name":"白鳥南公園","area_m2":1571,"r_m":22.4,"source":"国土数値情報 P13 都市公園","x":1185.37,"y":-27931.58}},{"type":"Feature","geometry":{"type":"Point","coordinates":[139.85214,35.72126]},"properties":{"name":"上平井公園","area_m2":2641,"r_m":29.0,"source":"国土数値情報 P13 都市公園","x":1701.46,"y":-30924.74}},{"type":"Feature","geometry":{"type":"Point","coordinates":[139.82614,35.7424]},"properties":{"name":"堀切菖蒲園","area_m2":7736,"r_m":49.6,"source":"国土数値情報 P13 都市公園","x":-650.62,"y":-28579.54}},{"type":"Feature","geometry":{"type":"Point","coordinates":[139.84167,35.74112]},"properties":{"name":"梅本公園","area_m2":1155,"r_m":19.2,"source":"国土数値情報 P13 都市公園","x":754.04,"y":-28721.54}},{"type":"Feature","geometry":{"type":"Point","coordinates":[139.86566,35.73141]},"properties":{"name":"南奥戸第二公園","area_m2":3435,"r_m":33.1,"source":"国土数値情報 P13 都市公園","x":2924.25,"y":-29798.35}},{"type":"Feature","geometry":{"type":"Point","coordinates":[139.86186,35.72294]},"properties":{"name":"上小松公園","area_m2":1186,"r_m":19.4,"source":"国土数値情報 P13 都市公園","x":2580.78,"y":-30738.14}},{"type":"Feature","geometry":{"type":"Point","coordinates":[139.85934,35.78105]},"properties":{"name":"水元中央公園","area_m2":42671,"r_m":116.5,"source":"国土数値情報 P13 都市公園","x":2351.09,"y":-24291.29}},{"type":"Feature","geometry":{"type":"Point","coordinates":[139.86523,35.75638]},"properties":{"name":"住吉公園","area_m2":997,"r_m":17.8,"source":"国土数値情報 P13 都市公園","x":2884.45,"y":-27028.11}},{"type":"Feature","geometry":{"type":"Point","coordinates":[139.87289,35.7557]},"properties":{"name":"矢付公園","area_m2":811,"r_m":16.1,"source":"国土数値情報 P13 都市公園","x":3577.18,"y":-27103.3}},{"type":"Feature","geometry":{"type":"Point","coordinates":[139.84283,35.76094]},"properties":{"name":"砂原第三公園","area_m2":1816,"r_m":24.0,"source":"国土数値情報 P13 都市公園","x":858.75,"y":-26522.64}},{"type":"Feature","geometry":{"type":"Point","coordinates":[139.83279,35.7445]},"properties":{"name":"堀切東公園","area_m2":940,"r_m":17.3,"source":"国土数値情報 P13 都市公園","x":-49.14,"y":-28346.59}},{"type":"Feature","geometry":{"type":"Point","coordinates":[139.82381,35.75499]},"properties":{"name":"小菅三丁目公園","area_m2":1600,"r_m":22.6,"source":"国土数値情報 P13 都市公園","x":-861.22,"y":-27182.75}},{"type":"Feature","geometry":{"type":"Point","coordinates":[139.86755,35.7139]},"properties":{"name":"松南公園","area_m2":922,"r_m":17.1,"source":"国土数値情報 P13 都市公園","x":3095.9,"y":-31740.9}},{"type":"Feature","geometry":{"type":"Point","coordinates":[139.838353,35.758069]},"properties":{"name":"西亀有せせらぎ公園","area_m2":8500,"r_m":52.0,"source":"国土数値情報 P13 都市公園","x":453.96,"y":-26841.15}},{"type":"Feature","geometry":{"type":"Point","coordinates":[139.87061,35.77782]},"properties":{"name":"東水元公園","area_m2":3393,"r_m":32.9,"source":"国土数値情報 P13 都市公園","x":3370.07,"y":-24649.31}},{"type":"Feature","geometry":{"type":"Point","coordinates":[139.86511,35.79117]},"properties":{"name":"上新記念公園","area_m2":1007,"r_m":17.9,"source":"国土数値情報 P13 都市公園","x":2872.35,"y":-23168.38}},{"type":"Feature","geometry":{"type":"Point","coordinates":[139.83977,35.75325]},"properties":{"name":"上千葉南公園","area_m2":1188,"r_m":19.4,"source":"国土数値情報 P13 都市公園","x":582.1,"y":-27375.81}},{"type":"Feature","geometry":{"type":"Point","coordinates":[139.8679,35.77879]},"properties":{"name":"東水元みどり公園","area_m2":2005,"r_m":25.3,"source":"国土数値情報 P13 都市公園","x":3125.03,"y":-24541.78}},{"type":"Feature","geometry":{"type":"Point","coordinates":[139.8669,35.72442]},"properties":{"name":"東新小岩二丁目公園","area_m2":1418,"r_m":21.2,"source":"国土数値情報 P13 都市公園","x":3036.69,"y":-30573.8}},{"type":"Feature","geometry":{"type":"Point","coordinates":[139.86696,35.79181]},"properties":{"name":"熊野公園","area_m2":1860,"r_m":24.3,"source":"国土数値情報 P13 都市公園","x":3039.55,"y":-23097.32}},{"type":"Feature","geometry":{"type":"Point","coordinates":[139.83939,35.73449]},"properties":{"name":"東四つ木公園","area_m2":1630,"r_m":22.8,"source":"国土数値情報 P13 都市公園","x":547.86,"y":-29457.11}},{"type":"Feature","geometry":{"type":"Point","coordinates":[139.8541,35.7286]},"properties":{"name":"奥戸南汐公園","area_m2":1675,"r_m":23.1,"source":"国土数値情報 P13 都市公園","x":1878.61,"y":-30110.38}},{"type":"Feature","geometry":{"type":"Point","coordinates":[139.86386,35.79359]},"properties":{"name":"圦妻公園","area_m2":4081,"r_m":36.0,"source":"国土数値情報 P13 都市公園","x":2759.28,"y":-22899.93}},{"type":"Feature","geometry":{"type":"Point","coordinates":[139.85384,35.78519]},"properties":{"name":"西水元宮田公園","area_m2":2530,"r_m":28.4,"source":"国土数値情報 P13 都市公園","x":1853.77,"y":-23832.1}},{"type":"Feature","geometry":{"type":"Point","coordinates":[139.85378,35.7156]},"properties":{"name":"新小岩公園","area_m2":47485,"r_m":122.9,"source":"国土数値情報 P13 都市公園","x":1849.96,"y":-31552.64}},{"type":"Feature","geometry":{"type":"Point","coordinates":[139.84355,35.7308]},"properties":{"name":"渋江東公園","area_m2":1989,"r_m":25.2,"source":"国土数値情報 P13 都市公園","x":924.2,"y":-29866.46}},{"type":"Feature","geometry":{"type":"Point","coordinates":[139.86406,35.75218]},"properties":{"name":"高砂やちよ公園","area_m2":1026,"r_m":18.1,"source":"国土数値情報 P13 都市公園","x":2778.79,"y":-27494.11}},{"type":"Feature","geometry":{"type":"Point","coordinates":[139.842496,35.753972]},"properties":{"name":"柳田公園","area_m2":1066,"r_m":18.4,"source":"国土数値情報 P13 都市公園","x":828.59,"y":-27295.69}},{"type":"Feature","geometry":{"type":"Point","coordinates":[139.86209,35.73708]},"properties":{"name":"総合スポーツセンター運動公園","area_m2":48503,"r_m":124.3,"source":"国土数値情報 P13 都市公園","x":2601.13,"y":-29169.4}},{"type":"Feature","geometry":{"type":"Point","coordinates":[139.84607,35.73274]},"properties":{"name":"かわばた公園","area_m2":2308,"r_m":27.1,"source":"国土数値情報 P13 都市公園","x":1152.13,"y":-29651.2}},{"type":"Feature","geometry":{"type":"Point","coordinates":[139.86179,35.72931]},"properties":{"name":"奥戸しらさぎ公園","area_m2":871,"r_m":16.7,"source":"国土数値情報 P13 都市公園","x":2574.24,"y":-30031.44}},{"type":"Feature","geometry":{"type":"Point","coordinates":[139.84917,35.75177]},"properties":{"name":"白鳥東公園","area_m2":821,"r_m":16.2,"source":"国土数値情報 P13 都市公園","x":1432.21,"y":-27539.91}},{"type":"Feature","geometry":{"type":"Point","coordinates":[139.84581,35.74297]},"properties":{"name":"立石五丁目公園","area_m2":1667,"r_m":23.0,"source":"国土数値情報 P13 都市公園","x":1128.47,"y":-28516.26}},{"type":"Feature","geometry":{"type":"Point","coordinates":[139.82545,35.75425]},"properties":{"name":"小菅めぐみ公園","area_m2":1659,"r_m":23.0,"source":"国土数値情報 P13 都市公園","x":-712.92,"y":-27264.86}},{"type":"Feature","geometry":{"type":"Point","coordinates":[139.84903,35.75724]},"properties":{"name":"亀有二丁目公園","area_m2":1225,"r_m":19.7,"source":"国土数値情報 P13 都市公園","x":1419.45,"y":-26933.05}},{"type":"Feature","geometry":{"type":"Point","coordinates":[139.85139,35.74197]},"properties":{"name":"立石七丁目公園","area_m2":1251,"r_m":20.0,"source":"国土数値情報 P13 都市公園","x":1633.18,"y":-28627.12}},{"type":"Feature","geometry":{"type":"Point","coordinates":[139.817847,35.751096]},"properties":{"name":"荒川小菅緑地公園","area_m2":21300,"r_m":82.3,"source":"国土数値情報 P13 都市公園","x":-1400.5,"y":-27614.71}},{"type":"Feature","geometry":{"type":"Point","coordinates":[139.85562,35.7552]},"properties":{"name":"西城址公園","area_m2":1796,"r_m":23.9,"source":"国土数値情報 P13 都市公園","x":2015.44,"y":-27159.26}},{"type":"Feature","geometry":{"type":"Point","coordinates":[139.8597,35.7748]},"properties":{"name":"みよし公園","area_m2":1730,"r_m":23.5,"source":"国土数値情報 P13 都市公園","x":2383.82,"y":-24984.68}},{"type":"Feature","geometry":{"type":"Point","coordinates":[139.85492,35.75498]},"properties":{"name":"御殿山公園","area_m2":2500,"r_m":28.2,"source":"国土数値情報 P13 都市公園","x":1952.14,"y":-27183.68}},{"type":"Feature","geometry":{"type":"Point","coordinates":[139.83284,35.75971]},"properties":{"name":"西亀有なかよし公園","area_m2":1546,"r_m":22.2,"source":"国土数値情報 P13 都市公園","x":-44.61,"y":-26659.14}},{"type":"Feature","geometry":{"type":"Point","coordinates":[139.84442,35.75282]},"properties":{"name":"白鳥わかば公園","area_m2":1050,"r_m":18.3,"source":"国土数値情報 P13 都市公園","x":1002.62,"y":-27423.48}},{"type":"Feature","geometry":{"type":"Point","coordinates":[139.87389,35.77571]},"properties":{"name":"東金町四丁目平成公園","area_m2":1680,"r_m":23.1,"source":"国土数値情報 P13 都市公園","x":3666.7,"y":-24883.28}},{"type":"Feature","geometry":{"type":"Point","coordinates":[139.87604,35.74914]},"properties":{"name":"鎌倉公園","area_m2":8658,"r_m":52.5,"source":"国土数値情報 P13 都市公園","x":3862.36,"y":-27830.97}},{"type":"Feature","geometry":{"type":"Point","coordinates":[139.86407,35.73053]},"properties":{"name":"西井堀公園","area_m2":1800,"r_m":23.9,"source":"国土数値情報 P13 都市公園","x":2780.45,"y":-29896.02}},{"type":"Feature","geometry":{"type":"Point","coordinates":[139.86493,35.72876]},"properties":{"name":"奥戸東公園","area_m2":600,"r_m":13.8,"source":"国土数値情報 P13 都市公園","x":2858.31,"y":-30092.37}},{"type":"Feature","geometry":{"type":"Point","coordinates":[139.845694,35.761315]},"properties":{"name":"曳舟川親水公園","area_m2":31892,"r_m":100.8,"source":"国土数値情報 P13 都市公園","x":1117.68,"y":-26480.99}},{"type":"Feature","geometry":{"type":"Point","coordinates":[139.8799,35.75739]},"properties":{"name":"柴又公園","area_m2":51670,"r_m":128.2,"source":"国土数値情報 P13 都市公園","x":4211.02,"y":-26915.53}},{"type":"Feature","geometry":{"type":"Point","coordinates":[139.84023,35.72953]},"properties":{"name":"木根川中央公園","area_m2":2778,"r_m":29.7,"source":"国土数値情報 P13 都市公園","x":623.88,"y":-30007.38}},{"type":"Feature","geometry":{"type":"Point","coordinates":[139.86691,35.77587]},"properties":{"name":"こあい公園","area_m2":1113,"r_m":18.8,"source":"国土数値情報 P13 都市公園","x":3035.64,"y":-24865.77}},{"type":"Feature","geometry":{"type":"Point","coordinates":[139.85249,35.786]},"properties":{"name":"西水元つばき公園","area_m2":917,"r_m":17.1,"source":"国土数値情報 P13 都市公園","x":1731.72,"y":-23742.26}},{"type":"Feature","geometry":{"type":"Point","coordinates":[139.86436,35.77872]},"properties":{"name":"すなおし公園","area_m2":1183,"r_m":19.4,"source":"国土数値情報 P13 都市公園","x":2804.99,"y":-24549.65}},{"type":"Feature","geometry":{"type":"Point","coordinates":[139.858317,35.722029]},"properties":{"name":"西井堀せせらぎパーク","area_m2":3968,"r_m":35.5,"source":"国土数値情報 P13 都市公園","x":2260.27,"y":-30839.31}},{"type":"Feature","geometry":{"type":"Point","coordinates":[139.86755,35.72842]},"properties":{"name":"奥四あおぞら公園","area_m2":613,"r_m":14.0,"source":"国土数値情報 P13 都市公園","x":3095.33,"y":-30130.01}},{"type":"Feature","geometry":{"type":"Point","coordinates":[139.85017,35.73498]},"properties":{"name":"はら公園","area_m2":1003,"r_m":17.9,"source":"国土数値情報 P13 都市公園","x":1522.97,"y":-29402.63}},{"type":"Feature","geometry":{"type":"Point","coordinates":[139.84491,35.72365]},"properties":{"name":"外谷汐入庭園","area_m2":1028,"r_m":18.1,"source":"国土数値情報 P13 都市公園","x":1047.32,"y":-30659.68}},{"type":"Feature","geometry":{"type":"Point","coordinates":[139.813397,35.757411]},"properties":{"name":"小菅万葉公園","area_m2":1050,"r_m":18.3,"source":"国土数値情報 P13 都市公園","x":-1802.88,"y":-26914.06}},{"type":"Feature","geometry":{"type":"Point","coordinates":[139.86203,35.7658]},"properties":{"name":"にいじゅくプレイパーク","area_m2":3096,"r_m":31.4,"source":"国土数値情報 P13 都市公園","x":2594.77,"y":-25983.11}},{"type":"Feature","geometry":{"type":"Point","coordinates":[139.85918,35.7769]},"properties":{"name":"いいづか公園","area_m2":3117,"r_m":31.5,"source":"国土数値情報 P13 都市公園","x":2336.74,"y":-24751.71}},{"type":"Feature","geometry":{"type":"Point","coordinates":[139.82921,35.74284]},"properties":{"name":"堀切二丁目公園","area_m2":1028,"r_m":18.1,"source":"国土数値情報 P13 都市公園","x":-372.94,"y":-28530.74}},{"type":"Feature","geometry":{"type":"Point","coordinates":[139.87361,35.74109]},"properties":{"name":"細田公園","area_m2":1076,"r_m":18.5,"source":"国土数値情報 P13 都市公園","x":3642.96,"y":-28724.15}},{"type":"Feature","geometry":{"type":"Point","coordinates":[139.83575,35.73805]},"properties":{"name":"四つ木四丁目公園","area_m2":2594,"r_m":28.7,"source":"国土数値情報 P13 都市公園","x":218.59,"y":-29062.17}},{"type":"Feature","geometry":{"type":"Point","coordinates":[139.86987,35.76555]},"properties":{"name":"金町二丁目ときわ公園","area_m2":783,"r_m":15.8,"source":"国土数値情報 P13 都市公園","x":3303.67,"y":-26010.61}},{"type":"Feature","geometry":{"type":"Point","coordinates":[139.84688,35.76614]},"properties":{"name":"亀有リリオパーク","area_m2":2285,"r_m":27.0,"source":"国土数値情報 P13 都市公園","x":1224.89,"y":-25945.69}},{"type":"Feature","geometry":{"type":"Point","coordinates":[139.84795,35.79354]},"properties":{"name":"西水元つばさ公園","area_m2":800,"r_m":16.0,"source":"国土数値情報 P13 都市公園","x":1321.19,"y":-22905.81}},{"type":"Feature","geometry":{"type":"Point","coordinates":[139.824599,35.740073]},"properties":{"name":"堀切水辺公園","area_m2":26477,"r_m":91.8,"source":"国土数値情報 P13 都市公園","x":-790.05,"y":-28837.67}},{"type":"Feature","geometry":{"type":"Point","coordinates":[139.85352,35.72459]},"properties":{"name":"東新小岩七丁目エンゼルパーク","area_m2":718,"r_m":15.1,"source":"国土数値情報 P13 都市公園","x":1826.23,"y":-30555.27}},{"type":"Feature","geometry":{"type":"Point","coordinates":[139.85086,35.7817]},"properties":{"name":"水元飯塚公園","area_m2":1706,"r_m":23.3,"source":"国土数値情報 P13 都市公園","x":1584.45,"y":-24219.34}},{"type":"Feature","geometry":{"type":"Point","coordinates":[139.86739,35.767]},"properties":{"name":"金町末広公園","area_m2":1075,"r_m":18.5,"source":"国土数値情報 P13 都市公園","x":3079.37,"y":-25849.82}},{"type":"Feature","geometry":{"type":"Point","coordinates":[139.86272,35.7562]},"properties":{"name":"高砂七丁目公園","area_m2":2321,"r_m":27.2,"source":"国土数値情報 P13 都市公園","x":2657.48,"y":-27048.15}},{"type":"Feature","geometry":{"type":"Point","coordinates":[139.86855,35.76166]},"properties":{"name":"金町ときわ公園","area_m2":989,"r_m":17.7,"source":"国土数値情報 P13 都市公園","x":3184.47,"y":-26442.23}},{"type":"Feature","geometry":{"type":"Point","coordinates":[139.84785,35.75473]},"properties":{"name":"白鳥四丁目公園","area_m2":1029,"r_m":18.1,"source":"国土数値情報 P13 都市公園","x":1312.79,"y":-27211.54}},{"type":"Feature","geometry":{"type":"Point","coordinates":[139.86739,35.76019]},"properties":{"name":"柴又二丁目公園","area_m2":910,"r_m":17.0,"source":"国土数値情報 P13 都市公園","x":3079.64,"y":-26605.35}},{"type":"Feature","geometry":{"type":"Point","coordinates":[139.85217,35.78827]},"properties":{"name":"西水元三丁目公園","area_m2":1041,"r_m":18.2,"source":"国土数値情報 P13 都市公園","x":1702.74,"y":-23490.42}},{"type":"Feature","geometry":{"type":"Point","coordinates":[139.85542,35.78698]},"properties":{"name":"西水元五丁目公園","area_m2":764,"r_m":15.6,"source":"国土数値情報 P13 都市公園","x":1996.56,"y":-23633.48}},{"type":"Feature","geometry":{"type":"Point","coordinates":[139.86856,35.785]},"properties":{"name":"したて公園","area_m2":1261,"r_m":20.0,"source":"国土数値情報 P13 都市公園","x":3184.45,"y":-23852.8}},{"type":"Feature","geometry":{"type":"Point","coordinates":[139.84721,35.79103]},"properties":{"name":"西水元猿西公園","area_m2":583,"r_m":13.6,"source":"国土数値情報 P13 都市公園","x":1254.34,"y":-23184.29}},{"type":"Feature","geometry":{"type":"Point","coordinates":[139.86006,35.7342]},"properties":{"name":"奥戸二丁目公園","area_m2":1823,"r_m":24.1,"source":"国土数値情報 P13 都市公園","x":2417.59,"y":-29488.97}},{"type":"Feature","geometry":{"type":"Point","coordinates":[139.83037,35.75422]},"properties":{"name":"南綾瀬中央公園","area_m2":761,"r_m":15.6,"source":"国土数値情報 P13 都市公園","x":-267.98,"y":-27268.21}},{"type":"Feature","geometry":{"type":"Point","coordinates":[139.86995,35.73738]},"properties":{"name":"奥戸フラワーパーク","area_m2":2026,"r_m":25.4,"source":"国土数値情報 P13 都市公園","x":3312.07,"y":-29135.88}},{"type":"Feature","geometry":{"type":"Point","coordinates":[139.84909,35.72277]},"properties":{"name":"西新小岩公園","area_m2":3376,"r_m":32.8,"source":"国土数値情報 P13 都市公園","x":1425.49,"y":-30757.26}},{"type":"Feature","geometry":{"type":"Point","coordinates":[139.846928,35.786237]},"properties":{"name":"西水元水辺の公園","area_m2":31199,"r_m":99.7,"source":"国土数値情報 P13 都市公園","x":1228.91,"y":-23716.1}},{"type":"Feature","geometry":{"type":"Point","coordinates":[139.86908,35.74193]},"properties":{"name":"細田三丁目せせらぎ公園","area_m2":1020,"r_m":18.0,"source":"国土数値情報 P13 都市公園","x":3233.2,"y":-28631.12}},{"type":"Feature","geometry":{"type":"Point","coordinates":[139.85326,35.73215]},"properties":{"name":"東立石緑地公園","area_m2":29441,"r_m":96.8,"source":"国土数値情報 P13 都市公園","x":1802.54,"y":-29716.55}},{"type":"Feature","geometry":{"type":"Point","coordinates":[139.84157,35.73774]},"properties":{"name":"本田第二公園","area_m2":991,"r_m":17.8,"source":"国土数値情報 P13 都市公園","x":745.02,"y":-29096.53}},{"type":"Feature","geometry":{"type":"Point","coordinates":[139.861739,35.721949]},"properties":{"name":"東新小岩一丁目公園","area_m2":838,"r_m":16.3,"source":"国土数値情報 P13 都市公園","x":2569.89,"y":-30848.14}},{"type":"Feature","geometry":{"type":"Point","coordinates":[139.85947,35.79064]},"properties":{"name":"白ゆり公園","area_m2":1999,"r_m":25.2,"source":"国土数値情報 P13 都市公園","x":2362.55,"y":-23227.33}},{"type":"Feature","geometry":{"type":"Point","coordinates":[139.87981,35.74467]},"properties":{"name":"まんだら公園","area_m2":2224,"r_m":26.6,"source":"国土数値情報 P13 都市公園","x":4203.55,"y":-28326.73}},{"type":"Feature","geometry":{"type":"Point","coordinates":[139.87627,35.70686]},"properties":{"name":"大杉公園","area_m2":2668,"r_m":29.1,"source":"国土数値情報 P13 都市公園","x":3885.22,"y":-32521.62}},{"type":"Feature","geometry":{"type":"Point","coordinates":[139.85059,35.70389]},"properties":{"name":"逆井公園","area_m2":1722,"r_m":23.4,"source":"国土数値情報 P13 都市公園","x":1561.56,"y":-32851.84}},{"type":"Feature","geometry":{"type":"Point","coordinates":[139.858728,35.671865]},"properties":{"name":"行船公園","area_m2":29752,"r_m":97.3,"source":"国土数値情報 P13 都市公園","x":2298.93,"y":-36404.63}},{"type":"Feature","geometry":{"type":"Point","coordinates":[139.84462,35.70319]},"properties":{"name":"平井公園","area_m2":4212,"r_m":36.6,"source":"国土数値情報 P13 都市公園","x":1021.34,"y":-32929.57}},{"type":"Feature","geometry":{"type":"Point","coordinates":[139.85498,35.67935]},"properties":{"name":"宇喜田川公園","area_m2":2073,"r_m":25.7,"source":"国土数値情報 P13 都市公園","x":1959.42,"y":-35574.28}},{"type":"Feature","geometry":{"type":"Point","coordinates":[139.88673,35.74622]},"properties":{"name":"小岩公園","area_m2":9601,"r_m":55.3,"source":"国土数値情報 P13 都市公園","x":4829.34,"y":-28154.45}},{"type":"Feature","geometry":{"type":"Point","coordinates":[139.88155,35.73639]},"properties":{"name":"西小岩公園","area_m2":1980,"r_m":25.1,"source":"国土数値情報 P13 都市公園","x":4361.38,"y":-29245.26}},{"type":"Feature","geometry":{"type":"Point","coordinates":[139.887697,35.680879]},"properties":{"name":"今井児童交通公園","area_m2":9290,"r_m":54.4,"source":"国土数値情報 P13 都市公園","x":4920.77,"y":-35403.52}},{"type":"Feature","geometry":{"type":"Point","coordinates":[139.88275,35.68234]},"properties":{"name":"西瑞江公園","area_m2":2503,"r_m":28.2,"source":"国土数値情報 P13 都市公園","x":4472.94,"y":-35241.65}},{"type":"Feature","geometry":{"type":"Point","coordinates":[139.837596,35.714927]},"properties":{"name":"平井七丁目公園","area_m2":2040,"r_m":25.5,"source":"国土数値情報 P13 都市公園","x":385.67,"y":-31627.51}},{"type":"Feature","geometry":{"type":"Point","coordinates":[139.86462,35.6773]},"properties":{"name":"宇喜田第一公園","area_m2":1007,"r_m":17.9,"source":"国土数値情報 P13 都市公園","x":2832.09,"y":-35801.47}},{"type":"Feature","geometry":{"type":"Point","coordinates":[139.905033,35.684558]},"properties":{"name":"くつろぎの家公園","area_m2":2863,"r_m":30.2,"source":"国土数値情報 P13 都市公園","x":6489.67,"y":-34994.3}},{"type":"Feature","geometry":{"type":"Point","coordinates":[139.91298,35.70563]},"properties":{"name":"中篠崎公園","area_m2":2819,"r_m":30.0,"source":"国土数値情報 P13 都市公園","x":7207.11,"y":-32656.01}},{"type":"Feature","geometry":{"type":"Point","coordinates":[139.8692,35.70488]},"properties":{"name":"中央一丁目公園","area_m2":1262,"r_m":20.0,"source":"国土数値情報 P13 都市公園","x":3245.55,"y":-32741.55}},{"type":"Feature","geometry":{"type":"Point","coordinates":[139.86302,35.70788]},"properties":{"name":"松島二丁目公園","area_m2":559,"r_m":13.3,"source":"国土数値情報 P13 都市公園","x":2686.23,"y":-32408.91}},{"type":"Feature","geometry":{"type":"Point","coordinates":[139.86632,35.70511]},"properties":{"name":"東小松川公園","area_m2":3145,"r_m":31.6,"source":"国土数値情報 P13 都市公園","x":2984.93,"y":-32716.12}},{"type":"Feature","geometry":{"type":"Point","coordinates":[139.8761,35.72288]},"properties":{"name":"興宮公園","area_m2":1194,"r_m":19.5,"source":"国土数値情報 P13 都市公園","x":3869.06,"y":-30744.33}},{"type":"Feature","geometry":{"type":"Point","coordinates":[139.839391,35.702265]},"properties":{"name":"平井三丁目公園","area_m2":3902,"r_m":35.2,"source":"国土数値情報 P13 都市公園","x":548.2,"y":-33032.21}},{"type":"Feature","geometry":{"type":"Point","coordinates":[139.83841,35.7163]},"properties":{"name":"平井七丁目北公園","area_m2":824,"r_m":16.2,"source":"国土数値情報 P13 都市公園","x":459.32,"y":-31475.16}},{"type":"Feature","geometry":{"type":"Point","coordinates":[139.870716,35.706604]},"properties":{"name":"中央一丁目東公園","area_m2":1468,"r_m":21.6,"source":"国土数値情報 P13 都市公園","x":3382.65,"y":-32550.27}},{"type":"Feature","geometry":{"type":"Point","coordinates":[139.853155,35.703679]},"properties":{"name":"小松川運動公園","area_m2":40328,"r_m":113.3,"source":"国土数値情報 P13 都市公園","x":1793.71,"y":-32875.17}},{"type":"Feature","geometry":{"type":"Point","coordinates":[139.84755,35.70931]},"properties":{"name":"平井四丁目公園","area_m2":604,"r_m":13.9,"source":"国土数値情報 P13 都市公園","x":1286.39,"y":-32250.57}},{"type":"Feature","geometry":{"type":"Point","coordinates":[139.91656,35.69706]},"properties":{"name":"東篠崎公園","area_m2":2152,"r_m":26.2,"source":"国土数値情報 P13 都市公園","x":7531.87,"y":-33606.52}},{"type":"Feature","geometry":{"type":"Point","coordinates":[139.86516,35.69133]},"properties":{"name":"東小松川南公園","area_m2":4098,"r_m":36.1,"source":"国土数値情報 P13 都市公園","x":2880.46,"y":-34244.94}},{"type":"Feature","geometry":{"type":"Point","coordinates":[139.90663,35.68879]},"properties":{"name":"江戸川一丁目公園","area_m2":991,"r_m":17.8,"source":"国土数値情報 P13 都市公園","x":6633.9,"y":-34524.73}},{"type":"Feature","geometry":{"type":"Point","coordinates":[139.86098,35.68035]},"properties":{"name":"新川休養公園","area_m2":938,"r_m":17.3,"source":"国土数値情報 P13 都市公園","x":2502.5,"y":-35463.2}},{"type":"Feature","geometry":{"type":"Point","coordinates":[139.88521,35.70621]},"properties":{"name":"瀬戸口公園","area_m2":3933,"r_m":35.4,"source":"国土数値情報 P13 都市公園","x":4694.21,"y":-32593.35}},{"type":"Feature","geometry":{"type":"Point","coordinates":[139.88577,35.70261]},"properties":{"name":"穀倉公園","area_m2":2205,"r_m":26.5,"source":"国土数値情報 P13 都市公園","x":4745.1,"y":-32992.71}},{"type":"Feature","geometry":{"type":"Point","coordinates":[139.89418,35.73675]},"properties":{"name":"小岩の森公園","area_m2":1895,"r_m":24.6,"source":"国土数値情報 P13 都市公園","x":5503.78,"y":-29204.69}},{"type":"Feature","geometry":{"type":"Point","coordinates":[139.85313,35.67005]},"properties":{"name":"小島公園","area_m2":2820,"r_m":30.0,"source":"国土数値情報 P13 都市公園","x":1792.17,"y":-36606.07}},{"type":"Feature","geometry":{"type":"Point","coordinates":[139.8703,35.66569]},"properties":{"name":"長島一号公園","area_m2":3938,"r_m":35.4,"source":"国土数値情報 P13 都市公園","x":3346.73,"y":-37089.33}},{"type":"Feature","geometry":{"type":"Point","coordinates":[139.89069,35.70591]},"properties":{"name":"高田公園","area_m2":3637,"r_m":34.0,"source":"国土数値情報 P13 都市公園","x":5190.1,"y":-32626.35}},{"type":"Feature","geometry":{"type":"Point","coordinates":[139.89293,35.70337]},"properties":{"name":"八石公園","area_m2":2322,"r_m":27.2,"source":"国土数値情報 P13 都市公園","x":5392.97,"y":-32908.03}},{"type":"Feature","geometry":{"type":"Point","coordinates":[139.8911,35.69288]},"properties":{"name":"瑞江公園","area_m2":3097,"r_m":31.4,"source":"国土数値情報 P13 都市公園","x":5228.05,"y":-34071.91}},{"type":"Feature","geometry":{"type":"Point","coordinates":[139.895345,35.7304]},"properties":{"name":"小岩緑地","area_m2":420964,"r_m":366.1,"source":"国土数値情報 P13 都市公園","x":5609.65,"y":-29909.07}},{"type":"Feature","geometry":{"type":"Point","coordinates":[139.899422,35.720229]},"properties":{"name":"篠崎緑地","area_m2":261582,"r_m":288.6,"source":"国土数値情報 P13 都市公園","x":5979.2,"y":-31037.24}},{"type":"Feature","geometry":{"type":"Point","coordinates":[139.86975,35.67208]},"properties":{"name":"宇喜田東公園","area_m2":11088,"r_m":59.4,"source":"国土数値情報 P13 都市公園","x":3296.67,"y":-36380.43}},{"type":"Feature","geometry":{"type":"Point","coordinates":[139.875503,35.67511]},"properties":{"name":"古川親水公園","area_m2":9435,"r_m":54.8,"source":"国土数値情報 P13 都市公園","x":3817.36,"y":-36044.02}},{"type":"Feature","geometry":{"type":"Point","coordinates":[139.85872,35.66718]},"properties":{"name":"五之割公園","area_m2":1869,"r_m":24.4,"source":"国土数値情報 P13 都市公園","x":2298.3,"y":-36924.36}},{"type":"Feature","geometry":{"type":"Point","coordinates":[139.86423,35.67055]},"properties":{"name":"宇喜田中央公園","area_m2":15389,"r_m":70.0,"source":"国土数値情報 P13 都市公園","x":2797.02,"y":-36550.34}},{"type":"Feature","geometry":{"type":"Point","coordinates":[139.86711,35.66712]},"properties":{"name":"二反割公園","area_m2":4531,"r_m":38.0,"source":"国土数値情報 P13 都市公園","x":3057.87,"y":-36930.79}},{"type":"Feature","geometry":{"type":"Point","coordinates":[139.8865,35.6915]},"properties":{"name":"瑞江緑地","area_m2":6207,"r_m":44.4,"source":"国土数値情報 P13 都市公園","x":4811.8,"y":-34225.27}},{"type":"Feature","geometry":{"type":"Point","coordinates":[139.885527,35.691484]},"properties":{"name":"一之江緑地","area_m2":6207,"r_m":44.4,"source":"国土数値情報 P13 都市公園","x":4723.79,"y":-34227.1}},{"type":"Feature","geometry":{"type":"Point","coordinates":[139.87018,35.66693]},"properties":{"name":"滝野公園","area_m2":4785,"r_m":39.0,"source":"国土数値情報 P13 都市公園","x":3335.81,"y":-36951.77}},{"type":"Feature","geometry":{"type":"Point","coordinates":[139.86685,35.66504]},"properties":{"name":"馬頭公園","area_m2":3235,"r_m":32.1,"source":"国土数値情報 P13 都市公園","x":3034.41,"y":-37161.55}},{"type":"Feature","geometry":{"type":"Point","coordinates":[139.86761,35.6578]},"properties":{"name":"新田公園","area_m2":2422,"r_m":27.8,"source":"国土数値情報 P13 都市公園","x":3103.5,"y":-37964.75}},{"type":"Feature","geometry":{"type":"Point","coordinates":[139.87659,35.66374]},"properties":{"name":"葛西東公園","area_m2":4087,"r_m":36.1,"source":"国土数値情報 P13 都市公園","x":3916.28,"y":-37305.43}},{"type":"Feature","geometry":{"type":"Point","coordinates":[139.87492,35.64767]},"properties":{"name":"南葛西向辰公園","area_m2":1668,"r_m":23.0,"source":"国土数値情報 P13 都市公園","x":3765.84,"y":-39088.33}},{"type":"Feature","geometry":{"type":"Point","coordinates":[139.86731,35.67389]},"properties":{"name":"宇喜田さくら公園","area_m2":5860,"r_m":43.2,"source":"国土数値情報 P13 都市公園","x":3075.72,"y":-36179.71}},{"type":"Feature","geometry":{"type":"Point","coordinates":[139.859645,35.685233]},"properties":{"name":"船堀公園","area_m2":3809,"r_m":34.8,"source":"国土数値情報 P13 都市公園","x":2381.49,"y":-34921.48}},{"type":"Feature","geometry":{"type":"Point","coordinates":[139.89203,35.72415]},"properties":{"name":"東小岩二丁目公園","area_m2":1019,"r_m":18.0,"source":"国土数値情報 P13 都市公園","x":5310.15,"y":-30602.69}},{"type":"Feature","geometry":{"type":"Point","coordinates":[139.87506,35.69021]},"properties":{"name":"松江公園","area_m2":1311,"r_m":20.4,"source":"国土数値情報 P13 都市公園","x":3776.51,"y":-34368.86}},{"type":"Feature","geometry":{"type":"Point","coordinates":[139.87062,35.71391]},"properties":{"name":"中央森林公園","area_m2":6697,"r_m":46.2,"source":"国土数値情報 P13 都市公園","x":3373.67,"y":-31739.69}},{"type":"Feature","geometry":{"type":"Point","coordinates":[139.8784,35.64615]},"properties":{"name":"南葛西六丁目公園","area_m2":1710,"r_m":23.3,"source":"国土数値情報 P13 都市公園","x":4081.04,"y":-39256.82}},{"type":"Feature","geometry":{"type":"Point","coordinates":[139.909184,35.692287]},"properties":{"name":"南篠崎公園","area_m2":1430,"r_m":21.3,"source":"国土数値情報 P13 都市公園","x":6864.79,"y":-34136.58}},{"type":"Feature","geometry":{"type":"Point","coordinates":[139.83792,35.7157]},"properties":{"name":"平井さくら公園","area_m2":3216,"r_m":32.0,"source":"国土数値情報 P13 都市公園","x":414.99,"y":-31541.73}},{"type":"Feature","geometry":{"type":"Point","coordinates":[139.844628,35.714075]},"properties":{"name":"平井運動公園","area_m2":80646,"r_m":160.2,"source":"国土数値情報 P13 都市公園","x":1021.9,"y":-31721.94}},{"type":"Feature","geometry":{"type":"Point","coordinates":[139.88934,35.70113]},"properties":{"name":"春江公園","area_m2":2473,"r_m":28.1,"source":"国土数値情報 P13 都市公園","x":5068.25,"y":-33156.73}},{"type":"Feature","geometry":{"type":"Point","coordinates":[139.8894,35.69825]},"properties":{"name":"春江二丁目公園","area_m2":1138,"r_m":19.0,"source":"国土数値情報 P13 都市公園","x":5073.86,"y":-33476.24}},{"type":"Feature","geometry":{"type":"Point","coordinates":[139.8604,35.65504]},"properties":{"name":"なぎさ和楽公園","area_m2":2037,"r_m":25.5,"source":"国土数値情報 P13 都市公園","x":2450.77,"y":-38271.15}},{"type":"Feature","geometry":{"type":"Point","coordinates":[139.87381,35.65294]},"properties":{"name":"南葛西二丁目公園","area_m2":1700,"r_m":23.3,"source":"国土数値情報 P13 都市公園","x":3665.08,"y":-38503.71}},{"type":"Feature","geometry":{"type":"Point","coordinates":[139.87436,35.64265]},"properties":{"name":"南葛西五丁目公園","area_m2":10309,"r_m":57.3,"source":"国土数値情報 P13 都市公園","x":3715.36,"y":-39645.28}},{"type":"Feature","geometry":{"type":"Point","coordinates":[139.88817,35.71475]},"properties":{"name":"鹿骨四丁目公園","area_m2":801,"r_m":16.0,"source":"国土数値情報 P13 都市公園","x":4961.52,"y":-31645.75}},{"type":"Feature","geometry":{"type":"Point","coordinates":[139.87239,35.69596]},"properties":{"name":"西一之江四丁目公園","area_m2":1357,"r_m":20.8,"source":"国土数値情報 P13 都市公園","x":3534.61,"y":-33731.04}},{"type":"Feature","geometry":{"type":"Point","coordinates":[139.89525,35.69987]},"properties":{"name":"春江の森公園","area_m2":6031,"r_m":43.8,"source":"国土数値情報 P13 都市公園","x":5603.15,"y":-33296.19}},{"type":"Feature","geometry":{"type":"Point","coordinates":[139.867461,35.711508]},"properties":{"name":"小松川境川親水公園","area_m2":38124,"r_m":110.2,"source":"国土数値情報 P13 都市公園","x":3087.92,"y":-32006.29}},{"type":"Feature","geometry":{"type":"Point","coordinates":[139.868201,35.680699]},"properties":{"name":"船堀スポーツ公園","area_m2":7749,"r_m":49.7,"source":"国土数値情報 P13 都市公園","x":3156.1,"y":-35424.26}},{"type":"Feature","geometry":{"type":"Point","coordinates":[139.87881,35.68003]},"properties":{"name":"西瑞江五丁目公園","area_m2":1305,"r_m":20.4,"source":"国土数値情報 P13 都市公園","x":4116.43,"y":-35498.1}},{"type":"Feature","geometry":{"type":"Point","coordinates":[139.89178,35.69937]},"properties":{"name":"弥生公園","area_m2":2484,"r_m":28.1,"source":"国土数値情報 P13 都市公園","x":5289.17,"y":-33351.86}},{"type":"Feature","geometry":{"type":"Point","coordinates":[139.88713,35.70831]},"properties":{"name":"鹿骨一丁目公園","area_m2":1239,"r_m":19.9,"source":"国土数値情報 P13 都市公園","x":4867.82,"y":-32360.27}},{"type":"Feature","geometry":{"type":"Point","coordinates":[139.914605,35.706198]},"properties":{"name":"ポニーランド","area_m2":14937,"r_m":69.0,"source":"国土数値情報 P13 都市公園","x":7354.12,"y":-32592.85}},{"type":"Feature","geometry":{"type":"Point","coordinates":[139.898619,35.737993]},"properties":{"name":"小岩菖蒲園","area_m2":19251,"r_m":78.3,"source":"国土数値情報 P13 都市公園","x":5905.21,"y":-29066.57}},{"type":"Feature","geometry":{"type":"Point","coordinates":[139.857913,35.712335]},"properties":{"name":"松島四丁目公園","area_m2":1545,"r_m":22.2,"source":"国土数値情報 P13 都市公園","x":2224.04,"y":-31914.84}},{"type":"Feature","geometry":{"type":"Point","coordinates":[139.88454,35.66399]},"properties":{"name":"東葛西四丁目","area_m2":1593,"r_m":22.5,"source":"国土数値情報 P13 都市公園","x":4636.02,"y":-37277.35}},{"type":"Feature","geometry":{"type":"Point","coordinates":[139.87845,35.71149]},"properties":{"name":"大杉五丁目公園","area_m2":897,"r_m":16.9,"source":"国土数値情報 P13 都市公園","x":4082.24,"y":-32007.87}},{"type":"Feature","geometry":{"type":"Point","coordinates":[139.89037,35.7426]},"properties":{"name":"北小岩七丁目公園","area_m2":788,"r_m":15.8,"source":"国土数値情報 P13 都市公園","x":5158.78,"y":-28555.88}},{"type":"Feature","geometry":{"type":"Point","coordinates":[139.88168,35.72407]},"properties":{"name":"南小岩五丁目公園","area_m2":1345,"r_m":20.7,"source":"国土数値情報 P13 都市公園","x":4373.81,"y":-30612.07}},{"type":"Feature","geometry":{"type":"Point","coordinates":[139.873086,35.650685]},"properties":{"name":"総合レクリエーション公園","area_m2":228529,"r_m":269.7,"source":"国土数値情報 P13 都市公園","x":3599.59,"y":-38753.89}},{"type":"Feature","geometry":{"type":"Point","coordinates":[139.867794,35.711889]},"properties":{"name":"文化センター公園","area_m2":1511,"r_m":21.9,"source":"国土数値情報 P13 都市公園","x":3118.04,"y":-31963.95}},{"type":"Feature","geometry":{"type":"Point","coordinates":[139.85841,35.68256]},"properties":{"name":"西船堀公園","area_m2":3242,"r_m":32.1,"source":"国土数値情報 P13 都市公園","x":2269.8,"y":-35218.08}},{"type":"Feature","geometry":{"type":"Point","coordinates":[139.88747,35.70502]},"properties":{"name":"新堀一丁目公園","area_m2":1567,"r_m":22.3,"source":"国土数値情報 P13 都市公園","x":4898.78,"y":-32725.26}},{"type":"Feature","geometry":{"type":"Point","coordinates":[139.856248,35.65803]},"properties":{"name":"さざなみ公園","area_m2":6000,"r_m":43.7,"source":"国土数値情報 P13 都市公園","x":2074.77,"y":-37939.57}},{"type":"Feature","geometry":{"type":"Point","coordinates":[139.85255,35.66158]},"properties":{"name":"わかくさ公園","area_m2":8956,"r_m":53.4,"source":"国土数値情報 P13 都市公園","x":1739.84,"y":-37545.76}},{"type":"Feature","geometry":{"type":"Point","coordinates":[139.85188,35.66045]},"properties":{"name":"やまびこ公園","area_m2":8600,"r_m":52.3,"source":"国土数値情報 P13 都市公園","x":1679.21,"y":-37671.14}},{"type":"Feature","geometry":{"type":"Point","coordinates":[139.85567,35.65552]},"properties":{"name":"かもめ公園","area_m2":2953,"r_m":30.7,"source":"国土数値情報 P13 都市公園","x":2022.48,"y":-38218.01}},{"type":"Feature","geometry":{"type":"Point","coordinates":[139.860504,35.653928]},"properties":{"name":"新左近川親水公園","area_m2":109840,"r_m":187.0,"source":"国土数値情報 P13 都市公園","x":2460.21,"y":-38394.49}},{"type":"Feature","geometry":{"type":"Point","coordinates":[139.86041,35.70925]},"properties":{"name":"松島三丁目公園","area_m2":1835,"r_m":24.2,"source":"国土数値情報 P13 都市公園","x":2450.02,"y":-32256.98}},{"type":"Feature","geometry":{"type":"Point","coordinates":[139.87297,35.72207]},"properties":{"name":"本一色公園","area_m2":4951,"r_m":39.7,"source":"国土数値情報 P13 都市公園","x":3585.93,"y":-30834.31}},{"type":"Feature","geometry":{"type":"Point","coordinates":[139.89888,35.68947]},"properties":{"name":"東部公園","area_m2":2310,"r_m":27.1,"source":"国土数値情報 P13 都市公園","x":5932.42,"y":-34449.78}},{"type":"Feature","geometry":{"type":"Point","coordinates":[139.87862,35.67434]},"properties":{"name":"江戸川五丁目公園","area_m2":985,"r_m":17.7,"source":"国土数値情報 P13 都市公園","x":4099.52,"y":-36129.37}},{"type":"Feature","geometry":{"type":"Point","coordinates":[139.88486,35.69198]},"properties":{"name":"一之江三丁目公園","area_m2":2009,"r_m":25.3,"source":"国土数値情報 P13 都市公園","x":4663.37,"y":-34172.07}},{"type":"Feature","geometry":{"type":"Point","coordinates":[139.8822,35.70072]},"properties":{"name":"一之江一丁目公園","area_m2":925,"r_m":17.2,"source":"国土数値情報 P13 都市公園","x":4422.14,"y":-33202.56}},{"type":"Feature","geometry":{"type":"Point","coordinates":[139.87894,35.70302]},"properties":{"name":"大杉一丁目公園","area_m2":3827,"r_m":34.9,"source":"国土数値情報 P13 都市公園","x":4127.01,"y":-32947.53}},{"type":"Feature","geometry":{"type":"Point","coordinates":[139.88606,35.70419]},"properties":{"name":"新堀庭園","area_m2":963,"r_m":17.5,"source":"国土数値情報 P13 都市公園","x":4771.24,"y":-32817.41}},{"type":"Feature","geometry":{"type":"Point","coordinates":[139.86867,35.69971]},"properties":{"name":"松江一丁目公園","area_m2":1711,"r_m":23.3,"source":"国土数値情報 P13 都市公園","x":3197.8,"y":-33315.14}},{"type":"Feature","geometry":{"type":"Point","coordinates":[139.90842,35.70359]},"properties":{"name":"篠崎五丁目公園","area_m2":1155,"r_m":19.2,"source":"国土数値情報 P13 都市公園","x":6794.66,"y":-32882.66}},{"type":"Feature","geometry":{"type":"Point","coordinates":[139.86258,35.70685]},"properties":{"name":"松島二丁目第二公園","area_m2":1919,"r_m":24.7,"source":"国土数値情報 P13 都市公園","x":2646.45,"y":-32523.19}},{"type":"Feature","geometry":{"type":"Point","coordinates":[139.861096,35.675866]},"properties":{"name":"ふれあいの森宇喜田公園","area_m2":3911,"r_m":35.3,"source":"国土数値情報 P13 都市公園","x":2513.13,"y":-35960.62}},{"type":"Feature","geometry":{"type":"Point","coordinates":[139.86641,35.6957]},"properties":{"name":"東小松川二丁目公園","area_m2":1505,"r_m":21.9,"source":"国土数値情報 P13 都市公園","x":2993.43,"y":-33760.09}},{"type":"Feature","geometry":{"type":"Point","coordinates":[139.89014,35.71846]},"properties":{"name":"南小岩二丁目公園","area_m2":1144,"r_m":19.1,"source":"国土数値情報 P13 都市公園","x":5139.53,"y":-31234.05}},{"type":"Feature","geometry":{"type":"Point","coordinates":[139.88461,35.71946]},"properties":{"name":"松本公園","area_m2":1279,"r_m":20.2,"source":"国土数値情報 P13 都市公園","x":4639.15,"y":-31123.38}},{"type":"Feature","geometry":{"type":"Point","coordinates":[139.872234,35.682861]},"properties":{"name":"二之江さくら公園","area_m2":3397,"r_m":32.9,"source":"国土数値情報 P13 都市公園","x":3521.1,"y":-35184.27}},{"type":"Feature","geometry":{"type":"Point","coordinates":[139.86726,35.69812]},"properties":{"name":"東小松川東公園","area_m2":1052,"r_m":18.3,"source":"国土数値情報 P13 都市公園","x":3070.26,"y":-33491.58}},{"type":"Feature","geometry":{"type":"Point","coordinates":[139.89548,35.70483]},"properties":{"name":"鹿骨二丁目公園","area_m2":1072,"r_m":18.5,"source":"国土数値情報 P13 都市公園","x":5623.62,"y":-32745.91}},{"type":"Feature","geometry":{"type":"Point","coordinates":[139.87535,35.72991]},"properties":{"name":"西小岩一丁目公園","area_m2":1059,"r_m":18.4,"source":"国土数値情報 P13 都市公園","x":3800.87,"y":-29964.43}},{"type":"Feature","geometry":{"type":"Point","coordinates":[139.88249,35.66204]},"properties":{"name":"東葛西さくら公園","area_m2":6258,"r_m":44.6,"source":"国土数値情報 P13 都市公園","x":4450.53,"y":-37493.78}},{"type":"Feature","geometry":{"type":"Point","coordinates":[139.88423,35.69387]},"properties":{"name":"一之江二丁目公園","area_m2":1325,"r_m":20.5,"source":"国土数値情報 P13 都市公園","x":4606.24,"y":-33962.42}},{"type":"Feature","geometry":{"type":"Point","coordinates":[139.88666,35.71154]},"properties":{"name":"鹿骨花公園","area_m2":632,"r_m":14.2,"source":"国土数値情報 P13 都市公園","x":4825.1,"y":-32001.95}},{"type":"Feature","geometry":{"type":"Point","coordinates":[139.852215,35.664579]},"properties":{"name":"清新町北緑地","area_m2":7350,"r_m":48.4,"source":"国土数値情報 P13 都市公園","x":1709.42,"y":-37213.02}},{"type":"Feature","geometry":{"type":"Point","coordinates":[139.88509,35.65731]},"properties":{"name":"雷公園","area_m2":3879,"r_m":35.1,"source":"国土数値情報 P13 都市公園","x":4686.21,"y":-38018.42}},{"type":"Feature","geometry":{"type":"Point","coordinates":[139.87965,35.67697]},"properties":{"name":"古川けやき公園","area_m2":1211,"r_m":19.6,"source":"国土数値情報 P13 都市公園","x":4192.63,"y":-35837.55}},{"type":"Feature","geometry":{"type":"Point","coordinates":[139.857747,35.656384]},"properties":{"name":"新長島川親水公園","area_m2":13800,"r_m":66.3,"source":"国土数値情報 P13 都市公園","x":2210.51,"y":-38122.07}},{"type":"Feature","geometry":{"type":"Point","coordinates":[139.873548,35.707581]},"properties":{"name":"中央二丁目公園","area_m2":1185,"r_m":19.4,"source":"国土数値情報 P13 都市公園","x":3638.89,"y":-32441.71}},{"type":"Feature","geometry":{"type":"Point","coordinates":[139.875028,35.681478]},"properties":{"name":"春江五丁目公園","area_m2":949,"r_m":17.4,"source":"国土数値情報 P13 都市公園","x":3774.05,"y":-35337.6}},{"type":"Feature","geometry":{"type":"Point","coordinates":[139.853547,35.691986]},"properties":{"name":"小松川千本桜","area_m2":58688,"r_m":136.7,"source":"国土数値情報 P13 都市公園","x":1829.41,"y":-34172.43}},{"type":"Feature","geometry":{"type":"Point","coordinates":[139.86923,35.71984]},"properties":{"name":"本一色三丁目公園","area_m2":1047,"r_m":18.3,"source":"国土数値情報 P13 都市公園","x":3247.66,"y":-31081.84}},{"type":"Feature","geometry":{"type":"Point","coordinates":[139.84982,35.69984]},"properties":{"name":"小松川三丁目公園","area_m2":876,"r_m":16.7,"source":"国土数値情報 P13 都市公園","x":1491.96,"y":-33301.16}},{"type":"Feature","geometry":{"type":"Point","coordinates":[139.88966,35.70651]},"properties":{"name":"鹿骨さくら公園","area_m2":1011,"r_m":17.9,"source":"国土数値情報 P13 都市公園","x":5096.86,"y":-32559.84}},{"type":"Feature","geometry":{"type":"Point","coordinates":[139.881393,35.696644]},"properties":{"name":"一之江境川親水公園","area_m2":30565,"r_m":98.6,"source":"国土数値情報 P13 都市公園","x":4349.35,"y":-33654.8}},{"type":"Feature","geometry":{"type":"Point","coordinates":[139.86919,35.72273]},"properties":{"name":"本一色マロニエ公園","area_m2":1069,"r_m":18.4,"source":"国土数値情報 P13 都市公園","x":3243.92,"y":-30761.22}},{"type":"Feature","geometry":{"type":"Point","coordinates":[139.88228,35.65744]},"properties":{"name":"東葛西どんぐり公園","area_m2":2572,"r_m":28.6,"source":"国土数値情報 P13 都市公園","x":4431.78,"y":-38004.12}},{"type":"Feature","geometry":{"type":"Point","coordinates":[139.89545,35.68565]},"properties":{"name":"下鎌田さくら公園","area_m2":1670,"r_m":23.1,"source":"国土数値情報 P13 都市公園","x":5622.25,"y":-34873.78}},{"type":"Feature","geometry":{"type":"Point","coordinates":[139.90628,35.70108]},"properties":{"name":"篠崎六丁目公園","area_m2":1515,"r_m":22.0,"source":"国土数値情報 P13 都市公園","x":6601.21,"y":-33161.27}},{"type":"Feature","geometry":{"type":"Point","coordinates":[139.87917,35.72019]},"properties":{"name":"松本ふじの花公園","area_m2":1157,"r_m":19.2,"source":"国土数値情報 P13 都市公園","x":4146.94,"y":-31042.64}},{"type":"Feature","geometry":{"type":"Point","coordinates":[139.887758,35.699855]},"properties":{"name":"春江ツバキ公園","area_m2":1414,"r_m":21.2,"source":"国土数値情報 P13 都市公園","x":4925.17,"y":-33298.24}},{"type":"Feature","geometry":{"type":"Point","coordinates":[139.89261,35.70474]},"properties":{"name":"新堀しゃくやく公園","area_m2":1378,"r_m":20.9,"source":"国土数値情報 P13 都市公園","x":5363.92,"y":-32756.05}},{"type":"Feature","geometry":{"type":"Point","coordinates":[139.89999,35.69716]},"properties":{"name":"南篠崎つつじ公園","area_m2":3151,"r_m":31.7,"source":"国土数値情報 P13 都市公園","x":6032.3,"y":-33596.57}},{"type":"Feature","geometry":{"type":"Point","coordinates":[139.87967,35.66964]},"properties":{"name":"桑川公園","area_m2":819,"r_m":16.1,"source":"国土数値情報 P13 都市公園","x":4194.82,"y":-36650.75}},{"type":"Feature","geometry":{"type":"Point","coordinates":[139.883114,35.70011]},"properties":{"name":"一之江さくら公園","area_m2":1605,"r_m":22.6,"source":"国土数値情報 P13 都市公園","x":4504.88,"y":-33270.24}},{"type":"Feature","geometry":{"type":"Point","coordinates":[139.89162,35.68914]},"properties":{"name":"西瑞江みのり公園","area_m2":1720,"r_m":23.4,"source":"国土数値情報 P13 都市公園","x":5275.36,"y":-34486.81}},{"type":"Feature","geometry":{"type":"Point","coordinates":[139.90257,35.70867]},"properties":{"name":"上篠崎四丁目公園","area_m2":1806,"r_m":24.0,"source":"国土数値情報 P13 都市公園","x":6264.89,"y":-32319.46}},{"type":"Feature","geometry":{"type":"Point","coordinates":[139.89877,35.695]},"properties":{"name":"東部フレンド公園","area_m2":2970,"r_m":30.7,"source":"国土数値情報 P13 都市公園","x":5922.05,"y":-33836.28}},{"type":"Feature","geometry":{"type":"Point","coordinates":[139.90932,35.69351]},"properties":{"name":"南篠崎五丁目公園","area_m2":1487,"r_m":21.8,"source":"国土数値情報 P13 都市公園","x":6876.96,"y":-34000.89}},{"type":"Feature","geometry":{"type":"Point","coordinates":[139.90767,35.69199]},"properties":{"name":"南篠崎第２公園","area_m2":3063,"r_m":31.2,"source":"国土数値情報 P13 都市公園","x":6727.76,"y":-34169.64}},{"type":"Feature","geometry":{"type":"Point","coordinates":[139.89226,35.72018]},"properties":{"name":"東小岩かぶとむし公園","area_m2":906,"r_m":17.0,"source":"国土数値情報 P13 都市公園","x":5331.22,"y":-31043.12}},{"type":"Feature","geometry":{"type":"Point","coordinates":[139.85042,35.69856]},"properties":{"name":"小松川たんぽぽ公園","area_m2":2920,"r_m":30.5,"source":"国土数値情報 P13 都市公園","x":1546.28,"y":-33443.16}},{"type":"Feature","geometry":{"type":"Point","coordinates":[139.848924,35.697798]},"properties":{"name":"小松川なかよし緑地","area_m2":2702,"r_m":29.3,"source":"国土数値情報 P13 都市公園","x":1410.89,"y":-33527.69}},{"type":"Feature","geometry":{"type":"Point","coordinates":[139.90477,35.69196]},"properties":{"name":"南篠崎さくら公園","area_m2":1383,"r_m":21.0,"source":"国土数値情報 P13 都市公園","x":6465.3,"y":-34173.16}},{"type":"Feature","geometry":{"type":"Point","coordinates":[139.90276,35.69066]},"properties":{"name":"南篠崎たいよう公園","area_m2":1232,"r_m":19.8,"source":"国土数値情報 P13 都市公園","x":6283.49,"y":-34317.52}},{"type":"Feature","geometry":{"type":"Point","coordinates":[139.88551,35.66074]},"properties":{"name":"前津公園","area_m2":506,"r_m":12.7,"source":"国土数値情報 P13 都市公園","x":4724.04,"y":-37637.87}},{"type":"Feature","geometry":{"type":"Point","coordinates":[139.87985,35.68656]},"properties":{"name":"一之江フレンド公園","area_m2":2700,"r_m":29.3,"source":"国土数値情報 P13 都市公園","x":4210.23,"y":-34773.6}},{"type":"Feature","geometry":{"type":"Point","coordinates":[139.88896,35.7163]},"properties":{"name":"鹿骨北公園","area_m2":617,"r_m":14.0,"source":"国土数値情報 P13 都市公園","x":5032.9,"y":-31473.75}},{"type":"Feature","geometry":{"type":"Point","coordinates":[139.85211,35.69678]},"properties":{"name":"小松川ゆきやなぎ公園","area_m2":5058,"r_m":40.1,"source":"国土数値情報 P13 都市公園","x":1699.26,"y":-33640.61}},{"type":"Feature","geometry":{"type":"Point","coordinates":[139.8815,35.65128]},"properties":{"name":"東葛西スポーツ公園","area_m2":7585,"r_m":49.1,"source":"国土数値情報 P13 都市公園","x":4361.49,"y":-38687.56}},{"type":"Feature","geometry":{"type":"Point","coordinates":[139.90163,35.69309]},"properties":{"name":"南篠崎たぶのき公園","area_m2":1329,"r_m":20.6,"source":"国土数値情報 P13 都市公園","x":6181.03,"y":-34048.0}},{"type":"Feature","geometry":{"type":"Point","coordinates":[139.87866,35.68429]},"properties":{"name":"一之江ひだまり公園","area_m2":4073,"r_m":36.0,"source":"国土数値情報 P13 都市公園","x":4102.64,"y":-35025.49}},{"type":"Feature","geometry":{"type":"Point","coordinates":[139.900341,35.686271]},"properties":{"name":"宿なかよし公園","area_m2":854,"r_m":16.5,"source":"国土数値情報 P13 都市公園","x":6064.88,"y":-34804.59}},{"type":"Feature","geometry":{"type":"Point","coordinates":[139.89252,35.69563]},"properties":{"name":"椿ひがし公園","area_m2":1500,"r_m":21.9,"source":"国土数値情報 P13 都市公園","x":5356.38,"y":-33766.74}},{"type":"Feature","geometry":{"type":"Point","coordinates":[139.89601,35.69699]},"properties":{"name":"みずえ中央公園","area_m2":4000,"r_m":35.7,"source":"国土数値情報 P13 都市公園","x":5672.13,"y":-33615.66}},{"type":"Feature","geometry":{"type":"Point","coordinates":[139.89761,35.69919]},"properties":{"name":"谷河内みなみ公園","area_m2":1745,"r_m":23.6,"source":"国土数値情報 P13 都市公園","x":5816.77,"y":-33371.5}},{"type":"Feature","geometry":{"type":"Point","coordinates":[139.914767,35.693549]},"properties":{"name":"水辺のスポーツガーデン","area_m2":37915,"r_m":109.9,"source":"国土数値情報 P13 都市公園","x":7369.93,"y":-33996.17}},{"type":"Feature","geometry":{"type":"Point","coordinates":[139.88113,35.69695]},"properties":{"name":"一之江抹香亭","area_m2":2135,"r_m":26.1,"source":"国土数値情報 P13 都市公園","x":4325.52,"y":-33620.86}},{"type":"Feature","geometry":{"type":"Point","coordinates":[139.89496,35.71106]},"properties":{"name":"西篠崎さくら公園","area_m2":1550,"r_m":22.2,"source":"国土数値情報 P13 都市公園","x":5576.13,"y":-32054.76}},{"type":"Feature","geometry":{"type":"Point","coordinates":[139.55493,35.71896]},"properties":{"name":"八幡町公園","area_m2":925,"r_m":17.2,"source":"国土数値情報 P13 都市公園","x":-25188.14,"y":-31144.34}},{"type":"Feature","geometry":{"type":"Point","coordinates":[139.558743,35.710742]},"properties":{"name":"西久保児童公園","area_m2":784,"r_m":15.8,"source":"国土数値情報 P13 都市公園","x":-24845.76,"y":-32056.99}},{"type":"Feature","geometry":{"type":"Point","coordinates":[139.588947,35.695399]},"properties":{"name":"東部公園","area_m2":614,"r_m":14.0,"source":"国土数値情報 P13 都市公園","x":-22117.04,"y":-33766.44}},{"type":"Feature","geometry":{"type":"Point","coordinates":[139.55217,35.70665]},"properties":{"name":"玉川上水公園","area_m2":484,"r_m":12.4,"source":"国土数値情報 P13 都市公園","x":-25441.76,"y":-32509.34}},{"type":"Feature","geometry":{"type":"Point","coordinates":[139.560706,35.717377]},"properties":{"name":"こうちゃん公園","area_m2":3013,"r_m":31.0,"source":"国土数値情報 P13 都市公園","x":-24666.1,"y":-31321.48}},{"type":"Feature","geometry":{"type":"Point","coordinates":[139.566744,35.71273]},"properties":{"name":"わんぱく公園","area_m2":330,"r_m":10.2,"source":"国土数値情報 P13 都市公園","x":-24121.14,"y":-31838.46}},{"type":"Feature","geometry":{"type":"Point","coordinates":[139.59172,35.70536]},"properties":{"name":"松籟公園","area_m2":1397,"r_m":21.1,"source":"国土数値情報 P13 都市公園","x":-21863.33,"y":-32661.98}},{"type":"Feature","geometry":{"type":"Point","coordinates":[139.571661,35.702947]},"properties":{"name":"中央高架下公園","area_m2":2282,"r_m":27.0,"source":"国土数値情報 P13 都市公園","x":-23679.18,"y":-32925.02}},{"type":"Feature","geometry":{"type":"Point","coordinates":[139.55569,35.72014]},"properties":{"name":"老人いこいの広場","area_m2":301,"r_m":9.8,"source":"国土数値情報 P13 都市公園","x":-25119.01,"y":-31013.62}},{"type":"Feature","geometry":{"type":"Point","coordinates":[139.558564,35.720991]},"properties":{"name":"すばる公園","area_m2":473,"r_m":12.3,"source":"国土数値情報 P13 都市公園","x":-24858.77,"y":-30919.91}},{"type":"Feature","geometry":{"type":"Point","coordinates":[139.549461,35.705606]},"properties":{"name":"本村公園","area_m2":7199,"r_m":47.9,"source":"国土数値情報 P13 都市公園","x":-25687.19,"y":-32624.44}},{"type":"Feature","geometry":{"type":"Point","coordinates":[139.577979,35.713853]},"properties":{"name":"青葉公園","area_m2":2431,"r_m":27.8,"source":"国土数値情報 P13 都市公園","x":-23104.28,"y":-31716.58}},{"type":"Feature","geometry":{"type":"Point","coordinates":[139.540968,35.712381]},"properties":{"name":"ひぐち橋公園","area_m2":1039,"r_m":18.2,"source":"国土数値情報 P13 都市公園","x":-26453.47,"y":-31870.55}},{"type":"Feature","geometry":{"type":"Point","coordinates":[139.566803,35.714311]},"properties":{"name":"大野田公園","area_m2":1646,"r_m":22.9,"source":"国土数値情報 P13 都市公園","x":-24115.32,"y":-31663.06}},{"type":"Feature","geometry":{"type":"Point","coordinates":[139.557034,35.706971]},"properties":{"name":"ふじ公園","area_m2":758,"r_m":15.5,"source":"国土数値情報 P13 都市公園","x":-25001.5,"y":-32475.0}},{"type":"Feature","geometry":{"type":"Point","coordinates":[139.570321,35.714185]},"properties":{"name":"かくれみの公園","area_m2":663,"r_m":14.5,"source":"国土数値情報 P13 都市公園","x":-23797.12,"y":-31677.98}},{"type":"Feature","geometry":{"type":"Point","coordinates":[139.57167,35.71783]},"properties":{"name":"扶桑通り公園","area_m2":1682,"r_m":23.1,"source":"国土数値情報 P13 都市公園","x":-23673.95,"y":-31273.87}},{"type":"Feature","geometry":{"type":"Point","coordinates":[139.58427,35.70422]},"properties":{"name":"吉祥寺公園","area_m2":314,"r_m":10.0,"source":"国土数値情報 P13 都市公園","x":-22537.79,"y":-32786.77}},{"type":"Feature","geometry":{"type":"Point","coordinates":[139.54272,35.70716]},"properties":{"name":"第2しろがね公園","area_m2":7827,"r_m":49.9,"source":"国土数値情報 P13 都市公園","x":-26296.71,"y":-32450.27}},{"type":"Feature","geometry":{"type":"Point","coordinates":[139.56776,35.70829]},"properties":{"name":"はなみずき公園","area_m2":343,"r_m":10.4,"source":"国土数値情報 P13 都市公園","x":-24030.57,"y":-32331.32}},{"type":"Feature","geometry":{"type":"Point","coordinates":[139.5688,35.715647]},"properties":{"name":"なかよし公園","area_m2":467,"r_m":12.2,"source":"国土数値情報 P13 都市公園","x":-23934.25,"y":-31515.38}},{"type":"Feature","geometry":{"type":"Point","coordinates":[139.552973,35.708745]},"properties":{"name":"久保公園","area_m2":2993,"r_m":30.9,"source":"国土数値情報 P13 都市公園","x":-25368.48,"y":-32277.12}},{"type":"Feature","geometry":{"type":"Point","coordinates":[139.55606,35.70504]},"properties":{"name":"野鳥の森公園","area_m2":3884,"r_m":35.2,"source":"国土数値情報 P13 都市公園","x":-25090.27,"y":-32688.96}},{"type":"Feature","geometry":{"type":"Point","coordinates":[139.58032,35.70148]},"properties":{"name":"吉祥寺南公園","area_m2":410,"r_m":11.4,"source":"国土数値情報 P13 都市公園","x":-22896.01,"y":-33089.84}},{"type":"Feature","geometry":{"type":"Point","coordinates":[139.541069,35.706188]},"properties":{"name":"かわばた公園","area_m2":890,"r_m":16.8,"source":"国土数値情報 P13 都市公園","x":-26446.39,"y":-32557.71}},{"type":"Feature","geometry":{"type":"Point","coordinates":[139.570604,35.712089]},"properties":{"name":"すずかけ公園","area_m2":654,"r_m":14.4,"source":"国土数値情報 P13 都市公園","x":-23772.08,"y":-31910.57}},{"type":"Feature","geometry":{"type":"Point","coordinates":[139.56979,35.71484]},"properties":{"name":"ゆりのき公園","area_m2":581,"r_m":13.6,"source":"国土数値情報 P13 都市公園","x":-23844.93,"y":-31605.14}},{"type":"Feature","geometry":{"type":"Point","coordinates":[139.54691,35.71479]},"properties":{"name":"若竹公園","area_m2":558,"r_m":13.3,"source":"国土数値情報 P13 都市公園","x":-25915.09,"y":-31604.89}},{"type":"Feature","geometry":{"type":"Point","coordinates":[139.54105,35.69944]},"properties":{"name":"境本公園","area_m2":1000,"r_m":17.8,"source":"国土数値情報 P13 都市公園","x":-26450.37,"y":-33306.3}},{"type":"Feature","geometry":{"type":"Point","coordinates":[139.568936,35.712293]},"properties":{"name":"かえで公園","area_m2":750,"r_m":15.5,"source":"国土数値情報 P13 都市公園","x":-23922.93,"y":-31887.46}},{"type":"Feature","geometry":{"type":"Point","coordinates":[139.56911,35.71303]},"properties":{"name":"第2かえで公園","area_m2":400,"r_m":11.3,"source":"国土数値情報 P13 都市公園","x":-23907.0,"y":-31805.78}},{"type":"Feature","geometry":{"type":"Point","coordinates":[139.5486,35.69946]},"properties":{"name":"あおき公園","area_m2":431,"r_m":11.7,"source":"国土数値情報 P13 都市公園","x":-25767.12,"y":-33306.09}},{"type":"Feature","geometry":{"type":"Point","coordinates":[139.579226,35.713388]},"properties":{"name":"北町子ども広場","area_m2":2022,"r_m":25.4,"source":"国土数値情報 P13 都市公園","x":-22991.6,"y":-31768.5}},{"type":"Feature","geometry":{"type":"Point","coordinates":[139.579931,35.714857]},"properties":{"name":"北町公園","area_m2":1249,"r_m":19.9,"source":"国土数値情報 P13 都市公園","x":-22927.42,"y":-31605.64}},{"type":"Feature","geometry":{"type":"Point","coordinates":[139.591991,35.704037]},"properties":{"name":"本宿東公園","area_m2":347,"r_m":10.5,"source":"国土数値情報 P13 都市公園","x":-21839.13,"y":-32808.87}},{"type":"Feature","geometry":{"type":"Point","coordinates":[139.552211,35.718544]},"properties":{"name":"千川上水遊歩道","area_m2":4838,"r_m":39.2,"source":"国土数値情報 P13 都市公園","x":-25434.31,"y":-31189.77}},{"type":"Feature","geometry":{"type":"Point","coordinates":[139.55368,35.70628]},"properties":{"name":"西久保公園","area_m2":9591,"r_m":55.3,"source":"国土数値情報 P13 都市公園","x":-25305.24,"y":-32550.78}},{"type":"Feature","geometry":{"type":"Point","coordinates":[139.549,35.71463]},"properties":{"name":"大師通り公園","area_m2":984,"r_m":17.7,"source":"国土数値情報 P13 都市公園","x":-25726.05,"y":-31623.19}},{"type":"Feature","geometry":{"type":"Point","coordinates":[139.56468,35.70941]},"properties":{"name":"もくせい公園","area_m2":1174,"r_m":19.3,"source":"国土数値情報 P13 都市公園","x":-24308.93,"y":-32206.31}},{"type":"Feature","geometry":{"type":"Point","coordinates":[139.565873,35.717499]},"properties":{"name":"むさしの市民公園","area_m2":6326,"r_m":44.9,"source":"国土数値情報 P13 都市公園","x":-24198.54,"y":-31309.18}},{"type":"Feature","geometry":{"type":"Point","coordinates":[139.56412,35.71166]},"properties":{"name":"中央通り公園","area_m2":980,"r_m":17.7,"source":"国土数値情報 P13 都市公園","x":-24358.91,"y":-31956.55}},{"type":"Feature","geometry":{"type":"Point","coordinates":[139.566387,35.711068]},"properties":{"name":"中町北公園","area_m2":544,"r_m":13.2,"source":"国土数値情報 P13 都市公園","x":-24153.93,"y":-32022.74}},{"type":"Feature","geometry":{"type":"Point","coordinates":[139.543244,35.712359]},"properties":{"name":"関前西公園","area_m2":1805,"r_m":24.0,"source":"国土数値情報 P13 都市公園","x":-26247.55,"y":-31873.6}},{"type":"Feature","geometry":{"type":"Point","coordinates":[139.54338,35.70988]},"properties":{"name":"桜橋公園","area_m2":411,"r_m":11.4,"source":"国土数値情報 P13 都市公園","x":-26236.09,"y":-32148.68}},{"type":"Feature","geometry":{"type":"Point","coordinates":[139.566803,35.719517]},"properties":{"name":"緑町ふれあい広場","area_m2":4296,"r_m":37.0,"source":"国土数値情報 P13 都市公園","x":-24113.76,"y":-31085.53}},{"type":"Feature","geometry":{"type":"Point","coordinates":[139.59416,35.70403]},"properties":{"name":"本田東公園","area_m2":515,"r_m":12.8,"source":"国土数値情報 P13 都市公園","x":-21642.9,"y":-32810.08}},{"type":"Feature","geometry":{"type":"Point","coordinates":[139.566215,35.714941]},"properties":{"name":"北町郵政公園","area_m2":331,"r_m":10.3,"source":"国土数値情報 P13 都市公園","x":-24168.33,"y":-31593.09}},{"type":"Feature","geometry":{"type":"Point","coordinates":[139.55292,35.71831]},"properties":{"name":"千川みどり広場","area_m2":1804,"r_m":24.0,"source":"国土数値情報 P13 都市公園","x":-25370.2,"y":-31215.94}},{"type":"Feature","geometry":{"type":"Point","coordinates":[139.57446,35.71704]},"properties":{"name":"さわやか公園","area_m2":838,"r_m":16.3,"source":"国土数値情報 P13 都市公園","x":-23421.75,"y":-31362.19}},{"type":"Feature","geometry":{"type":"Point","coordinates":[139.542697,35.712319]},"properties":{"name":"さくら見公園","area_m2":610,"r_m":13.9,"source":"国土数値情報 P13 都市公園","x":-26297.12,"y":-31877.93}},{"type":"Feature","geometry":{"type":"Point","coordinates":[139.566904,35.712897]},"properties":{"name":"うさぎ山公園","area_m2":337,"r_m":10.4,"source":"国土数値情報 P13 都市公園","x":-24106.65,"y":-31820.0}},{"type":"Feature","geometry":{"type":"Point","coordinates":[139.567639,35.714995]},"properties":{"name":"小さな丘公園","area_m2":430,"r_m":11.7,"source":"国土数値情報 P13 都市公園","x":-24039.48,"y":-31587.47}},{"type":"Feature","geometry":{"type":"Point","coordinates":[139.58766,35.70019]},"properties":{"name":"さつき公園","area_m2":609,"r_m":13.9,"source":"国土数値情報 P13 都市公園","x":-22232.15,"y":-33234.65}},{"type":"Feature","geometry":{"type":"Point","coordinates":[139.57317,35.70681]},"properties":{"name":"野田南公園","area_m2":426,"r_m":11.6,"source":"国土数値情報 P13 都市公園","x":-23541.48,"y":-32496.83}},{"type":"Feature","geometry":{"type":"Point","coordinates":[139.567186,35.720938]},"properties":{"name":"緑町かしの木公園","area_m2":307,"r_m":9.9,"source":"国土数値情報 P13 都市公園","x":-24078.75,"y":-30928.02}},{"type":"Feature","geometry":{"type":"Point","coordinates":[139.55531,35.71836]},"properties":{"name":"伏見通り公園","area_m2":703,"r_m":15.0,"source":"国土数値情報 P13 都市公園","x":-25153.95,"y":-31211.0}},{"type":"Feature","geometry":{"type":"Point","coordinates":[139.57217,35.70609]},"properties":{"name":"もみのき公園","area_m2":357,"r_m":10.7,"source":"国土数値情報 P13 都市公園","x":-23632.18,"y":-32576.46}},{"type":"Feature","geometry":{"type":"Point","coordinates":[139.57167,35.70516]},"properties":{"name":"中道公園","area_m2":488,"r_m":12.5,"source":"国土数値情報 P13 都市公園","x":-23677.69,"y":-32679.52}},{"type":"Feature","geometry":{"type":"Point","coordinates":[139.5545,35.71308]},"properties":{"name":"関前公園","area_m2":4122,"r_m":36.2,"source":"国土数値情報 P13 都市公園","x":-25228.9,"y":-31796.58}},{"type":"Feature","geometry":{"type":"Point","coordinates":[139.55144,35.714]},"properties":{"name":"関前大師公園","area_m2":1351,"r_m":20.7,"source":"国土数値情報 P13 都市公園","x":-25505.48,"y":-31693.72}},{"type":"Feature","geometry":{"type":"Point","coordinates":[139.57996,35.69978]},"properties":{"name":"南町緑地","area_m2":353,"r_m":10.6,"source":"国土数値情報 P13 都市公園","x":-22929.08,"y":-33278.36}},{"type":"Feature","geometry":{"type":"Point","coordinates":[139.58534,35.70719]},"properties":{"name":"本田北公園","area_m2":1891,"r_m":24.5,"source":"国土数値情報 P13 都市公園","x":-22440.14,"y":-32457.52}},{"type":"Feature","geometry":{"type":"Point","coordinates":[139.58382,35.71221]},"properties":{"name":"東町公園","area_m2":2569,"r_m":28.6,"source":"国土数値情報 P13 都市公園","x":-22576.26,"y":-31900.24}},{"type":"Feature","geometry":{"type":"Point","coordinates":[139.570894,35.715922]},"properties":{"name":"扶桑通り南公園","area_m2":443,"r_m":11.9,"source":"国土数値情報 P13 都市公園","x":-23744.72,"y":-31485.34}},{"type":"Feature","geometry":{"type":"Point","coordinates":[139.5817,35.71022]},"properties":{"name":"八幡通り公園","area_m2":1261,"r_m":20.0,"source":"国土数値情報 P13 都市公園","x":-22768.65,"y":-32120.52}},{"type":"Feature","geometry":{"type":"Point","coordinates":[139.55944,35.706362]},"properties":{"name":"三谷公園","area_m2":612,"r_m":14.0,"source":"国土数値情報 P13 都市公園","x":-24784.02,"y":-32543.11}},{"type":"Feature","geometry":{"type":"Point","coordinates":[139.59288,35.704]},"properties":{"name":"本田児童公園","area_m2":466,"r_m":12.2,"source":"国土数値情報 P13 都市公園","x":-21758.73,"y":-32813.12}},{"type":"Feature","geometry":{"type":"Point","coordinates":[139.571296,35.713356]},"properties":{"name":"木の花小路公園","area_m2":707,"r_m":15.0,"source":"国土数値情報 P13 都市公園","x":-23709.08,"y":-31770.14}},{"type":"Feature","geometry":{"type":"Point","coordinates":[139.553348,35.716956]},"properties":{"name":"緑の創作園","area_m2":592,"r_m":13.7,"source":"国土数値情報 P13 都市公園","x":-25331.95,"y":-31366.24}},{"type":"Feature","geometry":{"type":"Point","coordinates":[139.588592,35.698322]},"properties":{"name":"本田南公園","area_m2":504,"r_m":12.7,"source":"国土数値情報 P13 都市公園","x":-22148.35,"y":-33442.12}},{"type":"Feature","geometry":{"type":"Point","coordinates":[139.546843,35.695821]},"properties":{"name":"赤十字公園","area_m2":566,"r_m":13.4,"source":"国土数値情報 P13 都市公園","x":-25927.26,"y":-33709.36}},{"type":"Feature","geometry":{"type":"Point","coordinates":[139.55089,35.7142]},"properties":{"name":"市民の森公園","area_m2":3731,"r_m":34.5,"source":"国土数値情報 P13 都市公園","x":-25555.18,"y":-31671.39}},{"type":"Feature","geometry":{"type":"Point","coordinates":[139.554004,35.712057]},"properties":{"name":"グリーンパーク緑地","area_m2":13240,"r_m":64.9,"source":"国土数値情報 P13 都市公園","x":-25274.13,"y":-31909.91}},{"type":"Feature","geometry":{"type":"Point","coordinates":[139.57239,35.70492]},"properties":{"name":"吉祥寺西公園","area_m2":2138,"r_m":26.1,"source":"国土数値情報 P13 都市公園","x":-23612.61,"y":-32706.32}},{"type":"Feature","geometry":{"type":"Point","coordinates":[139.59242,35.70722]},"properties":{"name":"吉祥寺東緑地","area_m2":912,"r_m":17.0,"source":"国土数値情報 P13 都市公園","x":-21799.48,"y":-32455.79}},{"type":"Feature","geometry":{"type":"Point","coordinates":[139.577328,35.71409]},"properties":{"name":"はなもみじ公園","area_m2":663,"r_m":14.5,"source":"国土数値情報 P13 都市公園","x":-23163.12,"y":-31690.18}},{"type":"Feature","geometry":{"type":"Point","coordinates":[139.577178,35.716886]},"properties":{"name":"吉祥寺北町公園","area_m2":1304,"r_m":20.4,"source":"国土数値情報 P13 都市公園","x":-23175.92,"y":-31379.95}},{"type":"Feature","geometry":{"type":"Point","coordinates":[139.54709,35.7077]},"properties":{"name":"松美橋公園","area_m2":479,"r_m":12.3,"source":"国土数値情報 P13 都市公園","x":-25901.1,"y":-32391.52}},{"type":"Feature","geometry":{"type":"Point","coordinates":[139.540906,35.709109]},"properties":{"name":"境山野緑地","area_m2":9188,"r_m":54.1,"source":"国土数値情報 P13 都市公園","x":-26460.2,"y":-32233.6}},{"type":"Feature","geometry":{"type":"Point","coordinates":[139.547181,35.70616]},"properties":{"name":"本村西公園","area_m2":791,"r_m":15.9,"source":"国土数値情報 P13 都市公園","x":-25893.32,"y":-32562.41}},{"type":"Feature","geometry":{"type":"Point","coordinates":[139.576691,35.706439]},"properties":{"name":"大正通り北公園","area_m2":325,"r_m":10.2,"source":"国土数値情報 P13 都市公園","x":-23222.98,"y":-32538.78}},{"type":"Feature","geometry":{"type":"Point","coordinates":[139.5472,35.71421]},"properties":{"name":"関前4丁目公園","area_m2":1818,"r_m":24.1,"source":"国土数値情報 P13 都市公園","x":-25889.04,"y":-31669.31}},{"type":"Feature","geometry":{"type":"Point","coordinates":[139.545191,35.707003]},"properties":{"name":"境3丁目緑地","area_m2":1193,"r_m":19.5,"source":"国土数値情報 P13 都市公園","x":-26073.18,"y":-32468.31}},{"type":"Feature","geometry":{"type":"Point","coordinates":[139.568772,35.714719]},"properties":{"name":"北町さくら緑地","area_m2":885,"r_m":16.8,"source":"国土数値情報 P13 都市公園","x":-23937.06,"y":-31618.27}},{"type":"Feature","geometry":{"type":"Point","coordinates":[139.546011,35.70754]},"properties":{"name":"境冒険遊び場公園","area_m2":1884,"r_m":24.5,"source":"国土数値情報 P13 都市公園","x":-25998.8,"y":-32408.97}},{"type":"Feature","geometry":{"type":"Point","coordinates":[139.565447,35.71463]},"properties":{"name":"中央通りさくら並木公園","area_m2":2866,"r_m":30.2,"source":"国土数値情報 P13 都市公園","x":-24237.93,"y":-31627.36}},{"type":"Feature","geometry":{"type":"Point","coordinates":[139.55933,35.70869]},"properties":{"name":"城山ひろば公園","area_m2":1148,"r_m":19.1,"source":"国土数値情報 P13 都市公園","x":-24793.24,"y":-32284.85}},{"type":"Feature","geometry":{"type":"Point","coordinates":[139.590166,35.708827]},"properties":{"name":"東町くすのき公園","area_m2":574,"r_m":13.5,"source":"国土数値情報 P13 都市公園","x":-22003.0,"y":-32277.04}},{"type":"Feature","geometry":{"type":"Point","coordinates":[139.566948,35.682618]},"properties":{"name":"新川児童公園","area_m2":2027,"r_m":25.4,"source":"国土数値情報 P13 都市公園","x":-24111.73,"y":-35179.2}},{"type":"Feature","geometry":{"type":"Point","coordinates":[139.56698,35.694857]},"properties":{"name":"むらさき児童公園","area_m2":1158,"r_m":19.2,"source":"国土数値情報 P13 都市公園","x":-24105.15,"y":-33821.43}},{"type":"Feature","geometry":{"type":"Point","coordinates":[139.564287,35.698549]},"properties":{"name":"下連雀児童公園","area_m2":1451,"r_m":21.5,"source":"国土数値情報 P13 都市公園","x":-24347.81,"y":-33411.2}},{"type":"Feature","geometry":{"type":"Point","coordinates":[139.5555,35.69784]},"properties":{"name":"上連雀児童公園","area_m2":1653,"r_m":22.9,"source":"国土数値情報 P13 都市公園","x":-25143.21,"y":-33487.6}},{"type":"Feature","geometry":{"type":"Point","coordinates":[139.54435,35.689417]},"properties":{"name":"東野児童公園","area_m2":1352,"r_m":20.7,"source":"国土数値情報 P13 都市公園","x":-26155.05,"y":-34419.14}},{"type":"Feature","geometry":{"type":"Point","coordinates":[139.553229,35.693391]},"properties":{"name":"上連雀交通公園","area_m2":1553,"r_m":22.2,"source":"国土数値情報 P13 都市公園","x":-25350.13,"y":-33980.61}},{"type":"Feature","geometry":{"type":"Point","coordinates":[139.550886,35.684443]},"properties":{"name":"上連雀みなみ児童公園","area_m2":1824,"r_m":24.1,"source":"国土数値情報 P13 都市公園","x":-25565.01,"y":-34972.74}},{"type":"Feature","geometry":{"type":"Point","coordinates":[139.569248,35.664282]},"properties":{"name":"中原児童公園","area_m2":1311,"r_m":20.4,"source":"国土数値情報 P13 都市公園","x":-23909.06,"y":-37213.99}},{"type":"Feature","geometry":{"type":"Point","coordinates":[139.59137,35.68967]},"properties":{"name":"三鷹台児童公園","area_m2":1655,"r_m":23.0,"source":"国土数値情報 P13 都市公園","x":-21899.29,"y":-34402.59}},{"type":"Feature","geometry":{"type":"Point","coordinates":[139.56023,35.69589]},"properties":{"name":"下連雀きたうら児童公園","area_m2":1653,"r_m":22.9,"source":"国土数値情報 P13 都市公園","x":-24715.75,"y":-33705.14}},{"type":"Feature","geometry":{"type":"Point","coordinates":[139.56752,35.68929]},"properties":{"name":"下連雀みなみうら児童公園","area_m2":981,"r_m":17.7,"source":"国土数値情報 P13 都市公園","x":-24057.99,"y":-34439.17}},{"type":"Feature","geometry":{"type":"Point","coordinates":[139.56389,35.69334]},"properties":{"name":"下連雀しらかば児童公園","area_m2":667,"r_m":14.6,"source":"国土数値情報 P13 都市公園","x":-24385.3,"y":-33988.96}},{"type":"Feature","geometry":{"type":"Point","coordinates":[139.57515,35.6828]},"properties":{"name":"牟礼ひばり野児童公園","area_m2":1608,"r_m":22.6,"source":"国土数値情報 P13 都市公園","x":-23369.31,"y":-35161.03}},{"type":"Feature","geometry":{"type":"Point","coordinates":[139.5518,35.70317]},"properties":{"name":"掘合児童公園","area_m2":2560,"r_m":28.5,"source":"国土数値情報 P13 都市公園","x":-25476.35,"y":-32895.32}},{"type":"Feature","geometry":{"type":"Point","coordinates":[139.56134,35.68575]},"properties":{"name":"下連雀鷹の子児童公園","area_m2":1488,"r_m":21.8,"source":"国土数値情報 P13 都市公園","x":-24618.41,"y":-34830.38}},{"type":"Feature","geometry":{"type":"Point","coordinates":[139.57311,35.666501]},"properties":{"name":"中仙川児童公園","area_m2":1331,"r_m":20.6,"source":"国土数値情報 P13 都市公園","x":-23558.79,"y":-36968.82}},{"type":"Feature","geometry":{"type":"Point","coordinates":[139.56763,35.69958]},"properties":{"name":"有三記念公園","area_m2":1305,"r_m":20.4,"source":"国土数値情報 P13 都市公園","x":-24044.95,"y":-33297.6}},{"type":"Feature","geometry":{"type":"Point","coordinates":[139.57529,35.67613]},"properties":{"name":"新川谷端児童公園","area_m2":2073,"r_m":25.7,"source":"国土数値情報 P13 都市公園","x":-23358.59,"y":-35901.05}},{"type":"Feature","geometry":{"type":"Point","coordinates":[139.58948,35.68851]},"properties":{"name":"三鷹台やすらぎ児童公園","area_m2":614,"r_m":14.0,"source":"国土数値情報 P13 都市公園","x":-22070.67,"y":-34530.87}},{"type":"Feature","geometry":{"type":"Point","coordinates":[139.566641,35.664282]},"properties":{"name":"中原雑木林公園","area_m2":1128,"r_m":18.9,"source":"国土数値情報 P13 都市公園","x":-24145.1,"y":-37213.4}},{"type":"Feature","geometry":{"type":"Point","coordinates":[139.577746,35.677718]},"properties":{"name":"北野公園","area_m2":6055,"r_m":43.9,"source":"国土数値情報 P13 都市公園","x":-23135.83,"y":-35725.47}},{"type":"Feature","geometry":{"type":"Point","coordinates":[139.543071,35.682499]},"properties":{"name":"野崎かきの木児童公園","area_m2":884,"r_m":16.8,"source":"国土数値情報 P13 都市公園","x":-26273.07,"y":-35186.28}},{"type":"Feature","geometry":{"type":"Point","coordinates":[139.58058,35.67757]},"properties":{"name":"北野こりす公園","area_m2":1341,"r_m":20.7,"source":"国土数値情報 P13 都市公園","x":-22879.31,"y":-35742.54}},{"type":"Feature","geometry":{"type":"Point","coordinates":[139.582214,35.68881]},"properties":{"name":"牟礼の里公園","area_m2":6054,"r_m":43.9,"source":"国土数値情報 P13 都市公園","x":-22728.25,"y":-34495.97}},{"type":"Feature","geometry":{"type":"Point","coordinates":[139.55204,35.698059]},"properties":{"name":"水源の森あけぼのふれあい公園","area_m2":1679,"r_m":23.1,"source":"国土数値情報 P13 都市公園","x":-25456.24,"y":-33462.36}},{"type":"Feature","geometry":{"type":"Point","coordinates":[139.56862,35.67995]},"properties":{"name":"仙川公園","area_m2":11051,"r_m":59.3,"source":"国土数値情報 P13 都市公園","x":-23961.23,"y":-35475.64}},{"type":"Feature","geometry":{"type":"Point","coordinates":[139.57066,35.67708]},"properties":{"name":"丸池公園","area_m2":20274,"r_m":80.3,"source":"国土数値情報 P13 都市公園","x":-23777.42,"y":-35794.54}},{"type":"Feature","geometry":{"type":"Point","coordinates":[139.55804,35.69165]},"properties":{"name":"連雀中央公園","area_m2":6507,"r_m":45.5,"source":"国土数値情報 P13 都市公園","x":-24915.27,"y":-34174.98}},{"type":"Feature","geometry":{"type":"Point","coordinates":[139.574917,35.668912]},"properties":{"name":"新川あおやぎ公園","area_m2":6684,"r_m":46.1,"source":"国土数値情報 P13 都市公園","x":-23394.46,"y":-36701.74}},{"type":"Feature","geometry":{"type":"Point","coordinates":[139.58108,35.675779]},"properties":{"name":"北野中央公園","area_m2":2321,"r_m":27.2,"source":"国土数値情報 P13 都市公園","x":-22834.58,"y":-35941.33}},{"type":"Feature","geometry":{"type":"Point","coordinates":[139.551197,35.704145]},"properties":{"name":"堀合遊歩道","area_m2":6999,"r_m":47.2,"source":"国土数値情報 P13 都市公園","x":-25530.59,"y":-32786.99}},{"type":"Feature","geometry":{"type":"Point","coordinates":[139.56718,35.6846]},"properties":{"name":"下連雀いこいの広場","area_m2":925,"r_m":17.2,"source":"国土数値情報 P13 都市公園","x":-24090.17,"y":-34959.41}},{"type":"Feature","geometry":{"type":"Point","coordinates":[139.56281,35.69009]},"properties":{"name":"下連雀けやき広場","area_m2":742,"r_m":15.4,"source":"国土数値情報 P13 都市公園","x":-24484.04,"y":-34349.25}},{"type":"Feature","geometry":{"type":"Point","coordinates":[139.55518,35.6539]},"properties":{"name":"調布市八雲台公園","area_m2":2231,"r_m":26.6,"source":"国土数値情報 P13 都市公園","x":-25185.97,"y":-38362.33}},{"type":"Feature","geometry":{"type":"Point","coordinates":[139.54868,35.65289]},"properties":{"name":"調布市下布田公園","area_m2":1613,"r_m":22.7,"source":"国土数値情報 P13 都市公園","x":-25774.85,"y":-38472.69}},{"type":"Feature","geometry":{"type":"Point","coordinates":[139.54646,35.65495]},"properties":{"name":"調布市上布田公園","area_m2":1958,"r_m":25.0,"source":"国土数値情報 P13 都市公園","x":-25975.2,"y":-38243.57}},{"type":"Feature","geometry":{"type":"Point","coordinates":[139.56241,35.66124]},"properties":{"name":"調布市上ノ原公園","area_m2":8070,"r_m":50.7,"source":"国土数値情報 P13 都市公園","x":-24529.07,"y":-37549.84}},{"type":"Feature","geometry":{"type":"Point","coordinates":[139.54332,35.6513]},"properties":{"name":"調布市調布駅前公園","area_m2":1324,"r_m":20.5,"source":"国土数値情報 P13 都市公園","x":-26260.71,"y":-38647.67}},{"type":"Feature","geometry":{"type":"Point","coordinates":[139.57262,35.66289]},"properties":{"name":"調布市つつじヶ丘公園","area_m2":1839,"r_m":24.2,"source":"国土数値情報 P13 都市公園","x":-23604.18,"y":-37369.29}},{"type":"Feature","geometry":{"type":"Point","coordinates":[139.55017,35.65794]},"properties":{"name":"調布市布多公園","area_m2":5249,"r_m":40.9,"source":"国土数値情報 P13 都市公園","x":-25638.32,"y":-37912.83}},{"type":"Feature","geometry":{"type":"Point","coordinates":[139.58139,35.65785]},"properties":{"name":"調布市実篤公園","area_m2":5002,"r_m":39.9,"source":"国土数値情報 P13 都市公園","x":-22811.6,"y":-37930.5}},{"type":"Feature","geometry":{"type":"Point","coordinates":[139.56366,35.66407]},"properties":{"name":"調布市柴崎公園","area_m2":12001,"r_m":61.8,"source":"国土数値情報 P13 都市公園","x":-24415.03,"y":-37236.19}},{"type":"Feature","geometry":{"type":"Point","coordinates":[139.56044,35.67396]},"properties":{"name":"調布市野ヶ谷公園","area_m2":1046,"r_m":18.2,"source":"国土数値情報 P13 都市公園","x":-24703.51,"y":-36138.16}},{"type":"Feature","geometry":{"type":"Point","coordinates":[139.54131,35.65901]},"properties":{"name":"調布市富士見公園","area_m2":1902,"r_m":24.6,"source":"国土数値情報 P13 都市公園","x":-26440.17,"y":-37791.77}},{"type":"Feature","geometry":{"type":"Point","coordinates":[139.552745,35.639883]},"properties":{"name":"調布市ぬの多公園","area_m2":3279,"r_m":32.3,"source":"国土数値情報 P13 都市公園","x":-25410.87,"y":-39916.8}},{"type":"Feature","geometry":{"type":"Point","coordinates":[139.55283,35.63786]},"properties":{"name":"調布市多摩川市民広場","area_m2":4602,"r_m":38.3,"source":"国土数値情報 P13 都市公園","x":-25403.83,"y":-40141.23}},{"type":"Feature","geometry":{"type":"Point","coordinates":[139.555922,35.639632]},"properties":{"name":"調布市染地公園","area_m2":3331,"r_m":32.6,"source":"国土数値情報 P13 都市公園","x":-25123.29,"y":-39945.44}},{"type":"Feature","geometry":{"type":"Point","coordinates":[139.54398,35.64427]},"properties":{"name":"調布市古天神公園","area_m2":2867,"r_m":30.2,"source":"国土数値情報 P13 都市公園","x":-26203.24,"y":-39427.77}},{"type":"Feature","geometry":{"type":"Point","coordinates":[139.58894,35.64845]},"properties":{"name":"調布市入間公園","area_m2":4448,"r_m":37.6,"source":"国土数値情報 P13 都市公園","x":-22130.6,"y":-38975.08}},{"type":"Feature","geometry":{"type":"Point","coordinates":[139.55692,35.68038]},"properties":{"name":"調布市とりで公園","area_m2":1677,"r_m":23.1,"source":"国土数値情報 P13 都市公園","x":-25020.15,"y":-35425.02}},{"type":"Feature","geometry":{"type":"Point","coordinates":[139.541722,35.662645]},"properties":{"name":"調布市こぐま公園","area_m2":1043,"r_m":18.2,"source":"国土数値情報 P13 都市公園","x":-26401.64,"y":-37388.63}},{"type":"Feature","geometry":{"type":"Point","coordinates":[139.54684,35.65706]},"properties":{"name":"調布市天神北公園","area_m2":362,"r_m":10.7,"source":"国土数値情報 P13 都市公園","x":-25940.11,"y":-38009.58}},{"type":"Feature","geometry":{"type":"Point","coordinates":[139.583513,35.648505]},"properties":{"name":"調布市かすみね公園","area_m2":413,"r_m":11.5,"source":"国土数値情報 P13 都市公園","x":-22622.02,"y":-38967.71}},{"type":"Feature","geometry":{"type":"Point","coordinates":[139.586655,35.669725]},"properties":{"name":"調布市柳川公園","area_m2":237,"r_m":8.7,"source":"国土数値情報 P13 都市公園","x":-22331.63,"y":-36614.31}},{"type":"Feature","geometry":{"type":"Point","coordinates":[139.584727,35.650398]},"properties":{"name":"調布市陵山公園","area_m2":1550,"r_m":22.2,"source":"国土数値情報 P13 都市公園","x":-22511.58,"y":-38757.98}},{"type":"Feature","geometry":{"type":"Point","coordinates":[139.54871,35.6396]},"properties":{"name":"調布市多摩川緑地公園","area_m2":26711,"r_m":92.2,"source":"国土数値情報 P13 都市公園","x":-25776.4,"y":-39947.12}},{"type":"Feature","geometry":{"type":"Point","coordinates":[139.54675,35.67815]},"properties":{"name":"調布市山野公園","area_m2":1152,"r_m":19.1,"source":"国土数値情報 P13 都市公園","x":-25941.44,"y":-35669.79}},{"type":"Feature","geometry":{"type":"Point","coordinates":[139.55873,35.6596]},"properties":{"name":"調布市佐須公園","area_m2":1732,"r_m":23.5,"source":"国土数値情報 P13 都市公園","x":-24862.76,"y":-37730.86}},{"type":"Feature","geometry":{"type":"Point","coordinates":[139.55977,35.64884]},"properties":{"name":"調布市国領町３丁目公園","area_m2":635,"r_m":14.2,"source":"国土数値情報 P13 都市公園","x":-24771.92,"y":-38924.86}},{"type":"Feature","geometry":{"type":"Point","coordinates":[139.555999,35.656145]},"properties":{"name":"調布市佐須町３丁目公園","area_m2":250,"r_m":8.9,"source":"国土数値情報 P13 都市公園","x":-25111.06,"y":-38113.46}},{"type":"Feature","geometry":{"type":"Point","coordinates":[139.565924,35.660675]},"properties":{"name":"調布市柴崎２丁目第１公園","area_m2":240,"r_m":8.7,"source":"国土数値情報 P13 都市公園","x":-24211.06,"y":-37613.39}},{"type":"Feature","geometry":{"type":"Point","coordinates":[139.567031,35.660706]},"properties":{"name":"調布市柴崎２丁目第２公園","area_m2":212,"r_m":8.2,"source":"国土数値情報 P13 都市公園","x":-24110.85,"y":-37610.26}},{"type":"Feature","geometry":{"type":"Point","coordinates":[139.57002,35.65406]},"properties":{"name":"調布市菊野台３丁目公園","area_m2":192,"r_m":7.8,"source":"国土数値情報 P13 都市公園","x":-23842.2,"y":-38348.28}},{"type":"Feature","geometry":{"type":"Point","coordinates":[139.54698,35.65966]},"properties":{"name":"調布市調布ヶ丘３丁目公園","area_m2":253,"r_m":9.0,"source":"国土数値情報 P13 都市公園","x":-25926.59,"y":-37721.17}},{"type":"Feature","geometry":{"type":"Point","coordinates":[139.554738,35.639529]},"properties":{"name":"調布市染地２丁目第１公園","area_m2":244,"r_m":8.8,"source":"国土数値情報 P13 都市公園","x":-25230.5,"y":-39956.61}},{"type":"Feature","geometry":{"type":"Point","coordinates":[139.554619,35.639314]},"properties":{"name":"調布市染地２丁目第２公園","area_m2":239,"r_m":8.7,"source":"国土数値情報 P13 都市公園","x":-25241.35,"y":-39980.4}},{"type":"Feature","geometry":{"type":"Point","coordinates":[139.561319,35.646891]},"properties":{"name":"調布市国領町３丁目第２公園","area_m2":264,"r_m":9.2,"source":"国土数値情報 P13 都市公園","x":-24632.26,"y":-39141.48}},{"type":"Feature","geometry":{"type":"Point","coordinates":[139.5528,35.64379]},"properties":{"name":"調布市杉森西公園","area_m2":208,"r_m":8.1,"source":"国土数値情報 P13 都市公園","x":-25404.67,"y":-39483.34}},{"type":"Feature","geometry":{"type":"Point","coordinates":[139.58603,35.66094]},"properties":{"name":"調布市仙川駅前公園","area_m2":725,"r_m":15.2,"source":"国土数値情報 P13 都市公園","x":-22390.62,"y":-37588.76}},{"type":"Feature","geometry":{"type":"Point","coordinates":[139.556083,35.638751]},"properties":{"name":"調布市しいの実公園","area_m2":848,"r_m":16.4,"source":"国土数値情報 P13 都市公園","x":-25108.96,"y":-40043.17}},{"type":"Feature","geometry":{"type":"Point","coordinates":[139.555999,35.638087]},"properties":{"name":"調布市みなみの公園","area_m2":280,"r_m":9.4,"source":"国土数値情報 P13 都市公園","x":-25116.72,"y":-40116.89}},{"type":"Feature","geometry":{"type":"Point","coordinates":[139.55333,35.65255]},"properties":{"name":"調布市国領町１丁目公園","area_m2":302,"r_m":9.8,"source":"国土数値情報 P13 都市公園","x":-25353.91,"y":-38511.62}},{"type":"Feature","geometry":{"type":"Point","coordinates":[139.564223,35.660726]},"properties":{"name":"調布市柴崎２丁目第３公園","area_m2":283,"r_m":9.5,"source":"国土数値情報 P13 都市公園","x":-24365.12,"y":-37607.3}},{"type":"Feature","geometry":{"type":"Point","coordinates":[139.58546,35.65538]},"properties":{"name":"調布市若葉町３丁目公園","area_m2":383,"r_m":11.0,"source":"国土数値情報 P13 都市公園","x":-22443.78,"y":-38205.47}},{"type":"Feature","geometry":{"type":"Point","coordinates":[139.548681,35.661483]},"properties":{"name":"調布市又住橋公園","area_m2":592,"r_m":13.7,"source":"国土数値情報 P13 都市公園","x":-25772.01,"y":-37519.38}},{"type":"Feature","geometry":{"type":"Point","coordinates":[139.554653,35.656927]},"properties":{"name":"調布市大けやき公園","area_m2":342,"r_m":10.4,"source":"国土数値情報 P13 都市公園","x":-25232.77,"y":-38026.33}},{"type":"Feature","geometry":{"type":"Point","coordinates":[139.55869,35.67629]},"properties":{"name":"調布市しいの木公園","area_m2":1984,"r_m":25.1,"source":"国土数値情報 P13 都市公園","x":-24861.2,"y":-35879.23}},{"type":"Feature","geometry":{"type":"Point","coordinates":[139.545,35.66975]},"properties":{"name":"調布市神明児童遊園","area_m2":330,"r_m":10.2,"source":"国土数値情報 P13 都市公園","x":-26102.58,"y":-36601.24}},{"type":"Feature","geometry":{"type":"Point","coordinates":[139.55545,35.65942]},"properties":{"name":"調布市祇園寺児童遊園","area_m2":660,"r_m":14.5,"source":"国土数値情報 P13 都市公園","x":-25159.79,"y":-37750.0}},{"type":"Feature","geometry":{"type":"Point","coordinates":[139.54726,35.67962]},"properties":{"name":"調布市山野市住児童遊園","area_m2":163,"r_m":7.2,"source":"国土数値情報 P13 都市公園","x":-25894.8,"y":-35506.83}},{"type":"Feature","geometry":{"type":"Point","coordinates":[139.570815,35.6514]},"properties":{"name":"調布市大町児童遊園","area_m2":297,"r_m":9.7,"source":"国土数値情報 P13 都市公園","x":-23770.98,"y":-38643.53}},{"type":"Feature","geometry":{"type":"Point","coordinates":[139.552929,35.654376]},"properties":{"name":"調布市八雲台市住児童遊園","area_m2":248,"r_m":8.9,"source":"国土数値情報 P13 都市公園","x":-25389.62,"y":-38308.93}},{"type":"Feature","geometry":{"type":"Point","coordinates":[139.542899,35.660142]},"properties":{"name":"調布市サレジオ児童遊園","area_m2":1747,"r_m":23.6,"source":"国土数値情報 P13 都市公園","x":-26295.93,"y":-37666.62}},{"type":"Feature","geometry":{"type":"Point","coordinates":[139.54376,35.64289]},"properties":{"name":"調布市南ヶ丘児童遊園","area_m2":476,"r_m":12.3,"source":"国土数値情報 P13 都市公園","x":-26223.62,"y":-39580.81}},{"type":"Feature","geometry":{"type":"Point","coordinates":[139.55167,35.65908]},"properties":{"name":"調布市えのき橋児童遊園","area_m2":599,"r_m":13.8,"source":"国土数値情報 P13 都市公園","x":-25502.14,"y":-37786.74}},{"type":"Feature","geometry":{"type":"Point","coordinates":[139.55666,35.65143]},"properties":{"name":"調布市北浦児童遊園","area_m2":783,"r_m":15.8,"source":"国土数値情報 P13 都市公園","x":-25052.73,"y":-38636.73}},{"type":"Feature","geometry":{"type":"Point","coordinates":[139.56433,35.6514]},"properties":{"name":"調布市車橋児童遊園","area_m2":613,"r_m":14.0,"source":"国土数値情報 P13 都市公園","x":-24358.25,"y":-38641.94}},{"type":"Feature","geometry":{"type":"Point","coordinates":[139.566995,35.663017]},"properties":{"name":"調布市けやき児童遊園","area_m2":731,"r_m":15.3,"source":"国土数値情報 P13 都市公園","x":-24113.38,"y":-37353.86}},{"type":"Feature","geometry":{"type":"Point","coordinates":[139.54543,35.64207]},"properties":{"name":"調布市ぬの多児童遊園","area_m2":351,"r_m":10.6,"source":"国土数値情報 P13 都市公園","x":-26072.65,"y":-39672.23}},{"type":"Feature","geometry":{"type":"Point","coordinates":[139.55914,35.65437]},"properties":{"name":"調布市野川中央児童遊園","area_m2":104,"r_m":5.8,"source":"国土数値情報 P13 都市公園","x":-24827.25,"y":-38311.19}},{"type":"Feature","geometry":{"type":"Point","coordinates":[139.58856,35.6605]},"properties":{"name":"調布市ひなた児童遊園","area_m2":118,"r_m":6.1,"source":"国土数値情報 P13 都市公園","x":-22161.68,"y":-37638.15}},{"type":"Feature","geometry":{"type":"Point","coordinates":[139.55688,35.65417]},"properties":{"name":"調布市細田橋児童遊園","area_m2":370,"r_m":10.9,"source":"国土数値情報 P13 都市公園","x":-25031.95,"y":-38332.81}},{"type":"Feature","geometry":{"type":"Point","coordinates":[139.55188,35.65844]},"properties":{"name":"調布市記念の森児童遊園","area_m2":1962,"r_m":25.0,"source":"国土数値情報 P13 都市公園","x":-25483.33,"y":-37857.8}},{"type":"Feature","geometry":{"type":"Point","coordinates":[139.543338,35.677936]},"properties":{"name":"調布市庚申塚児童遊園","area_m2":145,"r_m":6.8,"source":"国土数値情報 P13 都市公園","x":-26250.39,"y":-35692.64}},{"type":"Feature","geometry":{"type":"Point","coordinates":[139.54979,35.65337]},"properties":{"name":"調布市もみじ児童遊園","area_m2":70,"r_m":4.7,"source":"国土数値情報 P13 都市公園","x":-25674.19,"y":-38419.73}},{"type":"Feature","geometry":{"type":"Point","coordinates":[139.56497,35.66252]},"properties":{"name":"調布市宮の前児童遊園","area_m2":268,"r_m":9.2,"source":"国土数値情報 P13 都市公園","x":-24296.9,"y":-37408.47}},{"type":"Feature","geometry":{"type":"Point","coordinates":[139.58308,35.67022]},"properties":{"name":"調布市千羽児童遊園","area_m2":523,"r_m":12.9,"source":"国土数値情報 P13 都市公園","x":-22655.09,"y":-36558.54}},{"type":"Feature","geometry":{"type":"Point","coordinates":[139.54861,35.65905]},"properties":{"name":"調布市又住児童遊園","area_m2":196,"r_m":7.9,"source":"国土数値情報 P13 都市公園","x":-25779.21,"y":-37789.27}},{"type":"Feature","geometry":{"type":"Point","coordinates":[139.549062,35.663375]},"properties":{"name":"調布市南深大寺児童遊園","area_m2":1787,"r_m":23.8,"source":"国土数値情報 P13 都市公園","x":-25736.93,"y":-37309.61}},{"type":"Feature","geometry":{"type":"Point","coordinates":[139.559796,35.647392]},"properties":{"name":"調布市国領児童遊園","area_m2":409,"r_m":11.4,"source":"国土数値情報 P13 都市公園","x":-24770.04,"y":-39085.51}},{"type":"Feature","geometry":{"type":"Point","coordinates":[139.57332,35.65595]},"properties":{"name":"調布市八反田児童遊園","area_m2":112,"r_m":6.0,"source":"国土数値情報 P13 都市公園","x":-23542.84,"y":-38139.39}},{"type":"Feature","geometry":{"type":"Point","coordinates":[139.563444,35.661342]},"properties":{"name":"調布市宮の上児童遊園","area_m2":559,"r_m":13.3,"source":"国土数値情報 P13 都市公園","x":-24435.39,"y":-37538.81}},{"type":"Feature","geometry":{"type":"Point","coordinates":[139.55411,35.64382]},"properties":{"name":"調布市杉森児童遊園","area_m2":393,"r_m":11.2,"source":"国土数値情報 P13 都市公園","x":-25286.03,"y":-39480.35}},{"type":"Feature","geometry":{"type":"Point","coordinates":[139.55482,35.67792]},"properties":{"name":"調布市すわくぼ児童遊園","area_m2":841,"r_m":16.4,"source":"国土数値情報 P13 都市公園","x":-25211.01,"y":-35697.4}},{"type":"Feature","geometry":{"type":"Point","coordinates":[139.56998,35.65588]},"properties":{"name":"調布市西つつじヶ丘児童遊園","area_m2":2133,"r_m":26.1,"source":"国土数値情報 P13 都市公園","x":-23845.28,"y":-38146.35}},{"type":"Feature","geometry":{"type":"Point","coordinates":[139.554876,35.652188]},"properties":{"name":"調布市上ケ給第１児童遊園","area_m2":219,"r_m":8.3,"source":"国土数値情報 P13 都市公園","x":-25214.02,"y":-38552.2}},{"type":"Feature","geometry":{"type":"Point","coordinates":[139.554819,35.651951]},"properties":{"name":"調布市上ケ給第２児童遊園","area_m2":117,"r_m":6.1,"source":"国土数値情報 P13 都市公園","x":-25219.27,"y":-38578.51}},{"type":"Feature","geometry":{"type":"Point","coordinates":[139.55936,35.64595]},"properties":{"name":"調布市国領南児童遊園","area_m2":304,"r_m":9.8,"source":"国土数値情報 P13 都市公園","x":-24809.94,"y":-39245.38}},{"type":"Feature","geometry":{"type":"Point","coordinates":[139.560683,35.64939]},"properties":{"name":"調布市くすのき第１児童遊園","area_m2":1668,"r_m":23.0,"source":"国土数値情報 P13 都市公園","x":-24689.04,"y":-38864.06}},{"type":"Feature","geometry":{"type":"Point","coordinates":[139.561664,35.648106]},"properties":{"name":"調布市くすのき第２児童遊園","area_m2":1491,"r_m":21.8,"source":"国土数値情報 P13 都市公園","x":-24600.64,"y":-39006.79}},{"type":"Feature","geometry":{"type":"Point","coordinates":[139.560798,35.647288]},"properties":{"name":"調布市くすのき第３児童遊園","area_m2":392,"r_m":11.2,"source":"国土数値情報 P13 都市公園","x":-24679.34,"y":-39097.33}},{"type":"Feature","geometry":{"type":"Point","coordinates":[139.576363,35.673244]},"properties":{"name":"調布市わんぱく児童遊園","area_m2":1640,"r_m":22.8,"source":"国土数値情報 P13 都市公園","x":-23262.28,"y":-36221.45}},{"type":"Feature","geometry":{"type":"Point","coordinates":[139.580266,35.666193]},"properties":{"name":"調布市くぬぎ児童遊園","area_m2":1033,"r_m":18.1,"source":"国土数値情報 P13 都市公園","x":-22910.95,"y":-37004.68}},{"type":"Feature","geometry":{"type":"Point","coordinates":[139.584284,35.67079]},"properties":{"name":"調布市みどりきた児童遊園","area_m2":155,"r_m":7.0,"source":"国土数値情報 P13 都市公園","x":-22545.93,"y":-36495.56}},{"type":"Feature","geometry":{"type":"Point","coordinates":[139.56142,35.6707]},"properties":{"name":"調布市きつね山児童遊園","area_m2":605,"r_m":13.9,"source":"国土数値情報 P13 都市公園","x":-24615.8,"y":-36500.08}},{"type":"Feature","geometry":{"type":"Point","coordinates":[139.553819,35.640514]},"properties":{"name":"調布市染地児童遊園","area_m2":464,"r_m":12.2,"source":"国土数値情報 P13 都市公園","x":-25313.39,"y":-39847.01}},{"type":"Feature","geometry":{"type":"Point","coordinates":[139.54556,35.66177]},"properties":{"name":"調布市調布ヶ丘児童遊園","area_m2":291,"r_m":9.6,"source":"国土数値情報 P13 都市公園","x":-26054.48,"y":-37486.7}},{"type":"Feature","geometry":{"type":"Point","coordinates":[139.555285,35.678423]},"properties":{"name":"調布市すわくぼ東児童遊園","area_m2":471,"r_m":12.2,"source":"国土数値情報 P13 都市公園","x":-25168.72,"y":-35641.77}},{"type":"Feature","geometry":{"type":"Point","coordinates":[139.58015,35.67097]},"properties":{"name":"調布市緑ヶ丘１丁目児童遊園","area_m2":101,"r_m":5.7,"source":"国土数値情報 P13 都市公園","x":-22920.12,"y":-36474.66}},{"type":"Feature","geometry":{"type":"Point","coordinates":[139.5435,35.66521]},"properties":{"name":"調布市御塔坂児童遊園","area_m2":238,"r_m":8.7,"source":"国土数値情報 P13 都市公園","x":-26239.86,"y":-37104.52}},{"type":"Feature","geometry":{"type":"Point","coordinates":[139.54417,35.64845]},"properties":{"name":"調布市布田４丁目児童遊園","area_m2":93,"r_m":5.4,"source":"国土数値情報 P13 都市公園","x":-26184.67,"y":-38964.08}},{"type":"Feature","geometry":{"type":"Point","coordinates":[139.565386,35.652049]},"properties":{"name":"調布市菊野台２丁目第１児童遊園","area_m2":460,"r_m":12.1,"source":"国土数値情報 P13 都市公園","x":-24262.37,"y":-38570.28}},{"type":"Feature","geometry":{"type":"Point","coordinates":[139.565325,35.65218]},"properties":{"name":"調布市菊野台２丁目第２児童遊園","area_m2":220,"r_m":8.4,"source":"国土数値情報 P13 都市公園","x":-24267.84,"y":-38555.74}},{"type":"Feature","geometry":{"type":"Point","coordinates":[139.54207,35.64237]},"properties":{"name":"調布市多摩川６丁目児童遊園","area_m2":186,"r_m":7.7,"source":"国土数値情報 P13 都市公園","x":-26376.83,"y":-39638.05}},{"type":"Feature","geometry":{"type":"Point","coordinates":[139.552838,35.643843]},"properties":{"name":"調布市染地２丁目児童遊園","area_m2":212,"r_m":8.2,"source":"国土数値情報 P13 都市公園","x":-25401.21,"y":-39477.52}},{"type":"Feature","geometry":{"type":"Point","coordinates":[139.5569,35.67953]},"properties":{"name":"調布市深大寺北児童遊園","area_m2":579,"r_m":13.6,"source":"国土数値情報 P13 都市公園","x":-25022.23,"y":-35519.32}},{"type":"Feature","geometry":{"type":"Point","coordinates":[139.56949,35.65884]},"properties":{"name":"調布市西つつじヶ丘１丁目児童遊園","area_m2":310,"r_m":9.9,"source":"国土数値情報 P13 都市公園","x":-23888.76,"y":-37817.85}},{"type":"Feature","geometry":{"type":"Point","coordinates":[139.590657,35.655321]},"properties":{"name":"調布市若葉町２丁目児童遊園","area_m2":386,"r_m":11.1,"source":"国土数値情報 P13 都市公園","x":-21973.25,"y":-38213.2}},{"type":"Feature","geometry":{"type":"Point","coordinates":[139.56157,35.64389]},"properties":{"name":"調布市国領７丁目児童遊園","area_m2":702,"r_m":14.9,"source":"国土数値情報 P13 都市公園","x":-24610.44,"y":-39474.47}},{"type":"Feature","geometry":{"type":"Point","coordinates":[139.556011,35.652009]},"properties":{"name":"調布市国領町１丁目児童遊園","area_m2":290,"r_m":9.6,"source":"国土数値情報 P13 都市公園","x":-25111.32,"y":-38572.28}},{"type":"Feature","geometry":{"type":"Point","coordinates":[139.540931,35.659725]},"properties":{"name":"調布市富士見町２丁目児童遊園","area_m2":279,"r_m":9.4,"source":"国土数値情報 P13 都市公園","x":-26474.26,"y":-37712.31}},{"type":"Feature","geometry":{"type":"Point","coordinates":[139.583673,35.652939]},"properties":{"name":"調布市若葉町３丁目児童遊園","area_m2":255,"r_m":9.0,"source":"国土数値情報 P13 都市公園","x":-22606.3,"y":-38475.89}},{"type":"Feature","geometry":{"type":"Point","coordinates":[139.541875,35.660412]},"properties":{"name":"調布市富士見町３丁目児童遊園","area_m2":89,"r_m":5.3,"source":"国土数値情報 P13 都市公園","x":-26388.53,"y":-37636.33}},{"type":"Feature","geometry":{"type":"Point","coordinates":[139.54587,35.65311]},"properties":{"name":"調布市布田１丁目児童遊園","area_m2":115,"r_m":6.1,"source":"国土数値情報 P13 都市公園","x":-26029.22,"y":-38447.54}},{"type":"Feature","geometry":{"type":"Point","coordinates":[139.56567,35.65584]},"properties":{"name":"調布市菊野台１丁目児童遊園","area_m2":160,"r_m":7.1,"source":"国土数値情報 P13 都市公園","x":-24235.54,"y":-38149.74}},{"type":"Feature","geometry":{"type":"Point","coordinates":[139.5504,35.66075]},"properties":{"name":"調布市佐須児童遊園","area_m2":449,"r_m":12.0,"source":"国土数値情報 P13 都市公園","x":-25616.6,"y":-37601.14}},{"type":"Feature","geometry":{"type":"Point","coordinates":[139.56418,35.65905]},"properties":{"name":"調布市柴崎１丁目児童遊園","area_m2":276,"r_m":9.4,"source":"国土数値情報 P13 都市公園","x":-24369.48,"y":-37793.24}},{"type":"Feature","geometry":{"type":"Point","coordinates":[139.551875,35.641224]},"properties":{"name":"調布市染地２丁目第２児童遊園","area_m2":208,"r_m":8.1,"source":"国土数値情報 P13 都市公園","x":-25489.22,"y":-39767.74}},{"type":"Feature","geometry":{"type":"Point","coordinates":[139.56458,35.65378]},"properties":{"name":"調布市菊野台１丁目第２児童遊園","area_m2":226,"r_m":8.5,"source":"国土数値情報 P13 都市公園","x":-24334.86,"y":-38378.01}},{"type":"Feature","geometry":{"type":"Point","coordinates":[139.55745,35.64944]},"properties":{"name":"調布市国領町４丁目児童遊園","area_m2":281,"r_m":9.5,"source":"国土数値情報 P13 都市公園","x":-24981.81,"y":-38857.71}},{"type":"Feature","geometry":{"type":"Point","coordinates":[139.55946,35.64419]},"properties":{"name":"調布市国領７丁目第２児童遊園","area_m2":388,"r_m":11.1,"source":"国土数値情報 P13 都市公園","x":-24801.43,"y":-39440.66}},{"type":"Feature","geometry":{"type":"Point","coordinates":[139.57281,35.66078]},"properties":{"name":"調布市金子児童遊園","area_m2":525,"r_m":12.9,"source":"国土数値情報 P13 都市公園","x":-23587.6,"y":-37603.42}},{"type":"Feature","geometry":{"type":"Point","coordinates":[139.582881,35.651944]},"properties":{"name":"調布市若葉町３丁目第２児童遊園","area_m2":365,"r_m":10.8,"source":"国土数値情報 P13 都市公園","x":-22678.3,"y":-38586.07}},{"type":"Feature","geometry":{"type":"Point","coordinates":[139.567976,35.648142]},"properties":{"name":"調布市国領８丁目児童遊園","area_m2":220,"r_m":8.4,"source":"国土数値情報 P13 都市公園","x":-24029.06,"y":-39004.36}},{"type":"Feature","geometry":{"type":"Point","coordinates":[139.559027,35.653384]},"properties":{"name":"調布市八雲台２丁目児童遊園","area_m2":170,"r_m":7.4,"source":"国土数値情報 P13 都市公園","x":-24837.8,"y":-38420.57}},{"type":"Feature","geometry":{"type":"Point","coordinates":[139.564678,35.657481]},"properties":{"name":"調布市柴崎１丁目第２児童遊園","area_m2":168,"r_m":7.3,"source":"国土数値情報 P13 都市公園","x":-24324.86,"y":-37967.48}},{"type":"Feature","geometry":{"type":"Point","coordinates":[139.562934,35.655969]},"properties":{"name":"調布市柴崎１丁目第３児童遊園","area_m2":397,"r_m":11.2,"source":"国土数値情報 P13 都市公園","x":-24483.23,"y":-38134.77}},{"type":"Feature","geometry":{"type":"Point","coordinates":[139.56099,35.66701]},"properties":{"name":"調布市深大寺東町２丁目児童遊園","area_m2":218,"r_m":8.3,"source":"国土数値情報 P13 都市公園","x":-24655.86,"y":-36909.35}},{"type":"Feature","geometry":{"type":"Point","coordinates":[139.54936,35.64703]},"properties":{"name":"調布市布田３丁目児童遊園","area_m2":321,"r_m":10.1,"source":"国土数値情報 P13 都市公園","x":-25715.15,"y":-39122.99}},{"type":"Feature","geometry":{"type":"Point","coordinates":[139.58409,35.64597]},"properties":{"name":"三長児童公園","area_m2":1032,"r_m":18.1,"source":"国土数値情報 P13 都市公園","x":-22570.48,"y":-39249.12}},{"type":"Feature","geometry":{"type":"Point","coordinates":[139.579723,35.645526]},"properties":{"name":"中村児童公園","area_m2":511,"r_m":12.8,"source":"国土数値情報 P13 都市公園","x":-22966.07,"y":-39297.37}},{"type":"Feature","geometry":{"type":"Point","coordinates":[139.579489,35.640315]},"properties":{"name":"丸山児童公園","area_m2":535,"r_m":13.0,"source":"国土数値情報 P13 都市公園","x":-22988.77,"y":-39875.4}},{"type":"Feature","geometry":{"type":"Point","coordinates":[139.569177,35.642422]},"properties":{"name":"藤塚第一児童公園","area_m2":898,"r_m":16.9,"source":"国土数値情報 P13 都市公園","x":-23921.99,"y":-39639.26}},{"type":"Feature","geometry":{"type":"Point","coordinates":[139.569075,35.64158]},"properties":{"name":"藤塚第二児童公園","area_m2":232,"r_m":8.6,"source":"国土数値情報 P13 都市公園","x":-23931.51,"y":-39732.65}},{"type":"Feature","geometry":{"type":"Point","coordinates":[139.569674,35.641529]},"properties":{"name":"藤塚第三児童公園","area_m2":2853,"r_m":30.1,"source":"国土数値情報 P13 都市公園","x":-23877.22,"y":-39738.38}},{"type":"Feature","geometry":{"type":"Point","coordinates":[139.569762,35.64129]},"properties":{"name":"藤塚第四児童公園","area_m2":1092,"r_m":18.6,"source":"国土数値情報 P13 都市公園","x":-23869.34,"y":-39764.89}},{"type":"Feature","geometry":{"type":"Point","coordinates":[139.57199,35.62815]},"properties":{"name":"和泉多摩川児童公園","area_m2":1383,"r_m":21.0,"source":"国土数値情報 P13 都市公園","x":-23671.46,"y":-41223.25}},{"type":"Feature","geometry":{"type":"Point","coordinates":[139.564143,35.637077]},"properties":{"name":"多摩川住宅第五","area_m2":5800,"r_m":43.0,"source":"国土数値情報 P13 都市公園","x":-24379.49,"y":-40230.96}},{"type":"Feature","geometry":{"type":"Point","coordinates":[139.579708,35.637987]},"properties":{"name":"野川緑地公園","area_m2":23355,"r_m":86.2,"source":"国土数値情報 P13 都市公園","x":-22969.54,"y":-40133.77}},{"type":"Feature","geometry":{"type":"Point","coordinates":[139.585128,35.629135]},"properties":{"name":"岩戸川緑地公園","area_m2":12355,"r_m":62.7,"source":"国土数値情報 P13 都市公園","x":-22481.15,"y":-41117.1}},{"type":"Feature","geometry":{"type":"Point","coordinates":[139.57214,35.63126]},"properties":{"name":"田中の池児童公園","area_m2":915,"r_m":17.1,"source":"国土数値情報 P13 都市公園","x":-23656.97,"y":-40878.23}},{"type":"Feature","geometry":{"type":"Point","coordinates":[139.567355,35.632547]},"properties":{"name":"西河原公園","area_m2":16070,"r_m":71.5,"source":"国土数値情報 P13 都市公園","x":-24089.99,"y":-40734.33}},{"type":"Feature","geometry":{"type":"Point","coordinates":[139.57262,35.63185]},"properties":{"name":"元和泉公園","area_m2":984,"r_m":17.7,"source":"国土数値情報 P13 都市公園","x":-23613.31,"y":-40812.92}},{"type":"Feature","geometry":{"type":"Point","coordinates":[139.56926,35.63313]},"properties":{"name":"西河原自然公園","area_m2":4918,"r_m":39.6,"source":"国土数値情報 P13 都市公園","x":-23917.25,"y":-40670.1}},{"type":"Feature","geometry":{"type":"Point","coordinates":[139.57092,35.63271]},"properties":{"name":"市立古民家園","area_m2":2789,"r_m":29.8,"source":"国土数値情報 P13 都市公園","x":-23767.03,"y":-40717.1}},{"type":"Feature","geometry":{"type":"Point","coordinates":[139.572807,35.624268]},"properties":{"name":"多摩川緑地公園","area_m2":13306,"r_m":65.1,"source":"国土数値情報 P13 都市公園","x":-23598.58,"y":-41654.12}},{"type":"Feature","geometry":{"type":"Point","coordinates":[139.5732,35.64777]},"properties":{"name":"小足立のびのび公園","area_m2":1884,"r_m":24.5,"source":"国土数値情報 P13 都市公園","x":-23556.11,"y":-39046.87}},{"type":"Feature","geometry":{"type":"Point","coordinates":[139.58597,35.62539]},"properties":{"name":"駒井・上村中ひだまり公園","area_m2":1193,"r_m":19.5,"source":"国土数値情報 P13 都市公園","x":-22405.97,"y":-41532.72}},{"type":"Feature","geometry":{"type":"Point","coordinates":[139.57617,35.64877]},"properties":{"name":"野川北公園","area_m2":265,"r_m":9.2,"source":"国土数値情報 P13 都市公園","x":-23286.87,"y":-38936.63}},{"type":"Feature","geometry":{"type":"Point","coordinates":[139.5703,35.64478]},"properties":{"name":"前原公園","area_m2":12538,"r_m":63.2,"source":"国土数値情報 P13 都市公園","x":-23819.6,"y":-39377.88}},{"type":"Feature","geometry":{"type":"Point","coordinates":[139.54628,35.76961]},"properties":{"name":"神山堂阪公園","area_m2":5548,"r_m":42.0,"source":"国土数値情報 P13 都市公園","x":-25954.3,"y":-25522.79}},{"type":"Feature","geometry":{"type":"Point","coordinates":[139.54359,35.75836]},"properties":{"name":"浅間第１緑地","area_m2":270,"r_m":9.3,"source":"国土数値情報 P13 都市公園","x":-26201.21,"y":-26770.2}},{"type":"Feature","geometry":{"type":"Point","coordinates":[139.545511,35.765251]},"properties":{"name":"神宝第１緑地","area_m2":111,"r_m":5.9,"source":"国土数値情報 P13 都市公園","x":-26025.22,"y":-26006.15}},{"type":"Feature","geometry":{"type":"Point","coordinates":[139.541417,35.76551]},"properties":{"name":"金山第１緑地","area_m2":252,"r_m":9.0,"source":"国土数値情報 P13 都市公園","x":-26395.35,"y":-25976.33}},{"type":"Feature","geometry":{"type":"Point","coordinates":[139.54227,35.76509]},"properties":{"name":"金山第２緑地","area_m2":187,"r_m":7.7,"source":"国土数値情報 P13 都市公園","x":-26318.36,"y":-26023.19}},{"type":"Feature","geometry":{"type":"Point","coordinates":[139.5545,35.7228]},"properties":{"name":"柳沢第４公園","area_m2":947,"r_m":17.4,"source":"国土数値情報 P13 都市公園","x":-25225.84,"y":-30718.21}},{"type":"Feature","geometry":{"type":"Point","coordinates":[139.55753,35.72639]},"properties":{"name":"東伏見公園","area_m2":1659,"r_m":23.0,"source":"国土数値情報 P13 都市公園","x":-24950.6,"y":-30320.7}},{"type":"Feature","geometry":{"type":"Point","coordinates":[139.55605,35.73144]},"properties":{"name":"保谷第一公園","area_m2":1047,"r_m":18.3,"source":"国土数値情報 P13 都市公園","x":-25082.9,"y":-29760.06}},{"type":"Feature","geometry":{"type":"Point","coordinates":[139.55127,35.72992]},"properties":{"name":"保谷第二公園","area_m2":427,"r_m":11.7,"source":"国土数値情報 P13 都市公園","x":-25515.78,"y":-29927.46}},{"type":"Feature","geometry":{"type":"Point","coordinates":[139.54955,35.73414]},"properties":{"name":"保谷なかよし公園","area_m2":1079,"r_m":18.5,"source":"国土数値情報 P13 都市公園","x":-25670.02,"y":-29458.83}},{"type":"Feature","geometry":{"type":"Point","coordinates":[139.54701,35.73195]},"properties":{"name":"西浦公園","area_m2":334,"r_m":10.3,"source":"国土数値情報 P13 都市公園","x":-25900.49,"y":-29701.13}},{"type":"Feature","geometry":{"type":"Point","coordinates":[139.565949,35.728677]},"properties":{"name":"東伏見北公園","area_m2":342,"r_m":10.4,"source":"国土数値情報 P13 都市公園","x":-24188.24,"y":-30069.13}},{"type":"Feature","geometry":{"type":"Point","coordinates":[139.56157,35.74441]},"properties":{"name":"文理台公園","area_m2":16671,"r_m":72.8,"source":"国土数値情報 P13 都市公園","x":-24579.58,"y":-28322.52}},{"type":"Feature","geometry":{"type":"Point","coordinates":[139.55673,35.7432]},"properties":{"name":"泉町きつつき公園","area_m2":524,"r_m":12.9,"source":"国土数値情報 P13 都市公園","x":-25017.71,"y":-28455.54}},{"type":"Feature","geometry":{"type":"Point","coordinates":[139.55864,35.74564]},"properties":{"name":"泉町第三公園","area_m2":451,"r_m":12.0,"source":"国土数値情報 P13 都市公園","x":-24844.2,"y":-28185.32}},{"type":"Feature","geometry":{"type":"Point","coordinates":[139.54779,35.74304]},"properties":{"name":"住吉第四公園","area_m2":333,"r_m":10.3,"source":"国土数値情報 P13 都市公園","x":-25826.35,"y":-28470.97}},{"type":"Feature","geometry":{"type":"Point","coordinates":[139.549228,35.743273]},"properties":{"name":"住吉町上宿公園","area_m2":500,"r_m":12.6,"source":"国土数値情報 P13 都市公園","x":-25696.22,"y":-28445.54}},{"type":"Feature","geometry":{"type":"Point","coordinates":[139.55098,35.74776]},"properties":{"name":"住吉町第三公園","area_m2":471,"r_m":12.2,"source":"国土数値情報 P13 都市公園","x":-25536.32,"y":-27948.15}},{"type":"Feature","geometry":{"type":"Point","coordinates":[139.55675,35.74942]},"properties":{"name":"たけのこ公園","area_m2":566,"r_m":13.4,"source":"国土数値情報 P13 都市公園","x":-25013.96,"y":-27765.47}},{"type":"Feature","geometry":{"type":"Point","coordinates":[139.55499,35.749895]},"properties":{"name":"中島公園","area_m2":548,"r_m":13.2,"source":"国土数値情報 P13 都市公園","x":-25172.95,"y":-27712.35}},{"type":"Feature","geometry":{"type":"Point","coordinates":[139.55219,35.75412]},"properties":{"name":"ひばりが丘北わんぱく公園","area_m2":4041,"r_m":35.9,"source":"国土数値情報 P13 都市公園","x":-25424.86,"y":-27242.86}},{"type":"Feature","geometry":{"type":"Point","coordinates":[139.556245,35.752978]},"properties":{"name":"北町第四公園","area_m2":348,"r_m":10.5,"source":"国土数値情報 P13 都市公園","x":-25058.48,"y":-27370.6}},{"type":"Feature","geometry":{"type":"Point","coordinates":[139.55722,35.75436]},"properties":{"name":"北町坊が谷戸公園","area_m2":673,"r_m":14.6,"source":"国土数値情報 P13 都市公園","x":-24969.91,"y":-27217.53}},{"type":"Feature","geometry":{"type":"Point","coordinates":[139.55669,35.75716]},"properties":{"name":"青嵐台公園","area_m2":957,"r_m":17.5,"source":"国土数値情報 P13 都市公園","x":-25016.96,"y":-26906.75}},{"type":"Feature","geometry":{"type":"Point","coordinates":[139.560222,35.747935]},"properties":{"name":"下保谷第一公園","area_m2":316,"r_m":10.0,"source":"国土数値情報 P13 都市公園","x":-24700.37,"y":-27931.05}},{"type":"Feature","geometry":{"type":"Point","coordinates":[139.563634,35.754163]},"properties":{"name":"白子南公園","area_m2":306,"r_m":9.9,"source":"国土数値情報 P13 都市公園","x":-24389.94,"y":-27241.03}},{"type":"Feature","geometry":{"type":"Point","coordinates":[139.55867,35.73688]},"properties":{"name":"なえぎ山公園","area_m2":373,"r_m":10.9,"source":"国土数値情報 P13 都市公園","x":-24844.21,"y":-29157.19}},{"type":"Feature","geometry":{"type":"Point","coordinates":[139.546258,35.721994]},"properties":{"name":"美向台公園","area_m2":412,"r_m":11.5,"source":"国土数値情報 P13 都市公園","x":-25971.71,"y":-30805.52}},{"type":"Feature","geometry":{"type":"Point","coordinates":[139.54599,35.73291]},"properties":{"name":"北原第一公園","area_m2":718,"r_m":15.1,"source":"国土数値情報 P13 都市公園","x":-25992.45,"y":-29594.35}},{"type":"Feature","geometry":{"type":"Point","coordinates":[139.545385,35.718906]},"properties":{"name":"向台第二公園","area_m2":917,"r_m":17.1,"source":"国土数値情報 P13 都市公園","x":-26051.72,"y":-31147.87}},{"type":"Feature","geometry":{"type":"Point","coordinates":[139.54248,35.7206]},"properties":{"name":"向台公園","area_m2":7081,"r_m":47.5,"source":"国土数値情報 P13 都市公園","x":-26314.0,"y":-30959.13}},{"type":"Feature","geometry":{"type":"Point","coordinates":[139.542524,35.747693]},"properties":{"name":"谷戸イチョウ公園","area_m2":4137,"r_m":36.3,"source":"国土数値情報 P13 都市公園","x":-26301.11,"y":-27953.4}},{"type":"Feature","geometry":{"type":"Point","coordinates":[139.54424,35.74257]},"properties":{"name":"谷戸せせらぎ公園","area_m2":7811,"r_m":49.9,"source":"国土数値情報 P13 都市公園","x":-26147.59,"y":-28522.17}},{"type":"Feature","geometry":{"type":"Point","coordinates":[139.541752,35.744919]},"properties":{"name":"谷戸二丁目第２公園","area_m2":1040,"r_m":18.2,"source":"国土数値情報 P13 都市公園","x":-26371.87,"y":-28260.88}},{"type":"Feature","geometry":{"type":"Point","coordinates":[139.541149,35.740408]},"properties":{"name":"西東京いこいの森公園","area_m2":44183,"r_m":118.6,"source":"国土数値情報 P13 都市公園","x":-26427.84,"y":-28761.26}},{"type":"Feature","geometry":{"type":"Point","coordinates":[139.561839,35.725526]},"properties":{"name":"下野谷遺跡公園","area_m2":3173,"r_m":31.8,"source":"国土数値情報 P13 都市公園","x":-24561.04,"y":-30417.59}},{"type":"Feature","geometry":{"type":"Point","coordinates":[139.56117,35.75685]},"properties":{"name":"北宮ノ脇公園","area_m2":1936,"r_m":24.8,"source":"国土数値情報 P13 都市公園","x":-24611.93,"y":-26942.28}}]}